Number of measurement points: 13003
Sample Rate (Hz): 200
Low limit Ch0 (V): -10
Upper limit Ch0 (V): 10
Low limit Ch1 (V): -10
Upper limit Ch1 (V): 10

Index	Time[s]	Ch0[V]	Ch1[V]
0	0	-0.00174229242838919	1.19636298203841
1	0.005	-0.0520394998602569	1.19636298203841
2	0.01	-0.0507498278748244	1.19636298203841
3	0.015	-0.0494601558893919	1.19636298203841
4	0.02	-0.0507498278748244	1.19636298203841
5	0.025	-0.0507498278748244	1.19636298203841
6	0.03	-0.0520394998602569	1.19636298203841
7	0.035	-0.0507498278748244	1.19636298203841
8	0.04	-0.0507498278748244	1.19636298203841
9	0.045	-0.0546188438311219	1.19636298203841
10	0.05	-0.0507498278748244	1.19636298203841
11	0.055	-0.0507498278748244	1.19636298203841
12	0.06	-0.0494601558893919	1.19507331005298
13	0.065	-0.0507498278748244	1.19636298203841
14	0.07	-0.0533291718456894	1.19636298203841
15	0.075	-0.0507498278748244	1.19636298203841
16	0.08	-0.0494601558893919	1.19636298203841
17	0.085	-0.0533291718456894	1.19636298203841
18	0.09	-0.0507498278748244	1.19636298203841
19	0.095	-0.0520394998602569	1.19636298203841
20	0.1	-0.0494601558893919	1.19636298203841
21	0.105	-0.0520394998602569	1.19636298203841
22	0.11	-0.0507498278748244	1.19636298203841
23	0.115	-0.0507498278748244	1.19636298203841
24	0.12	-0.0507498278748244	1.19636298203841
25	0.125	-0.0507498278748244	1.19636298203841
26	0.13	-0.0520394998602569	1.19636298203841
27	0.135	-0.0481704839039594	1.19636298203841
28	0.14	-0.0520394998602569	1.19636298203841
29	0.145	-0.0520394998602569	1.19636298203841
30	0.15	-0.0546188438311219	1.19636298203841
31	0.155	-0.0507498278748244	1.19636298203841
32	0.16	-0.0507498278748244	1.19636298203841
33	0.165	-0.0494601558893919	1.19636298203841
34	0.17	-0.0507498278748244	1.19636298203841
35	0.175	-0.0507498278748244	1.19636298203841
36	0.18	-0.0507498278748244	1.19636298203841
37	0.185	-0.0494601558893919	1.19636298203841
38	0.19	-0.0520394998602569	1.19636298203841
39	0.195	-0.0494601558893919	1.19636298203841
40	0.2	-0.0507498278748244	1.19636298203841
41	0.205	-0.0494601558893919	1.19636298203841
42	0.21	-0.0507498278748244	1.19636298203841
43	0.215	-0.0520394998602569	1.19636298203841
44	0.22	-0.0507498278748244	1.19636298203841
45	0.225	-0.0494601558893919	1.19636298203841
46	0.23	-0.0520394998602569	1.19636298203841
47	0.235	-0.0494601558893919	1.19636298203841
48	0.24	-0.0494601558893919	1.19636298203841
49	0.245	-0.0520394998602569	1.19636298203841
50	0.25	-0.0520394998602569	1.19636298203841
51	0.255	-0.0507498278748244	1.19636298203841
52	0.26	-0.0481704839039594	1.19636298203841
53	0.265	-0.0533291718456894	1.19636298203841
54	0.27	-0.0533291718456894	1.19636298203841
55	0.275	-0.0507498278748244	1.19636298203841
56	0.28	-0.0507498278748244	1.19636298203841
57	0.285	-0.0520394998602569	1.19636298203841
58	0.29	-0.0520394998602569	1.19636298203841
59	0.295	-0.0507498278748244	1.19636298203841
60	0.3	-0.0494601558893919	1.19636298203841
61	0.305	-0.0520394998602569	1.19636298203841
62	0.31	-0.0520394998602569	1.19636298203841
63	0.315	-0.0533291718456894	1.19636298203841
64	0.32	-0.0507498278748244	1.19636298203841
65	0.325	-0.0520394998602569	1.19636298203841
66	0.33	-0.0520394998602569	1.19636298203841
67	0.335	-0.0507498278748244	1.19636298203841
68	0.34	-0.0520394998602569	1.19636298203841
69	0.345	-0.0533291718456894	1.19636298203841
70	0.35	-0.0520394998602569	1.19636298203841
71	0.355	-0.0507498278748244	1.19636298203841
72	0.36	-0.0507498278748244	1.19636298203841
73	0.365	-0.0520394998602569	1.19636298203841
74	0.37	-0.0533291718456894	1.19636298203841
75	0.375	-0.0494601558893919	1.19636298203841
76	0.38	-0.0481704839039594	1.19636298203841
77	0.385	-0.0507498278748244	1.19636298203841
78	0.39	-0.0520394998602569	1.19636298203841
79	0.395	-0.0494601558893919	1.19636298203841
80	0.4	-0.0507498278748244	1.19636298203841
81	0.405	-0.0507498278748244	1.19636298203841
82	0.41	-0.0520394998602569	1.19636298203841
83	0.415	-0.0481704839039594	1.19636298203841
84	0.42	-0.0494601558893919	1.19636298203841
85	0.425	-0.0533291718456894	1.19636298203841
86	0.43	-0.0533291718456894	1.19636298203841
87	0.435	-0.0507498278748244	1.19636298203841
88	0.44	-0.0507498278748244	1.19636298203841
89	0.445	-0.0507498278748244	1.19636298203841
90	0.45	-0.0520394998602569	1.19636298203841
91	0.455	-0.0520394998602569	1.19636298203841
92	0.46	-0.0507498278748244	1.19636298203841
93	0.465	-0.0520394998602569	1.19636298203841
94	0.47	-0.0520394998602569	1.19636298203841
95	0.475	-0.0494601558893919	1.19636298203841
96	0.48	-0.0494601558893919	1.19636298203841
97	0.485	-0.0507498278748244	1.19636298203841
98	0.49	-0.0494601558893919	1.19636298203841
99	0.495	-0.0507498278748244	1.19636298203841
100	0.5	-0.0507498278748244	1.19636298203841
101	0.505	-0.0520394998602569	1.19636298203841
102	0.51	-0.0507498278748244	1.19636298203841
103	0.515	-0.0494601558893919	1.19636298203841
104	0.52	-0.0494601558893919	1.19636298203841
105	0.525	-0.0520394998602569	1.19636298203841
106	0.53	-0.0507498278748244	1.19636298203841
107	0.535	-0.0507498278748244	1.19636298203841
108	0.54	-0.0494601558893919	1.19636298203841
109	0.545	-0.0546188438311219	1.19636298203841
110	0.55	-0.0507498278748244	1.19636298203841
111	0.555	-0.0533291718456894	1.19636298203841
112	0.56	-0.0481704839039594	1.19636298203841
113	0.565	-0.0507498278748244	1.19636298203841
114	0.57	-0.0494601558893919	1.19636298203841
115	0.575	-0.0520394998602569	1.19636298203841
116	0.58	-0.0507498278748244	1.19636298203841
117	0.585	-0.0520394998602569	1.19636298203841
118	0.59	-0.0520394998602569	1.19636298203841
119	0.595	-0.0507498278748244	1.19636298203841
120	0.6	-0.0494601558893919	1.19636298203841
121	0.605	-0.0520394998602569	1.19636298203841
122	0.61	-0.0520394998602569	1.19636298203841
123	0.615	-0.0494601558893919	1.19636298203841
124	0.62	-0.0494601558893919	1.19636298203841
125	0.625	-0.0507498278748244	1.19636298203841
126	0.63	-0.0520394998602569	1.19636298203841
127	0.635	-0.0481704839039594	1.19636298203841
128	0.64	-0.0520394998602569	1.19507331005298
129	0.645	-0.0520394998602569	1.19636298203841
130	0.65	-0.0507498278748244	1.19636298203841
131	0.655	-0.0507498278748244	1.19636298203841
132	0.66	-0.0507498278748244	1.19636298203841
133	0.665	-0.0507498278748244	1.19636298203841
134	0.67	-0.0520394998602569	1.19636298203841
135	0.675	-0.0494601558893919	1.19636298203841
136	0.68	-0.0520394998602569	1.19636298203841
137	0.685	-0.0520394998602569	1.19636298203841
138	0.69	-0.0507498278748244	1.19636298203841
139	0.695	-0.0507498278748244	1.19636298203841
140	0.7	-0.0507498278748244	1.19636298203841
141	0.705	-0.0507498278748244	1.19636298203841
142	0.71	-0.0507498278748244	1.19636298203841
143	0.715	-0.0520394998602569	1.19636298203841
144	0.72	-0.0494601558893919	1.19636298203841
145	0.725	-0.0533291718456894	1.19636298203841
146	0.73	-0.0533291718456894	1.19636298203841
147	0.735	-0.0507498278748244	1.19636298203841
148	0.74	-0.0494601558893919	1.19636298203841
149	0.745	-0.0507498278748244	1.19636298203841
150	0.75	-0.0546188438311219	1.19636298203841
151	0.755	-0.0494601558893919	1.19636298203841
152	0.76	-0.0507498278748244	1.19636298203841
153	0.765	-0.0507498278748244	1.19636298203841
154	0.77	-0.0533291718456894	1.19636298203841
155	0.775	-0.0507498278748244	1.19636298203841
156	0.78	-0.0468808119185269	1.19636298203841
157	0.785	-0.0507498278748244	1.19636298203841
158	0.79	-0.0494601558893919	1.19636298203841
159	0.795	-0.0520394998602569	1.19636298203841
160	0.8	-0.0520394998602569	1.19636298203841
161	0.805	-0.0520394998602569	1.19636298203841
162	0.81	-0.0520394998602569	1.19636298203841
163	0.815	-0.0494601558893919	1.19636298203841
164	0.82	-0.0507498278748244	1.19636298203841
165	0.825	-0.0507498278748244	1.19636298203841
166	0.83	-0.0533291718456894	1.19636298203841
167	0.835	-0.0481704839039594	1.19636298203841
168	0.84	-0.0494601558893919	1.19636298203841
169	0.845	-0.0520394998602569	1.19636298203841
170	0.85	-0.0507498278748244	1.19636298203841
171	0.855	-0.0533291718456894	1.19636298203841
172	0.86	-0.0507498278748244	1.19636298203841
173	0.865	-0.0533291718456894	1.19636298203841
174	0.87	-0.0507498278748244	1.19636298203841
175	0.875	-0.0481704839039594	1.19636298203841
176	0.88	-0.0507498278748244	1.19636298203841
177	0.885	-0.0507498278748244	1.19636298203841
178	0.89	-0.0520394998602569	1.19636298203841
179	0.895	-0.0494601558893919	1.19636298203841
180	0.9	-0.0520394998602569	1.19636298203841
181	0.905	-0.0507498278748244	1.19636298203841
182	0.91	-0.0520394998602569	1.19636298203841
183	0.915	-0.0507498278748244	1.19636298203841
184	0.92	-0.0507498278748244	1.19636298203841
185	0.925	-0.0520394998602569	1.19636298203841
186	0.93	-0.0507498278748244	1.19636298203841
187	0.935	-0.0520394998602569	1.19636298203841
188	0.94	-0.0494601558893919	1.19636298203841
189	0.945	-0.0533291718456894	1.19636298203841
190	0.95	-0.0520394998602569	1.19636298203841
191	0.955	-0.0494601558893919	1.19636298203841
192	0.96	-0.0494601558893919	1.19636298203841
193	0.965	-0.0533291718456894	1.19636298203841
194	0.97	-0.0494601558893919	1.19636298203841
195	0.975	-0.0494601558893919	1.19636298203841
196	0.98	-0.0507498278748244	1.19636298203841
197	0.985	-0.0520394998602569	1.19636298203841
198	0.99	-0.0507498278748244	1.19636298203841
199	0.995	-0.0507498278748244	1.19636298203841
200	1	-0.0507498278748244	1.19636298203841
201	1.005	-0.0494601558893919	1.19636298203841
202	1.01	-0.0520394998602569	1.19636298203841
203	1.015	-0.0481704839039594	1.19636298203841
204	1.02	-0.0507498278748244	1.19636298203841
205	1.025	-0.0507498278748244	1.19636298203841
206	1.03	-0.0507498278748244	1.19636298203841
207	1.035	-0.0494601558893919	1.19636298203841
208	1.04	-0.0520394998602569	1.19636298203841
209	1.045	-0.0494601558893919	1.19636298203841
210	1.05	-0.0520394998602569	1.19636298203841
211	1.055	-0.0494601558893919	1.19636298203841
212	1.06	-0.0507498278748244	1.19636298203841
213	1.065	-0.0520394998602569	1.19636298203841
214	1.07	-0.0507498278748244	1.19636298203841
215	1.075	-0.0494601558893919	1.19636298203841
216	1.08	-0.0520394998602569	1.19636298203841
217	1.085	-0.0520394998602569	1.19636298203841
218	1.09	-0.0494601558893919	1.19636298203841
219	1.095	-0.0494601558893919	1.19636298203841
220	1.1	-0.0520394998602569	1.19636298203841
221	1.105	-0.0520394998602569	1.19636298203841
222	1.11	-0.0533291718456894	1.19636298203841
223	1.115	-0.0546188438311219	1.19636298203841
224	1.12	-0.0520394998602569	1.19636298203841
225	1.125	-0.0520394998602569	1.19636298203841
226	1.13	-0.0533291718456894	1.19636298203841
227	1.135	-0.0520394998602569	1.19636298203841
228	1.14	-0.0533291718456894	1.19636298203841
229	1.145	-0.0546188438311219	1.19636298203841
230	1.15	-0.0533291718456894	1.19636298203841
231	1.155	-0.0520394998602569	1.19636298203841
232	1.16	-0.0533291718456894	1.19636298203841
233	1.165	-0.0533291718456894	1.19636298203841
234	1.17	-0.0571981878019869	1.19636298203841
235	1.175	-0.0507498278748244	1.19507331005298
236	1.18	-0.0533291718456894	1.19636298203841
237	1.185	-0.0546188438311219	1.19636298203841
238	1.19	-0.0533291718456894	1.19636298203841
239	1.195	-0.0533291718456894	1.19636298203841
240	1.2	-0.0533291718456894	1.19636298203841
241	1.205	-0.0533291718456894	1.19636298203841
242	1.21	-0.0559085158165544	1.19636298203841
243	1.215	-0.0533291718456894	1.19636298203841
244	1.22	-0.0546188438311219	1.19636298203841
245	1.225	-0.0559085158165544	1.19636298203841
246	1.23	-0.0571981878019869	1.19636298203841
247	1.235	-0.0546188438311219	1.19636298203841
248	1.24	-0.0546188438311219	1.19636298203841
249	1.245	-0.0571981878019869	1.19636298203841
250	1.25	-0.0584878597874194	1.19636298203841
251	1.255	-0.0559085158165544	1.19636298203841
252	1.26	-0.0559085158165544	1.19636298203841
253	1.265	-0.0571981878019869	1.19636298203841
254	1.27	-0.0584878597874194	1.19636298203841
255	1.275	-0.0546188438311219	1.19636298203841
256	1.28	-0.0546188438311219	1.19636298203841
257	1.285	-0.0571981878019869	1.19636298203841
258	1.29	-0.0559085158165544	1.19636298203841
259	1.295	-0.0559085158165544	1.19636298203841
260	1.3	-0.0571981878019869	1.19507331005298
261	1.305	-0.0597775317728519	1.19507331005298
262	1.31	-0.0584878597874194	1.19636298203841
263	1.315	-0.0571981878019869	1.19636298203841
264	1.32	-0.0571981878019869	1.19636298203841
265	1.325	-0.0571981878019869	1.19507331005298
266	1.33	-0.0559085158165544	1.19507331005298
267	1.335	-0.0571981878019869	1.19636298203841
268	1.34	-0.0559085158165544	1.19507331005298
269	1.345	-0.0559085158165544	1.19507331005298
270	1.35	-0.0571981878019869	1.19507331005298
271	1.355	-0.0571981878019869	1.19507331005298
272	1.36	-0.0571981878019869	1.19507331005298
273	1.365	-0.0559085158165544	1.19507331005298
274	1.37	-0.0584878597874194	1.19507331005298
275	1.375	-0.0520394998602569	1.19507331005298
276	1.38	-0.0533291718456894	1.19507331005298
277	1.385	-0.0584878597874194	1.19507331005298
278	1.39	-0.0546188438311219	1.19378363806754
279	1.395	-0.0520394998602569	1.19507331005298
280	1.4	-0.0533291718456894	1.19507331005298
281	1.405	-0.0533291718456894	1.19507331005298
282	1.41	-0.0546188438311219	1.19378363806754
283	1.415	-0.0507498278748244	1.19507331005298
284	1.42	-0.0520394998602569	1.19378363806754
285	1.425	-0.0507498278748244	1.19378363806754
286	1.43	-0.0520394998602569	1.19507331005298
287	1.435	-0.0507498278748244	1.19378363806754
288	1.44	-0.0494601558893919	1.19378363806754
289	1.445	-0.0520394998602569	1.19378363806754
290	1.45	-0.0494601558893919	1.19378363806754
291	1.455	-0.0468808119185269	1.19378363806754
292	1.46	-0.0494601558893919	1.19507331005298
293	1.465	-0.0494601558893919	1.19378363806754
294	1.47	-0.0481704839039594	1.19507331005298
295	1.475	-0.0468808119185269	1.19378363806754
296	1.48	-0.0481704839039594	1.19378363806754
297	1.485	-0.0455911399330944	1.19378363806754
298	1.49	-0.0468808119185269	1.19378363806754
299	1.495	-0.0455911399330944	1.19378363806754
300	1.5	-0.0455911399330944	1.19249396608211
301	1.505	-0.0468808119185269	1.19249396608211
302	1.51	-0.0468808119185269	1.19249396608211
303	1.515	-0.0417221239767969	1.19249396608211
304	1.52	-0.0430117959622294	1.19249396608211
305	1.525	-0.0455911399330944	1.19249396608211
306	1.53	-0.0443014679476619	1.19249396608211
307	1.535	-0.0378531080204993	1.19249396608211
308	1.54	-0.0430117959622294	1.19249396608211
309	1.545	-0.0430117959622294	1.19249396608211
310	1.55	-0.0404324519913644	1.19249396608211
311	1.555	-0.0430117959622294	1.19249396608211
312	1.56	-0.0404324519913644	1.19120429409668
313	1.565	-0.0430117959622294	1.19249396608211
314	1.57	-0.0404324519913644	1.19120429409668
315	1.575	-0.0391427800059319	1.19120429409668
316	1.58	-0.0391427800059319	1.19120429409668
317	1.585	-0.0391427800059319	1.19120429409668
318	1.59	-0.0417221239767969	1.19120429409668
319	1.595	-0.0378531080204993	1.19120429409668
320	1.6	-0.0378531080204993	1.19120429409668
321	1.605	-0.0404324519913644	1.19120429409668
322	1.61	-0.0391427800059319	1.19120429409668
323	1.615	-0.0365634360350668	1.19120429409668
324	1.62	-0.0365634360350668	1.18991462211125
325	1.625	-0.0378531080204993	1.18991462211125
326	1.63	-0.0391427800059319	1.18991462211125
327	1.635	-0.0365634360350668	1.18991462211125
328	1.64	-0.0365634360350668	1.18991462211125
329	1.645	-0.0391427800059319	1.18862495012581
330	1.65	-0.0365634360350668	1.18991462211125
331	1.655	-0.0378531080204993	1.18862495012581
332	1.66	-0.0404324519913644	1.18991462211125
333	1.665	-0.0404324519913644	1.18862495012581
334	1.67	-0.0417221239767969	1.18862495012581
335	1.675	-0.0404324519913644	1.18862495012581
336	1.68	-0.0417221239767969	1.18862495012581
337	1.685	-0.0468808119185269	1.18862495012581
338	1.69	-0.0455911399330944	1.18862495012581
339	1.695	-0.0455911399330944	1.18862495012581
340	1.7	-0.0443014679476619	1.18733527814038
341	1.705	-0.0481704839039594	1.18733527814038
342	1.71	-0.0494601558893919	1.18733527814038
343	1.715	-0.0481704839039594	1.18733527814038
344	1.72	-0.0507498278748244	1.18733527814038
345	1.725	-0.0507498278748244	1.18733527814038
346	1.73	-0.0494601558893919	1.18733527814038
347	1.735	-0.0507498278748244	1.18733527814038
348	1.74	-0.0533291718456894	1.18604560615495
349	1.745	-0.0533291718456894	1.18604560615495
350	1.75	-0.0520394998602569	1.18604560615495
351	1.755	-0.0533291718456894	1.18604560615495
352	1.76	-0.0559085158165544	1.18604560615495
353	1.765	-0.0571981878019869	1.18604560615495
354	1.77	-0.0571981878019869	1.18604560615495
355	1.775	-0.0571981878019869	1.18475593416952
356	1.78	-0.0584878597874194	1.18475593416952
357	1.785	-0.062356875743717	1.18475593416952
358	1.79	-0.062356875743717	1.18475593416952
359	1.795	-0.0636465477291495	1.18475593416952
360	1.8	-0.062356875743717	1.18475593416952
361	1.805	-0.067515563685447	1.18475593416952
362	1.81	-0.072674251627177	1.18475593416952
363	1.815	-0.070094907656312	1.18346626218408
364	1.82	-0.072674251627177	1.18346626218408
365	1.825	-0.0713845796417445	1.18346626218408
366	1.83	-0.075253595598042	1.18346626218408
367	1.835	-0.0713845796417445	1.18346626218408
368	1.84	-0.072674251627177	1.18346626218408
369	1.845	-0.075253595598042	1.18346626218408
370	1.85	-0.075253595598042	1.18217659019865
371	1.855	-0.0791226115543395	1.18217659019865
372	1.86	-0.0765432675834745	1.18217659019865
373	1.865	-0.080412283539772	1.18217659019865
374	1.87	-0.0791226115543395	1.18217659019865
375	1.875	-0.0791226115543395	1.18217659019865
376	1.88	-0.082991627510637	1.18088691821322
377	1.885	-0.082991627510637	1.18217659019865
378	1.89	-0.0842812994960696	1.18088691821322
379	1.895	-0.0817019555252045	1.18217659019865
380	1.9	-0.082991627510637	1.18088691821322
381	1.905	-0.0894399874377996	1.18088691821322
382	1.91	-0.0842812994960696	1.18088691821322
383	1.915	-0.0842812994960696	1.18088691821322
384	1.92	-0.0868606434669346	1.18088691821322
385	1.925	-0.0868606434669346	1.17959724622779
386	1.93	-0.0894399874377996	1.17959724622779
387	1.935	-0.0881503154523671	1.17959724622779
388	1.94	-0.0868606434669346	1.17959724622779
389	1.945	-0.0920193314086646	1.17959724622779
390	1.95	-0.0907296594232321	1.17959724622779
391	1.955	-0.0894399874377996	1.17830757424235
392	1.96	-0.0907296594232321	1.17830757424235
393	1.965	-0.0894399874377996	1.17830757424235
394	1.97	-0.0881503154523671	1.17830757424235
395	1.975	-0.0881503154523671	1.17830757424235
396	1.98	-0.0855709714815021	1.17830757424235
397	1.985	-0.0881503154523671	1.17830757424235
398	1.99	-0.0920193314086646	1.17830757424235
399	1.995	-0.0855709714815021	1.17830757424235
400	2	-0.0842812994960696	1.17830757424235
401	2.005	-0.0868606434669346	1.17830757424235
402	2.01	-0.0881503154523671	1.17701790225692
403	2.015	-0.0791226115543395	1.17701790225692
404	2.02	-0.0791226115543395	1.17701790225692
405	2.025	-0.0791226115543395	1.17701790225692
406	2.03	-0.0791226115543395	1.17701790225692
407	2.035	-0.077832939568907	1.17701790225692
408	2.04	-0.077832939568907	1.17701790225692
409	2.045	-0.0765432675834745	1.17701790225692
410	2.05	-0.0765432675834745	1.17572823027149
411	2.055	-0.0713845796417445	1.17572823027149
412	2.06	-0.0713845796417445	1.17572823027149
413	2.065	-0.0713845796417445	1.17572823027149
414	2.07	-0.070094907656312	1.17572823027149
415	2.075	-0.064936219714582	1.17572823027149
416	2.08	-0.0662258917000145	1.17443855828606
417	2.085	-0.0662258917000145	1.17443855828606
418	2.09	-0.067515563685447	1.17443855828606
419	2.095	-0.062356875743717	1.17443855828606
420	2.1	-0.0636465477291495	1.17443855828606
421	2.105	-0.0636465477291495	1.17443855828606
422	2.11	-0.0636465477291495	1.17314888630062
423	2.115	-0.0597775317728519	1.17443855828606
424	2.12	-0.0636465477291495	1.17314888630062
425	2.125	-0.0610672037582844	1.17443855828606
426	2.13	-0.062356875743717	1.17314888630062
427	2.135	-0.0571981878019869	1.17314888630062
428	2.14	-0.0584878597874194	1.17314888630062
429	2.145	-0.0584878597874194	1.17314888630062
430	2.15	-0.0584878597874194	1.17314888630062
431	2.155	-0.0546188438311219	1.17185921431519
432	2.16	-0.0559085158165544	1.17185921431519
433	2.165	-0.0571981878019869	1.17185921431519
434	2.17	-0.0533291718456894	1.17185921431519
435	2.175	-0.0533291718456894	1.17185921431519
436	2.18	-0.0533291718456894	1.17185921431519
437	2.185	-0.0546188438311219	1.17185921431519
438	2.19	-0.0533291718456894	1.17185921431519
439	2.195	-0.0494601558893919	1.17185921431519
440	2.2	-0.0494601558893919	1.17185921431519
441	2.205	-0.0494601558893919	1.17056954232976
442	2.21	-0.0494601558893919	1.17056954232976
443	2.215	-0.0468808119185269	1.17056954232976
444	2.22	-0.0481704839039594	1.17056954232976
445	2.225	-0.0481704839039594	1.17056954232976
446	2.23	-0.0468808119185269	1.16927987034433
447	2.235	-0.0468808119185269	1.16927987034433
448	2.24	-0.0455911399330944	1.16927987034433
449	2.245	-0.0468808119185269	1.16927987034433
450	2.25	-0.0455911399330944	1.16927987034433
451	2.255	-0.0455911399330944	1.16927987034433
452	2.26	-0.0455911399330944	1.16799019835889
453	2.265	-0.0443014679476619	1.16927987034433
454	2.27	-0.0443014679476619	1.16799019835889
455	2.275	-0.0430117959622294	1.16927987034433
456	2.28	-0.0430117959622294	1.16799019835889
457	2.285	-0.0443014679476619	1.16799019835889
458	2.29	-0.0443014679476619	1.16799019835889
459	2.295	-0.0417221239767969	1.16799019835889
460	2.3	-0.0417221239767969	1.16799019835889
461	2.305	-0.0430117959622294	1.16799019835889
462	2.31	-0.0443014679476619	1.16670052637346
463	2.315	-0.0417221239767969	1.16670052637346
464	2.32	-0.0417221239767969	1.16799019835889
465	2.325	-0.0430117959622294	1.16670052637346
466	2.33	-0.0417221239767969	1.16670052637346
467	2.335	-0.0391427800059319	1.16670052637346
468	2.34	-0.0417221239767969	1.16541085438803
469	2.345	-0.0430117959622294	1.16670052637346
470	2.35	-0.0430117959622294	1.16541085438803
471	2.355	-0.0417221239767969	1.16541085438803
472	2.36	-0.0417221239767969	1.16541085438803
473	2.365	-0.0430117959622294	1.16541085438803
474	2.37	-0.0443014679476619	1.16541085438803
475	2.375	-0.0417221239767969	1.16541085438803
476	2.38	-0.0417221239767969	1.16541085438803
477	2.385	-0.0417221239767969	1.1641211824026
478	2.39	-0.0417221239767969	1.1641211824026
479	2.395	-0.0417221239767969	1.16541085438803
480	2.4	-0.0417221239767969	1.16541085438803
481	2.405	-0.0443014679476619	1.1641211824026
482	2.41	-0.0443014679476619	1.1641211824026
483	2.415	-0.0430117959622294	1.1641211824026
484	2.42	-0.0430117959622294	1.1641211824026
485	2.425	-0.0443014679476619	1.1641211824026
486	2.43	-0.0455911399330944	1.1641211824026
487	2.435	-0.0404324519913644	1.1641211824026
488	2.44	-0.0417221239767969	1.16283151041716
489	2.445	-0.0443014679476619	1.1641211824026
490	2.45	-0.0443014679476619	1.16283151041716
491	2.455	-0.0417221239767969	1.16283151041716
492	2.46	-0.0443014679476619	1.16283151041716
493	2.465	-0.0443014679476619	1.16283151041716
494	2.47	-0.0455911399330944	1.16283151041716
495	2.475	-0.0443014679476619	1.16283151041716
496	2.48	-0.0443014679476619	1.16283151041716
497	2.485	-0.0468808119185269	1.16283151041716
498	2.49	-0.0468808119185269	1.16283151041716
499	2.495	-0.0455911399330944	1.16154183843173
500	2.5	-0.0481704839039594	1.16154183843173
501	2.505	-0.0494601558893919	1.16154183843173
502	2.51	-0.0481704839039594	1.16154183843173
503	2.515	-0.0468808119185269	1.16154183843173
504	2.52	-0.0507498278748244	1.1602521664463
505	2.525	-0.0533291718456894	1.16154183843173
506	2.53	-0.0533291718456894	1.1602521664463
507	2.535	-0.0494601558893919	1.1602521664463
508	2.54	-0.0520394998602569	1.1602521664463
509	2.545	-0.0546188438311219	1.1602521664463
510	2.55	-0.0533291718456894	1.1602521664463
511	2.555	-0.0546188438311219	1.1602521664463
512	2.56	-0.0533291718456894	1.1602521664463
513	2.565	-0.0559085158165544	1.1602521664463
514	2.57	-0.0559085158165544	1.1602521664463
515	2.575	-0.0559085158165544	1.1602521664463
516	2.58	-0.0597775317728519	1.15896249446087
517	2.585	-0.0584878597874194	1.15896249446087
518	2.59	-0.0584878597874194	1.1602521664463
519	2.595	-0.0571981878019869	1.15896249446087
520	2.6	-0.0597775317728519	1.15896249446087
521	2.605	-0.0610672037582844	1.15896249446087
522	2.61	-0.0636465477291495	1.15896249446087
523	2.615	-0.0597775317728519	1.15767282247543
524	2.62	-0.0597775317728519	1.15767282247543
525	2.625	-0.0636465477291495	1.15896249446087
526	2.63	-0.0636465477291495	1.15767282247543
527	2.635	-0.062356875743717	1.15767282247543
528	2.64	-0.0636465477291495	1.15767282247543
529	2.645	-0.0636465477291495	1.15767282247543
530	2.65	-0.064936219714582	1.15767282247543
531	2.655	-0.0662258917000145	1.15767282247543
532	2.66	-0.0636465477291495	1.15767282247543
533	2.665	-0.067515563685447	1.15767282247543
534	2.67	-0.067515563685447	1.15767282247543
535	2.675	-0.0662258917000145	1.15767282247543
536	2.68	-0.067515563685447	1.15638315049
537	2.685	-0.0688052356708795	1.15767282247543
538	2.69	-0.070094907656312	1.15638315049
539	2.695	-0.067515563685447	1.15767282247543
540	2.7	-0.0688052356708795	1.15767282247543
541	2.705	-0.070094907656312	1.15638315049
542	2.71	-0.070094907656312	1.15638315049
543	2.715	-0.067515563685447	1.15638315049
544	2.72	-0.0713845796417445	1.15638315049
545	2.725	-0.0713845796417445	1.15638315049
546	2.73	-0.0688052356708795	1.15509347850457
547	2.735	-0.070094907656312	1.15638315049
548	2.74	-0.070094907656312	1.15509347850457
549	2.745	-0.0713845796417445	1.15509347850457
550	2.75	-0.0713845796417445	1.15509347850457
551	2.755	-0.0688052356708795	1.15509347850457
552	2.76	-0.070094907656312	1.15509347850457
553	2.765	-0.072674251627177	1.15509347850457
554	2.77	-0.072674251627177	1.15509347850457
555	2.775	-0.072674251627177	1.15509347850457
556	2.78	-0.0713845796417445	1.15509347850457
557	2.785	-0.0739639236126095	1.15380380651914
558	2.79	-0.0765432675834745	1.15380380651914
559	2.795	-0.072674251627177	1.15509347850457
560	2.8	-0.072674251627177	1.15380380651914
561	2.805	-0.0765432675834745	1.15380380651914
562	2.81	-0.0739639236126095	1.15380380651914
563	2.815	-0.070094907656312	1.15380380651914
564	2.82	-0.072674251627177	1.15380380651914
565	2.825	-0.072674251627177	1.15380380651914
566	2.83	-0.072674251627177	1.1525141345337
567	2.835	-0.0739639236126095	1.1525141345337
568	2.84	-0.0739639236126095	1.1525141345337
569	2.845	-0.072674251627177	1.1525141345337
570	2.85	-0.0765432675834745	1.1525141345337
571	2.855	-0.0739639236126095	1.1525141345337
572	2.86	-0.0739639236126095	1.1525141345337
573	2.865	-0.0765432675834745	1.1525141345337
574	2.87	-0.072674251627177	1.1525141345337
575	2.875	-0.0739639236126095	1.1525141345337
576	2.88	-0.075253595598042	1.1525141345337
577	2.885	-0.075253595598042	1.15122446254827
578	2.89	-0.0739639236126095	1.1525141345337
579	2.895	-0.0739639236126095	1.15122446254827
580	2.9	-0.072674251627177	1.15122446254827
581	2.905	-0.0739639236126095	1.15122446254827
582	2.91	-0.072674251627177	1.15122446254827
583	2.915	-0.0713845796417445	1.15122446254827
584	2.92	-0.070094907656312	1.15122446254827
585	2.925	-0.0739639236126095	1.15122446254827
586	2.93	-0.0713845796417445	1.15122446254827
587	2.935	-0.070094907656312	1.15122446254827
588	2.94	-0.072674251627177	1.14993479056284
589	2.945	-0.072674251627177	1.15122446254827
590	2.95	-0.072674251627177	1.14993479056284
591	2.955	-0.0688052356708795	1.14993479056284
592	2.96	-0.072674251627177	1.14993479056284
593	2.965	-0.070094907656312	1.14993479056284
594	2.97	-0.0688052356708795	1.14864511857741
595	2.975	-0.070094907656312	1.14993479056284
596	2.98	-0.0662258917000145	1.14864511857741
597	2.985	-0.070094907656312	1.14864511857741
598	2.99	-0.0662258917000145	1.14993479056284
599	2.995	-0.064936219714582	1.14993479056284
600	3	-0.0662258917000145	1.14864511857741
601	3.005	-0.0636465477291495	1.14864511857741
602	3.01	-0.0636465477291495	1.14864511857741
603	3.015	-0.062356875743717	1.14864511857741
604	3.02	-0.0610672037582844	1.14735544659197
605	3.025	-0.064936219714582	1.14864511857741
606	3.03	-0.062356875743717	1.14735544659197
607	3.035	-0.0584878597874194	1.14735544659197
608	3.04	-0.0584878597874194	1.14735544659197
609	3.045	-0.0610672037582844	1.14735544659197
610	3.05	-0.0584878597874194	1.14735544659197
611	3.055	-0.0571981878019869	1.14735544659197
612	3.06	-0.0559085158165544	1.14606577460654
613	3.065	-0.0546188438311219	1.14606577460654
614	3.07	-0.0559085158165544	1.14606577460654
615	3.075	-0.0520394998602569	1.14606577460654
616	3.08	-0.0520394998602569	1.14606577460654
617	3.085	-0.0507498278748244	1.14606577460654
618	3.09	-0.0507498278748244	1.14606577460654
619	3.095	-0.0494601558893919	1.14606577460654
620	3.1	-0.0468808119185269	1.14606577460654
621	3.105	-0.0481704839039594	1.14606577460654
622	3.11	-0.0468808119185269	1.14477610262111
623	3.115	-0.0430117959622294	1.14477610262111
624	3.12	-0.0443014679476619	1.14477610262111
625	3.125	-0.0443014679476619	1.14477610262111
626	3.13	-0.0430117959622294	1.14477610262111
627	3.135	-0.0417221239767969	1.14477610262111
628	3.14	-0.0430117959622294	1.14477610262111
629	3.145	-0.0455911399330944	1.14477610262111
630	3.15	-0.0430117959622294	1.14348643063568
631	3.155	-0.0430117959622294	1.14348643063568
632	3.16	-0.0417221239767969	1.14348643063568
633	3.165	-0.0455911399330944	1.14348643063568
634	3.17	-0.0430117959622294	1.14348643063568
635	3.175	-0.0417221239767969	1.14348643063568
636	3.18	-0.0430117959622294	1.14348643063568
637	3.185	-0.0430117959622294	1.14219675865024
638	3.19	-0.0430117959622294	1.14219675865024
639	3.195	-0.0443014679476619	1.14219675865024
640	3.2	-0.0430117959622294	1.14219675865024
641	3.205	-0.0443014679476619	1.14219675865024
642	3.21	-0.0455911399330944	1.14090708666481
643	3.215	-0.0443014679476619	1.14090708666481
644	3.22	-0.0417221239767969	1.14090708666481
645	3.225	-0.0443014679476619	1.14090708666481
646	3.23	-0.0443014679476619	1.14090708666481
647	3.235	-0.0443014679476619	1.14090708666481
648	3.24	-0.0443014679476619	1.14090708666481
649	3.245	-0.0455911399330944	1.14090708666481
650	3.25	-0.0443014679476619	1.13961741467938
651	3.255	-0.0430117959622294	1.13961741467938
652	3.26	-0.0417221239767969	1.13961741467938
653	3.265	-0.0430117959622294	1.13961741467938
654	3.27	-0.0455911399330944	1.13961741467938
655	3.275	-0.0417221239767969	1.13832774269395
656	3.28	-0.0430117959622294	1.13832774269395
657	3.285	-0.0430117959622294	1.13961741467938
658	3.29	-0.0430117959622294	1.13832774269395
659	3.295	-0.0430117959622294	1.13832774269395
660	3.3	-0.0417221239767969	1.13832774269395
661	3.305	-0.0443014679476619	1.13832774269395
662	3.31	-0.0443014679476619	1.13832774269395
663	3.315	-0.0404324519913644	1.13832774269395
664	3.32	-0.0430117959622294	1.13703807070851
665	3.325	-0.0430117959622294	1.13703807070851
666	3.33	-0.0443014679476619	1.13703807070851
667	3.335	-0.0417221239767969	1.13703807070851
668	3.34	-0.0404324519913644	1.13703807070851
669	3.345	-0.0430117959622294	1.13574839872308
670	3.35	-0.0430117959622294	1.13574839872308
671	3.355	-0.0404324519913644	1.13703807070851
672	3.36	-0.0404324519913644	1.13574839872308
673	3.365	-0.0404324519913644	1.13574839872308
674	3.37	-0.0404324519913644	1.13574839872308
675	3.375	-0.0378531080204993	1.13574839872308
676	3.38	-0.0378531080204993	1.13445872673765
677	3.385	-0.0404324519913644	1.13445872673765
678	3.39	-0.0391427800059319	1.13445872673765
679	3.395	-0.0391427800059319	1.13445872673765
680	3.4	-0.0365634360350668	1.13445872673765
681	3.405	-0.0417221239767969	1.13445872673765
682	3.41	-0.0404324519913644	1.13316905475222
683	3.415	-0.0391427800059319	1.13316905475222
684	3.42	-0.0378531080204993	1.13316905475222
685	3.425	-0.0404324519913644	1.13316905475222
686	3.43	-0.0404324519913644	1.13316905475222
687	3.435	-0.0378531080204993	1.13316905475222
688	3.44	-0.0404324519913644	1.13316905475222
689	3.445	-0.0404324519913644	1.13316905475222
690	3.45	-0.0404324519913644	1.13187938276678
691	3.455	-0.0404324519913644	1.13316905475222
692	3.46	-0.0404324519913644	1.13187938276678
693	3.465	-0.0430117959622294	1.13187938276678
694	3.47	-0.0417221239767969	1.13187938276678
695	3.475	-0.0404324519913644	1.13187938276678
696	3.48	-0.0417221239767969	1.13058971078135
697	3.485	-0.0430117959622294	1.13187938276678
698	3.49	-0.0430117959622294	1.13058971078135
699	3.495	-0.0417221239767969	1.13058971078135
700	3.5	-0.0417221239767969	1.13058971078135
701	3.505	-0.0430117959622294	1.13058971078135
702	3.51	-0.0455911399330944	1.13058971078135
703	3.515	-0.0417221239767969	1.12930003879592
704	3.52	-0.0417221239767969	1.13058971078135
705	3.525	-0.0443014679476619	1.13058971078135
706	3.53	-0.0443014679476619	1.12930003879592
707	3.535	-0.0430117959622294	1.12930003879592
708	3.54	-0.0443014679476619	1.12930003879592
709	3.545	-0.0443014679476619	1.12930003879592
710	3.55	-0.0481704839039594	1.12930003879592
711	3.555	-0.0455911399330944	1.12930003879592
712	3.56	-0.0481704839039594	1.12930003879592
713	3.565	-0.0481704839039594	1.12801036681049
714	3.57	-0.0481704839039594	1.12801036681049
715	3.575	-0.0494601558893919	1.12801036681049
716	3.58	-0.0494601558893919	1.12801036681049
717	3.585	-0.0546188438311219	1.12801036681049
718	3.59	-0.0533291718456894	1.12672069482505
719	3.595	-0.0520394998602569	1.12801036681049
720	3.6	-0.0520394998602569	1.12801036681049
721	3.605	-0.0571981878019869	1.12672069482505
722	3.61	-0.0546188438311219	1.12672069482505
723	3.615	-0.0546188438311219	1.12672069482505
724	3.62	-0.0559085158165544	1.12672069482505
725	3.625	-0.0584878597874194	1.12672069482505
726	3.63	-0.0610672037582844	1.12672069482505
727	3.635	-0.0597775317728519	1.12672069482505
728	3.64	-0.0584878597874194	1.12543102283962
729	3.645	-0.0636465477291495	1.12543102283962
730	3.65	-0.062356875743717	1.12543102283962
731	3.655	-0.0610672037582844	1.12543102283962
732	3.66	-0.062356875743717	1.12414135085419
733	3.665	-0.0662258917000145	1.12543102283962
734	3.67	-0.064936219714582	1.12543102283962
735	3.675	-0.062356875743717	1.12414135085419
736	3.68	-0.062356875743717	1.12414135085419
737	3.685	-0.064936219714582	1.12414135085419
738	3.69	-0.064936219714582	1.12414135085419
739	3.695	-0.0597775317728519	1.12285167886876
740	3.7	-0.0610672037582844	1.12285167886876
741	3.705	-0.062356875743717	1.12285167886876
742	3.71	-0.0636465477291495	1.12285167886876
743	3.715	-0.0597775317728519	1.12285167886876
744	3.72	-0.0584878597874194	1.12285167886876
745	3.725	-0.0597775317728519	1.12285167886876
746	3.73	-0.0597775317728519	1.12156200688332
747	3.735	-0.0571981878019869	1.12156200688332
748	3.74	-0.0533291718456894	1.12156200688332
749	3.745	-0.0559085158165544	1.12156200688332
750	3.75	-0.0559085158165544	1.12156200688332
751	3.755	-0.0533291718456894	1.12027233489789
752	3.76	-0.0520394998602569	1.12027233489789
753	3.765	-0.0533291718456894	1.12156200688332
754	3.77	-0.0533291718456894	1.12027233489789
755	3.775	-0.0494601558893919	1.12027233489789
756	3.78	-0.0481704839039594	1.12027233489789
757	3.785	-0.0520394998602569	1.12027233489789
758	3.79	-0.0468808119185269	1.12027233489789
759	3.795	-0.0455911399330944	1.11898266291246
760	3.8	-0.0455911399330944	1.11898266291246
761	3.805	-0.0494601558893919	1.11898266291246
762	3.81	-0.0455911399330944	1.11898266291246
763	3.815	-0.0443014679476619	1.11769299092703
764	3.82	-0.0455911399330944	1.11769299092703
765	3.825	-0.0455911399330944	1.11769299092703
766	3.83	-0.0443014679476619	1.11769299092703
767	3.835	-0.0430117959622294	1.11769299092703
768	3.84	-0.0417221239767969	1.11769299092703
769	3.845	-0.0430117959622294	1.11769299092703
770	3.85	-0.0430117959622294	1.11640331894159
771	3.855	-0.0430117959622294	1.11640331894159
772	3.86	-0.0430117959622294	1.11640331894159
773	3.865	-0.0430117959622294	1.11640331894159
774	3.87	-0.0430117959622294	1.11511364695616
775	3.875	-0.0404324519913644	1.11640331894159
776	3.88	-0.0443014679476619	1.11511364695616
777	3.885	-0.0443014679476619	1.11511364695616
778	3.89	-0.0468808119185269	1.11511364695616
779	3.895	-0.0443014679476619	1.11511364695616
780	3.9	-0.0443014679476619	1.11511364695616
781	3.905	-0.0468808119185269	1.11382397497073
782	3.91	-0.0468808119185269	1.11382397497073
783	3.915	-0.0443014679476619	1.11382397497073
784	3.92	-0.0455911399330944	1.11382397497073
785	3.925	-0.0468808119185269	1.11382397497073
786	3.93	-0.0468808119185269	1.11382397497073
787	3.935	-0.0455911399330944	1.1125343029853
788	3.94	-0.0481704839039594	1.1125343029853
789	3.945	-0.0494601558893919	1.11382397497073
790	3.95	-0.0443014679476619	1.1125343029853
791	3.955	-0.0468808119185269	1.1125343029853
792	3.96	-0.0455911399330944	1.1125343029853
793	3.965	-0.0455911399330944	1.11124463099986
794	3.97	-0.0468808119185269	1.11124463099986
795	3.975	-0.0455911399330944	1.11124463099986
796	3.98	-0.0468808119185269	1.11124463099986
797	3.985	-0.0455911399330944	1.11124463099986
798	3.99	-0.0481704839039594	1.11124463099986
799	3.995	-0.0468808119185269	1.11124463099986
800	4	-0.0455911399330944	1.10995495901443
801	4.005	-0.0481704839039594	1.10995495901443
802	4.01	-0.0494601558893919	1.10995495901443
803	4.015	-0.0481704839039594	1.10995495901443
804	4.02	-0.0494601558893919	1.10995495901443
805	4.025	-0.0520394998602569	1.10995495901443
806	4.03	-0.0520394998602569	1.10995495901443
807	4.035	-0.0520394998602569	1.10995495901443
808	4.04	-0.0546188438311219	1.10995495901443
809	4.045	-0.0571981878019869	1.108665287029
810	4.05	-0.0533291718456894	1.108665287029
811	4.055	-0.0546188438311219	1.108665287029
812	4.06	-0.0559085158165544	1.108665287029
813	4.065	-0.0571981878019869	1.108665287029
814	4.07	-0.0597775317728519	1.10737561504357
815	4.075	-0.0597775317728519	1.108665287029
816	4.08	-0.0584878597874194	1.108665287029
817	4.085	-0.0610672037582844	1.10737561504357
818	4.09	-0.0597775317728519	1.10737561504357
819	4.095	-0.062356875743717	1.10737561504357
820	4.1	-0.0597775317728519	1.10737561504357
821	4.105	-0.064936219714582	1.10737561504357
822	4.11	-0.0636465477291495	1.10608594305813
823	4.115	-0.062356875743717	1.10608594305813
824	4.12	-0.0636465477291495	1.10608594305813
825	4.125	-0.067515563685447	1.10608594305813
826	4.13	-0.0688052356708795	1.10608594305813
827	4.135	-0.067515563685447	1.10608594305813
828	4.14	-0.0662258917000145	1.10608594305813
829	4.145	-0.067515563685447	1.10608594305813
830	4.15	-0.0688052356708795	1.10608594305813
831	4.155	-0.0713845796417445	1.10608594305813
832	4.16	-0.0739639236126095	1.10608594305813
833	4.165	-0.0739639236126095	1.1047962710727
834	4.17	-0.0713845796417445	1.1047962710727
835	4.175	-0.0765432675834745	1.1047962710727
836	4.18	-0.0817019555252045	1.1047962710727
837	4.185	-0.080412283539772	1.1047962710727
838	4.19	-0.080412283539772	1.1047962710727
839	4.195	-0.0817019555252045	1.1047962710727
840	4.2	-0.0855709714815021	1.10350659908727
841	4.205	-0.0855709714815021	1.10350659908727
842	4.21	-0.0881503154523671	1.10350659908727
843	4.215	-0.0855709714815021	1.10350659908727
844	4.22	-0.082991627510637	1.10350659908727
845	4.225	-0.0842812994960696	1.10350659908727
846	4.23	-0.0868606434669346	1.10350659908727
847	4.235	-0.0881503154523671	1.10350659908727
848	4.24	-0.0868606434669346	1.10221692710184
849	4.245	-0.0855709714815021	1.10221692710184
850	4.25	-0.0868606434669346	1.10350659908727
851	4.255	-0.0855709714815021	1.10221692710184
852	4.26	-0.0868606434669346	1.10221692710184
853	4.265	-0.0907296594232321	1.10221692710184
854	4.27	-0.0894399874377996	1.10221692710184
855	4.275	-0.0907296594232321	1.10221692710184
856	4.28	-0.0881503154523671	1.10221692710184
857	4.285	-0.0907296594232321	1.10221692710184
858	4.29	-0.0933090033940971	1.10221692710184
859	4.295	-0.0920193314086646	1.10221692710184
860	4.3	-0.0920193314086646	1.1009272551164
861	4.305	-0.0920193314086646	1.1009272551164
862	4.31	-0.0945986753795296	1.1009272551164
863	4.315	-0.0945986753795296	1.1009272551164
864	4.32	-0.0933090033940971	1.1009272551164
865	4.325	-0.0958883473649621	1.1009272551164
866	4.33	-0.0945986753795296	1.1009272551164
867	4.335	-0.0933090033940971	1.1009272551164
868	4.34	-0.0933090033940971	1.09963758313097
869	4.345	-0.0958883473649621	1.09963758313097
870	4.35	-0.0945986753795296	1.09963758313097
871	4.355	-0.0907296594232321	1.09963758313097
872	4.36	-0.0958883473649621	1.09963758313097
873	4.365	-0.0945986753795296	1.09963758313097
874	4.37	-0.0945986753795296	1.09963758313097
875	4.375	-0.0945986753795296	1.09834791114554
876	4.38	-0.0920193314086646	1.09963758313097
877	4.385	-0.0958883473649621	1.09963758313097
878	4.39	-0.0920193314086646	1.09963758313097
879	4.395	-0.0907296594232321	1.09834791114554
880	4.4	-0.0920193314086646	1.09963758313097
881	4.405	-0.0920193314086646	1.09834791114554
882	4.41	-0.0907296594232321	1.09834791114554
883	4.415	-0.0907296594232321	1.09834791114554
884	4.42	-0.0881503154523671	1.09834791114554
885	4.425	-0.0881503154523671	1.09834791114554
886	4.43	-0.0894399874377996	1.09834791114554
887	4.435	-0.082991627510637	1.09705823916011
888	4.44	-0.0817019555252045	1.09705823916011
889	4.445	-0.0817019555252045	1.09705823916011
890	4.45	-0.0817019555252045	1.09705823916011
891	4.455	-0.0791226115543395	1.09705823916011
892	4.46	-0.080412283539772	1.09705823916011
893	4.465	-0.0817019555252045	1.09705823916011
894	4.47	-0.0817019555252045	1.09705823916011
895	4.475	-0.0765432675834745	1.09576856717467
896	4.48	-0.077832939568907	1.09705823916011
897	4.485	-0.080412283539772	1.09576856717467
898	4.49	-0.075253595598042	1.09576856717467
899	4.495	-0.075253595598042	1.09576856717467
900	4.5	-0.072674251627177	1.09576856717467
901	4.505	-0.072674251627177	1.09576856717467
902	4.51	-0.075253595598042	1.09576856717467
903	4.515	-0.067515563685447	1.09576856717467
904	4.52	-0.070094907656312	1.09447889518924
905	4.525	-0.0713845796417445	1.09447889518924
906	4.53	-0.067515563685447	1.09447889518924
907	4.535	-0.062356875743717	1.09447889518924
908	4.54	-0.0662258917000145	1.09447889518924
909	4.545	-0.0610672037582844	1.09447889518924
910	4.55	-0.0610672037582844	1.09447889518924
911	4.555	-0.0584878597874194	1.09318922320381
912	4.56	-0.0559085158165544	1.09318922320381
913	4.565	-0.0559085158165544	1.09318922320381
914	4.57	-0.0559085158165544	1.09318922320381
915	4.575	-0.0520394998602569	1.09318922320381
916	4.58	-0.0507498278748244	1.09318922320381
917	4.585	-0.0520394998602569	1.09318922320381
918	4.59	-0.0481704839039594	1.09189955121838
919	4.595	-0.0455911399330944	1.09318922320381
920	4.6	-0.0494601558893919	1.09189955121838
921	4.605	-0.0468808119185269	1.09189955121838
922	4.61	-0.0468808119185269	1.09189955121838
923	4.615	-0.0417221239767969	1.09189955121838
924	4.62	-0.0430117959622294	1.09189955121838
925	4.625	-0.0455911399330944	1.09189955121838
926	4.63	-0.0417221239767969	1.09189955121838
927	4.635	-0.0404324519913644	1.09060987923294
928	4.64	-0.0417221239767969	1.09189955121838
929	4.645	-0.0417221239767969	1.09060987923294
930	4.65	-0.0404324519913644	1.09060987923294
931	4.655	-0.0378531080204993	1.09060987923294
932	4.66	-0.0391427800059319	1.09060987923294
933	4.665	-0.0391427800059319	1.09060987923294
934	4.67	-0.0378531080204993	1.09060987923294
935	4.675	-0.0365634360350668	1.09060987923294
936	4.68	-0.0365634360350668	1.09060987923294
937	4.685	-0.0391427800059319	1.08932020724751
938	4.69	-0.0378531080204993	1.08932020724751
939	4.695	-0.0352737640496343	1.08932020724751
940	4.7	-0.0339840920642018	1.08932020724751
941	4.705	-0.0365634360350668	1.08932020724751
942	4.71	-0.0365634360350668	1.08932020724751
943	4.715	-0.0365634360350668	1.08932020724751
944	4.72	-0.0352737640496343	1.08803053526208
945	4.725	-0.0378531080204993	1.08932020724751
946	4.73	-0.0378531080204993	1.08803053526208
947	4.735	-0.0365634360350668	1.08803053526208
948	4.74	-0.0365634360350668	1.08803053526208
949	4.745	-0.0391427800059319	1.08803053526208
950	4.75	-0.0404324519913644	1.08803053526208
951	4.755	-0.0404324519913644	1.08803053526208
952	4.76	-0.0417221239767969	1.08803053526208
953	4.765	-0.0417221239767969	1.08803053526208
954	4.77	-0.0430117959622294	1.08674086327665
955	4.775	-0.0430117959622294	1.08674086327665
956	4.78	-0.0468808119185269	1.08674086327665
957	4.785	-0.0481704839039594	1.08674086327665
958	4.79	-0.0494601558893919	1.08674086327665
959	4.795	-0.0481704839039594	1.08674086327665
960	4.8	-0.0546188438311219	1.08674086327665
961	4.805	-0.0546188438311219	1.08674086327665
962	4.81	-0.0546188438311219	1.08545119129121
963	4.815	-0.0571981878019869	1.08674086327665
964	4.82	-0.0597775317728519	1.08545119129121
965	4.825	-0.062356875743717	1.08545119129121
966	4.83	-0.0636465477291495	1.08545119129121
967	4.835	-0.064936219714582	1.08545119129121
968	4.84	-0.0662258917000145	1.08545119129121
969	4.845	-0.0688052356708795	1.08416151930578
970	4.85	-0.064936219714582	1.08545119129121
971	4.855	-0.064936219714582	1.08416151930578
972	4.86	-0.064936219714582	1.08416151930578
973	4.865	-0.0662258917000145	1.08416151930578
974	4.87	-0.070094907656312	1.08416151930578
975	4.875	-0.0688052356708795	1.08416151930578
976	4.88	-0.070094907656312	1.08416151930578
977	4.885	-0.0739639236126095	1.08287184732035
978	4.89	-0.070094907656312	1.08287184732035
979	4.895	-0.0713845796417445	1.08287184732035
980	4.9	-0.0713845796417445	1.08287184732035
981	4.905	-0.0713845796417445	1.08287184732035
982	4.91	-0.072674251627177	1.08287184732035
983	4.915	-0.075253595598042	1.08287184732035
984	4.92	-0.0739639236126095	1.08158217533492
985	4.925	-0.075253595598042	1.08158217533492
986	4.93	-0.077832939568907	1.08158217533492
987	4.935	-0.075253595598042	1.08158217533492
988	4.94	-0.0765432675834745	1.08158217533492
989	4.945	-0.082991627510637	1.08158217533492
990	4.95	-0.0791226115543395	1.08029250334948
991	4.955	-0.075253595598042	1.08029250334948
992	4.96	-0.077832939568907	1.08029250334948
993	4.965	-0.077832939568907	1.08029250334948
994	4.97	-0.075253595598042	1.08029250334948
995	4.975	-0.0765432675834745	1.07900283136405
996	4.98	-0.077832939568907	1.07900283136405
997	4.985	-0.077832939568907	1.07900283136405
998	4.99	-0.0791226115543395	1.07900283136405
999	4.995	-0.0739639236126095	1.08029250334948
1000	5	-0.075253595598042	1.07900283136405
1001	5.005	-0.080412283539772	1.07900283136405
1002	5.01	-0.077832939568907	1.07771315937862
1003	5.015	-0.0765432675834745	1.07900283136405
1004	5.02	-0.0739639236126095	1.07771315937862
1005	5.025	-0.0765432675834745	1.07771315937862
1006	5.03	-0.0765432675834745	1.07771315937862
1007	5.035	-0.070094907656312	1.07771315937862
1008	5.04	-0.072674251627177	1.07642348739319
1009	5.045	-0.0713845796417445	1.07771315937862
1010	5.05	-0.0713845796417445	1.07642348739319
1011	5.055	-0.070094907656312	1.07642348739319
1012	5.06	-0.0688052356708795	1.07642348739319
1013	5.065	-0.0713845796417445	1.07642348739319
1014	5.07	-0.0688052356708795	1.07642348739319
1015	5.075	-0.070094907656312	1.07642348739319
1016	5.08	-0.064936219714582	1.07513381540775
1017	5.085	-0.067515563685447	1.07513381540775
1018	5.09	-0.064936219714582	1.07513381540775
1019	5.095	-0.0636465477291495	1.07513381540775
1020	5.1	-0.0610672037582844	1.07384414342232
1021	5.105	-0.064936219714582	1.07513381540775
1022	5.11	-0.062356875743717	1.07384414342232
1023	5.115	-0.0571981878019869	1.07384414342232
1024	5.12	-0.0584878597874194	1.07384414342232
1025	5.125	-0.0597775317728519	1.07384414342232
1026	5.13	-0.0610672037582844	1.07384414342232
1027	5.135	-0.0571981878019869	1.07384414342232
1028	5.14	-0.0597775317728519	1.07255447143689
1029	5.145	-0.0559085158165544	1.07255447143689
1030	5.15	-0.0571981878019869	1.07255447143689
1031	5.155	-0.0533291718456894	1.07255447143689
1032	5.16	-0.0546188438311219	1.07255447143689
1033	5.165	-0.0546188438311219	1.07255447143689
1034	5.17	-0.0533291718456894	1.07126479945146
1035	5.175	-0.0520394998602569	1.07126479945146
1036	5.18	-0.0507498278748244	1.07126479945146
1037	5.185	-0.0507498278748244	1.07126479945146
1038	5.19	-0.0507498278748244	1.07126479945146
1039	5.195	-0.0494601558893919	1.07126479945146
1040	5.2	-0.0494601558893919	1.07126479945146
1041	5.205	-0.0494601558893919	1.06997512746602
1042	5.21	-0.0481704839039594	1.06997512746602
1043	5.215	-0.0455911399330944	1.06997512746602
1044	5.22	-0.0468808119185269	1.06997512746602
1045	5.225	-0.0494601558893919	1.06997512746602
1046	5.23	-0.0468808119185269	1.06997512746602
1047	5.235	-0.0455911399330944	1.06868545548059
1048	5.24	-0.0443014679476619	1.06997512746602
1049	5.245	-0.0455911399330944	1.06868545548059
1050	5.25	-0.0417221239767969	1.06868545548059
1051	5.255	-0.0417221239767969	1.06868545548059
1052	5.26	-0.0404324519913644	1.06868545548059
1053	5.265	-0.0430117959622294	1.06868545548059
1054	5.27	-0.0404324519913644	1.06739578349516
1055	5.275	-0.0404324519913644	1.06868545548059
1056	5.28	-0.0404324519913644	1.06739578349516
1057	5.285	-0.0404324519913644	1.06739578349516
1058	5.29	-0.0404324519913644	1.06739578349516
1059	5.295	-0.0391427800059319	1.06739578349516
1060	5.3	-0.0352737640496343	1.06739578349516
1061	5.305	-0.0365634360350668	1.06610611150973
1062	5.31	-0.0378531080204993	1.06610611150973
1063	5.315	-0.0339840920642018	1.06610611150973
1064	5.32	-0.0352737640496343	1.06610611150973
1065	5.325	-0.0352737640496343	1.06610611150973
1066	5.33	-0.0352737640496343	1.06610611150973
1067	5.335	-0.0339840920642018	1.06610611150973
1068	5.34	-0.0339840920642018	1.06481643952429
1069	5.345	-0.0352737640496343	1.06481643952429
1070	5.35	-0.0339840920642018	1.06481643952429
1071	5.355	-0.0352737640496343	1.06352676753886
1072	5.36	-0.0365634360350668	1.06481643952429
1073	5.365	-0.0365634360350668	1.06352676753886
1074	5.37	-0.0378531080204993	1.06352676753886
1075	5.375	-0.0378531080204993	1.06352676753886
1076	5.38	-0.0365634360350668	1.06352676753886
1077	5.385	-0.0391427800059319	1.06352676753886
1078	5.39	-0.0417221239767969	1.06352676753886
1079	5.395	-0.0391427800059319	1.06352676753886
1080	5.4	-0.0365634360350668	1.06223709555343
1081	5.405	-0.0404324519913644	1.06223709555343
1082	5.41	-0.0430117959622294	1.06223709555343
1083	5.415	-0.0391427800059319	1.06223709555343
1084	5.42	-0.0404324519913644	1.06223709555343
1085	5.425	-0.0417221239767969	1.060947423568
1086	5.43	-0.0417221239767969	1.060947423568
1087	5.435	-0.0391427800059319	1.060947423568
1088	5.44	-0.0430117959622294	1.060947423568
1089	5.445	-0.0443014679476619	1.060947423568
1090	5.45	-0.0455911399330944	1.060947423568
1091	5.455	-0.0455911399330944	1.05965775158256
1092	5.46	-0.0455911399330944	1.05965775158256
1093	5.465	-0.0455911399330944	1.060947423568
1094	5.47	-0.0481704839039594	1.05965775158256
1095	5.475	-0.0468808119185269	1.05965775158256
1096	5.48	-0.0481704839039594	1.05965775158256
1097	5.485	-0.0507498278748244	1.05965775158256
1098	5.49	-0.0520394998602569	1.05965775158256
1099	5.495	-0.0494601558893919	1.05965775158256
1100	5.5	-0.0507498278748244	1.05836807959713
1101	5.505	-0.0546188438311219	1.05836807959713
1102	5.51	-0.0546188438311219	1.05836807959713
1103	5.515	-0.0507498278748244	1.05836807959713
1104	5.52	-0.0533291718456894	1.05836807959713
1105	5.525	-0.0546188438311219	1.05836807959713
1106	5.53	-0.0571981878019869	1.0570784076117
1107	5.535	-0.0584878597874194	1.0570784076117
1108	5.54	-0.0571981878019869	1.0570784076117
1109	5.545	-0.0597775317728519	1.0570784076117
1110	5.55	-0.0571981878019869	1.0570784076117
1111	5.555	-0.0571981878019869	1.05578873562627
1112	5.56	-0.0571981878019869	1.05578873562627
1113	5.565	-0.0584878597874194	1.05578873562627
1114	5.57	-0.0610672037582844	1.05578873562627
1115	5.575	-0.0597775317728519	1.05578873562627
1116	5.58	-0.0559085158165544	1.05578873562627
1117	5.585	-0.062356875743717	1.05578873562627
1118	5.59	-0.062356875743717	1.05578873562627
1119	5.595	-0.0597775317728519	1.05449906364083
1120	5.6	-0.0610672037582844	1.05449906364083
1121	5.605	-0.062356875743717	1.05449906364083
1122	5.61	-0.0610672037582844	1.05449906364083
1123	5.615	-0.062356875743717	1.05449906364083
1124	5.62	-0.062356875743717	1.0532093916554
1125	5.625	-0.062356875743717	1.0532093916554
1126	5.63	-0.0610672037582844	1.05449906364083
1127	5.635	-0.0610672037582844	1.0532093916554
1128	5.64	-0.0597775317728519	1.0532093916554
1129	5.645	-0.0610672037582844	1.0532093916554
1130	5.65	-0.0597775317728519	1.0532093916554
1131	5.655	-0.0597775317728519	1.0532093916554
1132	5.66	-0.0571981878019869	1.05191971966997
1133	5.665	-0.0571981878019869	1.05191971966997
1134	5.67	-0.0571981878019869	1.05191971966997
1135	5.675	-0.0584878597874194	1.05191971966997
1136	5.68	-0.0546188438311219	1.05191971966997
1137	5.685	-0.0571981878019869	1.05191971966997
1138	5.69	-0.0571981878019869	1.05063004768454
1139	5.695	-0.0546188438311219	1.05063004768454
1140	5.7	-0.0571981878019869	1.05063004768454
1141	5.705	-0.0559085158165544	1.05063004768454
1142	5.71	-0.0533291718456894	1.05063004768454
1143	5.715	-0.0533291718456894	1.0493403756991
1144	5.72	-0.0533291718456894	1.05063004768454
1145	5.725	-0.0520394998602569	1.05063004768454
1146	5.73	-0.0507498278748244	1.0493403756991
1147	5.735	-0.0481704839039594	1.0493403756991
1148	5.74	-0.0481704839039594	1.0493403756991
1149	5.745	-0.0494601558893919	1.0493403756991
1150	5.75	-0.0468808119185269	1.0493403756991
1151	5.755	-0.0468808119185269	1.04805070371367
1152	5.76	-0.0443014679476619	1.04805070371367
1153	5.765	-0.0481704839039594	1.04805070371367
1154	5.77	-0.0455911399330944	1.04805070371367
1155	5.775	-0.0430117959622294	1.04805070371367
1156	5.78	-0.0443014679476619	1.04805070371367
1157	5.785	-0.0455911399330944	1.04676103172824
1158	5.79	-0.0430117959622294	1.04676103172824
1159	5.795	-0.0417221239767969	1.04676103172824
1160	5.8	-0.0455911399330944	1.04676103172824
1161	5.805	-0.0455911399330944	1.04676103172824
1162	5.81	-0.0430117959622294	1.04676103172824
1163	5.815	-0.0443014679476619	1.04676103172824
1164	5.82	-0.0417221239767969	1.04547135974281
1165	5.825	-0.0443014679476619	1.04547135974281
1166	5.83	-0.0443014679476619	1.04547135974281
1167	5.835	-0.0443014679476619	1.04547135974281
1168	5.84	-0.0430117959622294	1.04418168775737
1169	5.845	-0.0455911399330944	1.04418168775737
1170	5.85	-0.0443014679476619	1.04547135974281
1171	5.855	-0.0430117959622294	1.04418168775737
1172	5.86	-0.0443014679476619	1.04418168775737
1173	5.865	-0.0481704839039594	1.04418168775737
1174	5.87	-0.0468808119185269	1.04418168775737
1175	5.875	-0.0468808119185269	1.04418168775737
1176	5.88	-0.0443014679476619	1.04418168775737
1177	5.885	-0.0507498278748244	1.04418168775737
1178	5.89	-0.0520394998602569	1.04289201577194
1179	5.895	-0.0507498278748244	1.04289201577194
1180	5.9	-0.0546188438311219	1.04289201577194
1181	5.905	-0.0559085158165544	1.04289201577194
1182	5.91	-0.0571981878019869	1.04160234378651
1183	5.915	-0.0571981878019869	1.04160234378651
1184	5.92	-0.062356875743717	1.04160234378651
1185	5.925	-0.064936219714582	1.04160234378651
1186	5.93	-0.0610672037582844	1.04160234378651
1187	5.935	-0.0662258917000145	1.04160234378651
1188	5.94	-0.067515563685447	1.04160234378651
1189	5.945	-0.072674251627177	1.04160234378651
1190	5.95	-0.070094907656312	1.04031267180108
1191	5.955	-0.072674251627177	1.04031267180108
1192	5.96	-0.0713845796417445	1.04031267180108
1193	5.965	-0.077832939568907	1.04031267180108
1194	5.97	-0.0765432675834745	1.04031267180108
1195	5.975	-0.075253595598042	1.04031267180108
1196	5.98	-0.0739639236126095	1.04031267180108
1197	5.985	-0.0791226115543395	1.03902299981564
1198	5.99	-0.0791226115543395	1.03902299981564
1199	5.995	-0.080412283539772	1.03902299981564
1200	6	-0.0817019555252045	1.03902299981564
1201	6.005	-0.0842812994960696	1.03902299981564
1202	6.01	-0.0868606434669346	1.03902299981564
1203	6.015	-0.0842812994960696	1.03902299981564
1204	6.02	-0.0855709714815021	1.03773332783021
1205	6.025	-0.0933090033940971	1.03773332783021
1206	6.03	-0.0907296594232321	1.03773332783021
1207	6.035	-0.0920193314086646	1.03773332783021
1208	6.04	-0.0907296594232321	1.03773332783021
1209	6.045	-0.0971780193503946	1.03773332783021
1210	6.05	-0.0984676913358271	1.03644365584478
1211	6.055	-0.0971780193503946	1.03773332783021
1212	6.06	-0.0958883473649621	1.03644365584478
1213	6.065	-0.103626379277557	1.03644365584478
1214	6.07	-0.102336707292125	1.03644365584478
1215	6.075	-0.0997573633212596	1.03644365584478
1216	6.08	-0.106205723248422	1.03644365584478
1217	6.085	-0.103626379277557	1.03644365584478
1218	6.09	-0.106205723248422	1.03515398385935
1219	6.095	-0.10491605126299	1.03515398385935
1220	6.1	-0.103626379277557	1.03515398385935
1221	6.105	-0.107495395233855	1.03515398385935
1222	6.11	-0.108785067219287	1.03515398385935
1223	6.115	-0.10491605126299	1.03515398385935
1224	6.12	-0.103626379277557	1.03515398385935
1225	6.125	-0.106205723248422	1.03386431187391
1226	6.13	-0.103626379277557	1.03386431187391
1227	6.135	-0.102336707292125	1.03386431187391
1228	6.14	-0.107495395233855	1.03386431187391
1229	6.145	-0.107495395233855	1.03386431187391
1230	6.15	-0.106205723248422	1.03386431187391
1231	6.155	-0.106205723248422	1.03386431187391
1232	6.16	-0.107495395233855	1.03386431187391
1233	6.165	-0.106205723248422	1.03386431187391
1234	6.17	-0.107495395233855	1.03257463988848
1235	6.175	-0.107495395233855	1.03257463988848
1236	6.18	-0.106205723248422	1.03257463988848
1237	6.185	-0.108785067219287	1.03257463988848
1238	6.19	-0.108785067219287	1.03257463988848
1239	6.195	-0.108785067219287	1.03257463988848
1240	6.2	-0.111364411190152	1.03257463988848
1241	6.205	-0.108785067219287	1.03257463988848
1242	6.21	-0.108785067219287	1.03128496790305
1243	6.215	-0.107495395233855	1.03128496790305
1244	6.22	-0.107495395233855	1.03128496790305
1245	6.225	-0.111364411190152	1.03128496790305
1246	6.23	-0.108785067219287	1.03128496790305
1247	6.235	-0.106205723248422	1.02999529591762
1248	6.24	-0.107495395233855	1.03128496790305
1249	6.245	-0.107495395233855	1.02999529591762
1250	6.25	-0.111364411190152	1.02999529591762
1251	6.255	-0.107495395233855	1.03128496790305
1252	6.26	-0.106205723248422	1.02999529591762
1253	6.265	-0.106205723248422	1.02999529591762
1254	6.27	-0.107495395233855	1.02999529591762
1255	6.275	-0.10491605126299	1.02870562393218
1256	6.28	-0.10491605126299	1.02999529591762
1257	6.285	-0.103626379277557	1.02870562393218
1258	6.29	-0.10491605126299	1.02870562393218
1259	6.295	-0.101047035306692	1.02870562393218
1260	6.3	-0.102336707292125	1.02870562393218
1261	6.305	-0.10491605126299	1.02870562393218
1262	6.31	-0.0997573633212596	1.02870562393218
1263	6.315	-0.0984676913358271	1.02870562393218
1264	6.32	-0.0958883473649621	1.02741595194675
1265	6.325	-0.0958883473649621	1.02870562393218
1266	6.33	-0.0945986753795296	1.02870562393218
1267	6.335	-0.0933090033940971	1.02741595194675
1268	6.34	-0.0920193314086646	1.02741595194675
1269	6.345	-0.0920193314086646	1.02741595194675
1270	6.35	-0.0920193314086646	1.02741595194675
1271	6.355	-0.0868606434669346	1.02741595194675
1272	6.36	-0.0907296594232321	1.02612627996132
1273	6.365	-0.0907296594232321	1.02612627996132
1274	6.37	-0.0907296594232321	1.02612627996132
1275	6.375	-0.0842812994960696	1.02612627996132
1276	6.38	-0.0842812994960696	1.02612627996132
1277	6.385	-0.0881503154523671	1.02612627996132
1278	6.39	-0.0855709714815021	1.02483660797589
1279	6.395	-0.0855709714815021	1.02612627996132
1280	6.4	-0.0842812994960696	1.02483660797589
1281	6.405	-0.0842812994960696	1.02483660797589
1282	6.41	-0.0842812994960696	1.02483660797589
1283	6.415	-0.0817019555252045	1.02483660797589
1284	6.42	-0.0817019555252045	1.02483660797589
1285	6.425	-0.082991627510637	1.02483660797589
1286	6.43	-0.0791226115543395	1.02354693599045
1287	6.435	-0.077832939568907	1.02354693599045
1288	6.44	-0.077832939568907	1.02354693599045
1289	6.445	-0.0791226115543395	1.02354693599045
1290	6.45	-0.077832939568907	1.02354693599045
1291	6.455	-0.0739639236126095	1.02354693599045
1292	6.46	-0.072674251627177	1.02354693599045
1293	6.465	-0.072674251627177	1.02225726400502
1294	6.47	-0.070094907656312	1.02354693599045
1295	6.475	-0.0688052356708795	1.02354693599045
1296	6.48	-0.0662258917000145	1.02225726400502
1297	6.485	-0.070094907656312	1.02225726400502
1298	6.49	-0.0662258917000145	1.02225726400502
1299	6.495	-0.064936219714582	1.02225726400502
1300	6.5	-0.0662258917000145	1.02225726400502
1301	6.505	-0.064936219714582	1.02225726400502
1302	6.51	-0.064936219714582	1.02225726400502
1303	6.515	-0.0610672037582844	1.02225726400502
1304	6.52	-0.0610672037582844	1.02096759201959
1305	6.525	-0.062356875743717	1.02096759201959
1306	6.53	-0.062356875743717	1.02096759201959
1307	6.535	-0.0610672037582844	1.02096759201959
1308	6.54	-0.0597775317728519	1.02096759201959
1309	6.545	-0.0610672037582844	1.01967792003416
1310	6.55	-0.0610672037582844	1.02096759201959
1311	6.555	-0.0584878597874194	1.02096759201959
1312	6.56	-0.0584878597874194	1.02096759201959
1313	6.565	-0.0597775317728519	1.01967792003416
1314	6.57	-0.0584878597874194	1.01967792003416
1315	6.575	-0.0546188438311219	1.01967792003416
1316	6.58	-0.0533291718456894	1.01967792003416
1317	6.585	-0.0559085158165544	1.01967792003416
1318	6.59	-0.0559085158165544	1.01967792003416
1319	6.595	-0.0533291718456894	1.01967792003416
1320	6.6	-0.0533291718456894	1.01838824804872
1321	6.605	-0.0533291718456894	1.01838824804872
1322	6.61	-0.0546188438311219	1.01838824804872
1323	6.615	-0.0533291718456894	1.01838824804872
1324	6.62	-0.0533291718456894	1.01838824804872
1325	6.625	-0.0520394998602569	1.01838824804872
1326	6.63	-0.0546188438311219	1.01838824804872
1327	6.635	-0.0546188438311219	1.01838824804872
1328	6.64	-0.0559085158165544	1.01838824804872
1329	6.645	-0.0546188438311219	1.01838824804872
1330	6.65	-0.0533291718456894	1.01709857606329
1331	6.655	-0.0546188438311219	1.01838824804872
1332	6.66	-0.0546188438311219	1.01709857606329
1333	6.665	-0.0546188438311219	1.01709857606329
1334	6.67	-0.0559085158165544	1.01709857606329
1335	6.675	-0.0546188438311219	1.01709857606329
1336	6.68	-0.0546188438311219	1.01709857606329
1337	6.685	-0.0559085158165544	1.01709857606329
1338	6.69	-0.0559085158165544	1.01709857606329
1339	6.695	-0.0559085158165544	1.01580890407786
1340	6.7	-0.0597775317728519	1.01709857606329
1341	6.705	-0.0597775317728519	1.01580890407786
1342	6.71	-0.0597775317728519	1.01580890407786
1343	6.715	-0.0597775317728519	1.01580890407786
1344	6.72	-0.0584878597874194	1.01580890407786
1345	6.725	-0.0584878597874194	1.01580890407786
1346	6.73	-0.0597775317728519	1.01451923209243
1347	6.735	-0.0584878597874194	1.01451923209243
1348	6.74	-0.0597775317728519	1.01451923209243
1349	6.745	-0.062356875743717	1.01451923209243
1350	6.75	-0.0636465477291495	1.01451923209243
1351	6.755	-0.064936219714582	1.01451923209243
1352	6.76	-0.0636465477291495	1.01322956010699
1353	6.765	-0.0636465477291495	1.01451923209243
1354	6.77	-0.0662258917000145	1.01451923209243
1355	6.775	-0.064936219714582	1.01451923209243
1356	6.78	-0.0636465477291495	1.01451923209243
1357	6.785	-0.067515563685447	1.01322956010699
1358	6.79	-0.067515563685447	1.01451923209243
1359	6.795	-0.0662258917000145	1.01451923209243
1360	6.8	-0.067515563685447	1.01322956010699
1361	6.805	-0.067515563685447	1.01322956010699
1362	6.81	-0.0688052356708795	1.01322956010699
1363	6.815	-0.070094907656312	1.01322956010699
1364	6.82	-0.070094907656312	1.01322956010699
1365	6.825	-0.072674251627177	1.01322956010699
1366	6.83	-0.072674251627177	1.01193988812156
1367	6.835	-0.072674251627177	1.01193988812156
1368	6.84	-0.0713845796417445	1.01193988812156
1369	6.845	-0.077832939568907	1.01193988812156
1370	6.85	-0.072674251627177	1.01193988812156
1371	6.855	-0.075253595598042	1.01193988812156
1372	6.86	-0.0765432675834745	1.01193988812156
1373	6.865	-0.080412283539772	1.01193988812156
1374	6.87	-0.0791226115543395	1.01065021613613
1375	6.875	-0.0791226115543395	1.01193988812156
1376	6.88	-0.080412283539772	1.01193988812156
1377	6.885	-0.080412283539772	1.01065021613613
1378	6.89	-0.082991627510637	1.01065021613613
1379	6.895	-0.080412283539772	1.01065021613613
1380	6.9	-0.0817019555252045	1.01065021613613
1381	6.905	-0.0842812994960696	1.01065021613613
1382	6.91	-0.0842812994960696	1.01065021613613
1383	6.915	-0.080412283539772	1.01065021613613
1384	6.92	-0.0842812994960696	1.01065021613613
1385	6.925	-0.0868606434669346	1.01065021613613
1386	6.93	-0.0881503154523671	1.01065021613613
1387	6.935	-0.0855709714815021	1.01065021613613
1388	6.94	-0.0855709714815021	1.0093605441507
1389	6.945	-0.0920193314086646	1.0093605441507
1390	6.95	-0.0907296594232321	1.0093605441507
1391	6.955	-0.0894399874377996	1.0093605441507
1392	6.96	-0.0933090033940971	1.0093605441507
1393	6.965	-0.0894399874377996	1.0093605441507
1394	6.97	-0.0907296594232321	1.0093605441507
1395	6.975	-0.0894399874377996	1.00807087216526
1396	6.98	-0.0920193314086646	1.0093605441507
1397	6.985	-0.0971780193503946	1.00807087216526
1398	6.99	-0.0971780193503946	1.00807087216526
1399	6.995	-0.0958883473649621	1.00807087216526
1400	7	-0.0945986753795296	1.00807087216526
1401	7.005	-0.0971780193503946	1.00807087216526
1402	7.01	-0.0971780193503946	1.00807087216526
1403	7.015	-0.0958883473649621	1.00678120017983
1404	7.02	-0.0971780193503946	1.00678120017983
1405	7.025	-0.101047035306692	1.00678120017983
1406	7.03	-0.0984676913358271	1.00678120017983
1407	7.035	-0.0984676913358271	1.00678120017983
1408	7.04	-0.0971780193503946	1.0054915281944
1409	7.045	-0.101047035306692	1.00678120017983
1410	7.05	-0.0958883473649621	1.0054915281944
1411	7.055	-0.0958883473649621	1.00678120017983
1412	7.06	-0.0971780193503946	1.00678120017983
1413	7.065	-0.101047035306692	1.0054915281944
1414	7.07	-0.101047035306692	1.0054915281944
1415	7.075	-0.0997573633212596	1.0054915281944
1416	7.08	-0.101047035306692	1.0054915281944
1417	7.085	-0.10491605126299	1.0054915281944
1418	7.09	-0.103626379277557	1.0054915281944
1419	7.095	-0.101047035306692	1.0054915281944
1420	7.1	-0.102336707292125	1.0054915281944
1421	7.105	-0.107495395233855	1.0054915281944
1422	7.11	-0.10491605126299	1.0054915281944
1423	7.115	-0.10491605126299	1.0054915281944
1424	7.12	-0.102336707292125	1.00420185620897
1425	7.125	-0.106205723248422	1.00420185620897
1426	7.13	-0.108785067219287	1.00420185620897
1427	7.135	-0.10491605126299	1.00420185620897
1428	7.14	-0.102336707292125	1.00420185620897
1429	7.145	-0.106205723248422	1.00420185620897
1430	7.15	-0.106205723248422	1.00420185620897
1431	7.155	-0.101047035306692	1.00420185620897
1432	7.16	-0.103626379277557	1.00420185620897
1433	7.165	-0.103626379277557	1.00291218422353
1434	7.17	-0.10491605126299	1.00420185620897
1435	7.175	-0.103626379277557	1.00291218422353
1436	7.18	-0.103626379277557	1.00420185620897
1437	7.185	-0.11007473920472	1.00291218422353
1438	7.19	-0.106205723248422	1.00291218422353
1439	7.195	-0.10491605126299	1.00291218422353
1440	7.2	-0.106205723248422	1.00291218422353
1441	7.205	-0.101047035306692	1.00291218422353
1442	7.21	-0.10491605126299	1.00291218422353
1443	7.215	-0.10491605126299	1.00291218422353
1444	7.22	-0.103626379277557	1.00291218422353
1445	7.225	-0.106205723248422	1.00291218422353
1446	7.23	-0.102336707292125	1.0016225122381
1447	7.235	-0.102336707292125	1.00291218422353
1448	7.24	-0.103626379277557	1.0016225122381
1449	7.245	-0.0997573633212596	1.0016225122381
1450	7.25	-0.101047035306692	1.00033284025267
1451	7.255	-0.0971780193503946	1.0016225122381
1452	7.26	-0.0997573633212596	1.00033284025267
1453	7.265	-0.0971780193503946	1.0016225122381
1454	7.27	-0.0971780193503946	1.0016225122381
1455	7.275	-0.0933090033940971	1.00033284025267
1456	7.28	-0.0933090033940971	1.00033284025267
1457	7.285	-0.0945986753795296	1.00033284025267
1458	7.29	-0.0920193314086646	0.999043168267235
1459	7.295	-0.0907296594232321	1.00033284025267
1460	7.3	-0.0894399874377996	1.00033284025267
1461	7.305	-0.0907296594232321	1.00033284025267
1462	7.31	-0.0881503154523671	0.999043168267235
1463	7.315	-0.0842812994960696	0.999043168267235
1464	7.32	-0.0855709714815021	0.999043168267235
1465	7.325	-0.0881503154523671	0.999043168267235
1466	7.33	-0.0855709714815021	0.999043168267235
1467	7.335	-0.080412283539772	0.999043168267235
1468	7.34	-0.080412283539772	0.999043168267235
1469	7.345	-0.0842812994960696	0.997753496281803
1470	7.35	-0.080412283539772	0.999043168267235
1471	7.355	-0.0791226115543395	0.997753496281803
1472	7.36	-0.0791226115543395	0.999043168267235
1473	7.365	-0.080412283539772	0.997753496281803
1474	7.37	-0.080412283539772	0.997753496281803
1475	7.375	-0.0765432675834745	0.997753496281803
1476	7.38	-0.0739639236126095	0.997753496281803
1477	7.385	-0.072674251627177	0.997753496281803
1478	7.39	-0.070094907656312	0.99646382429637
1479	7.395	-0.067515563685447	0.997753496281803
1480	7.4	-0.0662258917000145	0.99646382429637
1481	7.405	-0.067515563685447	0.99646382429637
1482	7.41	-0.0662258917000145	0.99646382429637
1483	7.415	-0.0610672037582844	0.99646382429637
1484	7.42	-0.062356875743717	0.99646382429637
1485	7.425	-0.0610672037582844	0.99646382429637
1486	7.43	-0.0610672037582844	0.99646382429637
1487	7.435	-0.0610672037582844	0.995174152310938
1488	7.44	-0.0571981878019869	0.995174152310938
1489	7.445	-0.0584878597874194	0.995174152310938
1490	7.45	-0.0571981878019869	0.995174152310938
1491	7.455	-0.0571981878019869	0.995174152310938
1492	7.46	-0.0559085158165544	0.995174152310938
1493	7.465	-0.0584878597874194	0.993884480325505
1494	7.47	-0.0571981878019869	0.995174152310938
1495	7.475	-0.0546188438311219	0.995174152310938
1496	7.48	-0.0546188438311219	0.995174152310938
1497	7.485	-0.0559085158165544	0.995174152310938
1498	7.49	-0.0571981878019869	0.993884480325505
1499	7.495	-0.0546188438311219	0.993884480325505
1500	7.5	-0.0546188438311219	0.993884480325505
1501	7.505	-0.0546188438311219	0.993884480325505
1502	7.51	-0.0546188438311219	0.993884480325505
1503	7.515	-0.0546188438311219	0.993884480325505
1504	7.52	-0.0533291718456894	0.993884480325505
1505	7.525	-0.0571981878019869	0.992594808340073
1506	7.53	-0.0559085158165544	0.992594808340073
1507	7.535	-0.0533291718456894	0.992594808340073
1508	7.54	-0.0520394998602569	0.992594808340073
1509	7.545	-0.0533291718456894	0.992594808340073
1510	7.55	-0.0559085158165544	0.992594808340073
1511	7.555	-0.0533291718456894	0.99130513635464
1512	7.56	-0.0507498278748244	0.992594808340073
1513	7.565	-0.0533291718456894	0.992594808340073
1514	7.57	-0.0520394998602569	0.99130513635464
1515	7.575	-0.0546188438311219	0.99130513635464
1516	7.58	-0.0494601558893919	0.99130513635464
1517	7.585	-0.0546188438311219	0.99130513635464
1518	7.59	-0.0559085158165544	0.99130513635464
1519	7.595	-0.0533291718456894	0.99130513635464
1520	7.6	-0.0546188438311219	0.99130513635464
1521	7.605	-0.0533291718456894	0.990015464369208
1522	7.61	-0.0533291718456894	0.990015464369208
1523	7.615	-0.0520394998602569	0.990015464369208
1524	7.62	-0.0507498278748244	0.990015464369208
1525	7.625	-0.0546188438311219	0.990015464369208
1526	7.63	-0.0533291718456894	0.990015464369208
1527	7.635	-0.0507498278748244	0.988725792383775
1528	7.64	-0.0481704839039594	0.990015464369208
1529	7.645	-0.0507498278748244	0.988725792383775
1530	7.65	-0.0520394998602569	0.988725792383775
1531	7.655	-0.0494601558893919	0.988725792383775
1532	7.66	-0.0481704839039594	0.988725792383775
1533	7.665	-0.0507498278748244	0.988725792383775
1534	7.67	-0.0481704839039594	0.987436120398343
1535	7.675	-0.0468808119185269	0.988725792383775
1536	7.68	-0.0481704839039594	0.987436120398343
1537	7.685	-0.0494601558893919	0.987436120398343
1538	7.69	-0.0468808119185269	0.987436120398343
1539	7.695	-0.0494601558893919	0.987436120398343
1540	7.7	-0.0481704839039594	0.987436120398343
1541	7.705	-0.0481704839039594	0.98614644841291
1542	7.71	-0.0468808119185269	0.98614644841291
1543	7.715	-0.0468808119185269	0.987436120398343
1544	7.72	-0.0468808119185269	0.987436120398343
1545	7.725	-0.0481704839039594	0.987436120398343
1546	7.73	-0.0494601558893919	0.98614644841291
1547	7.735	-0.0455911399330944	0.98614644841291
1548	7.74	-0.0468808119185269	0.98614644841291
1549	7.745	-0.0468808119185269	0.984856776427478
1550	7.75	-0.0468808119185269	0.984856776427478
1551	7.755	-0.0443014679476619	0.984856776427478
1552	7.76	-0.0430117959622294	0.984856776427478
1553	7.765	-0.0481704839039594	0.984856776427478
1554	7.77	-0.0481704839039594	0.984856776427478
1555	7.775	-0.0430117959622294	0.984856776427478
1556	7.78	-0.0443014679476619	0.984856776427478
1557	7.785	-0.0468808119185269	0.984856776427478
1558	7.79	-0.0455911399330944	0.983567104442045
1559	7.795	-0.0443014679476619	0.984856776427478
1560	7.8	-0.0455911399330944	0.983567104442045
1561	7.805	-0.0468808119185269	0.983567104442045
1562	7.81	-0.0455911399330944	0.983567104442045
1563	7.815	-0.0443014679476619	0.983567104442045
1564	7.82	-0.0455911399330944	0.983567104442045
1565	7.825	-0.0468808119185269	0.983567104442045
1566	7.83	-0.0455911399330944	0.983567104442045
1567	7.835	-0.0455911399330944	0.983567104442045
1568	7.84	-0.0443014679476619	0.983567104442045
1569	7.845	-0.0455911399330944	0.982277432456613
1570	7.85	-0.0455911399330944	0.982277432456613
1571	7.855	-0.0455911399330944	0.982277432456613
1572	7.86	-0.0443014679476619	0.982277432456613
1573	7.865	-0.0443014679476619	0.982277432456613
1574	7.87	-0.0455911399330944	0.982277432456613
1575	7.875	-0.0417221239767969	0.982277432456613
1576	7.88	-0.0455911399330944	0.98098776047118
1577	7.885	-0.0455911399330944	0.98098776047118
1578	7.89	-0.0468808119185269	0.98098776047118
1579	7.895	-0.0455911399330944	0.98098776047118
1580	7.9	-0.0455911399330944	0.98098776047118
1581	7.905	-0.0455911399330944	0.98098776047118
1582	7.91	-0.0468808119185269	0.98098776047118
1583	7.915	-0.0455911399330944	0.98098776047118
1584	7.92	-0.0455911399330944	0.98098776047118
1585	7.925	-0.0481704839039594	0.979698088485748
1586	7.93	-0.0494601558893919	0.98098776047118
1587	7.935	-0.0455911399330944	0.98098776047118
1588	7.94	-0.0443014679476619	0.979698088485748
1589	7.945	-0.0468808119185269	0.979698088485748
1590	7.95	-0.0494601558893919	0.979698088485748
1591	7.955	-0.0481704839039594	0.979698088485748
1592	7.96	-0.0507498278748244	0.979698088485748
1593	7.965	-0.0546188438311219	0.978408416500315
1594	7.97	-0.0533291718456894	0.978408416500315
1595	7.975	-0.0520394998602569	0.979698088485748
1596	7.98	-0.0507498278748244	0.978408416500315
1597	7.985	-0.0559085158165544	0.978408416500315
1598	7.99	-0.0559085158165544	0.978408416500315
1599	7.995	-0.0559085158165544	0.978408416500315
1600	8	-0.0559085158165544	0.977118744514883
1601	8.005	-0.0584878597874194	0.978408416500315
1602	8.01	-0.0584878597874194	0.978408416500315
1603	8.015	-0.0597775317728519	0.977118744514883
1604	8.02	-0.0571981878019869	0.977118744514883
1605	8.025	-0.0610672037582844	0.977118744514883
1606	8.03	-0.0597775317728519	0.977118744514883
1607	8.035	-0.0597775317728519	0.977118744514883
1608	8.04	-0.0571981878019869	0.977118744514883
1609	8.045	-0.0610672037582844	0.977118744514883
1610	8.05	-0.0610672037582844	0.97582907252945
1611	8.055	-0.0597775317728519	0.977118744514883
1612	8.06	-0.0584878597874194	0.97582907252945
1613	8.065	-0.0636465477291495	0.97582907252945
1614	8.07	-0.0610672037582844	0.97582907252945
1615	8.075	-0.0559085158165544	0.97582907252945
1616	8.08	-0.0584878597874194	0.97582907252945
1617	8.085	-0.0610672037582844	0.974539400544018
1618	8.09	-0.0597775317728519	0.97582907252945
1619	8.095	-0.0571981878019869	0.974539400544018
1620	8.1	-0.0584878597874194	0.974539400544018
1621	8.105	-0.0610672037582844	0.974539400544018
1622	8.11	-0.0610672037582844	0.974539400544018
1623	8.115	-0.0559085158165544	0.974539400544018
1624	8.12	-0.0546188438311219	0.974539400544018
1625	8.125	-0.0584878597874194	0.973249728558585
1626	8.13	-0.0559085158165544	0.973249728558585
1627	8.135	-0.0559085158165544	0.973249728558585
1628	8.14	-0.0546188438311219	0.973249728558585
1629	8.145	-0.0559085158165544	0.973249728558585
1630	8.15	-0.0571981878019869	0.973249728558585
1631	8.155	-0.0533291718456894	0.973249728558585
1632	8.16	-0.0533291718456894	0.973249728558585
1633	8.165	-0.0546188438311219	0.971960056573153
1634	8.17	-0.0546188438311219	0.971960056573153
1635	8.175	-0.0520394998602569	0.971960056573153
1636	8.18	-0.0520394998602569	0.971960056573153
1637	8.185	-0.0546188438311219	0.97067038458772
1638	8.19	-0.0533291718456894	0.97067038458772
1639	8.195	-0.0507498278748244	0.97067038458772
1640	8.2	-0.0520394998602569	0.97067038458772
1641	8.205	-0.0507498278748244	0.97067038458772
1642	8.21	-0.0520394998602569	0.97067038458772
1643	8.215	-0.0507498278748244	0.97067038458772
1644	8.22	-0.0481704839039594	0.969380712602288
1645	8.225	-0.0494601558893919	0.969380712602288
1646	8.23	-0.0494601558893919	0.969380712602288
1647	8.235	-0.0494601558893919	0.969380712602288
1648	8.24	-0.0481704839039594	0.969380712602288
1649	8.245	-0.0481704839039594	0.969380712602288
1650	8.25	-0.0494601558893919	0.968091040616855
1651	8.255	-0.0481704839039594	0.969380712602288
1652	8.26	-0.0481704839039594	0.968091040616855
1653	8.265	-0.0520394998602569	0.968091040616855
1654	8.27	-0.0520394998602569	0.968091040616855
1655	8.275	-0.0494601558893919	0.968091040616855
1656	8.28	-0.0520394998602569	0.968091040616855
1657	8.285	-0.0546188438311219	0.968091040616855
1658	8.29	-0.0533291718456894	0.966801368631423
1659	8.295	-0.0533291718456894	0.966801368631423
1660	8.3	-0.0546188438311219	0.966801368631423
1661	8.305	-0.0571981878019869	0.966801368631423
1662	8.31	-0.0584878597874194	0.966801368631423
1663	8.315	-0.0546188438311219	0.966801368631423
1664	8.32	-0.0559085158165544	0.96551169664599
1665	8.325	-0.0597775317728519	0.96551169664599
1666	8.33	-0.0584878597874194	0.96551169664599
1667	8.335	-0.0584878597874194	0.96551169664599
1668	8.34	-0.0610672037582844	0.96551169664599
1669	8.345	-0.0636465477291495	0.964222024660558
1670	8.35	-0.064936219714582	0.96551169664599
1671	8.355	-0.064936219714582	0.96551169664599
1672	8.36	-0.064936219714582	0.964222024660558
1673	8.365	-0.067515563685447	0.964222024660558
1674	8.37	-0.072674251627177	0.964222024660558
1675	8.375	-0.0713845796417445	0.964222024660558
1676	8.38	-0.072674251627177	0.964222024660558
1677	8.385	-0.0765432675834745	0.962932352675125
1678	8.39	-0.077832939568907	0.962932352675125
1679	8.395	-0.0765432675834745	0.962932352675125
1680	8.4	-0.077832939568907	0.964222024660558
1681	8.405	-0.080412283539772	0.962932352675125
1682	8.41	-0.0791226115543395	0.961642680689692
1683	8.415	-0.080412283539772	0.962932352675125
1684	8.42	-0.080412283539772	0.961642680689692
1685	8.425	-0.0842812994960696	0.962932352675125
1686	8.43	-0.0791226115543395	0.962932352675125
1687	8.435	-0.080412283539772	0.961642680689692
1688	8.44	-0.080412283539772	0.961642680689692
1689	8.445	-0.082991627510637	0.961642680689692
1690	8.45	-0.0855709714815021	0.961642680689692
1691	8.455	-0.0842812994960696	0.961642680689692
1692	8.46	-0.082991627510637	0.961642680689692
1693	8.465	-0.0817019555252045	0.96035300870426
1694	8.47	-0.0842812994960696	0.96035300870426
1695	8.475	-0.082991627510637	0.96035300870426
1696	8.48	-0.082991627510637	0.96035300870426
1697	8.485	-0.0894399874377996	0.96035300870426
1698	8.49	-0.0894399874377996	0.96035300870426
1699	8.495	-0.0868606434669346	0.96035300870426
1700	8.5	-0.0894399874377996	0.959063336718827
1701	8.505	-0.0920193314086646	0.959063336718827
1702	8.51	-0.0907296594232321	0.959063336718827
1703	8.515	-0.0881503154523671	0.959063336718827
1704	8.52	-0.0907296594232321	0.959063336718827
1705	8.525	-0.0971780193503946	0.959063336718827
1706	8.53	-0.0945986753795296	0.959063336718827
1707	8.535	-0.0920193314086646	0.959063336718827
1708	8.54	-0.0920193314086646	0.959063336718827
1709	8.545	-0.0920193314086646	0.959063336718827
1710	8.55	-0.0945986753795296	0.957773664733395
1711	8.555	-0.0945986753795296	0.957773664733395
1712	8.56	-0.0920193314086646	0.957773664733395
1713	8.565	-0.0971780193503946	0.957773664733395
1714	8.57	-0.0971780193503946	0.957773664733395
1715	8.575	-0.0984676913358271	0.957773664733395
1716	8.58	-0.0945986753795296	0.957773664733395
1717	8.585	-0.0958883473649621	0.957773664733395
1718	8.59	-0.0997573633212596	0.956483992747962
1719	8.595	-0.0971780193503946	0.957773664733395
1720	8.6	-0.0971780193503946	0.957773664733395
1721	8.605	-0.0984676913358271	0.957773664733395
1722	8.61	-0.0997573633212596	0.956483992747962
1723	8.615	-0.0971780193503946	0.956483992747962
1724	8.62	-0.0933090033940971	0.956483992747962
1725	8.625	-0.102336707292125	0.956483992747962
1726	8.63	-0.103626379277557	0.956483992747962
1727	8.635	-0.0997573633212596	0.956483992747962
1728	8.64	-0.103626379277557	0.956483992747962
1729	8.645	-0.101047035306692	0.95519432076253
1730	8.65	-0.102336707292125	0.95519432076253
1731	8.655	-0.10491605126299	0.95519432076253
1732	8.66	-0.103626379277557	0.956483992747962
1733	8.665	-0.107495395233855	0.95519432076253
1734	8.67	-0.103626379277557	0.95519432076253
1735	8.675	-0.102336707292125	0.95519432076253
1736	8.68	-0.102336707292125	0.95519432076253
1737	8.685	-0.102336707292125	0.95519432076253
1738	8.69	-0.10491605126299	0.953904648777097
1739	8.695	-0.102336707292125	0.953904648777097
1740	8.7	-0.103626379277557	0.953904648777097
1741	8.705	-0.106205723248422	0.953904648777097
1742	8.71	-0.107495395233855	0.953904648777097
1743	8.715	-0.101047035306692	0.953904648777097
1744	8.72	-0.103626379277557	0.953904648777097
1745	8.725	-0.106205723248422	0.953904648777097
1746	8.73	-0.101047035306692	0.952614976791665
1747	8.735	-0.102336707292125	0.953904648777097
1748	8.74	-0.0997573633212596	0.953904648777097
1749	8.745	-0.103626379277557	0.952614976791665
1750	8.75	-0.0997573633212596	0.952614976791665
1751	8.755	-0.0997573633212596	0.952614976791665
1752	8.76	-0.0933090033940971	0.952614976791665
1753	8.765	-0.0933090033940971	0.952614976791665
1754	8.77	-0.0945986753795296	0.952614976791665
1755	8.775	-0.0907296594232321	0.951325304806232
1756	8.78	-0.0920193314086646	0.951325304806232
1757	8.785	-0.0907296594232321	0.951325304806232
1758	8.79	-0.0920193314086646	0.952614976791665
1759	8.795	-0.0881503154523671	0.951325304806232
1760	8.8	-0.0842812994960696	0.951325304806232
1761	8.805	-0.082991627510637	0.951325304806232
1762	8.81	-0.080412283539772	0.9500356328208
1763	8.815	-0.077832939568907	0.9500356328208
1764	8.82	-0.072674251627177	0.9500356328208
1765	8.825	-0.075253595598042	0.9500356328208
1766	8.83	-0.072674251627177	0.9500356328208
1767	8.835	-0.0688052356708795	0.9500356328208
1768	8.84	-0.070094907656312	0.9500356328208
1769	8.845	-0.067515563685447	0.948745960835367
1770	8.85	-0.0688052356708795	0.948745960835367
1771	8.855	-0.0636465477291495	0.948745960835367
1772	8.86	-0.0610672037582844	0.948745960835367
1773	8.865	-0.062356875743717	0.948745960835367
1774	8.87	-0.0610672037582844	0.948745960835367
1775	8.875	-0.0571981878019869	0.948745960835367
1776	8.88	-0.0571981878019869	0.948745960835367
1777	8.885	-0.0597775317728519	0.948745960835367
1778	8.89	-0.0559085158165544	0.947456288849935
1779	8.895	-0.0546188438311219	0.948745960835367
1780	8.9	-0.0533291718456894	0.947456288849935
1781	8.905	-0.0559085158165544	0.947456288849935
1782	8.91	-0.0546188438311219	0.946166616864502
1783	8.915	-0.0507498278748244	0.946166616864502
1784	8.92	-0.0520394998602569	0.947456288849935
1785	8.925	-0.0507498278748244	0.946166616864502
1786	8.93	-0.0494601558893919	0.946166616864502
1787	8.935	-0.0468808119185269	0.946166616864502
1788	8.94	-0.0481704839039594	0.94487694487907
1789	8.945	-0.0520394998602569	0.946166616864502
1790	8.95	-0.0507498278748244	0.946166616864502
1791	8.955	-0.0468808119185269	0.946166616864502
1792	8.96	-0.0468808119185269	0.94487694487907
1793	8.965	-0.0494601558893919	0.94487694487907
1794	8.97	-0.0481704839039594	0.94487694487907
1795	8.975	-0.0481704839039594	0.94487694487907
1796	8.98	-0.0468808119185269	0.943587272893637
1797	8.985	-0.0507498278748244	0.94487694487907
1798	8.99	-0.0481704839039594	0.943587272893637
1799	8.995	-0.0455911399330944	0.943587272893637
1800	9	-0.0468808119185269	0.943587272893637
1801	9.005	-0.0468808119185269	0.943587272893637
1802	9.01	-0.0481704839039594	0.942297600908205
1803	9.015	-0.0443014679476619	0.943587272893637
1804	9.02	-0.0468808119185269	0.943587272893637
1805	9.025	-0.0468808119185269	0.943587272893637
1806	9.03	-0.0494601558893919	0.942297600908205
1807	9.035	-0.0455911399330944	0.942297600908205
1808	9.04	-0.0468808119185269	0.942297600908205
1809	9.045	-0.0507498278748244	0.942297600908205
1810	9.05	-0.0468808119185269	0.942297600908205
1811	9.055	-0.0468808119185269	0.942297600908205
1812	9.06	-0.0481704839039594	0.942297600908205
1813	9.065	-0.0481704839039594	0.942297600908205
1814	9.07	-0.0468808119185269	0.941007928922772
1815	9.075	-0.0468808119185269	0.942297600908205
1816	9.08	-0.0455911399330944	0.942297600908205
1817	9.085	-0.0507498278748244	0.941007928922772
1818	9.09	-0.0507498278748244	0.941007928922772
1819	9.095	-0.0507498278748244	0.941007928922772
1820	9.1	-0.0507498278748244	0.941007928922772
1821	9.105	-0.0507498278748244	0.941007928922772
1822	9.11	-0.0520394998602569	0.93971825693734
1823	9.115	-0.0507498278748244	0.93971825693734
1824	9.12	-0.0494601558893919	0.93971825693734
1825	9.125	-0.0507498278748244	0.941007928922772
1826	9.13	-0.0520394998602569	0.93971825693734
1827	9.135	-0.0546188438311219	0.93971825693734
1828	9.14	-0.0520394998602569	0.93971825693734
1829	9.145	-0.0546188438311219	0.93971825693734
1830	9.15	-0.0546188438311219	0.93971825693734
1831	9.155	-0.0533291718456894	0.938428584951907
1832	9.16	-0.0546188438311219	0.938428584951907
1833	9.165	-0.0571981878019869	0.938428584951907
1834	9.17	-0.0559085158165544	0.938428584951907
1835	9.175	-0.0559085158165544	0.938428584951907
1836	9.18	-0.0559085158165544	0.938428584951907
1837	9.185	-0.0584878597874194	0.938428584951907
1838	9.19	-0.0597775317728519	0.938428584951907
1839	9.195	-0.0571981878019869	0.938428584951907
1840	9.2	-0.0559085158165544	0.938428584951907
1841	9.205	-0.0636465477291495	0.938428584951907
1842	9.21	-0.062356875743717	0.938428584951907
1843	9.215	-0.0610672037582844	0.937138912966475
1844	9.22	-0.0597775317728519	0.937138912966475
1845	9.225	-0.062356875743717	0.937138912966475
1846	9.23	-0.0636465477291495	0.937138912966475
1847	9.235	-0.062356875743717	0.937138912966475
1848	9.24	-0.062356875743717	0.937138912966475
1849	9.245	-0.0636465477291495	0.937138912966475
1850	9.25	-0.0662258917000145	0.937138912966475
1851	9.255	-0.062356875743717	0.937138912966475
1852	9.26	-0.0636465477291495	0.935849240981042
1853	9.265	-0.0662258917000145	0.935849240981042
1854	9.27	-0.0636465477291495	0.935849240981042
1855	9.275	-0.0662258917000145	0.935849240981042
1856	9.28	-0.0636465477291495	0.935849240981042
1857	9.285	-0.0662258917000145	0.935849240981042
1858	9.29	-0.067515563685447	0.935849240981042
1859	9.295	-0.064936219714582	0.935849240981042
1860	9.3	-0.0662258917000145	0.935849240981042
1861	9.305	-0.0662258917000145	0.935849240981042
1862	9.31	-0.070094907656312	0.935849240981042
1863	9.315	-0.0688052356708795	0.93455956899561
1864	9.32	-0.0662258917000145	0.93455956899561
1865	9.325	-0.0688052356708795	0.93455956899561
1866	9.33	-0.0688052356708795	0.935849240981042
1867	9.335	-0.0662258917000145	0.93455956899561
1868	9.34	-0.0662258917000145	0.93455956899561
1869	9.345	-0.070094907656312	0.93455956899561
1870	9.35	-0.070094907656312	0.93455956899561
1871	9.355	-0.070094907656312	0.93455956899561
1872	9.36	-0.0688052356708795	0.933269897010177
1873	9.365	-0.0713845796417445	0.933269897010177
1874	9.37	-0.0688052356708795	0.93455956899561
1875	9.375	-0.064936219714582	0.933269897010177
1876	9.38	-0.0662258917000145	0.93455956899561
1877	9.385	-0.0688052356708795	0.93455956899561
1878	9.39	-0.070094907656312	0.933269897010177
1879	9.395	-0.067515563685447	0.933269897010177
1880	9.4	-0.0662258917000145	0.933269897010177
1881	9.405	-0.0688052356708795	0.933269897010177
1882	9.41	-0.0662258917000145	0.933269897010177
1883	9.415	-0.0688052356708795	0.933269897010177
1884	9.42	-0.067515563685447	0.933269897010177
1885	9.425	-0.0688052356708795	0.933269897010177
1886	9.43	-0.0688052356708795	0.933269897010177
1887	9.435	-0.064936219714582	0.933269897010177
1888	9.44	-0.067515563685447	0.931980225024745
1889	9.445	-0.0713845796417445	0.931980225024745
1890	9.45	-0.0688052356708795	0.931980225024745
1891	9.455	-0.067515563685447	0.931980225024745
1892	9.46	-0.0636465477291495	0.931980225024745
1893	9.465	-0.070094907656312	0.931980225024745
1894	9.47	-0.070094907656312	0.931980225024745
1895	9.475	-0.0713845796417445	0.931980225024745
1896	9.48	-0.067515563685447	0.931980225024745
1897	9.485	-0.0688052356708795	0.931980225024745
1898	9.49	-0.0688052356708795	0.931980225024745
1899	9.495	-0.067515563685447	0.931980225024745
1900	9.5	-0.067515563685447	0.931980225024745
1901	9.505	-0.0688052356708795	0.931980225024745
1902	9.51	-0.070094907656312	0.930690553039312
1903	9.515	-0.067515563685447	0.931980225024745
1904	9.52	-0.0713845796417445	0.931980225024745
1905	9.525	-0.070094907656312	0.931980225024745
1906	9.53	-0.070094907656312	0.931980225024745
1907	9.535	-0.070094907656312	0.931980225024745
1908	9.54	-0.0713845796417445	0.930690553039312
1909	9.545	-0.075253595598042	0.930690553039312
1910	9.55	-0.0765432675834745	0.930690553039312
1911	9.555	-0.075253595598042	0.930690553039312
1912	9.56	-0.077832939568907	0.930690553039312
1913	9.565	-0.080412283539772	0.930690553039312
1914	9.57	-0.0868606434669346	0.930690553039312
1915	9.575	-0.0842812994960696	0.930690553039312
1916	9.58	-0.0868606434669346	0.930690553039312
1917	9.585	-0.0868606434669346	0.930690553039312
1918	9.59	-0.0907296594232321	0.930690553039312
1919	9.595	-0.0907296594232321	0.930690553039312
1920	9.6	-0.0971780193503946	0.930690553039312
1921	9.605	-0.101047035306692	0.92940088105388
1922	9.61	-0.102336707292125	0.92940088105388
1923	9.615	-0.103626379277557	0.930690553039312
1924	9.62	-0.103626379277557	0.92940088105388
1925	9.625	-0.112654083175585	0.930690553039312
1926	9.63	-0.112654083175585	0.930690553039312
1927	9.635	-0.112654083175585	0.92940088105388
1928	9.64	-0.116523099131882	0.92940088105388
1929	9.645	-0.122971459059045	0.92940088105388
1930	9.65	-0.129419818986207	0.92940088105388
1931	9.655	-0.12555080302991	0.92940088105388
1932	9.66	-0.131999162957072	0.92940088105388
1933	9.665	-0.134578506927937	0.92940088105388
1934	9.67	-0.138447522884235	0.92940088105388
1935	9.675	-0.139737194869667	0.92940088105388
1936	9.68	-0.137157850898802	0.928111209068447
1937	9.685	-0.1410268668551	0.928111209068447
1938	9.69	-0.1410268668551	0.92940088105388
1939	9.695	-0.14618555479683	0.928111209068447
1940	9.7	-0.143606210825965	0.928111209068447
1941	9.705	-0.150054570753127	0.928111209068447
1942	9.71	-0.144895882811397	0.928111209068447
1943	9.715	-0.14618555479683	0.928111209068447
1944	9.72	-0.143606210825965	0.928111209068447
1945	9.725	-0.15134424273856	0.928111209068447
1946	9.73	-0.148764898767695	0.928111209068447
1947	9.735	-0.148764898767695	0.926821537083015
1948	9.74	-0.150054570753127	0.928111209068447
1949	9.745	-0.148764898767695	0.926821537083015
1950	9.75	-0.150054570753127	0.926821537083015
1951	9.755	-0.144895882811397	0.926821537083015
1952	9.76	-0.150054570753127	0.928111209068447
1953	9.765	-0.15134424273856	0.926821537083015
1954	9.77	-0.144895882811397	0.926821537083015
1955	9.775	-0.147475226782262	0.926821537083015
1956	9.78	-0.148764898767695	0.926821537083015
1957	9.785	-0.150054570753127	0.925531865097582
1958	9.79	-0.150054570753127	0.926821537083015
1959	9.795	-0.150054570753127	0.925531865097582
1960	9.8	-0.150054570753127	0.925531865097582
1961	9.805	-0.153923586709425	0.926821537083015
1962	9.81	-0.147475226782262	0.925531865097582
1963	9.815	-0.14618555479683	0.925531865097582
1964	9.82	-0.143606210825965	0.925531865097582
1965	9.825	-0.147475226782262	0.925531865097582
1966	9.83	-0.147475226782262	0.925531865097582
1967	9.835	-0.144895882811397	0.925531865097582
1968	9.84	-0.144895882811397	0.925531865097582
1969	9.845	-0.143606210825965	0.92424219311215
1970	9.85	-0.142316538840532	0.925531865097582
1971	9.855	-0.134578506927937	0.925531865097582
1972	9.86	-0.138447522884235	0.925531865097582
1973	9.865	-0.134578506927937	0.925531865097582
1974	9.87	-0.137157850898802	0.92424219311215
1975	9.875	-0.13586817891337	0.925531865097582
1976	9.88	-0.13586817891337	0.92424219311215
1977	9.885	-0.131999162957072	0.92424219311215
1978	9.89	-0.13070949097164	0.92424219311215
1979	9.895	-0.133288834942505	0.92424219311215
1980	9.9	-0.131999162957072	0.92424219311215
1981	9.905	-0.129419818986207	0.92424219311215
1982	9.91	-0.129419818986207	0.92424219311215
1983	9.915	-0.129419818986207	0.922952521126717
1984	9.92	-0.129419818986207	0.922952521126717
1985	9.925	-0.126840475015342	0.922952521126717
1986	9.93	-0.12555080302991	0.922952521126717
1987	9.935	-0.12555080302991	0.922952521126717
1988	9.94	-0.122971459059045	0.922952521126717
1989	9.945	-0.121681787073612	0.922952521126717
1990	9.95	-0.117812771117315	0.922952521126717
1991	9.955	-0.11523342714645	0.922952521126717
1992	9.96	-0.113943755161017	0.922952521126717
1993	9.965	-0.111364411190152	0.922952521126717
1994	9.97	-0.112654083175585	0.921662849141285
1995	9.975	-0.11007473920472	0.921662849141285
1996	9.98	-0.101047035306692	0.922952521126717
1997	9.985	-0.102336707292125	0.921662849141285
1998	9.99	-0.0971780193503946	0.921662849141285
1999	9.995	-0.0984676913358271	0.921662849141285
2000	10	-0.0958883473649621	0.921662849141285
2001	10.005	-0.0945986753795296	0.921662849141285
2002	10.01	-0.0907296594232321	0.921662849141285
2003	10.015	-0.0907296594232321	0.921662849141285
2004	10.02	-0.0894399874377996	0.920373177155852
2005	10.025	-0.0868606434669346	0.921662849141285
2006	10.03	-0.0881503154523671	0.921662849141285
2007	10.035	-0.0894399874377996	0.921662849141285
2008	10.04	-0.0842812994960696	0.921662849141285
2009	10.045	-0.0855709714815021	0.920373177155852
2010	10.05	-0.0881503154523671	0.920373177155852
2011	10.055	-0.082991627510637	0.920373177155852
2012	10.06	-0.080412283539772	0.920373177155852
2013	10.065	-0.082991627510637	0.920373177155852
2014	10.07	-0.080412283539772	0.920373177155852
2015	10.075	-0.080412283539772	0.920373177155852
2016	10.08	-0.0765432675834745	0.91908350517042
2017	10.085	-0.0791226115543395	0.91908350517042
2018	10.09	-0.0765432675834745	0.920373177155852
2019	10.095	-0.075253595598042	0.91908350517042
2020	10.1	-0.0713845796417445	0.91908350517042
2021	10.105	-0.072674251627177	0.91908350517042
2022	10.11	-0.0739639236126095	0.91908350517042
2023	10.115	-0.072674251627177	0.91908350517042
2024	10.12	-0.0688052356708795	0.91908350517042
2025	10.125	-0.067515563685447	0.91908350517042
2026	10.13	-0.0662258917000145	0.917793833184987
2027	10.135	-0.067515563685447	0.91908350517042
2028	10.14	-0.064936219714582	0.917793833184987
2029	10.145	-0.0636465477291495	0.917793833184987
2030	10.15	-0.064936219714582	0.917793833184987
2031	10.155	-0.0636465477291495	0.917793833184987
2032	10.16	-0.062356875743717	0.917793833184987
2033	10.165	-0.0610672037582844	0.917793833184987
2034	10.17	-0.0597775317728519	0.917793833184987
2035	10.175	-0.0636465477291495	0.917793833184987
2036	10.18	-0.0610672037582844	0.917793833184987
2037	10.185	-0.0636465477291495	0.916504161199555
2038	10.19	-0.062356875743717	0.917793833184987
2039	10.195	-0.062356875743717	0.917793833184987
2040	10.2	-0.0597775317728519	0.916504161199555
2041	10.205	-0.0610672037582844	0.916504161199555
2042	10.21	-0.062356875743717	0.916504161199555
2043	10.215	-0.0584878597874194	0.916504161199555
2044	10.22	-0.0571981878019869	0.916504161199555
2045	10.225	-0.0584878597874194	0.916504161199555
2046	10.23	-0.0610672037582844	0.916504161199555
2047	10.235	-0.0571981878019869	0.915214489214122
2048	10.24	-0.0571981878019869	0.915214489214122
2049	10.245	-0.0610672037582844	0.915214489214122
2050	10.25	-0.0597775317728519	0.915214489214122
2051	10.255	-0.0597775317728519	0.915214489214122
2052	10.26	-0.0571981878019869	0.915214489214122
2053	10.265	-0.062356875743717	0.915214489214122
2054	10.27	-0.0610672037582844	0.915214489214122
2055	10.275	-0.0610672037582844	0.915214489214122
2056	10.28	-0.0571981878019869	0.91392481722869
2057	10.285	-0.062356875743717	0.91392481722869
2058	10.29	-0.0636465477291495	0.915214489214122
2059	10.295	-0.0610672037582844	0.915214489214122
2060	10.3	-0.0571981878019869	0.91392481722869
2061	10.305	-0.062356875743717	0.91392481722869
2062	10.31	-0.0636465477291495	0.91392481722869
2063	10.315	-0.0636465477291495	0.91392481722869
2064	10.32	-0.062356875743717	0.91392481722869
2065	10.325	-0.064936219714582	0.91392481722869
2066	10.33	-0.064936219714582	0.91392481722869
2067	10.335	-0.0597775317728519	0.91392481722869
2068	10.34	-0.062356875743717	0.91392481722869
2069	10.345	-0.0636465477291495	0.91392481722869
2070	10.35	-0.0636465477291495	0.912635145243257
2071	10.355	-0.0662258917000145	0.912635145243257
2072	10.36	-0.0662258917000145	0.91392481722869
2073	10.365	-0.067515563685447	0.912635145243257
2074	10.37	-0.067515563685447	0.912635145243257
2075	10.375	-0.0662258917000145	0.912635145243257
2076	10.38	-0.0688052356708795	0.912635145243257
2077	10.385	-0.0688052356708795	0.911345473257825
2078	10.39	-0.0739639236126095	0.912635145243257
2079	10.395	-0.0713845796417445	0.911345473257825
2080	10.4	-0.070094907656312	0.911345473257825
2081	10.405	-0.075253595598042	0.911345473257825
2082	10.41	-0.0739639236126095	0.911345473257825
2083	10.415	-0.0739639236126095	0.911345473257825
2084	10.42	-0.0739639236126095	0.911345473257825
2085	10.425	-0.0765432675834745	0.911345473257825
2086	10.43	-0.077832939568907	0.911345473257825
2087	10.435	-0.0791226115543395	0.911345473257825
2088	10.44	-0.0765432675834745	0.911345473257825
2089	10.445	-0.0765432675834745	0.911345473257825
2090	10.45	-0.0817019555252045	0.910055801272392
2091	10.455	-0.0817019555252045	0.911345473257825
2092	10.46	-0.0791226115543395	0.910055801272392
2093	10.465	-0.082991627510637	0.910055801272392
2094	10.47	-0.0817019555252045	0.910055801272392
2095	10.475	-0.0817019555252045	0.910055801272392
2096	10.48	-0.082991627510637	0.910055801272392
2097	10.485	-0.0894399874377996	0.910055801272392
2098	10.49	-0.0855709714815021	0.90876612928696
2099	10.495	-0.0868606434669346	0.90876612928696
2100	10.5	-0.0881503154523671	0.910055801272392
2101	10.505	-0.0881503154523671	0.90876612928696
2102	10.51	-0.0933090033940971	0.90876612928696
2103	10.515	-0.0920193314086646	0.90876612928696
2104	10.52	-0.0920193314086646	0.90876612928696
2105	10.525	-0.0984676913358271	0.90876612928696
2106	10.53	-0.0958883473649621	0.90876612928696
2107	10.535	-0.0933090033940971	0.90876612928696
2108	10.54	-0.0945986753795296	0.907476457301527
2109	10.545	-0.0971780193503946	0.907476457301527
2110	10.55	-0.0997573633212596	0.90876612928696
2111	10.555	-0.0984676913358271	0.907476457301527
2112	10.56	-0.0984676913358271	0.907476457301527
2113	10.565	-0.102336707292125	0.907476457301527
2114	10.57	-0.0997573633212596	0.907476457301527
2115	10.575	-0.0984676913358271	0.907476457301527
2116	10.58	-0.0958883473649621	0.907476457301527
2117	10.585	-0.0997573633212596	0.906186785316095
2118	10.59	-0.0971780193503946	0.906186785316095
2119	10.595	-0.0958883473649621	0.907476457301527
2120	10.6	-0.0958883473649621	0.906186785316095
2121	10.605	-0.0971780193503946	0.907476457301527
2122	10.61	-0.0984676913358271	0.907476457301527
2123	10.615	-0.0945986753795296	0.906186785316095
2124	10.62	-0.0933090033940971	0.906186785316095
2125	10.625	-0.0933090033940971	0.906186785316095
2126	10.63	-0.0933090033940971	0.906186785316095
2127	10.635	-0.0920193314086646	0.906186785316095
2128	10.64	-0.0920193314086646	0.904897113330662
2129	10.645	-0.0920193314086646	0.904897113330662
2130	10.65	-0.0894399874377996	0.904897113330662
2131	10.655	-0.0894399874377996	0.904897113330662
2132	10.66	-0.0881503154523671	0.904897113330662
2133	10.665	-0.0881503154523671	0.904897113330662
2134	10.67	-0.0907296594232321	0.90360744134523
2135	10.675	-0.082991627510637	0.904897113330662
2136	10.68	-0.082991627510637	0.904897113330662
2137	10.685	-0.0855709714815021	0.90360744134523
2138	10.69	-0.082991627510637	0.90360744134523
2139	10.695	-0.077832939568907	0.90360744134523
2140	10.7	-0.077832939568907	0.90360744134523
2141	10.705	-0.075253595598042	0.90360744134523
2142	10.71	-0.0739639236126095	0.90360744134523
2143	10.715	-0.0739639236126095	0.90360744134523
2144	10.72	-0.072674251627177	0.90360744134523
2145	10.725	-0.0713845796417445	0.902317769359797
2146	10.73	-0.070094907656312	0.902317769359797
2147	10.735	-0.0688052356708795	0.902317769359797
2148	10.74	-0.0688052356708795	0.902317769359797
2149	10.745	-0.067515563685447	0.902317769359797
2150	10.75	-0.067515563685447	0.902317769359797
2151	10.755	-0.0636465477291495	0.902317769359797
2152	10.76	-0.0636465477291495	0.901028097374365
2153	10.765	-0.062356875743717	0.901028097374365
2154	10.77	-0.0610672037582844	0.901028097374365
2155	10.775	-0.0610672037582844	0.901028097374365
2156	10.78	-0.0584878597874194	0.901028097374365
2157	10.785	-0.0571981878019869	0.901028097374365
2158	10.79	-0.0584878597874194	0.899738425388932
2159	10.795	-0.0559085158165544	0.899738425388932
2160	10.8	-0.0559085158165544	0.901028097374365
2161	10.805	-0.0546188438311219	0.899738425388932
2162	10.81	-0.0559085158165544	0.899738425388932
2163	10.815	-0.0520394998602569	0.899738425388932
2164	10.82	-0.0507498278748244	0.899738425388932
2165	10.825	-0.0520394998602569	0.899738425388932
2166	10.83	-0.0546188438311219	0.899738425388932
2167	10.835	-0.0520394998602569	0.899738425388932
2168	10.84	-0.0507498278748244	0.8984487534035
2169	10.845	-0.0533291718456894	0.8984487534035
2170	10.85	-0.0520394998602569	0.8984487534035
2171	10.855	-0.0507498278748244	0.8984487534035
2172	10.86	-0.0507498278748244	0.897159081418067
2173	10.865	-0.0546188438311219	0.897159081418067
2174	10.87	-0.0546188438311219	0.897159081418067
2175	10.875	-0.0520394998602569	0.897159081418067
2176	10.88	-0.0507498278748244	0.8984487534035
2177	10.885	-0.0520394998602569	0.897159081418067
2178	10.89	-0.0546188438311219	0.897159081418067
2179	10.895	-0.0520394998602569	0.897159081418067
2180	10.9	-0.0520394998602569	0.897159081418067
2181	10.905	-0.0533291718456894	0.897159081418067
2182	10.91	-0.0546188438311219	0.897159081418067
2183	10.915	-0.0507498278748244	0.897159081418067
2184	10.92	-0.0546188438311219	0.895869409432635
2185	10.925	-0.0533291718456894	0.897159081418067
2186	10.93	-0.0559085158165544	0.895869409432635
2187	10.935	-0.0559085158165544	0.895869409432635
2188	10.94	-0.0571981878019869	0.894579737447202
2189	10.945	-0.0584878597874194	0.894579737447202
2190	10.95	-0.0597775317728519	0.895869409432635
2191	10.955	-0.0610672037582844	0.894579737447202
2192	10.96	-0.062356875743717	0.894579737447202
2193	10.965	-0.062356875743717	0.894579737447202
2194	10.97	-0.064936219714582	0.894579737447202
2195	10.975	-0.0662258917000145	0.894579737447202
2196	10.98	-0.067515563685447	0.894579737447202
2197	10.985	-0.0688052356708795	0.894579737447202
2198	10.99	-0.067515563685447	0.894579737447202
2199	10.995	-0.067515563685447	0.89329006546177
2200	11	-0.067515563685447	0.89329006546177
2201	11.005	-0.070094907656312	0.89329006546177
2202	11.01	-0.070094907656312	0.89329006546177
2203	11.015	-0.0713845796417445	0.89329006546177
2204	11.02	-0.070094907656312	0.89329006546177
2205	11.025	-0.0713845796417445	0.892000393476337
2206	11.03	-0.0739639236126095	0.89329006546177
2207	11.035	-0.0688052356708795	0.892000393476337
2208	11.04	-0.075253595598042	0.89329006546177
2209	11.045	-0.0791226115543395	0.892000393476337
2210	11.05	-0.0791226115543395	0.89329006546177
2211	11.055	-0.077832939568907	0.892000393476337
2212	11.06	-0.0791226115543395	0.890710721490905
2213	11.065	-0.080412283539772	0.892000393476337
2214	11.07	-0.080412283539772	0.892000393476337
2215	11.075	-0.080412283539772	0.892000393476337
2216	11.08	-0.0791226115543395	0.892000393476337
2217	11.085	-0.080412283539772	0.890710721490905
2218	11.09	-0.0817019555252045	0.890710721490905
2219	11.095	-0.0791226115543395	0.890710721490905
2220	11.1	-0.080412283539772	0.890710721490905
2221	11.105	-0.0842812994960696	0.890710721490905
2222	11.11	-0.0868606434669346	0.890710721490905
2223	11.115	-0.0817019555252045	0.889421049505472
2224	11.12	-0.0817019555252045	0.890710721490905
2225	11.125	-0.0842812994960696	0.889421049505472
2226	11.13	-0.0842812994960696	0.889421049505472
2227	11.135	-0.0855709714815021	0.889421049505472
2228	11.14	-0.080412283539772	0.889421049505472
2229	11.145	-0.082991627510637	0.889421049505472
2230	11.15	-0.0842812994960696	0.889421049505472
2231	11.155	-0.0855709714815021	0.88813137752004
2232	11.16	-0.082991627510637	0.889421049505472
2233	11.165	-0.0842812994960696	0.889421049505472
2234	11.17	-0.0842812994960696	0.889421049505472
2235	11.175	-0.0842812994960696	0.88813137752004
2236	11.18	-0.082991627510637	0.88813137752004
2237	11.185	-0.0842812994960696	0.88813137752004
2238	11.19	-0.0855709714815021	0.88813137752004
2239	11.195	-0.0868606434669346	0.88813137752004
2240	11.2	-0.082991627510637	0.88813137752004
2241	11.205	-0.0855709714815021	0.88813137752004
2242	11.21	-0.0842812994960696	0.88813137752004
2243	11.215	-0.0842812994960696	0.88813137752004
2244	11.22	-0.0868606434669346	0.886841705534607
2245	11.225	-0.0855709714815021	0.886841705534607
2246	11.23	-0.0868606434669346	0.886841705534607
2247	11.235	-0.0855709714815021	0.886841705534607
2248	11.24	-0.0842812994960696	0.885552033549175
2249	11.245	-0.0817019555252045	0.886841705534607
2250	11.25	-0.0855709714815021	0.886841705534607
2251	11.255	-0.080412283539772	0.885552033549175
2252	11.26	-0.080412283539772	0.886841705534607
2253	11.265	-0.080412283539772	0.885552033549175
2254	11.27	-0.082991627510637	0.885552033549175
2255	11.275	-0.0765432675834745	0.885552033549175
2256	11.28	-0.077832939568907	0.885552033549175
2257	11.285	-0.077832939568907	0.885552033549175
2258	11.29	-0.077832939568907	0.884262361563742
2259	11.295	-0.0791226115543395	0.885552033549175
2260	11.3	-0.077832939568907	0.884262361563742
2261	11.305	-0.0765432675834745	0.885552033549175
2262	11.31	-0.080412283539772	0.885552033549175
2263	11.315	-0.0765432675834745	0.884262361563742
2264	11.32	-0.077832939568907	0.884262361563742
2265	11.325	-0.080412283539772	0.884262361563742
2266	11.33	-0.077832939568907	0.884262361563742
2267	11.335	-0.0765432675834745	0.884262361563742
2268	11.34	-0.077832939568907	0.884262361563742
2269	11.345	-0.0765432675834745	0.884262361563742
2270	11.35	-0.077832939568907	0.884262361563742
2271	11.355	-0.075253595598042	0.88297268957831
2272	11.36	-0.0739639236126095	0.884262361563742
2273	11.365	-0.075253595598042	0.88297268957831
2274	11.37	-0.077832939568907	0.88297268957831
2275	11.375	-0.0713845796417445	0.88297268957831
2276	11.38	-0.072674251627177	0.88297268957831
2277	11.385	-0.0739639236126095	0.88297268957831
2278	11.39	-0.0739639236126095	0.881683017592877
2279	11.395	-0.072674251627177	0.881683017592877
2280	11.4	-0.070094907656312	0.88297268957831
2281	11.405	-0.070094907656312	0.881683017592877
2282	11.41	-0.067515563685447	0.881683017592877
2283	11.415	-0.0688052356708795	0.881683017592877
2284	11.42	-0.067515563685447	0.881683017592877
2285	11.425	-0.064936219714582	0.881683017592877
2286	11.43	-0.0662258917000145	0.881683017592877
2287	11.435	-0.062356875743717	0.881683017592877
2288	11.44	-0.062356875743717	0.880393345607445
2289	11.445	-0.0636465477291495	0.881683017592877
2290	11.45	-0.0610672037582844	0.881683017592877
2291	11.455	-0.062356875743717	0.880393345607445
2292	11.46	-0.0610672037582844	0.880393345607445
2293	11.465	-0.0597775317728519	0.880393345607445
2294	11.47	-0.062356875743717	0.880393345607445
2295	11.475	-0.0584878597874194	0.880393345607445
2296	11.48	-0.0597775317728519	0.879103673622012
2297	11.485	-0.0584878597874194	0.880393345607445
2298	11.49	-0.0584878597874194	0.880393345607445
2299	11.495	-0.0597775317728519	0.880393345607445
2300	11.5	-0.0571981878019869	0.879103673622012
2301	11.505	-0.0546188438311219	0.879103673622012
2302	11.51	-0.0584878597874194	0.879103673622012
2303	11.515	-0.0546188438311219	0.879103673622012
2304	11.52	-0.0546188438311219	0.879103673622012
2305	11.525	-0.0520394998602569	0.879103673622012
2306	11.53	-0.0559085158165544	0.879103673622012
2307	11.535	-0.0546188438311219	0.879103673622012
2308	11.54	-0.0507498278748244	0.879103673622012
2309	11.545	-0.0559085158165544	0.87781400163658
2310	11.55	-0.0533291718456894	0.87781400163658
2311	11.555	-0.0520394998602569	0.87781400163658
2312	11.56	-0.0507498278748244	0.87781400163658
2313	11.565	-0.0520394998602569	0.87781400163658
2314	11.57	-0.0546188438311219	0.87781400163658
2315	11.575	-0.0533291718456894	0.87781400163658
2316	11.58	-0.0507498278748244	0.87781400163658
2317	11.585	-0.0546188438311219	0.876524329651147
2318	11.59	-0.0584878597874194	0.876524329651147
2319	11.595	-0.0533291718456894	0.876524329651147
2320	11.6	-0.0559085158165544	0.876524329651147
2321	11.605	-0.0584878597874194	0.876524329651147
2322	11.61	-0.0597775317728519	0.876524329651147
2323	11.615	-0.0571981878019869	0.876524329651147
2324	11.62	-0.0597775317728519	0.876524329651147
2325	11.625	-0.0584878597874194	0.876524329651147
2326	11.63	-0.0610672037582844	0.876524329651147
2327	11.635	-0.0597775317728519	0.876524329651147
2328	11.64	-0.062356875743717	0.876524329651147
2329	11.645	-0.0610672037582844	0.875234657665715
2330	11.65	-0.0610672037582844	0.875234657665715
2331	11.655	-0.064936219714582	0.875234657665715
2332	11.66	-0.0662258917000145	0.875234657665715
2333	11.665	-0.067515563685447	0.875234657665715
2334	11.67	-0.0688052356708795	0.875234657665715
2335	11.675	-0.070094907656312	0.875234657665715
2336	11.68	-0.0713845796417445	0.873944985680282
2337	11.685	-0.075253595598042	0.873944985680282
2338	11.69	-0.077832939568907	0.873944985680282
2339	11.695	-0.0765432675834745	0.873944985680282
2340	11.7	-0.0791226115543395	0.873944985680282
2341	11.705	-0.082991627510637	0.873944985680282
2342	11.71	-0.0868606434669346	0.873944985680282
2343	11.715	-0.0881503154523671	0.873944985680282
2344	11.72	-0.0881503154523671	0.873944985680282
2345	11.725	-0.0920193314086646	0.87265531369485
2346	11.73	-0.0984676913358271	0.873944985680282
2347	11.735	-0.0997573633212596	0.87265531369485
2348	11.74	-0.0984676913358271	0.87265531369485
2349	11.745	-0.0997573633212596	0.87265531369485
2350	11.75	-0.103626379277557	0.87265531369485
2351	11.755	-0.0984676913358271	0.871365641709417
2352	11.76	-0.103626379277557	0.871365641709417
2353	11.765	-0.11007473920472	0.871365641709417
2354	11.77	-0.113943755161017	0.871365641709417
2355	11.775	-0.112654083175585	0.871365641709417
2356	11.78	-0.108785067219287	0.871365641709417
2357	11.785	-0.119102443102747	0.870075969723985
2358	11.79	-0.12039211508818	0.871365641709417
2359	11.795	-0.121681787073612	0.871365641709417
2360	11.8	-0.12555080302991	0.871365641709417
2361	11.805	-0.128130147000775	0.871365641709417
2362	11.81	-0.129419818986207	0.870075969723985
2363	11.815	-0.133288834942505	0.870075969723985
2364	11.82	-0.134578506927937	0.871365641709417
2365	11.825	-0.1410268668551	0.870075969723985
2366	11.83	-0.143606210825965	0.870075969723985
2367	11.835	-0.143606210825965	0.870075969723985
2368	11.84	-0.142316538840532	0.870075969723985
2369	11.845	-0.15134424273856	0.868786297738552
2370	11.85	-0.153923586709425	0.868786297738552
2371	11.855	-0.15134424273856	0.868786297738552
2372	11.86	-0.16166161862202	0.868786297738552
2373	11.865	-0.164240962592885	0.868786297738552
2374	11.87	-0.165530634578317	0.868786297738552
2375	11.875	-0.16166161862202	0.86749662575312
2376	11.88	-0.164240962592885	0.868786297738552
2377	11.885	-0.170689322520047	0.86749662575312
2378	11.89	-0.17197899450548	0.86749662575312
2379	11.895	-0.169399650534615	0.86749662575312
2380	11.9	-0.160371946636587	0.86749662575312
2381	11.905	-0.169399650534615	0.86749662575312
2382	11.91	-0.169399650534615	0.86749662575312
2383	11.915	-0.168109978549182	0.86749662575312
2384	11.92	-0.169399650534615	0.86749662575312
2385	11.925	-0.17197899450548	0.86749662575312
2386	11.93	-0.17197899450548	0.86749662575312
2387	11.935	-0.175848010461777	0.866206953767687
2388	11.94	-0.173268666490912	0.866206953767687
2389	11.945	-0.179717026418075	0.866206953767687
2390	11.95	-0.178427354432642	0.866206953767687
2391	11.955	-0.178427354432642	0.866206953767687
2392	11.96	-0.18229637038894	0.866206953767687
2393	11.965	-0.178427354432642	0.866206953767687
2394	11.97	-0.183586042374372	0.864917281782255
2395	11.975	-0.183586042374372	0.866206953767687
2396	11.98	-0.18745505833067	0.864917281782255
2397	11.985	-0.18229637038894	0.864917281782255
2398	11.99	-0.186165386345237	0.864917281782255
2399	11.995	-0.186165386345237	0.864917281782255
2400	12	-0.184875714359805	0.864917281782255
2401	12.005	-0.190034402301535	0.863627609796822
2402	12.01	-0.1926137462724	0.864917281782255
2403	12.015	-0.190034402301535	0.863627609796822
2404	12.02	-0.188744730316103	0.863627609796822
2405	12.025	-0.196482762228698	0.863627609796822
2406	12.03	-0.1926137462724	0.863627609796822
2407	12.035	-0.193903418257833	0.863627609796822
2408	12.04	-0.19777243421413	0.863627609796822
2409	12.045	-0.191324074286968	0.863627609796822
2410	12.05	-0.193903418257833	0.863627609796822
2411	12.055	-0.200351778184995	0.863627609796822
2412	12.06	-0.196482762228698	0.863627609796822
2413	12.065	-0.1926137462724	0.86233793781139
2414	12.07	-0.19777243421413	0.86233793781139
2415	12.075	-0.195193090243265	0.86233793781139
2416	12.08	-0.1926137462724	0.86233793781139
2417	12.085	-0.1926137462724	0.86233793781139
2418	12.09	-0.201641450170428	0.86233793781139
2419	12.095	-0.201641450170428	0.86233793781139
2420	12.1	-0.193903418257833	0.86233793781139
2421	12.105	-0.1926137462724	0.861048265825957
2422	12.11	-0.1926137462724	0.861048265825957
2423	12.115	-0.1926137462724	0.861048265825957
2424	12.12	-0.193903418257833	0.861048265825957
2425	12.125	-0.1926137462724	0.861048265825957
2426	12.13	-0.1926137462724	0.861048265825957
2427	12.135	-0.193903418257833	0.861048265825957
2428	12.14	-0.193903418257833	0.861048265825957
2429	12.145	-0.191324074286968	0.861048265825957
2430	12.15	-0.1926137462724	0.859758593840525
2431	12.155	-0.191324074286968	0.859758593840525
2432	12.16	-0.193903418257833	0.861048265825957
2433	12.165	-0.190034402301535	0.859758593840525
2434	12.17	-0.190034402301535	0.859758593840525
2435	12.175	-0.186165386345237	0.859758593840525
2436	12.18	-0.186165386345237	0.859758593840525
2437	12.185	-0.184875714359805	0.859758593840525
2438	12.19	-0.190034402301535	0.859758593840525
2439	12.195	-0.181006698403507	0.859758593840525
2440	12.2	-0.179717026418075	0.859758593840525
2441	12.205	-0.183586042374372	0.859758593840525
2442	12.21	-0.178427354432642	0.858468921855092
2443	12.215	-0.179717026418075	0.858468921855092
2444	12.22	-0.179717026418075	0.858468921855092
2445	12.225	-0.18229637038894	0.858468921855092
2446	12.23	-0.175848010461777	0.858468921855092
2447	12.235	-0.173268666490912	0.858468921855092
2448	12.24	-0.17197899450548	0.858468921855092
2449	12.245	-0.17197899450548	0.858468921855092
2450	12.25	-0.17197899450548	0.858468921855092
2451	12.255	-0.169399650534615	0.858468921855092
2452	12.26	-0.16682030656375	0.858468921855092
2453	12.265	-0.16682030656375	0.858468921855092
2454	12.27	-0.16166161862202	0.85717924986966
2455	12.275	-0.169399650534615	0.85717924986966
2456	12.28	-0.160371946636587	0.85717924986966
2457	12.285	-0.159082274651155	0.85717924986966
2458	12.29	-0.159082274651155	0.85717924986966
2459	12.295	-0.15134424273856	0.85717924986966
2460	12.3	-0.153923586709425	0.85717924986966
2461	12.305	-0.148764898767695	0.85717924986966
2462	12.31	-0.14618555479683	0.85717924986966
2463	12.315	-0.143606210825965	0.855889577884227
2464	12.32	-0.138447522884235	0.855889577884227
2465	12.325	-0.134578506927937	0.855889577884227
2466	12.33	-0.137157850898802	0.855889577884227
2467	12.335	-0.134578506927937	0.855889577884227
2468	12.34	-0.128130147000775	0.855889577884227
2469	12.345	-0.126840475015342	0.855889577884227
2470	12.35	-0.12555080302991	0.855889577884227
2471	12.355	-0.12555080302991	0.855889577884227
2472	12.36	-0.12039211508818	0.855889577884227
2473	12.365	-0.122971459059045	0.855889577884227
2474	12.37	-0.119102443102747	0.855889577884227
2475	12.375	-0.112654083175585	0.854599905898795
2476	12.38	-0.111364411190152	0.855889577884227
2477	12.385	-0.106205723248422	0.855889577884227
2478	12.39	-0.108785067219287	0.854599905898795
2479	12.395	-0.107495395233855	0.854599905898795
2480	12.4	-0.10491605126299	0.854599905898795
2481	12.405	-0.103626379277557	0.854599905898795
2482	12.41	-0.101047035306692	0.853310233913362
2483	12.415	-0.0997573633212596	0.854599905898795
2484	12.42	-0.0945986753795296	0.854599905898795
2485	12.425	-0.0958883473649621	0.853310233913362
2486	12.43	-0.0933090033940971	0.853310233913362
2487	12.435	-0.0933090033940971	0.854599905898795
2488	12.44	-0.0894399874377996	0.853310233913362
2489	12.445	-0.0881503154523671	0.853310233913362
2490	12.45	-0.0881503154523671	0.853310233913362
2491	12.455	-0.0855709714815021	0.853310233913362
2492	12.46	-0.0842812994960696	0.853310233913362
2493	12.465	-0.0855709714815021	0.853310233913362
2494	12.47	-0.0817019555252045	0.85202056192793
2495	12.475	-0.0817019555252045	0.853310233913362
2496	12.48	-0.082991627510637	0.853310233913362
2497	12.485	-0.0791226115543395	0.853310233913362
2498	12.49	-0.0817019555252045	0.85202056192793
2499	12.495	-0.080412283539772	0.85202056192793
2500	12.5	-0.077832939568907	0.85202056192793
2501	12.505	-0.0765432675834745	0.85202056192793
2502	12.51	-0.0791226115543395	0.85202056192793
2503	12.515	-0.075253595598042	0.85202056192793
2504	12.52	-0.075253595598042	0.85202056192793
2505	12.525	-0.075253595598042	0.85202056192793
2506	12.53	-0.077832939568907	0.850730889942497
2507	12.535	-0.075253595598042	0.850730889942497
2508	12.54	-0.072674251627177	0.850730889942497
2509	12.545	-0.075253595598042	0.850730889942497
2510	12.55	-0.0765432675834745	0.850730889942497
2511	12.555	-0.0765432675834745	0.850730889942497
2512	12.56	-0.072674251627177	0.850730889942497
2513	12.565	-0.0739639236126095	0.850730889942497
2514	12.57	-0.072674251627177	0.850730889942497
2515	12.575	-0.075253595598042	0.850730889942497
2516	12.58	-0.0739639236126095	0.850730889942497
2517	12.585	-0.0765432675834745	0.849441217957065
2518	12.59	-0.075253595598042	0.850730889942497
2519	12.595	-0.075253595598042	0.850730889942497
2520	12.6	-0.075253595598042	0.850730889942497
2521	12.605	-0.0765432675834745	0.849441217957065
2522	12.61	-0.0791226115543395	0.849441217957065
2523	12.615	-0.0791226115543395	0.849441217957065
2524	12.62	-0.072674251627177	0.849441217957065
2525	12.625	-0.0791226115543395	0.849441217957065
2526	12.63	-0.077832939568907	0.849441217957065
2527	12.635	-0.0791226115543395	0.848151545971632
2528	12.64	-0.080412283539772	0.848151545971632
2529	12.645	-0.082991627510637	0.848151545971632
2530	12.65	-0.082991627510637	0.848151545971632
2531	12.655	-0.0842812994960696	0.848151545971632
2532	12.66	-0.0855709714815021	0.848151545971632
2533	12.665	-0.0855709714815021	0.848151545971632
2534	12.67	-0.0868606434669346	0.848151545971632
2535	12.675	-0.0842812994960696	0.848151545971632
2536	12.68	-0.0855709714815021	0.848151545971632
2537	12.685	-0.0894399874377996	0.846861873986199
2538	12.69	-0.0881503154523671	0.846861873986199
2539	12.695	-0.0881503154523671	0.848151545971632
2540	12.7	-0.0881503154523671	0.846861873986199
2541	12.705	-0.0907296594232321	0.846861873986199
2542	12.71	-0.0907296594232321	0.846861873986199
2543	12.715	-0.0920193314086646	0.846861873986199
2544	12.72	-0.0933090033940971	0.846861873986199
2545	12.725	-0.0958883473649621	0.846861873986199
2546	12.73	-0.0997573633212596	0.846861873986199
2547	12.735	-0.0984676913358271	0.845572202000767
2548	12.74	-0.0997573633212596	0.845572202000767
2549	12.745	-0.103626379277557	0.845572202000767
2550	12.75	-0.101047035306692	0.845572202000767
2551	12.755	-0.0997573633212596	0.845572202000767
2552	12.76	-0.0984676913358271	0.845572202000767
2553	12.765	-0.10491605126299	0.845572202000767
2554	12.77	-0.106205723248422	0.845572202000767
2555	12.775	-0.10491605126299	0.845572202000767
2556	12.78	-0.107495395233855	0.844282530015334
2557	12.785	-0.10491605126299	0.845572202000767
2558	12.79	-0.112654083175585	0.845572202000767
2559	12.795	-0.11007473920472	0.844282530015334
2560	12.8	-0.11007473920472	0.844282530015334
2561	12.805	-0.112654083175585	0.844282530015334
2562	12.81	-0.112654083175585	0.842992858029902
2563	12.815	-0.112654083175585	0.842992858029902
2564	12.82	-0.11523342714645	0.844282530015334
2565	12.825	-0.119102443102747	0.844282530015334
2566	12.83	-0.121681787073612	0.842992858029902
2567	12.835	-0.117812771117315	0.842992858029902
2568	12.84	-0.119102443102747	0.842992858029902
2569	12.845	-0.121681787073612	0.842992858029902
2570	12.85	-0.128130147000775	0.842992858029902
2571	12.855	-0.12555080302991	0.841703186044469
2572	12.86	-0.126840475015342	0.842992858029902
2573	12.865	-0.12555080302991	0.842992858029902
2574	12.87	-0.126840475015342	0.841703186044469
2575	12.875	-0.124261131044477	0.841703186044469
2576	12.88	-0.12555080302991	0.841703186044469
2577	12.885	-0.131999162957072	0.841703186044469
2578	12.89	-0.128130147000775	0.841703186044469
2579	12.895	-0.13070949097164	0.840413514059037
2580	12.9	-0.128130147000775	0.840413514059037
2581	12.905	-0.131999162957072	0.840413514059037
2582	12.91	-0.129419818986207	0.840413514059037
2583	12.915	-0.128130147000775	0.840413514059037
2584	12.92	-0.128130147000775	0.840413514059037
2585	12.925	-0.13070949097164	0.840413514059037
2586	12.93	-0.133288834942505	0.840413514059037
2587	12.935	-0.13070949097164	0.840413514059037
2588	12.94	-0.128130147000775	0.839123842073604
2589	12.945	-0.129419818986207	0.840413514059037
2590	12.95	-0.129419818986207	0.840413514059037
2591	12.955	-0.124261131044477	0.839123842073604
2592	12.96	-0.124261131044477	0.839123842073604
2593	12.965	-0.126840475015342	0.839123842073604
2594	12.97	-0.12555080302991	0.839123842073604
2595	12.975	-0.124261131044477	0.839123842073604
2596	12.98	-0.124261131044477	0.839123842073604
2597	12.985	-0.122971459059045	0.839123842073604
2598	12.99	-0.12039211508818	0.837834170088172
2599	12.995	-0.12039211508818	0.837834170088172
2600	13	-0.117812771117315	0.837834170088172
2601	13.005	-0.116523099131882	0.837834170088172
2602	13.01	-0.116523099131882	0.837834170088172
2603	13.015	-0.11523342714645	0.837834170088172
2604	13.02	-0.111364411190152	0.837834170088172
2605	13.025	-0.111364411190152	0.836544498102739
2606	13.03	-0.111364411190152	0.836544498102739
2607	13.035	-0.111364411190152	0.836544498102739
2608	13.04	-0.108785067219287	0.836544498102739
2609	13.045	-0.108785067219287	0.836544498102739
2610	13.05	-0.11007473920472	0.836544498102739
2611	13.055	-0.103626379277557	0.836544498102739
2612	13.06	-0.102336707292125	0.836544498102739
2613	13.065	-0.106205723248422	0.836544498102739
2614	13.07	-0.10491605126299	0.836544498102739
2615	13.075	-0.102336707292125	0.836544498102739
2616	13.08	-0.101047035306692	0.835254826117307
2617	13.085	-0.0997573633212596	0.835254826117307
2618	13.09	-0.0997573633212596	0.835254826117307
2619	13.095	-0.0958883473649621	0.835254826117307
2620	13.1	-0.0997573633212596	0.835254826117307
2621	13.105	-0.0945986753795296	0.833965154131874
2622	13.11	-0.0971780193503946	0.833965154131874
2623	13.115	-0.0920193314086646	0.835254826117307
2624	13.12	-0.0933090033940971	0.833965154131874
2625	13.125	-0.0945986753795296	0.833965154131874
2626	13.13	-0.0945986753795296	0.833965154131874
2627	13.135	-0.0933090033940971	0.833965154131874
2628	13.14	-0.0945986753795296	0.833965154131874
2629	13.145	-0.0920193314086646	0.833965154131874
2630	13.15	-0.0933090033940971	0.832675482146442
2631	13.155	-0.0933090033940971	0.832675482146442
2632	13.16	-0.0868606434669346	0.832675482146442
2633	13.165	-0.0894399874377996	0.832675482146442
2634	13.17	-0.0894399874377996	0.832675482146442
2635	13.175	-0.0868606434669346	0.832675482146442
2636	13.18	-0.0855709714815021	0.832675482146442
2637	13.185	-0.0894399874377996	0.832675482146442
2638	13.19	-0.0881503154523671	0.832675482146442
2639	13.195	-0.0881503154523671	0.832675482146442
2640	13.2	-0.0842812994960696	0.831385810161009
2641	13.205	-0.0881503154523671	0.831385810161009
2642	13.21	-0.0881503154523671	0.831385810161009
2643	13.215	-0.0855709714815021	0.831385810161009
2644	13.22	-0.082991627510637	0.831385810161009
2645	13.225	-0.082991627510637	0.831385810161009
2646	13.23	-0.0842812994960696	0.831385810161009
2647	13.235	-0.0842812994960696	0.831385810161009
2648	13.24	-0.0817019555252045	0.830096138175577
2649	13.245	-0.0842812994960696	0.830096138175577
2650	13.25	-0.0842812994960696	0.831385810161009
2651	13.255	-0.082991627510637	0.830096138175577
2652	13.26	-0.0817019555252045	0.830096138175577
2653	13.265	-0.0791226115543395	0.830096138175577
2654	13.27	-0.082991627510637	0.830096138175577
2655	13.275	-0.0817019555252045	0.830096138175577
2656	13.28	-0.080412283539772	0.828806466190144
2657	13.285	-0.080412283539772	0.830096138175577
2658	13.29	-0.0817019555252045	0.830096138175577
2659	13.295	-0.0817019555252045	0.828806466190144
2660	13.3	-0.077832939568907	0.828806466190144
2661	13.305	-0.0817019555252045	0.828806466190144
2662	13.31	-0.0791226115543395	0.828806466190144
2663	13.315	-0.0817019555252045	0.828806466190144
2664	13.32	-0.077832939568907	0.828806466190144
2665	13.325	-0.077832939568907	0.827516794204712
2666	13.33	-0.0791226115543395	0.827516794204712
2667	13.335	-0.0791226115543395	0.827516794204712
2668	13.34	-0.0791226115543395	0.828806466190144
2669	13.345	-0.077832939568907	0.827516794204712
2670	13.35	-0.080412283539772	0.827516794204712
2671	13.355	-0.0791226115543395	0.827516794204712
2672	13.36	-0.077832939568907	0.826227122219279
2673	13.365	-0.0765432675834745	0.827516794204712
2674	13.37	-0.0791226115543395	0.827516794204712
2675	13.375	-0.077832939568907	0.826227122219279
2676	13.38	-0.0791226115543395	0.827516794204712
2677	13.385	-0.080412283539772	0.826227122219279
2678	13.39	-0.0791226115543395	0.827516794204712
2679	13.395	-0.0765432675834745	0.826227122219279
2680	13.4	-0.0765432675834745	0.826227122219279
2681	13.405	-0.075253595598042	0.826227122219279
2682	13.41	-0.0765432675834745	0.826227122219279
2683	13.415	-0.075253595598042	0.826227122219279
2684	13.42	-0.075253595598042	0.824937450233847
2685	13.425	-0.075253595598042	0.826227122219279
2686	13.43	-0.0765432675834745	0.824937450233847
2687	13.435	-0.075253595598042	0.824937450233847
2688	13.44	-0.0739639236126095	0.824937450233847
2689	13.445	-0.0739639236126095	0.824937450233847
2690	13.45	-0.075253595598042	0.824937450233847
2691	13.455	-0.075253595598042	0.824937450233847
2692	13.46	-0.075253595598042	0.824937450233847
2693	13.465	-0.075253595598042	0.824937450233847
2694	13.47	-0.0739639236126095	0.824937450233847
2695	13.475	-0.0739639236126095	0.823647778248414
2696	13.48	-0.0739639236126095	0.823647778248414
2697	13.485	-0.072674251627177	0.823647778248414
2698	13.49	-0.0765432675834745	0.823647778248414
2699	13.495	-0.075253595598042	0.823647778248414
2700	13.5	-0.0739639236126095	0.823647778248414
2701	13.505	-0.070094907656312	0.823647778248414
2702	13.51	-0.0765432675834745	0.823647778248414
2703	13.515	-0.0739639236126095	0.823647778248414
2704	13.52	-0.072674251627177	0.822358106262982
2705	13.525	-0.0739639236126095	0.822358106262982
2706	13.53	-0.0739639236126095	0.822358106262982
2707	13.535	-0.0739639236126095	0.823647778248414
2708	13.54	-0.0713845796417445	0.822358106262982
2709	13.545	-0.0739639236126095	0.822358106262982
2710	13.55	-0.072674251627177	0.822358106262982
2711	13.555	-0.0739639236126095	0.822358106262982
2712	13.56	-0.072674251627177	0.822358106262982
2713	13.565	-0.0765432675834745	0.822358106262982
2714	13.57	-0.0739639236126095	0.822358106262982
2715	13.575	-0.0739639236126095	0.821068434277549
2716	13.58	-0.0739639236126095	0.821068434277549
2717	13.585	-0.075253595598042	0.822358106262982
2718	13.59	-0.0765432675834745	0.821068434277549
2719	13.595	-0.0765432675834745	0.821068434277549
2720	13.6	-0.0739639236126095	0.821068434277549
2721	13.605	-0.077832939568907	0.821068434277549
2722	13.61	-0.077832939568907	0.821068434277549
2723	13.615	-0.0791226115543395	0.821068434277549
2724	13.62	-0.0791226115543395	0.819778762292117
2725	13.625	-0.0791226115543395	0.821068434277549
2726	13.63	-0.0791226115543395	0.821068434277549
2727	13.635	-0.0791226115543395	0.821068434277549
2728	13.64	-0.077832939568907	0.819778762292117
2729	13.645	-0.080412283539772	0.819778762292117
2730	13.65	-0.0817019555252045	0.819778762292117
2731	13.655	-0.080412283539772	0.821068434277549
2732	13.66	-0.077832939568907	0.819778762292117
2733	13.665	-0.0855709714815021	0.819778762292117
2734	13.67	-0.082991627510637	0.818489090306684
2735	13.675	-0.0817019555252045	0.819778762292117
2736	13.68	-0.0855709714815021	0.819778762292117
2737	13.685	-0.0842812994960696	0.819778762292117
2738	13.69	-0.0855709714815021	0.819778762292117
2739	13.695	-0.0855709714815021	0.818489090306684
2740	13.7	-0.082991627510637	0.818489090306684
2741	13.705	-0.0868606434669346	0.819778762292117
2742	13.71	-0.0894399874377996	0.818489090306684
2743	13.715	-0.0868606434669346	0.818489090306684
2744	13.72	-0.0881503154523671	0.818489090306684
2745	13.725	-0.0907296594232321	0.818489090306684
2746	13.73	-0.0894399874377996	0.818489090306684
2747	13.735	-0.0868606434669346	0.818489090306684
2748	13.74	-0.0868606434669346	0.818489090306684
2749	13.745	-0.0881503154523671	0.818489090306684
2750	13.75	-0.0920193314086646	0.817199418321252
2751	13.755	-0.0907296594232321	0.818489090306684
2752	13.76	-0.0881503154523671	0.817199418321252
2753	13.765	-0.0920193314086646	0.818489090306684
2754	13.77	-0.0945986753795296	0.818489090306684
2755	13.775	-0.0945986753795296	0.817199418321252
2756	13.78	-0.0920193314086646	0.817199418321252
2757	13.785	-0.0984676913358271	0.817199418321252
2758	13.79	-0.0958883473649621	0.817199418321252
2759	13.795	-0.0933090033940971	0.817199418321252
2760	13.8	-0.0945986753795296	0.817199418321252
2761	13.805	-0.0971780193503946	0.817199418321252
2762	13.81	-0.0984676913358271	0.817199418321252
2763	13.815	-0.0997573633212596	0.817199418321252
2764	13.82	-0.0971780193503946	0.817199418321252
2765	13.825	-0.0971780193503946	0.817199418321252
2766	13.83	-0.0984676913358271	0.815909746335819
2767	13.835	-0.107495395233855	0.815909746335819
2768	13.84	-0.10491605126299	0.815909746335819
2769	13.845	-0.102336707292125	0.815909746335819
2770	13.85	-0.102336707292125	0.815909746335819
2771	13.855	-0.101047035306692	0.815909746335819
2772	13.86	-0.0997573633212596	0.815909746335819
2773	13.865	-0.10491605126299	0.817199418321252
2774	13.87	-0.106205723248422	0.815909746335819
2775	13.875	-0.11007473920472	0.815909746335819
2776	13.88	-0.106205723248422	0.814620074350387
2777	13.885	-0.112654083175585	0.815909746335819
2778	13.89	-0.112654083175585	0.814620074350387
2779	13.895	-0.11007473920472	0.814620074350387
2780	13.9	-0.11007473920472	0.815909746335819
2781	13.905	-0.107495395233855	0.814620074350387
2782	13.91	-0.106205723248422	0.814620074350387
2783	13.915	-0.107495395233855	0.814620074350387
2784	13.92	-0.108785067219287	0.814620074350387
2785	13.925	-0.111364411190152	0.814620074350387
2786	13.93	-0.11007473920472	0.814620074350387
2787	13.935	-0.112654083175585	0.814620074350387
2788	13.94	-0.111364411190152	0.814620074350387
2789	13.945	-0.11007473920472	0.814620074350387
2790	13.95	-0.111364411190152	0.814620074350387
2791	13.955	-0.116523099131882	0.813330402364954
2792	13.96	-0.112654083175585	0.813330402364954
2793	13.965	-0.113943755161017	0.813330402364954
2794	13.97	-0.11007473920472	0.813330402364954
2795	13.975	-0.112654083175585	0.814620074350387
2796	13.98	-0.108785067219287	0.813330402364954
2797	13.985	-0.112654083175585	0.813330402364954
2798	13.99	-0.111364411190152	0.813330402364954
2799	13.995	-0.112654083175585	0.813330402364954
2800	14	-0.108785067219287	0.813330402364954
2801	14.005	-0.11007473920472	0.813330402364954
2802	14.01	-0.11007473920472	0.813330402364954
2803	14.015	-0.11007473920472	0.812040730379522
2804	14.02	-0.107495395233855	0.813330402364954
2805	14.025	-0.11007473920472	0.812040730379522
2806	14.03	-0.11007473920472	0.812040730379522
2807	14.035	-0.106205723248422	0.812040730379522
2808	14.04	-0.10491605126299	0.812040730379522
2809	14.045	-0.10491605126299	0.812040730379522
2810	14.05	-0.108785067219287	0.812040730379522
2811	14.055	-0.106205723248422	0.812040730379522
2812	14.06	-0.10491605126299	0.812040730379522
2813	14.065	-0.106205723248422	0.812040730379522
2814	14.07	-0.102336707292125	0.812040730379522
2815	14.075	-0.102336707292125	0.812040730379522
2816	14.08	-0.102336707292125	0.810751058394089
2817	14.085	-0.0997573633212596	0.810751058394089
2818	14.09	-0.103626379277557	0.810751058394089
2819	14.095	-0.103626379277557	0.810751058394089
2820	14.1	-0.0997573633212596	0.812040730379522
2821	14.105	-0.0984676913358271	0.810751058394089
2822	14.11	-0.103626379277557	0.812040730379522
2823	14.115	-0.102336707292125	0.810751058394089
2824	14.12	-0.0984676913358271	0.810751058394089
2825	14.125	-0.0997573633212596	0.810751058394089
2826	14.13	-0.0958883473649621	0.810751058394089
2827	14.135	-0.0984676913358271	0.810751058394089
2828	14.14	-0.0971780193503946	0.810751058394089
2829	14.145	-0.0984676913358271	0.809461386408657
2830	14.15	-0.0984676913358271	0.810751058394089
2831	14.155	-0.0945986753795296	0.809461386408657
2832	14.16	-0.0933090033940971	0.809461386408657
2833	14.165	-0.0958883473649621	0.810751058394089
2834	14.17	-0.0958883473649621	0.809461386408657
2835	14.175	-0.0945986753795296	0.809461386408657
2836	14.18	-0.0907296594232321	0.809461386408657
2837	14.185	-0.0894399874377996	0.809461386408657
2838	14.19	-0.0933090033940971	0.809461386408657
2839	14.195	-0.0920193314086646	0.809461386408657
2840	14.2	-0.0894399874377996	0.809461386408657
2841	14.205	-0.0894399874377996	0.809461386408657
2842	14.21	-0.0907296594232321	0.809461386408657
2843	14.215	-0.0881503154523671	0.809461386408657
2844	14.22	-0.0842812994960696	0.809461386408657
2845	14.225	-0.0855709714815021	0.809461386408657
2846	14.23	-0.0855709714815021	0.809461386408657
2847	14.235	-0.0868606434669346	0.809461386408657
2848	14.24	-0.077832939568907	0.809461386408657
2849	14.245	-0.082991627510637	0.809461386408657
2850	14.25	-0.082991627510637	0.808171714423224
2851	14.255	-0.080412283539772	0.808171714423224
2852	14.26	-0.0817019555252045	0.808171714423224
2853	14.265	-0.077832939568907	0.808171714423224
2854	14.27	-0.077832939568907	0.808171714423224
2855	14.275	-0.0791226115543395	0.808171714423224
2856	14.28	-0.075253595598042	0.808171714423224
2857	14.285	-0.0765432675834745	0.806882042437792
2858	14.29	-0.080412283539772	0.808171714423224
2859	14.295	-0.0765432675834745	0.808171714423224
2860	14.3	-0.075253595598042	0.806882042437792
2861	14.305	-0.0739639236126095	0.808171714423224
2862	14.31	-0.0765432675834745	0.808171714423224
2863	14.315	-0.0739639236126095	0.808171714423224
2864	14.32	-0.075253595598042	0.808171714423224
2865	14.325	-0.075253595598042	0.806882042437792
2866	14.33	-0.072674251627177	0.808171714423224
2867	14.335	-0.0713845796417445	0.806882042437792
2868	14.34	-0.072674251627177	0.806882042437792
2869	14.345	-0.070094907656312	0.806882042437792
2870	14.35	-0.0713845796417445	0.806882042437792
2871	14.355	-0.070094907656312	0.806882042437792
2872	14.36	-0.0688052356708795	0.806882042437792
2873	14.365	-0.072674251627177	0.806882042437792
2874	14.37	-0.0713845796417445	0.806882042437792
2875	14.375	-0.0688052356708795	0.806882042437792
2876	14.38	-0.067515563685447	0.805592370452359
2877	14.385	-0.070094907656312	0.806882042437792
2878	14.39	-0.072674251627177	0.806882042437792
2879	14.395	-0.0688052356708795	0.805592370452359
2880	14.4	-0.067515563685447	0.805592370452359
2881	14.405	-0.067515563685447	0.805592370452359
2882	14.41	-0.0688052356708795	0.805592370452359
2883	14.415	-0.0688052356708795	0.805592370452359
2884	14.42	-0.0688052356708795	0.806882042437792
2885	14.425	-0.070094907656312	0.805592370452359
2886	14.43	-0.0713845796417445	0.805592370452359
2887	14.435	-0.067515563685447	0.805592370452359
2888	14.44	-0.067515563685447	0.805592370452359
2889	14.445	-0.067515563685447	0.804302698466927
2890	14.45	-0.070094907656312	0.804302698466927
2891	14.455	-0.0688052356708795	0.805592370452359
2892	14.46	-0.070094907656312	0.804302698466927
2893	14.465	-0.067515563685447	0.804302698466927
2894	14.47	-0.070094907656312	0.805592370452359
2895	14.475	-0.070094907656312	0.804302698466927
2896	14.48	-0.0713845796417445	0.804302698466927
2897	14.485	-0.072674251627177	0.804302698466927
2898	14.49	-0.072674251627177	0.804302698466927
2899	14.495	-0.072674251627177	0.804302698466927
2900	14.5	-0.072674251627177	0.804302698466927
2901	14.505	-0.075253595598042	0.804302698466927
2902	14.51	-0.075253595598042	0.804302698466927
2903	14.515	-0.0765432675834745	0.804302698466927
2904	14.52	-0.077832939568907	0.804302698466927
2905	14.525	-0.0791226115543395	0.804302698466927
2906	14.53	-0.080412283539772	0.804302698466927
2907	14.535	-0.0842812994960696	0.803013026481494
2908	14.54	-0.0842812994960696	0.804302698466927
2909	14.545	-0.0855709714815021	0.803013026481494
2910	14.55	-0.0907296594232321	0.803013026481494
2911	14.555	-0.0907296594232321	0.803013026481494
2912	14.56	-0.0907296594232321	0.803013026481494
2913	14.565	-0.0933090033940971	0.803013026481494
2914	14.57	-0.0945986753795296	0.804302698466927
2915	14.575	-0.0958883473649621	0.803013026481494
2916	14.58	-0.101047035306692	0.803013026481494
2917	14.585	-0.0997573633212596	0.803013026481494
2918	14.59	-0.103626379277557	0.801723354496062
2919	14.595	-0.0997573633212596	0.803013026481494
2920	14.6	-0.103626379277557	0.803013026481494
2921	14.605	-0.102336707292125	0.801723354496062
2922	14.61	-0.106205723248422	0.801723354496062
2923	14.615	-0.111364411190152	0.801723354496062
2924	14.62	-0.111364411190152	0.801723354496062
2925	14.625	-0.117812771117315	0.801723354496062
2926	14.63	-0.117812771117315	0.801723354496062
2927	14.635	-0.12039211508818	0.801723354496062
2928	14.64	-0.121681787073612	0.801723354496062
2929	14.645	-0.12555080302991	0.801723354496062
2930	14.65	-0.129419818986207	0.801723354496062
2931	14.655	-0.129419818986207	0.801723354496062
2932	14.66	-0.133288834942505	0.801723354496062
2933	14.665	-0.1410268668551	0.800433682510629
2934	14.67	-0.143606210825965	0.801723354496062
2935	14.675	-0.147475226782262	0.800433682510629
2936	14.68	-0.14618555479683	0.801723354496062
2937	14.685	-0.148764898767695	0.801723354496062
2938	14.69	-0.155213258694857	0.800433682510629
2939	14.695	-0.162951290607452	0.800433682510629
2940	14.7	-0.159082274651155	0.800433682510629
2941	14.705	-0.162951290607452	0.800433682510629
2942	14.71	-0.165530634578317	0.800433682510629
2943	14.715	-0.16682030656375	0.799144010525197
2944	14.72	-0.164240962592885	0.799144010525197
2945	14.725	-0.173268666490912	0.800433682510629
2946	14.73	-0.175848010461777	0.800433682510629
2947	14.735	-0.17197899450548	0.799144010525197
2948	14.74	-0.174558338476345	0.799144010525197
2949	14.745	-0.181006698403507	0.799144010525197
2950	14.75	-0.184875714359805	0.799144010525197
2951	14.755	-0.179717026418075	0.799144010525197
2952	14.76	-0.183586042374372	0.799144010525197
2953	14.765	-0.186165386345237	0.799144010525197
2954	14.77	-0.188744730316103	0.797854338539764
2955	14.775	-0.190034402301535	0.797854338539764
2956	14.78	-0.193903418257833	0.799144010525197
2957	14.785	-0.200351778184995	0.799144010525197
2958	14.79	-0.201641450170428	0.799144010525197
2959	14.795	-0.19777243421413	0.797854338539764
2960	14.8	-0.204220794141293	0.797854338539764
2961	14.805	-0.211958826053888	0.797854338539764
2962	14.81	-0.215827842010185	0.797854338539764
2963	14.815	-0.209379482083023	0.797854338539764
2964	14.82	-0.215827842010185	0.797854338539764
2965	14.825	-0.220986529951915	0.797854338539764
2966	14.83	-0.219696857966483	0.797854338539764
2967	14.835	-0.215827842010185	0.796564666554332
2968	14.84	-0.222276201937348	0.797854338539764
2969	14.845	-0.22356587392278	0.797854338539764
2970	14.85	-0.222276201937348	0.796564666554332
2971	14.855	-0.227434889879078	0.797854338539764
2972	14.86	-0.222276201937348	0.796564666554332
2973	14.865	-0.224855545908213	0.796564666554332
2974	14.87	-0.224855545908213	0.796564666554332
2975	14.875	-0.230014233849943	0.796564666554332
2976	14.88	-0.222276201937348	0.796564666554332
2977	14.885	-0.22356587392278	0.796564666554332
2978	14.89	-0.226145217893645	0.796564666554332
2979	14.895	-0.226145217893645	0.796564666554332
2980	14.9	-0.231303905835375	0.796564666554332
2981	14.905	-0.23388324980624	0.796564666554332
2982	14.91	-0.22356587392278	0.796564666554332
2983	14.915	-0.22872456186451	0.796564666554332
2984	14.92	-0.226145217893645	0.795274994568899
2985	14.925	-0.226145217893645	0.796564666554332
2986	14.93	-0.22872456186451	0.795274994568899
2987	14.935	-0.22356587392278	0.795274994568899
2988	14.94	-0.22356587392278	0.795274994568899
2989	14.945	-0.22356587392278	0.795274994568899
2990	14.95	-0.22356587392278	0.795274994568899
2991	14.955	-0.217117513995618	0.795274994568899
2992	14.96	-0.217117513995618	0.795274994568899
2993	14.965	-0.21840718598105	0.793985322583467
2994	14.97	-0.215827842010185	0.795274994568899
2995	14.975	-0.214538170024753	0.793985322583467
2996	14.98	-0.210669154068455	0.793985322583467
2997	14.985	-0.210669154068455	0.793985322583467
2998	14.99	-0.209379482083023	0.793985322583467
2999	14.995	-0.204220794141293	0.793985322583467
3000	15	-0.200351778184995	0.793985322583467
3001	15.005	-0.195193090243265	0.793985322583467
3002	15.01	-0.200351778184995	0.793985322583467
3003	15.015	-0.196482762228698	0.793985322583467
3004	15.02	-0.1926137462724	0.792695650598034
3005	15.025	-0.1926137462724	0.792695650598034
3006	15.03	-0.196482762228698	0.792695650598034
3007	15.035	-0.18745505833067	0.793985322583467
3008	15.04	-0.190034402301535	0.792695650598034
3009	15.045	-0.193903418257833	0.793985322583467
3010	15.05	-0.195193090243265	0.792695650598034
3011	15.055	-0.195193090243265	0.792695650598034
3012	15.06	-0.191324074286968	0.792695650598034
3013	15.065	-0.190034402301535	0.792695650598034
3014	15.07	-0.195193090243265	0.792695650598034
3015	15.075	-0.190034402301535	0.791405978612602
3016	15.08	-0.186165386345237	0.791405978612602
3017	15.085	-0.184875714359805	0.791405978612602
3018	15.09	-0.184875714359805	0.791405978612602
3019	15.095	-0.181006698403507	0.791405978612602
3020	15.1	-0.179717026418075	0.791405978612602
3021	15.105	-0.174558338476345	0.791405978612602
3022	15.11	-0.17713768244721	0.791405978612602
3023	15.115	-0.175848010461777	0.791405978612602
3024	15.12	-0.17197899450548	0.791405978612602
3025	15.125	-0.170689322520047	0.791405978612602
3026	15.13	-0.173268666490912	0.791405978612602
3027	15.135	-0.165530634578317	0.791405978612602
3028	15.14	-0.165530634578317	0.790116306627169
3029	15.145	-0.159082274651155	0.791405978612602
3030	15.15	-0.160371946636587	0.790116306627169
3031	15.155	-0.159082274651155	0.790116306627169
3032	15.16	-0.159082274651155	0.790116306627169
3033	15.165	-0.16166161862202	0.790116306627169
3034	15.17	-0.157792602665722	0.790116306627169
3035	15.175	-0.15650293068029	0.788826634641737
3036	15.18	-0.150054570753127	0.790116306627169
3037	15.185	-0.150054570753127	0.790116306627169
3038	15.19	-0.148764898767695	0.788826634641737
3039	15.195	-0.144895882811397	0.790116306627169
3040	15.2	-0.14618555479683	0.790116306627169
3041	15.205	-0.143606210825965	0.788826634641737
3042	15.21	-0.137157850898802	0.788826634641737
3043	15.215	-0.138447522884235	0.788826634641737
3044	15.22	-0.133288834942505	0.788826634641737
3045	15.225	-0.13070949097164	0.788826634641737
3046	15.23	-0.128130147000775	0.788826634641737
3047	15.235	-0.126840475015342	0.788826634641737
3048	15.24	-0.12039211508818	0.788826634641737
3049	15.245	-0.117812771117315	0.788826634641737
3050	15.25	-0.126840475015342	0.788826634641737
3051	15.255	-0.11007473920472	0.788826634641737
3052	15.26	-0.11007473920472	0.787536962656304
3053	15.265	-0.111364411190152	0.787536962656304
3054	15.27	-0.108785067219287	0.787536962656304
3055	15.275	-0.10491605126299	0.788826634641737
3056	15.28	-0.101047035306692	0.787536962656304
3057	15.285	-0.10491605126299	0.787536962656304
3058	15.29	-0.0997573633212596	0.787536962656304
3059	15.295	-0.0971780193503946	0.787536962656304
3060	15.3	-0.0971780193503946	0.787536962656304
3061	15.305	-0.0971780193503946	0.787536962656304
3062	15.31	-0.0958883473649621	0.787536962656304
3063	15.315	-0.0971780193503946	0.787536962656304
3064	15.32	-0.0920193314086646	0.787536962656304
3065	15.325	-0.0933090033940971	0.786247290670872
3066	15.33	-0.0933090033940971	0.786247290670872
3067	15.335	-0.0920193314086646	0.786247290670872
3068	15.34	-0.0868606434669346	0.787536962656304
3069	15.345	-0.0881503154523671	0.786247290670872
3070	15.35	-0.0868606434669346	0.786247290670872
3071	15.355	-0.0855709714815021	0.786247290670872
3072	15.36	-0.0817019555252045	0.786247290670872
3073	15.365	-0.082991627510637	0.786247290670872
3074	15.37	-0.082991627510637	0.786247290670872
3075	15.375	-0.0817019555252045	0.786247290670872
3076	15.38	-0.0791226115543395	0.786247290670872
3077	15.385	-0.077832939568907	0.786247290670872
3078	15.39	-0.077832939568907	0.786247290670872
3079	15.395	-0.077832939568907	0.784957618685439
3080	15.4	-0.075253595598042	0.786247290670872
3081	15.405	-0.0739639236126095	0.786247290670872
3082	15.41	-0.0765432675834745	0.784957618685439
3083	15.415	-0.0739639236126095	0.784957618685439
3084	15.42	-0.072674251627177	0.784957618685439
3085	15.425	-0.0713845796417445	0.784957618685439
3086	15.43	-0.072674251627177	0.784957618685439
3087	15.435	-0.0688052356708795	0.784957618685439
3088	15.44	-0.0688052356708795	0.784957618685439
3089	15.445	-0.0688052356708795	0.784957618685439
3090	15.45	-0.0713845796417445	0.783667946700007
3091	15.455	-0.0688052356708795	0.783667946700007
3092	15.46	-0.067515563685447	0.783667946700007
3093	15.465	-0.070094907656312	0.784957618685439
3094	15.47	-0.067515563685447	0.783667946700007
3095	15.475	-0.064936219714582	0.783667946700007
3096	15.48	-0.0688052356708795	0.783667946700007
3097	15.485	-0.0662258917000145	0.783667946700007
3098	15.49	-0.0688052356708795	0.783667946700007
3099	15.495	-0.0636465477291495	0.783667946700007
3100	15.5	-0.0636465477291495	0.783667946700007
3101	15.505	-0.0662258917000145	0.783667946700007
3102	15.51	-0.064936219714582	0.783667946700007
3103	15.515	-0.0662258917000145	0.783667946700007
3104	15.52	-0.062356875743717	0.782378274714574
3105	15.525	-0.0636465477291495	0.783667946700007
3106	15.53	-0.0636465477291495	0.782378274714574
3107	15.535	-0.062356875743717	0.783667946700007
3108	15.54	-0.062356875743717	0.783667946700007
3109	15.545	-0.0597775317728519	0.782378274714574
3110	15.55	-0.0610672037582844	0.782378274714574
3111	15.555	-0.0610672037582844	0.782378274714574
3112	15.56	-0.062356875743717	0.782378274714574
3113	15.565	-0.064936219714582	0.782378274714574
3114	15.57	-0.0610672037582844	0.782378274714574
3115	15.575	-0.0610672037582844	0.782378274714574
3116	15.58	-0.0610672037582844	0.782378274714574
3117	15.585	-0.0610672037582844	0.782378274714574
3118	15.59	-0.0610672037582844	0.782378274714574
3119	15.595	-0.0597775317728519	0.782378274714574
3120	15.6	-0.0610672037582844	0.782378274714574
3121	15.605	-0.062356875743717	0.782378274714574
3122	15.61	-0.0610672037582844	0.782378274714574
3123	15.615	-0.064936219714582	0.782378274714574
3124	15.62	-0.0636465477291495	0.781088602729142
3125	15.625	-0.064936219714582	0.781088602729142
3126	15.63	-0.062356875743717	0.782378274714574
3127	15.635	-0.0636465477291495	0.781088602729142
3128	15.64	-0.064936219714582	0.782378274714574
3129	15.645	-0.0662258917000145	0.781088602729142
3130	15.65	-0.0662258917000145	0.781088602729142
3131	15.655	-0.0662258917000145	0.781088602729142
3132	15.66	-0.0636465477291495	0.782378274714574
3133	15.665	-0.0636465477291495	0.781088602729142
3134	15.67	-0.067515563685447	0.781088602729142
3135	15.675	-0.0688052356708795	0.781088602729142
3136	15.68	-0.0662258917000145	0.781088602729142
3137	15.685	-0.067515563685447	0.781088602729142
3138	15.69	-0.0713845796417445	0.781088602729142
3139	15.695	-0.072674251627177	0.781088602729142
3140	15.7	-0.067515563685447	0.781088602729142
3141	15.705	-0.070094907656312	0.781088602729142
3142	15.71	-0.075253595598042	0.781088602729142
3143	15.715	-0.070094907656312	0.781088602729142
3144	15.72	-0.0739639236126095	0.781088602729142
3145	15.725	-0.0739639236126095	0.779798930743709
3146	15.73	-0.077832939568907	0.781088602729142
3147	15.735	-0.0765432675834745	0.779798930743709
3148	15.74	-0.0765432675834745	0.779798930743709
3149	15.745	-0.0791226115543395	0.779798930743709
3150	15.75	-0.080412283539772	0.781088602729142
3151	15.755	-0.0791226115543395	0.779798930743709
3152	15.76	-0.0765432675834745	0.779798930743709
3153	15.765	-0.082991627510637	0.779798930743709
3154	15.77	-0.0817019555252045	0.781088602729142
3155	15.775	-0.0817019555252045	0.779798930743709
3156	15.78	-0.082991627510637	0.779798930743709
3157	15.785	-0.082991627510637	0.779798930743709
3158	15.79	-0.0855709714815021	0.779798930743709
3159	15.795	-0.0855709714815021	0.779798930743709
3160	15.8	-0.0842812994960696	0.778509258758277
3161	15.805	-0.0881503154523671	0.779798930743709
3162	15.81	-0.0894399874377996	0.779798930743709
3163	15.815	-0.0894399874377996	0.778509258758277
3164	15.82	-0.0907296594232321	0.778509258758277
3165	15.825	-0.0933090033940971	0.779798930743709
3166	15.83	-0.0945986753795296	0.779798930743709
3167	15.835	-0.0958883473649621	0.778509258758277
3168	15.84	-0.0971780193503946	0.778509258758277
3169	15.845	-0.0933090033940971	0.778509258758277
3170	15.85	-0.0971780193503946	0.778509258758277
3171	15.855	-0.0997573633212596	0.778509258758277
3172	15.86	-0.102336707292125	0.778509258758277
3173	15.865	-0.0997573633212596	0.777219586772844
3174	15.87	-0.106205723248422	0.777219586772844
3175	15.875	-0.107495395233855	0.777219586772844
3176	15.88	-0.11007473920472	0.778509258758277
3177	15.885	-0.113943755161017	0.778509258758277
3178	15.89	-0.111364411190152	0.777219586772844
3179	15.895	-0.11523342714645	0.777219586772844
3180	15.9	-0.117812771117315	0.777219586772844
3181	15.905	-0.122971459059045	0.777219586772844
3182	15.91	-0.122971459059045	0.777219586772844
3183	15.915	-0.121681787073612	0.777219586772844
3184	15.92	-0.12555080302991	0.777219586772844
3185	15.925	-0.12555080302991	0.777219586772844
3186	15.93	-0.134578506927937	0.777219586772844
3187	15.935	-0.13070949097164	0.777219586772844
3188	15.94	-0.133288834942505	0.777219586772844
3189	15.945	-0.137157850898802	0.777219586772844
3190	15.95	-0.139737194869667	0.775929914787412
3191	15.955	-0.137157850898802	0.777219586772844
3192	15.96	-0.139737194869667	0.777219586772844
3193	15.965	-0.1410268668551	0.777219586772844
3194	15.97	-0.15134424273856	0.775929914787412
3195	15.975	-0.150054570753127	0.775929914787412
3196	15.98	-0.147475226782262	0.777219586772844
3197	15.985	-0.150054570753127	0.775929914787412
3198	15.99	-0.153923586709425	0.775929914787412
3199	15.995	-0.152633914723992	0.775929914787412
3200	16	-0.153923586709425	0.775929914787412
3201	16.005	-0.15650293068029	0.774640242801979
3202	16.01	-0.159082274651155	0.775929914787412
3203	16.015	-0.162951290607452	0.774640242801979
3204	16.02	-0.159082274651155	0.775929914787412
3205	16.025	-0.162951290607452	0.775929914787412
3206	16.03	-0.16682030656375	0.775929914787412
3207	16.035	-0.169399650534615	0.774640242801979
3208	16.04	-0.168109978549182	0.774640242801979
3209	16.045	-0.168109978549182	0.774640242801979
3210	16.05	-0.17197899450548	0.774640242801979
3211	16.055	-0.173268666490912	0.774640242801979
3212	16.06	-0.17713768244721	0.774640242801979
3213	16.065	-0.17197899450548	0.774640242801979
3214	16.07	-0.170689322520047	0.774640242801979
3215	16.075	-0.17713768244721	0.774640242801979
3216	16.08	-0.175848010461777	0.774640242801979
3217	16.085	-0.178427354432642	0.774640242801979
3218	16.09	-0.174558338476345	0.773350570816547
3219	16.095	-0.17713768244721	0.773350570816547
3220	16.1	-0.175848010461777	0.773350570816547
3221	16.105	-0.178427354432642	0.773350570816547
3222	16.11	-0.183586042374372	0.773350570816547
3223	16.115	-0.179717026418075	0.773350570816547
3224	16.12	-0.175848010461777	0.773350570816547
3225	16.125	-0.175848010461777	0.773350570816547
3226	16.13	-0.183586042374372	0.773350570816547
3227	16.135	-0.18229637038894	0.773350570816547
3228	16.14	-0.184875714359805	0.773350570816547
3229	16.145	-0.174558338476345	0.772060898831114
3230	16.15	-0.183586042374372	0.773350570816547
3231	16.155	-0.183586042374372	0.772060898831114
3232	16.16	-0.179717026418075	0.772060898831114
3233	16.165	-0.184875714359805	0.772060898831114
3234	16.17	-0.18229637038894	0.773350570816547
3235	16.175	-0.183586042374372	0.772060898831114
3236	16.18	-0.18229637038894	0.772060898831114
3237	16.185	-0.175848010461777	0.772060898831114
3238	16.19	-0.17713768244721	0.772060898831114
3239	16.195	-0.181006698403507	0.772060898831114
3240	16.2	-0.179717026418075	0.772060898831114
3241	16.205	-0.179717026418075	0.772060898831114
3242	16.21	-0.174558338476345	0.772060898831114
3243	16.215	-0.17197899450548	0.772060898831114
3244	16.22	-0.16682030656375	0.772060898831114
3245	16.225	-0.170689322520047	0.770771226845682
3246	16.23	-0.170689322520047	0.770771226845682
3247	16.235	-0.169399650534615	0.772060898831114
3248	16.24	-0.164240962592885	0.770771226845682
3249	16.245	-0.170689322520047	0.770771226845682
3250	16.25	-0.169399650534615	0.770771226845682
3251	16.255	-0.16166161862202	0.770771226845682
3252	16.26	-0.164240962592885	0.770771226845682
3253	16.265	-0.157792602665722	0.770771226845682
3254	16.27	-0.16166161862202	0.770771226845682
3255	16.275	-0.160371946636587	0.770771226845682
3256	16.28	-0.15650293068029	0.770771226845682
3257	16.285	-0.15134424273856	0.770771226845682
3258	16.29	-0.159082274651155	0.770771226845682
3259	16.295	-0.153923586709425	0.770771226845682
3260	16.3	-0.152633914723992	0.770771226845682
3261	16.305	-0.15134424273856	0.770771226845682
3262	16.31	-0.15134424273856	0.770771226845682
3263	16.315	-0.153923586709425	0.770771226845682
3264	16.32	-0.153923586709425	0.770771226845682
3265	16.325	-0.15134424273856	0.769481554860249
3266	16.33	-0.15650293068029	0.769481554860249
3267	16.335	-0.150054570753127	0.769481554860249
3268	16.34	-0.144895882811397	0.769481554860249
3269	16.345	-0.15134424273856	0.769481554860249
3270	16.35	-0.148764898767695	0.769481554860249
3271	16.355	-0.148764898767695	0.769481554860249
3272	16.36	-0.143606210825965	0.769481554860249
3273	16.365	-0.143606210825965	0.768191882874817
3274	16.37	-0.144895882811397	0.769481554860249
3275	16.375	-0.147475226782262	0.768191882874817
3276	16.38	-0.139737194869667	0.769481554860249
3277	16.385	-0.1410268668551	0.768191882874817
3278	16.39	-0.1410268668551	0.768191882874817
3279	16.395	-0.139737194869667	0.768191882874817
3280	16.4	-0.131999162957072	0.768191882874817
3281	16.405	-0.13070949097164	0.768191882874817
3282	16.41	-0.13070949097164	0.766902210889384
3283	16.415	-0.126840475015342	0.768191882874817
3284	16.42	-0.124261131044477	0.768191882874817
3285	16.425	-0.121681787073612	0.768191882874817
3286	16.43	-0.119102443102747	0.768191882874817
3287	16.435	-0.113943755161017	0.768191882874817
3288	16.44	-0.11523342714645	0.766902210889384
3289	16.445	-0.11007473920472	0.768191882874817
3290	16.45	-0.107495395233855	0.768191882874817
3291	16.455	-0.108785067219287	0.766902210889384
3292	16.46	-0.10491605126299	0.766902210889384
3293	16.465	-0.106205723248422	0.766902210889384
3294	16.47	-0.106205723248422	0.766902210889384
3295	16.475	-0.102336707292125	0.766902210889384
3296	16.48	-0.101047035306692	0.766902210889384
3297	16.485	-0.102336707292125	0.766902210889384
3298	16.49	-0.102336707292125	0.765612538903952
3299	16.495	-0.103626379277557	0.766902210889384
3300	16.5	-0.101047035306692	0.766902210889384
3301	16.505	-0.10491605126299	0.766902210889384
3302	16.51	-0.10491605126299	0.766902210889384
3303	16.515	-0.10491605126299	0.766902210889384
3304	16.52	-0.0997573633212596	0.765612538903952
3305	16.525	-0.0984676913358271	0.765612538903952
3306	16.53	-0.101047035306692	0.765612538903952
3307	16.535	-0.0984676913358271	0.765612538903952
3308	16.54	-0.0971780193503946	0.765612538903952
3309	16.545	-0.0971780193503946	0.765612538903952
3310	16.55	-0.0984676913358271	0.765612538903952
3311	16.555	-0.0945986753795296	0.765612538903952
3312	16.56	-0.0945986753795296	0.765612538903952
3313	16.565	-0.0945986753795296	0.765612538903952
3314	16.57	-0.0933090033940971	0.765612538903952
3315	16.575	-0.0894399874377996	0.765612538903952
3316	16.58	-0.0868606434669346	0.765612538903952
3317	16.585	-0.0907296594232321	0.764322866918519
3318	16.59	-0.0868606434669346	0.764322866918519
3319	16.595	-0.0894399874377996	0.764322866918519
3320	16.6	-0.082991627510637	0.764322866918519
3321	16.605	-0.0868606434669346	0.764322866918519
3322	16.61	-0.0894399874377996	0.764322866918519
3323	16.615	-0.0855709714815021	0.764322866918519
3324	16.62	-0.0855709714815021	0.764322866918519
3325	16.625	-0.0894399874377996	0.764322866918519
3326	16.63	-0.0842812994960696	0.764322866918519
3327	16.635	-0.0842812994960696	0.764322866918519
3328	16.64	-0.082991627510637	0.764322866918519
3329	16.645	-0.0855709714815021	0.763033194933087
3330	16.65	-0.0842812994960696	0.764322866918519
3331	16.655	-0.0842812994960696	0.763033194933087
3332	16.66	-0.082991627510637	0.763033194933087
3333	16.665	-0.0817019555252045	0.763033194933087
3334	16.67	-0.0842812994960696	0.763033194933087
3335	16.675	-0.0842812994960696	0.763033194933087
3336	16.68	-0.080412283539772	0.763033194933087
3337	16.685	-0.0817019555252045	0.763033194933087
3338	16.69	-0.0842812994960696	0.763033194933087
3339	16.695	-0.077832939568907	0.761743522947654
3340	16.7	-0.0765432675834745	0.763033194933087
3341	16.705	-0.0791226115543395	0.761743522947654
3342	16.71	-0.0791226115543395	0.761743522947654
3343	16.715	-0.075253595598042	0.761743522947654
3344	16.72	-0.0765432675834745	0.761743522947654
3345	16.725	-0.077832939568907	0.761743522947654
3346	16.73	-0.077832939568907	0.761743522947654
3347	16.735	-0.075253595598042	0.761743522947654
3348	16.74	-0.0765432675834745	0.761743522947654
3349	16.745	-0.072674251627177	0.761743522947654
3350	16.75	-0.077832939568907	0.761743522947654
3351	16.755	-0.077832939568907	0.760453850962222
3352	16.76	-0.075253595598042	0.760453850962222
3353	16.765	-0.0791226115543395	0.760453850962222
3354	16.77	-0.077832939568907	0.760453850962222
3355	16.775	-0.0765432675834745	0.760453850962222
3356	16.78	-0.077832939568907	0.760453850962222
3357	16.785	-0.0765432675834745	0.760453850962222
3358	16.79	-0.0765432675834745	0.760453850962222
3359	16.795	-0.0739639236126095	0.760453850962222
3360	16.8	-0.0739639236126095	0.760453850962222
3361	16.805	-0.072674251627177	0.760453850962222
3362	16.81	-0.0765432675834745	0.760453850962222
3363	16.815	-0.0739639236126095	0.760453850962222
3364	16.82	-0.075253595598042	0.760453850962222
3365	16.825	-0.075253595598042	0.760453850962222
3366	16.83	-0.075253595598042	0.759164178976789
3367	16.835	-0.0765432675834745	0.759164178976789
3368	16.84	-0.0765432675834745	0.759164178976789
3369	16.845	-0.0739639236126095	0.759164178976789
3370	16.85	-0.075253595598042	0.759164178976789
3371	16.855	-0.075253595598042	0.759164178976789
3372	16.86	-0.0765432675834745	0.759164178976789
3373	16.865	-0.0765432675834745	0.759164178976789
3374	16.87	-0.0791226115543395	0.757874506991357
3375	16.875	-0.0765432675834745	0.757874506991357
3376	16.88	-0.077832939568907	0.757874506991357
3377	16.885	-0.0765432675834745	0.757874506991357
3378	16.89	-0.080412283539772	0.757874506991357
3379	16.895	-0.077832939568907	0.757874506991357
3380	16.9	-0.075253595598042	0.757874506991357
3381	16.905	-0.0791226115543395	0.757874506991357
3382	16.91	-0.0791226115543395	0.757874506991357
3383	16.915	-0.0817019555252045	0.756584835005924
3384	16.92	-0.080412283539772	0.756584835005924
3385	16.925	-0.082991627510637	0.756584835005924
3386	16.93	-0.080412283539772	0.757874506991357
3387	16.935	-0.082991627510637	0.756584835005924
3388	16.94	-0.080412283539772	0.756584835005924
3389	16.945	-0.0842812994960696	0.756584835005924
3390	16.95	-0.0868606434669346	0.756584835005924
3391	16.955	-0.0855709714815021	0.755295163020492
3392	16.96	-0.0868606434669346	0.755295163020492
3393	16.965	-0.0907296594232321	0.756584835005924
3394	16.97	-0.0907296594232321	0.755295163020492
3395	16.975	-0.0920193314086646	0.755295163020492
3396	16.98	-0.0933090033940971	0.755295163020492
3397	16.985	-0.0958883473649621	0.755295163020492
3398	16.99	-0.0933090033940971	0.755295163020492
3399	16.995	-0.101047035306692	0.755295163020492
3400	17	-0.101047035306692	0.755295163020492
3401	17.005	-0.0997573633212596	0.754005491035059
3402	17.01	-0.103626379277557	0.754005491035059
3403	17.015	-0.10491605126299	0.754005491035059
3404	17.02	-0.102336707292125	0.754005491035059
3405	17.025	-0.102336707292125	0.754005491035059
3406	17.03	-0.107495395233855	0.754005491035059
3407	17.035	-0.108785067219287	0.754005491035059
3408	17.04	-0.108785067219287	0.752715819049627
3409	17.045	-0.112654083175585	0.752715819049627
3410	17.05	-0.111364411190152	0.754005491035059
3411	17.055	-0.111364411190152	0.752715819049627
3412	17.06	-0.111364411190152	0.752715819049627
3413	17.065	-0.11523342714645	0.752715819049627
3414	17.07	-0.116523099131882	0.752715819049627
3415	17.075	-0.12039211508818	0.752715819049627
3416	17.08	-0.119102443102747	0.751426147064194
3417	17.085	-0.117812771117315	0.752715819049627
3418	17.09	-0.122971459059045	0.751426147064194
3419	17.095	-0.121681787073612	0.751426147064194
3420	17.1	-0.12039211508818	0.752715819049627
3421	17.105	-0.121681787073612	0.751426147064194
3422	17.11	-0.12039211508818	0.751426147064194
3423	17.115	-0.12039211508818	0.751426147064194
3424	17.12	-0.121681787073612	0.751426147064194
3425	17.125	-0.121681787073612	0.751426147064194
3426	17.13	-0.12039211508818	0.750136475078762
3427	17.135	-0.122971459059045	0.750136475078762
3428	17.14	-0.116523099131882	0.750136475078762
3429	17.145	-0.121681787073612	0.750136475078762
3430	17.15	-0.12039211508818	0.750136475078762
3431	17.155	-0.119102443102747	0.750136475078762
3432	17.16	-0.119102443102747	0.750136475078762
3433	17.165	-0.116523099131882	0.750136475078762
3434	17.17	-0.12039211508818	0.750136475078762
3435	17.175	-0.121681787073612	0.748846803093329
3436	17.18	-0.116523099131882	0.748846803093329
3437	17.185	-0.11523342714645	0.748846803093329
3438	17.19	-0.119102443102747	0.748846803093329
3439	17.195	-0.113943755161017	0.748846803093329
3440	17.2	-0.111364411190152	0.747557131107897
3441	17.205	-0.112654083175585	0.748846803093329
3442	17.21	-0.113943755161017	0.748846803093329
3443	17.215	-0.11523342714645	0.748846803093329
3444	17.22	-0.107495395233855	0.748846803093329
3445	17.225	-0.108785067219287	0.747557131107897
3446	17.23	-0.107495395233855	0.747557131107897
3447	17.235	-0.111364411190152	0.747557131107897
3448	17.24	-0.107495395233855	0.747557131107897
3449	17.245	-0.10491605126299	0.746267459122464
3450	17.25	-0.106205723248422	0.747557131107897
3451	17.255	-0.107495395233855	0.746267459122464
3452	17.26	-0.102336707292125	0.746267459122464
3453	17.265	-0.103626379277557	0.746267459122464
3454	17.27	-0.102336707292125	0.746267459122464
3455	17.275	-0.103626379277557	0.746267459122464
3456	17.28	-0.102336707292125	0.746267459122464
3457	17.285	-0.102336707292125	0.746267459122464
3458	17.29	-0.103626379277557	0.746267459122464
3459	17.295	-0.101047035306692	0.746267459122464
3460	17.3	-0.0997573633212596	0.744977787137032
3461	17.305	-0.0958883473649621	0.746267459122464
3462	17.31	-0.0997573633212596	0.744977787137032
3463	17.315	-0.0984676913358271	0.744977787137032
3464	17.32	-0.0945986753795296	0.744977787137032
3465	17.325	-0.0984676913358271	0.744977787137032
3466	17.33	-0.0933090033940971	0.744977787137032
3467	17.335	-0.0971780193503946	0.743688115151599
3468	17.34	-0.0907296594232321	0.743688115151599
3469	17.345	-0.0920193314086646	0.743688115151599
3470	17.35	-0.0920193314086646	0.743688115151599
3471	17.355	-0.0894399874377996	0.743688115151599
3472	17.36	-0.0894399874377996	0.743688115151599
3473	17.365	-0.0894399874377996	0.743688115151599
3474	17.37	-0.0907296594232321	0.743688115151599
3475	17.375	-0.0868606434669346	0.743688115151599
3476	17.38	-0.0855709714815021	0.742398443166167
3477	17.385	-0.0894399874377996	0.742398443166167
3478	17.39	-0.0881503154523671	0.742398443166167
3479	17.395	-0.0842812994960696	0.742398443166167
3480	17.4	-0.0868606434669346	0.742398443166167
3481	17.405	-0.0868606434669346	0.742398443166167
3482	17.41	-0.0868606434669346	0.742398443166167
3483	17.415	-0.0855709714815021	0.741108771180734
3484	17.42	-0.082991627510637	0.742398443166167
3485	17.425	-0.080412283539772	0.742398443166167
3486	17.43	-0.0842812994960696	0.742398443166167
3487	17.435	-0.082991627510637	0.741108771180734
3488	17.44	-0.0817019555252045	0.741108771180734
3489	17.445	-0.0817019555252045	0.741108771180734
3490	17.45	-0.082991627510637	0.741108771180734
3491	17.455	-0.077832939568907	0.741108771180734
3492	17.46	-0.0791226115543395	0.741108771180734
3493	17.465	-0.080412283539772	0.741108771180734
3494	17.47	-0.080412283539772	0.739819099195302
3495	17.475	-0.077832939568907	0.739819099195302
3496	17.48	-0.077832939568907	0.739819099195302
3497	17.485	-0.077832939568907	0.739819099195302
3498	17.49	-0.0765432675834745	0.739819099195302
3499	17.495	-0.077832939568907	0.739819099195302
3500	17.5	-0.0765432675834745	0.738529427209869
3501	17.505	-0.0765432675834745	0.738529427209869
3502	17.51	-0.0765432675834745	0.738529427209869
3503	17.515	-0.075253595598042	0.738529427209869
3504	17.52	-0.075253595598042	0.739819099195302
3505	17.525	-0.077832939568907	0.738529427209869
3506	17.53	-0.0765432675834745	0.738529427209869
3507	17.535	-0.0765432675834745	0.738529427209869
3508	17.54	-0.072674251627177	0.738529427209869
3509	17.545	-0.0739639236126095	0.738529427209869
3510	17.55	-0.0765432675834745	0.737239755224437
3511	17.555	-0.0765432675834745	0.737239755224437
3512	17.56	-0.0739639236126095	0.737239755224437
3513	17.565	-0.0739639236126095	0.737239755224437
3514	17.57	-0.075253595598042	0.737239755224437
3515	17.575	-0.077832939568907	0.737239755224437
3516	17.58	-0.0739639236126095	0.737239755224437
3517	17.585	-0.0765432675834745	0.737239755224437
3518	17.59	-0.077832939568907	0.735950083239004
3519	17.595	-0.077832939568907	0.737239755224437
3520	17.6	-0.0765432675834745	0.735950083239004
3521	17.605	-0.077832939568907	0.735950083239004
3522	17.61	-0.0791226115543395	0.735950083239004
3523	17.615	-0.080412283539772	0.735950083239004
3524	17.62	-0.0791226115543395	0.735950083239004
3525	17.625	-0.082991627510637	0.735950083239004
3526	17.63	-0.0817019555252045	0.735950083239004
3527	17.635	-0.0817019555252045	0.734660411253572
3528	17.64	-0.0842812994960696	0.735950083239004
3529	17.645	-0.0842812994960696	0.734660411253572
3530	17.65	-0.0855709714815021	0.734660411253572
3531	17.655	-0.0842812994960696	0.734660411253572
3532	17.66	-0.0881503154523671	0.734660411253572
3533	17.665	-0.0881503154523671	0.734660411253572
3534	17.67	-0.0894399874377996	0.734660411253572
3535	17.675	-0.0920193314086646	0.734660411253572
3536	17.68	-0.0894399874377996	0.733370739268139
3537	17.685	-0.0881503154523671	0.734660411253572
3538	17.69	-0.0933090033940971	0.733370739268139
3539	17.695	-0.0945986753795296	0.733370739268139
3540	17.7	-0.0933090033940971	0.733370739268139
3541	17.705	-0.0984676913358271	0.733370739268139
3542	17.71	-0.101047035306692	0.732081067282706
3543	17.715	-0.101047035306692	0.732081067282706
3544	17.72	-0.102336707292125	0.732081067282706
3545	17.725	-0.106205723248422	0.732081067282706
3546	17.73	-0.11007473920472	0.732081067282706
3547	17.735	-0.11007473920472	0.732081067282706
3548	17.74	-0.112654083175585	0.732081067282706
3549	17.745	-0.11523342714645	0.732081067282706
3550	17.75	-0.116523099131882	0.732081067282706
3551	17.755	-0.119102443102747	0.732081067282706
3552	17.76	-0.116523099131882	0.732081067282706
3553	17.765	-0.126840475015342	0.732081067282706
3554	17.77	-0.13070949097164	0.730791395297274
3555	17.775	-0.129419818986207	0.730791395297274
3556	17.78	-0.134578506927937	0.730791395297274
3557	17.785	-0.138447522884235	0.730791395297274
3558	17.79	-0.142316538840532	0.730791395297274
3559	17.795	-0.143606210825965	0.730791395297274
3560	17.8	-0.14618555479683	0.729501723311841
3561	17.805	-0.150054570753127	0.730791395297274
3562	17.81	-0.155213258694857	0.729501723311841
3563	17.815	-0.159082274651155	0.729501723311841
3564	17.82	-0.160371946636587	0.729501723311841
3565	17.825	-0.16682030656375	0.729501723311841
3566	17.83	-0.170689322520047	0.729501723311841
3567	17.835	-0.16682030656375	0.729501723311841
3568	17.84	-0.175848010461777	0.729501723311841
3569	17.845	-0.175848010461777	0.728212051326409
3570	17.85	-0.175848010461777	0.729501723311841
3571	17.855	-0.183586042374372	0.729501723311841
3572	17.86	-0.178427354432642	0.728212051326409
3573	17.865	-0.190034402301535	0.728212051326409
3574	17.87	-0.188744730316103	0.728212051326409
3575	17.875	-0.196482762228698	0.728212051326409
3576	17.88	-0.199062106199563	0.728212051326409
3577	17.885	-0.201641450170428	0.728212051326409
3578	17.89	-0.201641450170428	0.726922379340976
3579	17.895	-0.199062106199563	0.728212051326409
3580	17.9	-0.201641450170428	0.726922379340976
3581	17.905	-0.205510466126725	0.726922379340976
3582	17.91	-0.204220794141293	0.726922379340976
3583	17.915	-0.201641450170428	0.726922379340976
3584	17.92	-0.201641450170428	0.726922379340976
3585	17.925	-0.210669154068455	0.725632707355544
3586	17.93	-0.209379482083023	0.725632707355544
3587	17.935	-0.206800138112158	0.725632707355544
3588	17.94	-0.210669154068455	0.725632707355544
3589	17.945	-0.205510466126725	0.725632707355544
3590	17.95	-0.204220794141293	0.725632707355544
3591	17.955	-0.209379482083023	0.725632707355544
3592	17.96	-0.209379482083023	0.725632707355544
3593	17.965	-0.200351778184995	0.725632707355544
3594	17.97	-0.211958826053888	0.724343035370111
3595	17.975	-0.20293112215586	0.724343035370111
3596	17.98	-0.204220794141293	0.724343035370111
3597	17.985	-0.205510466126725	0.724343035370111
3598	17.99	-0.204220794141293	0.724343035370111
3599	17.995	-0.204220794141293	0.724343035370111
3600	18	-0.201641450170428	0.724343035370111
3601	18.005	-0.199062106199563	0.724343035370111
3602	18.01	-0.19777243421413	0.723053363384679
3603	18.015	-0.195193090243265	0.724343035370111
3604	18.02	-0.196482762228698	0.723053363384679
3605	18.025	-0.19777243421413	0.723053363384679
3606	18.03	-0.1926137462724	0.723053363384679
3607	18.035	-0.188744730316103	0.723053363384679
3608	18.04	-0.195193090243265	0.721763691399246
3609	18.045	-0.193903418257833	0.723053363384679
3610	18.05	-0.195193090243265	0.723053363384679
3611	18.055	-0.195193090243265	0.723053363384679
3612	18.06	-0.1926137462724	0.721763691399246
3613	18.065	-0.19777243421413	0.721763691399246
3614	18.07	-0.199062106199563	0.721763691399246
3615	18.075	-0.196482762228698	0.723053363384679
3616	18.08	-0.196482762228698	0.721763691399246
3617	18.085	-0.19777243421413	0.721763691399246
3618	18.09	-0.196482762228698	0.721763691399246
3619	18.095	-0.199062106199563	0.721763691399246
3620	18.1	-0.200351778184995	0.720474019413814
3621	18.105	-0.206800138112158	0.721763691399246
3622	18.11	-0.201641450170428	0.721763691399246
3623	18.115	-0.200351778184995	0.721763691399246
3624	18.12	-0.200351778184995	0.720474019413814
3625	18.125	-0.199062106199563	0.720474019413814
3626	18.13	-0.204220794141293	0.720474019413814
3627	18.135	-0.196482762228698	0.720474019413814
3628	18.14	-0.196482762228698	0.720474019413814
3629	18.145	-0.195193090243265	0.720474019413814
3630	18.15	-0.200351778184995	0.720474019413814
3631	18.155	-0.200351778184995	0.720474019413814
3632	18.16	-0.200351778184995	0.720474019413814
3633	18.165	-0.188744730316103	0.720474019413814
3634	18.17	-0.19777243421413	0.720474019413814
3635	18.175	-0.1926137462724	0.719184347428381
3636	18.18	-0.193903418257833	0.719184347428381
3637	18.185	-0.1926137462724	0.720474019413814
3638	18.19	-0.19777243421413	0.719184347428381
3639	18.195	-0.191324074286968	0.719184347428381
3640	18.2	-0.190034402301535	0.719184347428381
3641	18.205	-0.190034402301535	0.719184347428381
3642	18.21	-0.188744730316103	0.719184347428381
3643	18.215	-0.186165386345237	0.719184347428381
3644	18.22	-0.181006698403507	0.719184347428381
3645	18.225	-0.181006698403507	0.719184347428381
3646	18.23	-0.17713768244721	0.717894675442949
3647	18.235	-0.17197899450548	0.717894675442949
3648	18.24	-0.168109978549182	0.717894675442949
3649	18.245	-0.164240962592885	0.717894675442949
3650	18.25	-0.159082274651155	0.717894675442949
3651	18.255	-0.153923586709425	0.717894675442949
3652	18.26	-0.14618555479683	0.717894675442949
3653	18.265	-0.1410268668551	0.717894675442949
3654	18.27	-0.13586817891337	0.717894675442949
3655	18.275	-0.126840475015342	0.716605003457516
3656	18.28	-0.12555080302991	0.716605003457516
3657	18.285	-0.122971459059045	0.716605003457516
3658	18.29	-0.119102443102747	0.716605003457516
3659	18.295	-0.112654083175585	0.716605003457516
3660	18.3	-0.117812771117315	0.716605003457516
3661	18.305	-0.11523342714645	0.716605003457516
3662	18.31	-0.116523099131882	0.716605003457516
3663	18.315	-0.12039211508818	0.716605003457516
3664	18.32	-0.119102443102747	0.715315331472084
3665	18.325	-0.117812771117315	0.716605003457516
3666	18.33	-0.12039211508818	0.715315331472084
3667	18.335	-0.116523099131882	0.716605003457516
3668	18.34	-0.11523342714645	0.715315331472084
3669	18.345	-0.117812771117315	0.715315331472084
3670	18.35	-0.116523099131882	0.715315331472084
3671	18.355	-0.112654083175585	0.715315331472084
3672	18.36	-0.10491605126299	0.715315331472084
3673	18.365	-0.107495395233855	0.714025659486651
3674	18.37	-0.102336707292125	0.715315331472084
3675	18.375	-0.0997573633212596	0.715315331472084
3676	18.38	-0.0933090033940971	0.715315331472084
3677	18.385	-0.0868606434669346	0.715315331472084
3678	18.39	-0.0855709714815021	0.715315331472084
3679	18.395	-0.0817019555252045	0.714025659486651
3680	18.4	-0.0791226115543395	0.714025659486651
3681	18.405	-0.070094907656312	0.714025659486651
3682	18.41	-0.070094907656312	0.714025659486651
3683	18.415	-0.0713845796417445	0.714025659486651
3684	18.42	-0.067515563685447	0.714025659486651
3685	18.425	-0.062356875743717	0.714025659486651
3686	18.43	-0.064936219714582	0.714025659486651
3687	18.435	-0.064936219714582	0.712735987501219
3688	18.44	-0.0610672037582844	0.712735987501219
3689	18.445	-0.0597775317728519	0.712735987501219
3690	18.45	-0.062356875743717	0.712735987501219
3691	18.455	-0.062356875743717	0.712735987501219
3692	18.46	-0.0597775317728519	0.712735987501219
3693	18.465	-0.0610672037582844	0.712735987501219
3694	18.47	-0.0610672037582844	0.712735987501219
3695	18.475	-0.0636465477291495	0.711446315515786
3696	18.48	-0.0636465477291495	0.711446315515786
3697	18.485	-0.0636465477291495	0.711446315515786
3698	18.49	-0.064936219714582	0.712735987501219
3699	18.495	-0.0636465477291495	0.711446315515786
3700	18.5	-0.0636465477291495	0.711446315515786
3701	18.505	-0.0662258917000145	0.711446315515786
3702	18.51	-0.0688052356708795	0.711446315515786
3703	18.515	-0.072674251627177	0.710156643530354
3704	18.52	-0.075253595598042	0.711446315515786
3705	18.525	-0.0817019555252045	0.710156643530354
3706	18.53	-0.0817019555252045	0.710156643530354
3707	18.535	-0.082991627510637	0.710156643530354
3708	18.54	-0.0855709714815021	0.710156643530354
3709	18.545	-0.0907296594232321	0.710156643530354
3710	18.55	-0.0984676913358271	0.710156643530354
3711	18.555	-0.106205723248422	0.710156643530354
3712	18.56	-0.102336707292125	0.710156643530354
3713	18.565	-0.103626379277557	0.708866971544921
3714	18.57	-0.111364411190152	0.708866971544921
3715	18.575	-0.112654083175585	0.708866971544921
3716	18.58	-0.11007473920472	0.708866971544921
3717	18.585	-0.112654083175585	0.708866971544921
3718	18.59	-0.12039211508818	0.708866971544921
3719	18.595	-0.116523099131882	0.708866971544921
3720	18.6	-0.11523342714645	0.708866971544921
3721	18.605	-0.116523099131882	0.708866971544921
3722	18.61	-0.119102443102747	0.708866971544921
3723	18.615	-0.116523099131882	0.707577299559489
3724	18.62	-0.117812771117315	0.707577299559489
3725	18.625	-0.12039211508818	0.707577299559489
3726	18.63	-0.124261131044477	0.707577299559489
3727	18.635	-0.126840475015342	0.707577299559489
3728	18.64	-0.129419818986207	0.707577299559489
3729	18.645	-0.13586817891337	0.707577299559489
3730	18.65	-0.138447522884235	0.707577299559489
3731	18.655	-0.144895882811397	0.706287627574056
3732	18.66	-0.148764898767695	0.706287627574056
3733	18.665	-0.155213258694857	0.706287627574056
3734	18.67	-0.16166161862202	0.706287627574056
3735	18.675	-0.162951290607452	0.706287627574056
3736	18.68	-0.162951290607452	0.706287627574056
3737	18.685	-0.174558338476345	0.706287627574056
3738	18.69	-0.175848010461777	0.706287627574056
3739	18.695	-0.175848010461777	0.706287627574056
3740	18.7	-0.17713768244721	0.706287627574056
3741	18.705	-0.178427354432642	0.704997955588624
3742	18.71	-0.184875714359805	0.706287627574056
3743	18.715	-0.184875714359805	0.704997955588624
3744	18.72	-0.183586042374372	0.704997955588624
3745	18.725	-0.191324074286968	0.704997955588624
3746	18.73	-0.193903418257833	0.704997955588624
3747	18.735	-0.1926137462724	0.704997955588624
3748	18.74	-0.191324074286968	0.704997955588624
3749	18.745	-0.195193090243265	0.704997955588624
3750	18.75	-0.200351778184995	0.703708283603191
3751	18.755	-0.193903418257833	0.703708283603191
3752	18.76	-0.191324074286968	0.703708283603191
3753	18.765	-0.196482762228698	0.703708283603191
3754	18.77	-0.19777243421413	0.703708283603191
3755	18.775	-0.200351778184995	0.703708283603191
3756	18.78	-0.205510466126725	0.703708283603191
3757	18.785	-0.204220794141293	0.702418611617759
3758	18.79	-0.209379482083023	0.703708283603191
3759	18.795	-0.211958826053888	0.702418611617759
3760	18.8	-0.206800138112158	0.702418611617759
3761	18.805	-0.21324849803932	0.702418611617759
3762	18.81	-0.210669154068455	0.702418611617759
3763	18.815	-0.214538170024753	0.702418611617759
3764	18.82	-0.211958826053888	0.702418611617759
3765	18.825	-0.215827842010185	0.702418611617759
3766	18.83	-0.214538170024753	0.702418611617759
3767	18.835	-0.217117513995618	0.701128939632326
3768	18.84	-0.215827842010185	0.701128939632326
3769	18.845	-0.211958826053888	0.702418611617759
3770	18.85	-0.211958826053888	0.701128939632326
3771	18.855	-0.220986529951915	0.701128939632326
3772	18.86	-0.215827842010185	0.701128939632326
3773	18.865	-0.215827842010185	0.701128939632326
3774	18.87	-0.21324849803932	0.701128939632326
3775	18.875	-0.215827842010185	0.699839267646894
3776	18.88	-0.210669154068455	0.699839267646894
3777	18.885	-0.209379482083023	0.699839267646894
3778	18.89	-0.206800138112158	0.699839267646894
3779	18.895	-0.20808981009759	0.699839267646894
3780	18.9	-0.205510466126725	0.698549595661461
3781	18.905	-0.20808981009759	0.699839267646894
3782	18.91	-0.205510466126725	0.699839267646894
3783	18.915	-0.204220794141293	0.698549595661461
3784	18.92	-0.204220794141293	0.698549595661461
3785	18.925	-0.199062106199563	0.699839267646894
3786	18.93	-0.20293112215586	0.699839267646894
3787	18.935	-0.195193090243265	0.699839267646894
3788	18.94	-0.200351778184995	0.699839267646894
3789	18.945	-0.1926137462724	0.698549595661461
3790	18.95	-0.188744730316103	0.698549595661461
3791	18.955	-0.188744730316103	0.698549595661461
3792	18.96	-0.18229637038894	0.698549595661461
3793	18.965	-0.181006698403507	0.698549595661461
3794	18.97	-0.186165386345237	0.697259923676029
3795	18.975	-0.179717026418075	0.697259923676029
3796	18.98	-0.175848010461777	0.697259923676029
3797	18.985	-0.173268666490912	0.697259923676029
3798	18.99	-0.174558338476345	0.697259923676029
3799	18.995	-0.17197899450548	0.697259923676029
3800	19	-0.173268666490912	0.697259923676029
3801	19.005	-0.173268666490912	0.697259923676029
3802	19.01	-0.168109978549182	0.697259923676029
3803	19.015	-0.169399650534615	0.697259923676029
3804	19.02	-0.16166161862202	0.695970251690596
3805	19.025	-0.162951290607452	0.695970251690596
3806	19.03	-0.159082274651155	0.695970251690596
3807	19.035	-0.16166161862202	0.695970251690596
3808	19.04	-0.155213258694857	0.695970251690596
3809	19.045	-0.155213258694857	0.695970251690596
3810	19.05	-0.153923586709425	0.695970251690596
3811	19.055	-0.155213258694857	0.694680579705164
3812	19.06	-0.148764898767695	0.695970251690596
3813	19.065	-0.14618555479683	0.694680579705164
3814	19.07	-0.147475226782262	0.694680579705164
3815	19.075	-0.143606210825965	0.694680579705164
3816	19.08	-0.138447522884235	0.694680579705164
3817	19.085	-0.142316538840532	0.694680579705164
3818	19.09	-0.142316538840532	0.694680579705164
3819	19.095	-0.1410268668551	0.693390907719731
3820	19.1	-0.134578506927937	0.694680579705164
3821	19.105	-0.134578506927937	0.693390907719731
3822	19.11	-0.133288834942505	0.693390907719731
3823	19.115	-0.13070949097164	0.693390907719731
3824	19.12	-0.133288834942505	0.693390907719731
3825	19.125	-0.128130147000775	0.693390907719731
3826	19.13	-0.13070949097164	0.693390907719731
3827	19.135	-0.129419818986207	0.693390907719731
3828	19.14	-0.129419818986207	0.693390907719731
3829	19.145	-0.124261131044477	0.693390907719731
3830	19.15	-0.126840475015342	0.693390907719731
3831	19.155	-0.122971459059045	0.692101235734299
3832	19.16	-0.122971459059045	0.692101235734299
3833	19.165	-0.12039211508818	0.693390907719731
3834	19.17	-0.12039211508818	0.692101235734299
3835	19.175	-0.12039211508818	0.692101235734299
3836	19.18	-0.11523342714645	0.692101235734299
3837	19.185	-0.117812771117315	0.692101235734299
3838	19.19	-0.121681787073612	0.692101235734299
3839	19.195	-0.116523099131882	0.690811563748866
3840	19.2	-0.117812771117315	0.690811563748866
3841	19.205	-0.113943755161017	0.690811563748866
3842	19.21	-0.11523342714645	0.690811563748866
3843	19.215	-0.11523342714645	0.689521891763434
3844	19.22	-0.112654083175585	0.690811563748866
3845	19.225	-0.111364411190152	0.690811563748866
3846	19.23	-0.111364411190152	0.690811563748866
3847	19.235	-0.11007473920472	0.689521891763434
3848	19.24	-0.103626379277557	0.689521891763434
3849	19.245	-0.106205723248422	0.689521891763434
3850	19.25	-0.103626379277557	0.689521891763434
3851	19.255	-0.10491605126299	0.689521891763434
3852	19.26	-0.102336707292125	0.689521891763434
3853	19.265	-0.101047035306692	0.689521891763434
3854	19.27	-0.0971780193503946	0.689521891763434
3855	19.275	-0.0971780193503946	0.689521891763434
3856	19.28	-0.0958883473649621	0.688232219778001
3857	19.285	-0.0958883473649621	0.689521891763434
3858	19.29	-0.0958883473649621	0.689521891763434
3859	19.295	-0.0945986753795296	0.689521891763434
3860	19.3	-0.0945986753795296	0.688232219778001
3861	19.305	-0.0907296594232321	0.686942547792569
3862	19.31	-0.0894399874377996	0.688232219778001
3863	19.315	-0.0907296594232321	0.688232219778001
3864	19.32	-0.0842812994960696	0.688232219778001
3865	19.325	-0.0855709714815021	0.688232219778001
3866	19.33	-0.0868606434669346	0.686942547792569
3867	19.335	-0.0868606434669346	0.686942547792569
3868	19.34	-0.0817019555252045	0.686942547792569
3869	19.345	-0.0817019555252045	0.688232219778001
3870	19.35	-0.0817019555252045	0.686942547792569
3871	19.355	-0.0791226115543395	0.686942547792569
3872	19.36	-0.0791226115543395	0.686942547792569
3873	19.365	-0.080412283539772	0.686942547792569
3874	19.37	-0.0791226115543395	0.686942547792569
3875	19.375	-0.080412283539772	0.686942547792569
3876	19.38	-0.0739639236126095	0.686942547792569
3877	19.385	-0.072674251627177	0.685652875807136
3878	19.39	-0.075253595598042	0.685652875807136
3879	19.395	-0.0739639236126095	0.685652875807136
3880	19.4	-0.0688052356708795	0.685652875807136
3881	19.405	-0.070094907656312	0.685652875807136
3882	19.41	-0.070094907656312	0.685652875807136
3883	19.415	-0.072674251627177	0.684363203821704
3884	19.42	-0.067515563685447	0.685652875807136
3885	19.425	-0.0662258917000145	0.685652875807136
3886	19.43	-0.067515563685447	0.684363203821704
3887	19.435	-0.067515563685447	0.684363203821704
3888	19.44	-0.0636465477291495	0.684363203821704
3889	19.445	-0.062356875743717	0.684363203821704
3890	19.45	-0.064936219714582	0.684363203821704
3891	19.455	-0.067515563685447	0.684363203821704
3892	19.46	-0.064936219714582	0.684363203821704
3893	19.465	-0.062356875743717	0.684363203821704
3894	19.47	-0.062356875743717	0.684363203821704
3895	19.475	-0.064936219714582	0.684363203821704
3896	19.48	-0.0610672037582844	0.684363203821704
3897	19.485	-0.062356875743717	0.684363203821704
3898	19.49	-0.0636465477291495	0.683073531836271
3899	19.495	-0.0636465477291495	0.683073531836271
3900	19.5	-0.062356875743717	0.684363203821704
3901	19.505	-0.0636465477291495	0.683073531836271
3902	19.51	-0.0610672037582844	0.683073531836271
3903	19.515	-0.062356875743717	0.683073531836271
3904	19.52	-0.0597775317728519	0.683073531836271
3905	19.525	-0.062356875743717	0.683073531836271
3906	19.53	-0.0636465477291495	0.683073531836271
3907	19.535	-0.0610672037582844	0.683073531836271
3908	19.54	-0.062356875743717	0.681783859850839
3909	19.545	-0.062356875743717	0.681783859850839
3910	19.55	-0.064936219714582	0.681783859850839
3911	19.555	-0.062356875743717	0.683073531836271
3912	19.56	-0.062356875743717	0.681783859850839
3913	19.565	-0.062356875743717	0.681783859850839
3914	19.57	-0.064936219714582	0.681783859850839
3915	19.575	-0.0636465477291495	0.681783859850839
3916	19.58	-0.064936219714582	0.681783859850839
3917	19.585	-0.064936219714582	0.681783859850839
3918	19.59	-0.067515563685447	0.681783859850839
3919	19.595	-0.0688052356708795	0.681783859850839
3920	19.6	-0.067515563685447	0.681783859850839
3921	19.605	-0.067515563685447	0.681783859850839
3922	19.61	-0.070094907656312	0.681783859850839
3923	19.615	-0.0688052356708795	0.680494187865406
3924	19.62	-0.0713845796417445	0.680494187865406
3925	19.625	-0.0713845796417445	0.680494187865406
3926	19.63	-0.072674251627177	0.680494187865406
3927	19.635	-0.072674251627177	0.680494187865406
3928	19.64	-0.0739639236126095	0.680494187865406
3929	19.645	-0.0739639236126095	0.680494187865406
3930	19.65	-0.0739639236126095	0.680494187865406
3931	19.655	-0.075253595598042	0.680494187865406
3932	19.66	-0.0739639236126095	0.679204515879974
3933	19.665	-0.0765432675834745	0.679204515879974
3934	19.67	-0.0765432675834745	0.679204515879974
3935	19.675	-0.0791226115543395	0.679204515879974
3936	19.68	-0.075253595598042	0.679204515879974
3937	19.685	-0.0765432675834745	0.679204515879974
3938	19.69	-0.0817019555252045	0.679204515879974
3939	19.695	-0.0791226115543395	0.679204515879974
3940	19.7	-0.0791226115543395	0.679204515879974
3941	19.705	-0.080412283539772	0.679204515879974
3942	19.71	-0.082991627510637	0.679204515879974
3943	19.715	-0.0842812994960696	0.679204515879974
3944	19.72	-0.082991627510637	0.679204515879974
3945	19.725	-0.0855709714815021	0.679204515879974
3946	19.73	-0.0855709714815021	0.679204515879974
3947	19.735	-0.0868606434669346	0.677914843894541
3948	19.74	-0.0868606434669346	0.677914843894541
3949	19.745	-0.0894399874377996	0.677914843894541
3950	19.75	-0.0894399874377996	0.677914843894541
3951	19.755	-0.0907296594232321	0.677914843894541
3952	19.76	-0.0907296594232321	0.677914843894541
3953	19.765	-0.0907296594232321	0.677914843894541
3954	19.77	-0.0958883473649621	0.677914843894541
3955	19.775	-0.0958883473649621	0.677914843894541
3956	19.78	-0.0920193314086646	0.676625171909109
3957	19.785	-0.0958883473649621	0.676625171909109
3958	19.79	-0.102336707292125	0.676625171909109
3959	19.795	-0.0984676913358271	0.677914843894541
3960	19.8	-0.0997573633212596	0.676625171909109
3961	19.805	-0.0971780193503946	0.677914843894541
3962	19.81	-0.10491605126299	0.676625171909109
3963	19.815	-0.102336707292125	0.676625171909109
3964	19.82	-0.102336707292125	0.676625171909109
3965	19.825	-0.0997573633212596	0.676625171909109
3966	19.83	-0.10491605126299	0.676625171909109
3967	19.835	-0.107495395233855	0.675335499923676
3968	19.84	-0.106205723248422	0.676625171909109
3969	19.845	-0.11007473920472	0.676625171909109
3970	19.85	-0.11007473920472	0.676625171909109
3971	19.855	-0.11007473920472	0.676625171909109
3972	19.86	-0.111364411190152	0.676625171909109
3973	19.865	-0.11007473920472	0.675335499923676
3974	19.87	-0.11523342714645	0.675335499923676
3975	19.875	-0.11523342714645	0.675335499923676
3976	19.88	-0.113943755161017	0.675335499923676
3977	19.885	-0.11523342714645	0.675335499923676
3978	19.89	-0.11523342714645	0.675335499923676
3979	19.895	-0.119102443102747	0.675335499923676
3980	19.9	-0.117812771117315	0.674045827938244
3981	19.905	-0.119102443102747	0.675335499923676
3982	19.91	-0.121681787073612	0.675335499923676
3983	19.915	-0.126840475015342	0.675335499923676
3984	19.92	-0.121681787073612	0.674045827938244
3985	19.925	-0.117812771117315	0.674045827938244
3986	19.93	-0.122971459059045	0.674045827938244
3987	19.935	-0.124261131044477	0.674045827938244
3988	19.94	-0.12555080302991	0.674045827938244
3989	19.945	-0.12555080302991	0.674045827938244
3990	19.95	-0.12555080302991	0.674045827938244
3991	19.955	-0.128130147000775	0.674045827938244
3992	19.96	-0.12555080302991	0.674045827938244
3993	19.965	-0.12555080302991	0.674045827938244
3994	19.97	-0.124261131044477	0.674045827938244
3995	19.975	-0.13070949097164	0.674045827938244
3996	19.98	-0.126840475015342	0.674045827938244
3997	19.985	-0.129419818986207	0.672756155952811
3998	19.99	-0.129419818986207	0.672756155952811
3999	19.995	-0.131999162957072	0.674045827938244
4000	20	-0.13070949097164	0.672756155952811
4001	20.005	-0.131999162957072	0.672756155952811
4002	20.01	-0.129419818986207	0.672756155952811
4003	20.015	-0.133288834942505	0.672756155952811
4004	20.02	-0.131999162957072	0.672756155952811
4005	20.025	-0.134578506927937	0.672756155952811
4006	20.03	-0.138447522884235	0.672756155952811
4007	20.035	-0.138447522884235	0.671466483967379
4008	20.04	-0.137157850898802	0.672756155952811
4009	20.045	-0.134578506927937	0.671466483967379
4010	20.05	-0.1410268668551	0.671466483967379
4011	20.055	-0.137157850898802	0.671466483967379
4012	20.06	-0.134578506927937	0.671466483967379
4013	20.065	-0.13586817891337	0.671466483967379
4014	20.07	-0.13586817891337	0.671466483967379
4015	20.075	-0.13586817891337	0.671466483967379
4016	20.08	-0.133288834942505	0.670176811981946
4017	20.085	-0.13586817891337	0.670176811981946
4018	20.09	-0.139737194869667	0.670176811981946
4019	20.095	-0.13586817891337	0.670176811981946
4020	20.1	-0.137157850898802	0.670176811981946
4021	20.105	-0.139737194869667	0.670176811981946
4022	20.11	-0.138447522884235	0.670176811981946
4023	20.115	-0.142316538840532	0.671466483967379
4024	20.12	-0.137157850898802	0.670176811981946
4025	20.125	-0.139737194869667	0.670176811981946
4026	20.13	-0.139737194869667	0.668887139996514
4027	20.135	-0.1410268668551	0.668887139996514
4028	20.14	-0.134578506927937	0.668887139996514
4029	20.145	-0.134578506927937	0.668887139996514
4030	20.15	-0.137157850898802	0.670176811981946
4031	20.155	-0.137157850898802	0.668887139996514
4032	20.16	-0.138447522884235	0.668887139996514
4033	20.165	-0.13586817891337	0.668887139996514
4034	20.17	-0.137157850898802	0.668887139996514
4035	20.175	-0.138447522884235	0.668887139996514
4036	20.18	-0.134578506927937	0.668887139996514
4037	20.185	-0.131999162957072	0.668887139996514
4038	20.19	-0.1410268668551	0.667597468011081
4039	20.195	-0.137157850898802	0.667597468011081
4040	20.2	-0.134578506927937	0.667597468011081
4041	20.205	-0.13586817891337	0.667597468011081
4042	20.21	-0.13586817891337	0.667597468011081
4043	20.215	-0.133288834942505	0.667597468011081
4044	20.22	-0.131999162957072	0.667597468011081
4045	20.225	-0.133288834942505	0.667597468011081
4046	20.23	-0.134578506927937	0.667597468011081
4047	20.235	-0.137157850898802	0.667597468011081
4048	20.24	-0.134578506927937	0.666307796025649
4049	20.245	-0.13070949097164	0.666307796025649
4050	20.25	-0.13070949097164	0.666307796025649
4051	20.255	-0.134578506927937	0.666307796025649
4052	20.26	-0.131999162957072	0.666307796025649
4053	20.265	-0.133288834942505	0.666307796025649
4054	20.27	-0.13070949097164	0.666307796025649
4055	20.275	-0.134578506927937	0.666307796025649
4056	20.28	-0.129419818986207	0.666307796025649
4057	20.285	-0.126840475015342	0.666307796025649
4058	20.29	-0.128130147000775	0.665018124040216
4059	20.295	-0.13070949097164	0.666307796025649
4060	20.3	-0.128130147000775	0.665018124040216
4061	20.305	-0.128130147000775	0.666307796025649
4062	20.31	-0.126840475015342	0.665018124040216
4063	20.315	-0.13070949097164	0.665018124040216
4064	20.32	-0.12555080302991	0.665018124040216
4065	20.325	-0.124261131044477	0.665018124040216
4066	20.33	-0.12555080302991	0.665018124040216
4067	20.335	-0.126840475015342	0.663728452054784
4068	20.34	-0.12039211508818	0.665018124040216
4069	20.345	-0.121681787073612	0.665018124040216
4070	20.35	-0.122971459059045	0.663728452054784
4071	20.355	-0.116523099131882	0.663728452054784
4072	20.36	-0.117812771117315	0.663728452054784
4073	20.365	-0.11523342714645	0.663728452054784
4074	20.37	-0.116523099131882	0.665018124040216
4075	20.375	-0.116523099131882	0.663728452054784
4076	20.38	-0.112654083175585	0.663728452054784
4077	20.385	-0.112654083175585	0.663728452054784
4078	20.39	-0.111364411190152	0.663728452054784
4079	20.395	-0.11007473920472	0.663728452054784
4080	20.4	-0.107495395233855	0.662438780069351
4081	20.405	-0.106205723248422	0.662438780069351
4082	20.41	-0.103626379277557	0.663728452054784
4083	20.415	-0.106205723248422	0.662438780069351
4084	20.42	-0.103626379277557	0.662438780069351
4085	20.425	-0.106205723248422	0.662438780069351
4086	20.43	-0.103626379277557	0.662438780069351
4087	20.435	-0.10491605126299	0.662438780069351
4088	20.44	-0.102336707292125	0.662438780069351
4089	20.445	-0.0997573633212596	0.662438780069351
4090	20.45	-0.102336707292125	0.662438780069351
4091	20.455	-0.102336707292125	0.661149108083919
4092	20.46	-0.0997573633212596	0.661149108083919
4093	20.465	-0.101047035306692	0.662438780069351
4094	20.47	-0.101047035306692	0.662438780069351
4095	20.475	-0.101047035306692	0.661149108083919
4096	20.48	-0.0971780193503946	0.661149108083919
4097	20.485	-0.0984676913358271	0.661149108083919
4098	20.49	-0.0997573633212596	0.661149108083919
4099	20.495	-0.0984676913358271	0.661149108083919
4100	20.5	-0.0971780193503946	0.661149108083919
4101	20.505	-0.0958883473649621	0.661149108083919
4102	20.51	-0.0997573633212596	0.661149108083919
4103	20.515	-0.0984676913358271	0.661149108083919
4104	20.52	-0.0971780193503946	0.661149108083919
4105	20.525	-0.0945986753795296	0.661149108083919
4106	20.53	-0.0971780193503946	0.661149108083919
4107	20.535	-0.0958883473649621	0.659859436098486
4108	20.54	-0.0958883473649621	0.659859436098486
4109	20.545	-0.0997573633212596	0.659859436098486
4110	20.55	-0.0933090033940971	0.659859436098486
4111	20.555	-0.0945986753795296	0.659859436098486
4112	20.56	-0.0971780193503946	0.659859436098486
4113	20.565	-0.0933090033940971	0.658569764113054
4114	20.57	-0.0945986753795296	0.659859436098486
4115	20.575	-0.0971780193503946	0.659859436098486
4116	20.58	-0.0920193314086646	0.658569764113054
4117	20.585	-0.0933090033940971	0.658569764113054
4118	20.59	-0.0958883473649621	0.658569764113054
4119	20.595	-0.0945986753795296	0.658569764113054
4120	20.6	-0.0958883473649621	0.658569764113054
4121	20.605	-0.0945986753795296	0.658569764113054
4122	20.61	-0.0958883473649621	0.658569764113054
4123	20.615	-0.0971780193503946	0.658569764113054
4124	20.62	-0.0971780193503946	0.658569764113054
4125	20.625	-0.0945986753795296	0.657280092127621
4126	20.63	-0.0997573633212596	0.658569764113054
4127	20.635	-0.0997573633212596	0.657280092127621
4128	20.64	-0.0997573633212596	0.657280092127621
4129	20.645	-0.101047035306692	0.657280092127621
4130	20.65	-0.0997573633212596	0.658569764113054
4131	20.655	-0.102336707292125	0.657280092127621
4132	20.66	-0.102336707292125	0.657280092127621
4133	20.665	-0.103626379277557	0.657280092127621
4134	20.67	-0.106205723248422	0.657280092127621
4135	20.675	-0.111364411190152	0.657280092127621
4136	20.68	-0.107495395233855	0.655990420142189
4137	20.685	-0.108785067219287	0.657280092127621
4138	20.69	-0.117812771117315	0.657280092127621
4139	20.695	-0.113943755161017	0.655990420142189
4140	20.7	-0.117812771117315	0.655990420142189
4141	20.705	-0.113943755161017	0.655990420142189
4142	20.71	-0.122971459059045	0.655990420142189
4143	20.715	-0.119102443102747	0.657280092127621
4144	20.72	-0.121681787073612	0.655990420142189
4145	20.725	-0.121681787073612	0.655990420142189
4146	20.73	-0.12555080302991	0.655990420142189
4147	20.735	-0.126840475015342	0.655990420142189
4148	20.74	-0.129419818986207	0.654700748156756
4149	20.745	-0.13586817891337	0.654700748156756
4150	20.75	-0.13586817891337	0.654700748156756
4151	20.755	-0.138447522884235	0.654700748156756
4152	20.76	-0.137157850898802	0.654700748156756
4153	20.765	-0.134578506927937	0.654700748156756
4154	20.77	-0.138447522884235	0.654700748156756
4155	20.775	-0.144895882811397	0.653411076171324
4156	20.78	-0.14618555479683	0.654700748156756
4157	20.785	-0.150054570753127	0.654700748156756
4158	20.79	-0.150054570753127	0.654700748156756
4159	20.795	-0.153923586709425	0.654700748156756
4160	20.8	-0.159082274651155	0.654700748156756
4161	20.805	-0.160371946636587	0.653411076171324
4162	20.81	-0.168109978549182	0.653411076171324
4163	20.815	-0.17197899450548	0.653411076171324
4164	20.82	-0.17197899450548	0.653411076171324
4165	20.825	-0.178427354432642	0.653411076171324
4166	20.83	-0.184875714359805	0.653411076171324
4167	20.835	-0.184875714359805	0.653411076171324
4168	20.84	-0.193903418257833	0.653411076171324
4169	20.845	-0.196482762228698	0.653411076171324
4170	20.85	-0.205510466126725	0.652121404185891
4171	20.855	-0.206800138112158	0.653411076171324
4172	20.86	-0.21840718598105	0.653411076171324
4173	20.865	-0.22356587392278	0.653411076171324
4174	20.87	-0.222276201937348	0.653411076171324
4175	20.875	-0.231303905835375	0.652121404185891
4176	20.88	-0.240331609733403	0.652121404185891
4177	20.885	-0.241621281718835	0.652121404185891
4178	20.89	-0.2442006256897	0.652121404185891
4179	20.895	-0.25451800157316	0.652121404185891
4180	20.9	-0.255807673558593	0.650831732200459
4181	20.905	-0.262256033485755	0.652121404185891
4182	20.91	-0.266125049442053	0.650831732200459
4183	20.915	-0.273863081354648	0.650831732200459
4184	20.92	-0.276442425325513	0.650831732200459
4185	20.925	-0.282890785252675	0.650831732200459
4186	20.93	-0.286759801208973	0.650831732200459
4187	20.935	-0.288049473194405	0.650831732200459
4188	20.94	-0.295787505107	0.650831732200459
4189	20.945	-0.30094619304873	0.650831732200459
4190	20.95	-0.299656521063298	0.650831732200459
4191	20.955	-0.308684224961326	0.650831732200459
4192	20.96	-0.309973896946758	0.649542060215026
4193	20.965	-0.315132584888488	0.649542060215026
4194	20.97	-0.320291272830218	0.649542060215026
4195	20.975	-0.324160288786516	0.649542060215026
4196	20.98	-0.326739632757381	0.649542060215026
4197	20.985	-0.324160288786516	0.649542060215026
4198	20.99	-0.328029304742813	0.649542060215026
4199	20.995	-0.329318976728246	0.648252388229594
4200	21	-0.335767336655408	0.649542060215026
4201	21.005	-0.328029304742813	0.649542060215026
4202	21.01	-0.322870616801083	0.648252388229594
4203	21.015	-0.334477664669976	0.648252388229594
4204	21.02	-0.326739632757381	0.649542060215026
4205	21.025	-0.321580944815651	0.648252388229594
4206	21.03	-0.330608648713678	0.648252388229594
4207	21.035	-0.328029304742813	0.648252388229594
4208	21.04	-0.321580944815651	0.648252388229594
4209	21.045	-0.326739632757381	0.648252388229594
4210	21.05	-0.331898320699111	0.646962716244161
4211	21.055	-0.322870616801083	0.648252388229594
4212	21.06	-0.326739632757381	0.646962716244161
4213	21.065	-0.317711928859353	0.646962716244161
4214	21.07	-0.320291272830218	0.646962716244161
4215	21.075	-0.322870616801083	0.646962716244161
4216	21.08	-0.320291272830218	0.646962716244161
4217	21.085	-0.317711928859353	0.646962716244161
4218	21.09	-0.315132584888488	0.646962716244161
4219	21.095	-0.316422256873921	0.645673044258729
4220	21.1	-0.307394552975893	0.646962716244161
4221	21.105	-0.311263568932191	0.646962716244161
4222	21.11	-0.311263568932191	0.646962716244161
4223	21.115	-0.315132584888488	0.645673044258729
4224	21.12	-0.309973896946758	0.645673044258729
4225	21.125	-0.306104880990461	0.645673044258729
4226	21.13	-0.311263568932191	0.645673044258729
4227	21.135	-0.304815209005028	0.645673044258729
4228	21.14	-0.303525537019596	0.645673044258729
4229	21.145	-0.299656521063298	0.645673044258729
4230	21.15	-0.304815209005028	0.645673044258729
4231	21.155	-0.303525537019596	0.645673044258729
4232	21.16	-0.294497833121568	0.645673044258729
4233	21.165	-0.299656521063298	0.645673044258729
4234	21.17	-0.298366849077865	0.644383372273296
4235	21.175	-0.299656521063298	0.644383372273296
4236	21.18	-0.295787505107	0.644383372273296
4237	21.185	-0.297077177092433	0.644383372273296
4238	21.19	-0.297077177092433	0.644383372273296
4239	21.195	-0.297077177092433	0.644383372273296
4240	21.2	-0.289339145179838	0.644383372273296
4241	21.205	-0.288049473194405	0.644383372273296
4242	21.21	-0.284180457238108	0.644383372273296
4243	21.215	-0.288049473194405	0.643093700287864
4244	21.22	-0.28547012922354	0.644383372273296
4245	21.225	-0.281601113267243	0.644383372273296
4246	21.23	-0.28547012922354	0.643093700287864
4247	21.235	-0.28547012922354	0.643093700287864
4248	21.24	-0.279021769296378	0.644383372273296
4249	21.245	-0.281601113267243	0.644383372273296
4250	21.25	-0.27515275334008	0.643093700287864
4251	21.255	-0.27515275334008	0.644383372273296
4252	21.26	-0.26999406539835	0.643093700287864
4253	21.265	-0.268704393412918	0.643093700287864
4254	21.27	-0.26999406539835	0.643093700287864
4255	21.275	-0.26483537745662	0.644383372273296
4256	21.28	-0.258387017529458	0.643093700287864
4257	21.285	-0.257097345544025	0.643093700287864
4258	21.29	-0.257097345544025	0.643093700287864
4259	21.295	-0.248069641645998	0.641804028302431
4260	21.3	-0.250648985616863	0.643093700287864
4261	21.305	-0.2442006256897	0.643093700287864
4262	21.31	-0.2442006256897	0.641804028302431
4263	21.315	-0.246779969660565	0.643093700287864
4264	21.32	-0.242910953704268	0.641804028302431
4265	21.325	-0.241621281718835	0.641804028302431
4266	21.33	-0.240331609733403	0.641804028302431
4267	21.335	-0.237752265762538	0.641804028302431
4268	21.34	-0.237752265762538	0.641804028302431
4269	21.345	-0.235172921791673	0.641804028302431
4270	21.35	-0.235172921791673	0.641804028302431
4271	21.355	-0.224855545908213	0.641804028302431
4272	21.36	-0.237752265762538	0.641804028302431
4273	21.365	-0.236462593777105	0.641804028302431
4274	21.37	-0.235172921791673	0.641804028302431
4275	21.375	-0.235172921791673	0.640514356316999
4276	21.38	-0.235172921791673	0.641804028302431
4277	21.385	-0.231303905835375	0.641804028302431
4278	21.39	-0.230014233849943	0.640514356316999
4279	21.395	-0.231303905835375	0.640514356316999
4280	21.4	-0.22356587392278	0.640514356316999
4281	21.405	-0.227434889879078	0.640514356316999
4282	21.41	-0.214538170024753	0.640514356316999
4283	21.415	-0.214538170024753	0.640514356316999
4284	21.42	-0.206800138112158	0.640514356316999
4285	21.425	-0.204220794141293	0.640514356316999
4286	21.43	-0.201641450170428	0.640514356316999
4287	21.435	-0.191324074286968	0.640514356316999
4288	21.44	-0.181006698403507	0.640514356316999
4289	21.445	-0.17713768244721	0.640514356316999
4290	21.45	-0.17197899450548	0.640514356316999
4291	21.455	-0.16682030656375	0.639224684331566
4292	21.46	-0.159082274651155	0.639224684331566
4293	21.465	-0.148764898767695	0.639224684331566
4294	21.47	-0.147475226782262	0.639224684331566
4295	21.475	-0.138447522884235	0.639224684331566
4296	21.48	-0.13586817891337	0.639224684331566
4297	21.485	-0.128130147000775	0.639224684331566
4298	21.49	-0.128130147000775	0.639224684331566
4299	21.495	-0.126840475015342	0.639224684331566
4300	21.5	-0.121681787073612	0.639224684331566
4301	21.505	-0.116523099131882	0.639224684331566
4302	21.51	-0.112654083175585	0.639224684331566
4303	21.515	-0.11007473920472	0.639224684331566
4304	21.52	-0.11007473920472	0.639224684331566
4305	21.525	-0.107495395233855	0.637935012346134
4306	21.53	-0.107495395233855	0.637935012346134
4307	21.535	-0.108785067219287	0.637935012346134
4308	21.54	-0.108785067219287	0.637935012346134
4309	21.545	-0.103626379277557	0.639224684331566
4310	21.55	-0.107495395233855	0.637935012346134
4311	21.555	-0.101047035306692	0.637935012346134
4312	21.56	-0.102336707292125	0.637935012346134
4313	21.565	-0.102336707292125	0.637935012346134
4314	21.57	-0.10491605126299	0.637935012346134
4315	21.575	-0.10491605126299	0.637935012346134
4316	21.58	-0.0958883473649621	0.637935012346134
4317	21.585	-0.0971780193503946	0.637935012346134
4318	21.59	-0.0971780193503946	0.637935012346134
4319	21.595	-0.0958883473649621	0.637935012346134
4320	21.6	-0.0997573633212596	0.636645340360701
4321	21.605	-0.0945986753795296	0.637935012346134
4322	21.61	-0.0971780193503946	0.636645340360701
4323	21.615	-0.0958883473649621	0.636645340360701
4324	21.62	-0.0971780193503946	0.636645340360701
4325	21.625	-0.0984676913358271	0.636645340360701
4326	21.63	-0.0971780193503946	0.636645340360701
4327	21.635	-0.0971780193503946	0.636645340360701
4328	21.64	-0.0958883473649621	0.635355668375269
4329	21.645	-0.0958883473649621	0.636645340360701
4330	21.65	-0.0971780193503946	0.636645340360701
4331	21.655	-0.102336707292125	0.636645340360701
4332	21.66	-0.0997573633212596	0.636645340360701
4333	21.665	-0.0984676913358271	0.635355668375269
4334	21.67	-0.103626379277557	0.635355668375269
4335	21.675	-0.101047035306692	0.635355668375269
4336	21.68	-0.102336707292125	0.635355668375269
4337	21.685	-0.106205723248422	0.635355668375269
4338	21.69	-0.107495395233855	0.635355668375269
4339	21.695	-0.111364411190152	0.635355668375269
4340	21.7	-0.108785067219287	0.635355668375269
4341	21.705	-0.107495395233855	0.635355668375269
4342	21.71	-0.113943755161017	0.635355668375269
4343	21.715	-0.113943755161017	0.635355668375269
4344	21.72	-0.11523342714645	0.634065996389836
4345	21.725	-0.11523342714645	0.634065996389836
4346	21.73	-0.117812771117315	0.634065996389836
4347	21.735	-0.12039211508818	0.634065996389836
4348	21.74	-0.124261131044477	0.635355668375269
4349	21.745	-0.128130147000775	0.634065996389836
4350	21.75	-0.126840475015342	0.634065996389836
4351	21.755	-0.131999162957072	0.634065996389836
4352	21.76	-0.133288834942505	0.634065996389836
4353	21.765	-0.133288834942505	0.634065996389836
4354	21.77	-0.139737194869667	0.634065996389836
4355	21.775	-0.139737194869667	0.634065996389836
4356	21.78	-0.1410268668551	0.634065996389836
4357	21.785	-0.147475226782262	0.634065996389836
4358	21.79	-0.139737194869667	0.632776324404404
4359	21.795	-0.148764898767695	0.634065996389836
4360	21.8	-0.150054570753127	0.634065996389836
4361	21.805	-0.150054570753127	0.634065996389836
4362	21.81	-0.150054570753127	0.632776324404404
4363	21.815	-0.152633914723992	0.634065996389836
4364	21.82	-0.157792602665722	0.634065996389836
4365	21.825	-0.153923586709425	0.634065996389836
4366	21.83	-0.15650293068029	0.632776324404404
4367	21.835	-0.15650293068029	0.632776324404404
4368	21.84	-0.155213258694857	0.632776324404404
4369	21.845	-0.157792602665722	0.632776324404404
4370	21.85	-0.160371946636587	0.632776324404404
4371	21.855	-0.16166161862202	0.632776324404404
4372	21.86	-0.160371946636587	0.632776324404404
4373	21.865	-0.168109978549182	0.632776324404404
4374	21.87	-0.169399650534615	0.632776324404404
4375	21.875	-0.168109978549182	0.632776324404404
4376	21.88	-0.173268666490912	0.631486652418971
4377	21.885	-0.175848010461777	0.631486652418971
4378	21.89	-0.178427354432642	0.632776324404404
4379	21.895	-0.18229637038894	0.632776324404404
4380	21.9	-0.17713768244721	0.631486652418971
4381	21.905	-0.183586042374372	0.631486652418971
4382	21.91	-0.186165386345237	0.632776324404404
4383	21.915	-0.190034402301535	0.631486652418971
4384	21.92	-0.191324074286968	0.631486652418971
4385	21.925	-0.193903418257833	0.631486652418971
4386	21.93	-0.191324074286968	0.632776324404404
4387	21.935	-0.1926137462724	0.631486652418971
4388	21.94	-0.191324074286968	0.631486652418971
4389	21.945	-0.19777243421413	0.630196980433539
4390	21.95	-0.200351778184995	0.631486652418971
4391	21.955	-0.200351778184995	0.631486652418971
4392	21.96	-0.201641450170428	0.630196980433539
4393	21.965	-0.201641450170428	0.630196980433539
4394	21.97	-0.204220794141293	0.630196980433539
4395	21.975	-0.20808981009759	0.631486652418971
4396	21.98	-0.20293112215586	0.630196980433539
4397	21.985	-0.20293112215586	0.630196980433539
4398	21.99	-0.209379482083023	0.630196980433539
4399	21.995	-0.210669154068455	0.630196980433539
4400	22	-0.214538170024753	0.630196980433539
4401	22.005	-0.210669154068455	0.630196980433539
4402	22.01	-0.20808981009759	0.630196980433539
4403	22.015	-0.21840718598105	0.630196980433539
4404	22.02	-0.214538170024753	0.630196980433539
4405	22.025	-0.217117513995618	0.630196980433539
4406	22.03	-0.219696857966483	0.630196980433539
4407	22.035	-0.219696857966483	0.628907308448106
4408	22.04	-0.215827842010185	0.628907308448106
4409	22.045	-0.219696857966483	0.630196980433539
4410	22.05	-0.219696857966483	0.628907308448106
4411	22.055	-0.224855545908213	0.628907308448106
4412	22.06	-0.226145217893645	0.628907308448106
4413	22.065	-0.227434889879078	0.628907308448106
4414	22.07	-0.224855545908213	0.628907308448106
4415	22.075	-0.227434889879078	0.628907308448106
4416	22.08	-0.222276201937348	0.628907308448106
4417	22.085	-0.227434889879078	0.628907308448106
4418	22.09	-0.226145217893645	0.628907308448106
4419	22.095	-0.224855545908213	0.627617636462674
4420	22.1	-0.226145217893645	0.628907308448106
4421	22.105	-0.220986529951915	0.627617636462674
4422	22.11	-0.227434889879078	0.627617636462674
4423	22.115	-0.224855545908213	0.627617636462674
4424	22.12	-0.22356587392278	0.627617636462674
4425	22.125	-0.222276201937348	0.627617636462674
4426	22.13	-0.227434889879078	0.627617636462674
4427	22.135	-0.22356587392278	0.627617636462674
4428	22.14	-0.211958826053888	0.627617636462674
4429	22.145	-0.209379482083023	0.627617636462674
4430	22.15	-0.215827842010185	0.627617636462674
4431	22.155	-0.211958826053888	0.626327964477241
4432	22.16	-0.204220794141293	0.626327964477241
4433	22.165	-0.204220794141293	0.626327964477241
4434	22.17	-0.196482762228698	0.626327964477241
4435	22.175	-0.199062106199563	0.626327964477241
4436	22.18	-0.193903418257833	0.625038292491809
4437	22.185	-0.193903418257833	0.625038292491809
4438	22.19	-0.18229637038894	0.625038292491809
4439	22.195	-0.18229637038894	0.625038292491809
4440	22.2	-0.18229637038894	0.625038292491809
4441	22.205	-0.175848010461777	0.625038292491809
4442	22.21	-0.17713768244721	0.625038292491809
4443	22.215	-0.178427354432642	0.625038292491809
4444	22.22	-0.170689322520047	0.625038292491809
4445	22.225	-0.174558338476345	0.623748620506376
4446	22.23	-0.178427354432642	0.625038292491809
4447	22.235	-0.17713768244721	0.623748620506376
4448	22.24	-0.17713768244721	0.623748620506376
4449	22.245	-0.175848010461777	0.623748620506376
4450	22.25	-0.17713768244721	0.623748620506376
4451	22.255	-0.174558338476345	0.623748620506376
4452	22.26	-0.17713768244721	0.623748620506376
4453	22.265	-0.174558338476345	0.623748620506376
4454	22.27	-0.179717026418075	0.623748620506376
4455	22.275	-0.17713768244721	0.623748620506376
4456	22.28	-0.17713768244721	0.622458948520944
4457	22.285	-0.173268666490912	0.622458948520944
4458	22.29	-0.173268666490912	0.622458948520944
4459	22.295	-0.178427354432642	0.622458948520944
4460	22.3	-0.169399650534615	0.622458948520944
4461	22.305	-0.170689322520047	0.622458948520944
4462	22.31	-0.170689322520047	0.622458948520944
4463	22.315	-0.165530634578317	0.622458948520944
4464	22.32	-0.168109978549182	0.621169276535511
4465	22.325	-0.16166161862202	0.622458948520944
4466	22.33	-0.164240962592885	0.622458948520944
4467	22.335	-0.162951290607452	0.622458948520944
4468	22.34	-0.160371946636587	0.621169276535511
4469	22.345	-0.157792602665722	0.621169276535511
4470	22.35	-0.153923586709425	0.621169276535511
4471	22.355	-0.15650293068029	0.621169276535511
4472	22.36	-0.155213258694857	0.621169276535511
4473	22.365	-0.153923586709425	0.621169276535511
4474	22.37	-0.15134424273856	0.619879604550079
4475	22.375	-0.148764898767695	0.619879604550079
4476	22.38	-0.150054570753127	0.619879604550079
4477	22.385	-0.152633914723992	0.619879604550079
4478	22.39	-0.148764898767695	0.619879604550079
4479	22.395	-0.147475226782262	0.621169276535511
4480	22.4	-0.148764898767695	0.619879604550079
4481	22.405	-0.144895882811397	0.619879604550079
4482	22.41	-0.14618555479683	0.619879604550079
4483	22.415	-0.142316538840532	0.618589932564646
4484	22.42	-0.147475226782262	0.619879604550079
4485	22.425	-0.142316538840532	0.619879604550079
4486	22.43	-0.1410268668551	0.619879604550079
4487	22.435	-0.142316538840532	0.618589932564646
4488	22.44	-0.138447522884235	0.618589932564646
4489	22.445	-0.139737194869667	0.618589932564646
4490	22.45	-0.137157850898802	0.618589932564646
4491	22.455	-0.13586817891337	0.619879604550079
4492	22.46	-0.13586817891337	0.618589932564646
4493	22.465	-0.137157850898802	0.618589932564646
4494	22.47	-0.134578506927937	0.618589932564646
4495	22.475	-0.13586817891337	0.618589932564646
4496	22.48	-0.129419818986207	0.618589932564646
4497	22.485	-0.13070949097164	0.618589932564646
4498	22.49	-0.13070949097164	0.617300260579214
4499	22.495	-0.133288834942505	0.617300260579214
4500	22.5	-0.128130147000775	0.617300260579214
4501	22.505	-0.128130147000775	0.617300260579214
4502	22.51	-0.128130147000775	0.618589932564646
4503	22.515	-0.128130147000775	0.617300260579214
4504	22.52	-0.129419818986207	0.617300260579214
4505	22.525	-0.122971459059045	0.617300260579214
4506	22.53	-0.128130147000775	0.617300260579214
4507	22.535	-0.12555080302991	0.617300260579214
4508	22.54	-0.12039211508818	0.617300260579214
4509	22.545	-0.121681787073612	0.617300260579214
4510	22.55	-0.124261131044477	0.616010588593781
4511	22.555	-0.12039211508818	0.616010588593781
4512	22.56	-0.124261131044477	0.617300260579214
4513	22.565	-0.119102443102747	0.616010588593781
4514	22.57	-0.124261131044477	0.616010588593781
4515	22.575	-0.122971459059045	0.616010588593781
4516	22.58	-0.121681787073612	0.616010588593781
4517	22.585	-0.117812771117315	0.616010588593781
4518	22.59	-0.119102443102747	0.616010588593781
4519	22.595	-0.122971459059045	0.616010588593781
4520	22.6	-0.121681787073612	0.616010588593781
4521	22.605	-0.12039211508818	0.616010588593781
4522	22.61	-0.119102443102747	0.616010588593781
4523	22.615	-0.121681787073612	0.616010588593781
4524	22.62	-0.12039211508818	0.616010588593781
4525	22.625	-0.119102443102747	0.616010588593781
4526	22.63	-0.12039211508818	0.614720916608348
4527	22.635	-0.119102443102747	0.614720916608348
4528	22.64	-0.119102443102747	0.614720916608348
4529	22.645	-0.119102443102747	0.614720916608348
4530	22.65	-0.117812771117315	0.614720916608348
4531	22.655	-0.12039211508818	0.614720916608348
4532	22.66	-0.117812771117315	0.614720916608348
4533	22.665	-0.113943755161017	0.614720916608348
4534	22.67	-0.117812771117315	0.613431244622916
4535	22.675	-0.12039211508818	0.614720916608348
4536	22.68	-0.12039211508818	0.614720916608348
4537	22.685	-0.122971459059045	0.613431244622916
4538	22.69	-0.119102443102747	0.613431244622916
4539	22.695	-0.119102443102747	0.613431244622916
4540	22.7	-0.119102443102747	0.613431244622916
4541	22.705	-0.113943755161017	0.613431244622916
4542	22.71	-0.12039211508818	0.613431244622916
4543	22.715	-0.117812771117315	0.613431244622916
4544	22.72	-0.12039211508818	0.612141572637483
4545	22.725	-0.119102443102747	0.613431244622916
4546	22.73	-0.11523342714645	0.613431244622916
4547	22.735	-0.12039211508818	0.612141572637483
4548	22.74	-0.116523099131882	0.612141572637483
4549	22.745	-0.11523342714645	0.612141572637483
4550	22.75	-0.11523342714645	0.612141572637483
4551	22.755	-0.119102443102747	0.612141572637483
4552	22.76	-0.11523342714645	0.612141572637483
4553	22.765	-0.113943755161017	0.612141572637483
4554	22.77	-0.116523099131882	0.612141572637483
4555	22.775	-0.122971459059045	0.612141572637483
4556	22.78	-0.113943755161017	0.610851900652051
4557	22.785	-0.112654083175585	0.610851900652051
4558	22.79	-0.11523342714645	0.610851900652051
4559	22.795	-0.11523342714645	0.610851900652051
4560	22.8	-0.113943755161017	0.610851900652051
4561	22.805	-0.11007473920472	0.610851900652051
4562	22.81	-0.11523342714645	0.610851900652051
4563	22.815	-0.113943755161017	0.610851900652051
4564	22.82	-0.112654083175585	0.609562228666618
4565	22.825	-0.111364411190152	0.609562228666618
4566	22.83	-0.111364411190152	0.609562228666618
4567	22.835	-0.112654083175585	0.609562228666618
4568	22.84	-0.111364411190152	0.609562228666618
4569	22.845	-0.111364411190152	0.609562228666618
4570	22.85	-0.112654083175585	0.608272556681186
4571	22.855	-0.111364411190152	0.609562228666618
4572	22.86	-0.111364411190152	0.609562228666618
4573	22.865	-0.11007473920472	0.608272556681186
4574	22.87	-0.111364411190152	0.608272556681186
4575	22.875	-0.111364411190152	0.609562228666618
4576	22.88	-0.106205723248422	0.608272556681186
4577	22.885	-0.108785067219287	0.608272556681186
4578	22.89	-0.107495395233855	0.608272556681186
4579	22.895	-0.10491605126299	0.608272556681186
4580	22.9	-0.107495395233855	0.608272556681186
4581	22.905	-0.10491605126299	0.606982884695753
4582	22.91	-0.10491605126299	0.608272556681186
4583	22.915	-0.107495395233855	0.608272556681186
4584	22.92	-0.102336707292125	0.606982884695753
4585	22.925	-0.102336707292125	0.606982884695753
4586	22.93	-0.103626379277557	0.606982884695753
4587	22.935	-0.10491605126299	0.606982884695753
4588	22.94	-0.103626379277557	0.606982884695753
4589	22.945	-0.103626379277557	0.606982884695753
4590	22.95	-0.10491605126299	0.606982884695753
4591	22.955	-0.101047035306692	0.606982884695753
4592	22.96	-0.0997573633212596	0.605693212710321
4593	22.965	-0.0971780193503946	0.606982884695753
4594	22.97	-0.0984676913358271	0.605693212710321
4595	22.975	-0.0984676913358271	0.605693212710321
4596	22.98	-0.0958883473649621	0.605693212710321
4597	22.985	-0.0945986753795296	0.605693212710321
4598	22.99	-0.0997573633212596	0.605693212710321
4599	22.995	-0.0958883473649621	0.605693212710321
4600	23	-0.0971780193503946	0.605693212710321
4601	23.005	-0.0958883473649621	0.605693212710321
4602	23.01	-0.0933090033940971	0.605693212710321
4603	23.015	-0.0933090033940971	0.604403540724888
4604	23.02	-0.0894399874377996	0.605693212710321
4605	23.025	-0.0881503154523671	0.604403540724888
4606	23.03	-0.0920193314086646	0.604403540724888
4607	23.035	-0.0907296594232321	0.604403540724888
4608	23.04	-0.0933090033940971	0.604403540724888
4609	23.045	-0.0920193314086646	0.604403540724888
4610	23.05	-0.0907296594232321	0.604403540724888
4611	23.055	-0.0894399874377996	0.603113868739456
4612	23.06	-0.0933090033940971	0.604403540724888
4613	23.065	-0.0907296594232321	0.603113868739456
4614	23.07	-0.0907296594232321	0.604403540724888
4615	23.075	-0.0894399874377996	0.603113868739456
4616	23.08	-0.0881503154523671	0.604403540724888
4617	23.085	-0.0894399874377996	0.603113868739456
4618	23.09	-0.0894399874377996	0.603113868739456
4619	23.095	-0.0920193314086646	0.603113868739456
4620	23.1	-0.0920193314086646	0.601824196754023
4621	23.105	-0.0881503154523671	0.603113868739456
4622	23.11	-0.0907296594232321	0.603113868739456
4623	23.115	-0.0907296594232321	0.601824196754023
4624	23.12	-0.0894399874377996	0.601824196754023
4625	23.125	-0.0855709714815021	0.603113868739456
4626	23.13	-0.0881503154523671	0.603113868739456
4627	23.135	-0.0920193314086646	0.601824196754023
4628	23.14	-0.0842812994960696	0.601824196754023
4629	23.145	-0.0920193314086646	0.601824196754023
4630	23.15	-0.0868606434669346	0.601824196754023
4631	23.155	-0.0894399874377996	0.601824196754023
4632	23.16	-0.0881503154523671	0.603113868739456
4633	23.165	-0.0868606434669346	0.601824196754023
4634	23.17	-0.0855709714815021	0.601824196754023
4635	23.175	-0.0881503154523671	0.600534524768591
4636	23.18	-0.0881503154523671	0.601824196754023
4637	23.185	-0.0868606434669346	0.601824196754023
4638	23.19	-0.0894399874377996	0.600534524768591
4639	23.195	-0.0894399874377996	0.601824196754023
4640	23.2	-0.0842812994960696	0.599244852783158
4641	23.205	-0.0842812994960696	0.600534524768591
4642	23.21	-0.0855709714815021	0.600534524768591
4643	23.215	-0.0881503154523671	0.599244852783158
4644	23.22	-0.0855709714815021	0.599244852783158
4645	23.225	-0.0855709714815021	0.600534524768591
4646	23.23	-0.0855709714815021	0.600534524768591
4647	23.235	-0.0881503154523671	0.600534524768591
4648	23.24	-0.0842812994960696	0.600534524768591
4649	23.245	-0.0842812994960696	0.599244852783158
4650	23.25	-0.0868606434669346	0.599244852783158
4651	23.255	-0.0842812994960696	0.599244852783158
4652	23.26	-0.0881503154523671	0.599244852783158
4653	23.265	-0.0842812994960696	0.599244852783158
4654	23.27	-0.0868606434669346	0.599244852783158
4655	23.275	-0.0868606434669346	0.599244852783158
4656	23.28	-0.0855709714815021	0.599244852783158
4657	23.285	-0.0868606434669346	0.599244852783158
4658	23.29	-0.0855709714815021	0.599244852783158
4659	23.295	-0.0868606434669346	0.599244852783158
4660	23.3	-0.0868606434669346	0.597955180797726
4661	23.305	-0.0868606434669346	0.597955180797726
4662	23.31	-0.0907296594232321	0.599244852783158
4663	23.315	-0.0894399874377996	0.597955180797726
4664	23.32	-0.0907296594232321	0.597955180797726
4665	23.325	-0.0907296594232321	0.597955180797726
4666	23.33	-0.0907296594232321	0.597955180797726
4667	23.335	-0.0958883473649621	0.597955180797726
4668	23.34	-0.0945986753795296	0.597955180797726
4669	23.345	-0.0933090033940971	0.597955180797726
4670	23.35	-0.101047035306692	0.597955180797726
4671	23.355	-0.101047035306692	0.597955180797726
4672	23.36	-0.0997573633212596	0.597955180797726
4673	23.365	-0.0997573633212596	0.596665508812293
4674	23.37	-0.10491605126299	0.596665508812293
4675	23.375	-0.106205723248422	0.596665508812293
4676	23.38	-0.107495395233855	0.596665508812293
4677	23.385	-0.106205723248422	0.596665508812293
4678	23.39	-0.108785067219287	0.596665508812293
4679	23.395	-0.11007473920472	0.596665508812293
4680	23.4	-0.111364411190152	0.596665508812293
4681	23.405	-0.11007473920472	0.596665508812293
4682	23.41	-0.113943755161017	0.595375836826861
4683	23.415	-0.119102443102747	0.595375836826861
4684	23.42	-0.117812771117315	0.595375836826861
4685	23.425	-0.12039211508818	0.595375836826861
4686	23.43	-0.121681787073612	0.595375836826861
4687	23.435	-0.124261131044477	0.595375836826861
4688	23.44	-0.12555080302991	0.595375836826861
4689	23.445	-0.126840475015342	0.595375836826861
4690	23.45	-0.128130147000775	0.595375836826861
4691	23.455	-0.129419818986207	0.595375836826861
4692	23.46	-0.13070949097164	0.594086164841428
4693	23.465	-0.126840475015342	0.595375836826861
4694	23.47	-0.129419818986207	0.594086164841428
4695	23.475	-0.131999162957072	0.594086164841428
4696	23.48	-0.131999162957072	0.594086164841428
4697	23.485	-0.131999162957072	0.594086164841428
4698	23.49	-0.133288834942505	0.594086164841428
4699	23.495	-0.131999162957072	0.594086164841428
4700	23.5	-0.129419818986207	0.594086164841428
4701	23.505	-0.126840475015342	0.594086164841428
4702	23.51	-0.133288834942505	0.594086164841428
4703	23.515	-0.133288834942505	0.592796492855996
4704	23.52	-0.133288834942505	0.592796492855996
4705	23.525	-0.131999162957072	0.592796492855996
4706	23.53	-0.128130147000775	0.592796492855996
4707	23.535	-0.133288834942505	0.592796492855996
4708	23.54	-0.131999162957072	0.592796492855996
4709	23.545	-0.128130147000775	0.592796492855996
4710	23.55	-0.128130147000775	0.591506820870563
4711	23.555	-0.131999162957072	0.592796492855996
4712	23.56	-0.13070949097164	0.591506820870563
4713	23.565	-0.128130147000775	0.591506820870563
4714	23.57	-0.133288834942505	0.591506820870563
4715	23.575	-0.134578506927937	0.591506820870563
4716	23.58	-0.133288834942505	0.591506820870563
4717	23.585	-0.133288834942505	0.591506820870563
4718	23.59	-0.13586817891337	0.591506820870563
4719	23.595	-0.139737194869667	0.590217148885131
4720	23.6	-0.142316538840532	0.591506820870563
4721	23.605	-0.13586817891337	0.590217148885131
4722	23.61	-0.138447522884235	0.590217148885131
4723	23.615	-0.148764898767695	0.590217148885131
4724	23.62	-0.153923586709425	0.590217148885131
4725	23.625	-0.150054570753127	0.590217148885131
4726	23.63	-0.150054570753127	0.590217148885131
4727	23.635	-0.153923586709425	0.588927476899698
4728	23.64	-0.153923586709425	0.590217148885131
4729	23.645	-0.155213258694857	0.588927476899698
4730	23.65	-0.159082274651155	0.588927476899698
4731	23.655	-0.16166161862202	0.588927476899698
4732	23.66	-0.160371946636587	0.588927476899698
4733	23.665	-0.160371946636587	0.588927476899698
4734	23.67	-0.162951290607452	0.588927476899698
4735	23.675	-0.159082274651155	0.588927476899698
4736	23.68	-0.165530634578317	0.588927476899698
4737	23.685	-0.16682030656375	0.587637804914266
4738	23.69	-0.169399650534615	0.587637804914266
4739	23.695	-0.168109978549182	0.587637804914266
4740	23.7	-0.16682030656375	0.587637804914266
4741	23.705	-0.16682030656375	0.587637804914266
4742	23.71	-0.174558338476345	0.587637804914266
4743	23.715	-0.17713768244721	0.586348132928833
4744	23.72	-0.181006698403507	0.586348132928833
4745	23.725	-0.18229637038894	0.587637804914266
4746	23.73	-0.188744730316103	0.586348132928833
4747	23.735	-0.1926137462724	0.586348132928833
4748	23.74	-0.193903418257833	0.586348132928833
4749	23.745	-0.193903418257833	0.586348132928833
4750	23.75	-0.193903418257833	0.586348132928833
4751	23.755	-0.195193090243265	0.586348132928833
4752	23.76	-0.20293112215586	0.585058460943401
4753	23.765	-0.205510466126725	0.586348132928833
4754	23.77	-0.205510466126725	0.586348132928833
4755	23.775	-0.21324849803932	0.585058460943401
4756	23.78	-0.211958826053888	0.585058460943401
4757	23.785	-0.214538170024753	0.585058460943401
4758	23.79	-0.219696857966483	0.585058460943401
4759	23.795	-0.21840718598105	0.585058460943401
4760	23.8	-0.215827842010185	0.585058460943401
4761	23.805	-0.22356587392278	0.585058460943401
4762	23.81	-0.227434889879078	0.585058460943401
4763	23.815	-0.22872456186451	0.585058460943401
4764	23.82	-0.231303905835375	0.583768788957968
4765	23.825	-0.231303905835375	0.583768788957968
4766	23.83	-0.237752265762538	0.583768788957968
4767	23.835	-0.240331609733403	0.583768788957968
4768	23.84	-0.24935931363143	0.583768788957968
4769	23.845	-0.248069641645998	0.583768788957968
4770	23.85	-0.257097345544025	0.583768788957968
4771	23.855	-0.26483537745662	0.583768788957968
4772	23.86	-0.267414721427485	0.582479116972536
4773	23.865	-0.266125049442053	0.583768788957968
4774	23.87	-0.271283737383783	0.582479116972536
4775	23.875	-0.27515275334008	0.582479116972536
4776	23.88	-0.28031144128181	0.582479116972536
4777	23.885	-0.277732097310945	0.582479116972536
4778	23.89	-0.289339145179838	0.582479116972536
4779	23.895	-0.288049473194405	0.582479116972536
4780	23.9	-0.298366849077865	0.582479116972536
4781	23.905	-0.298366849077865	0.582479116972536
4782	23.91	-0.299656521063298	0.582479116972536
4783	23.915	-0.30094619304873	0.581189444987103
4784	23.92	-0.302235865034163	0.581189444987103
4785	23.925	-0.308684224961326	0.581189444987103
4786	23.93	-0.308684224961326	0.581189444987103
4787	23.935	-0.306104880990461	0.581189444987103
4788	23.94	-0.309973896946758	0.581189444987103
4789	23.945	-0.307394552975893	0.581189444987103
4790	23.95	-0.309973896946758	0.581189444987103
4791	23.955	-0.313842912903056	0.581189444987103
4792	23.96	-0.309973896946758	0.579899773001671
4793	23.965	-0.311263568932191	0.579899773001671
4794	23.97	-0.317711928859353	0.579899773001671
4795	23.975	-0.313842912903056	0.579899773001671
4796	23.98	-0.312553240917623	0.579899773001671
4797	23.985	-0.309973896946758	0.579899773001671
4798	23.99	-0.324160288786516	0.579899773001671
4799	23.995	-0.328029304742813	0.579899773001671
4800	24	-0.321580944815651	0.579899773001671
4801	24.005	-0.325449960771948	0.579899773001671
4802	24.01	-0.315132584888488	0.578610101016238
4803	24.015	-0.325449960771948	0.578610101016238
4804	24.02	-0.329318976728246	0.578610101016238
4805	24.025	-0.328029304742813	0.578610101016238
4806	24.03	-0.333187992684543	0.578610101016238
4807	24.035	-0.329318976728246	0.577320429030806
4808	24.04	-0.329318976728246	0.578610101016238
4809	24.045	-0.326739632757381	0.578610101016238
4810	24.05	-0.319001600844786	0.578610101016238
4811	24.055	-0.330608648713678	0.577320429030806
4812	24.06	-0.330608648713678	0.577320429030806
4813	24.065	-0.329318976728246	0.577320429030806
4814	24.07	-0.324160288786516	0.578610101016238
4815	24.075	-0.328029304742813	0.577320429030806
4816	24.08	-0.331898320699111	0.577320429030806
4817	24.085	-0.326739632757381	0.577320429030806
4818	24.09	-0.328029304742813	0.577320429030806
4819	24.095	-0.325449960771948	0.577320429030806
4820	24.1	-0.324160288786516	0.577320429030806
4821	24.105	-0.322870616801083	0.576030757045373
4822	24.11	-0.321580944815651	0.576030757045373
4823	24.115	-0.319001600844786	0.577320429030806
4824	24.12	-0.316422256873921	0.576030757045373
4825	24.125	-0.313842912903056	0.576030757045373
4826	24.13	-0.309973896946758	0.576030757045373
4827	24.135	-0.312553240917623	0.576030757045373
4828	24.14	-0.317711928859353	0.574741085059941
4829	24.145	-0.313842912903056	0.574741085059941
4830	24.15	-0.308684224961326	0.576030757045373
4831	24.155	-0.313842912903056	0.576030757045373
4832	24.16	-0.304815209005028	0.574741085059941
4833	24.165	-0.298366849077865	0.576030757045373
4834	24.17	-0.29062881716527	0.574741085059941
4835	24.175	-0.294497833121568	0.576030757045373
4836	24.18	-0.30094619304873	0.574741085059941
4837	24.185	-0.293208161136135	0.574741085059941
4838	24.19	-0.289339145179838	0.574741085059941
4839	24.195	-0.286759801208973	0.574741085059941
4840	24.2	-0.29062881716527	0.574741085059941
4841	24.205	-0.281601113267243	0.574741085059941
4842	24.21	-0.286759801208973	0.574741085059941
4843	24.215	-0.284180457238108	0.574741085059941
4844	24.22	-0.28031144128181	0.573451413074508
4845	24.225	-0.284180457238108	0.574741085059941
4846	24.23	-0.27515275334008	0.573451413074508
4847	24.235	-0.276442425325513	0.574741085059941
4848	24.24	-0.279021769296378	0.574741085059941
4849	24.245	-0.273863081354648	0.573451413074508
4850	24.25	-0.272573409369215	0.573451413074508
4851	24.255	-0.272573409369215	0.573451413074508
4852	24.26	-0.268704393412918	0.573451413074508
4853	24.265	-0.26999406539835	0.573451413074508
4854	24.27	-0.268704393412918	0.573451413074508
4855	24.275	-0.26999406539835	0.573451413074508
4856	24.28	-0.263545705471188	0.573451413074508
4857	24.285	-0.266125049442053	0.573451413074508
4858	24.29	-0.268704393412918	0.573451413074508
4859	24.295	-0.266125049442053	0.573451413074508
4860	24.3	-0.268704393412918	0.572161741089076
4861	24.305	-0.268704393412918	0.572161741089076
4862	24.31	-0.263545705471188	0.572161741089076
4863	24.315	-0.262256033485755	0.572161741089076
4864	24.32	-0.26483537745662	0.572161741089076
4865	24.325	-0.258387017529458	0.572161741089076
4866	24.33	-0.262256033485755	0.572161741089076
4867	24.335	-0.255807673558593	0.572161741089076
4868	24.34	-0.25451800157316	0.572161741089076
4869	24.345	-0.253228329587728	0.572161741089076
4870	24.35	-0.24935931363143	0.572161741089076
4871	24.355	-0.24935931363143	0.570872069103643
4872	24.36	-0.246779969660565	0.570872069103643
4873	24.365	-0.2442006256897	0.572161741089076
4874	24.37	-0.240331609733403	0.572161741089076
4875	24.375	-0.237752265762538	0.572161741089076
4876	24.38	-0.235172921791673	0.570872069103643
4877	24.385	-0.220986529951915	0.570872069103643
4878	24.39	-0.22356587392278	0.570872069103643
4879	24.395	-0.21840718598105	0.570872069103643
4880	24.4	-0.219696857966483	0.570872069103643
4881	24.405	-0.210669154068455	0.570872069103643
4882	24.41	-0.209379482083023	0.570872069103643
4883	24.415	-0.204220794141293	0.570872069103643
4884	24.42	-0.200351778184995	0.570872069103643
4885	24.425	-0.191324074286968	0.570872069103643
4886	24.43	-0.186165386345237	0.569582397118211
4887	24.435	-0.18229637038894	0.570872069103643
4888	24.44	-0.174558338476345	0.570872069103643
4889	24.445	-0.17197899450548	0.569582397118211
4890	24.45	-0.168109978549182	0.570872069103643
4891	24.455	-0.16166161862202	0.570872069103643
4892	24.46	-0.164240962592885	0.569582397118211
4893	24.465	-0.157792602665722	0.569582397118211
4894	24.47	-0.160371946636587	0.569582397118211
4895	24.475	-0.15650293068029	0.569582397118211
4896	24.48	-0.153923586709425	0.569582397118211
4897	24.485	-0.15134424273856	0.569582397118211
4898	24.49	-0.152633914723992	0.569582397118211
4899	24.495	-0.153923586709425	0.569582397118211
4900	24.5	-0.15134424273856	0.569582397118211
4901	24.505	-0.150054570753127	0.569582397118211
4902	24.51	-0.152633914723992	0.569582397118211
4903	24.515	-0.155213258694857	0.569582397118211
4904	24.52	-0.157792602665722	0.568292725132778
4905	24.525	-0.152633914723992	0.568292725132778
4906	24.53	-0.155213258694857	0.569582397118211
4907	24.535	-0.157792602665722	0.568292725132778
4908	24.54	-0.159082274651155	0.568292725132778
4909	24.545	-0.159082274651155	0.568292725132778
4910	24.55	-0.16166161862202	0.568292725132778
4911	24.555	-0.16166161862202	0.568292725132778
4912	24.56	-0.15650293068029	0.568292725132778
4913	24.565	-0.157792602665722	0.568292725132778
4914	24.57	-0.159082274651155	0.568292725132778
4915	24.575	-0.159082274651155	0.568292725132778
4916	24.58	-0.159082274651155	0.568292725132778
4917	24.585	-0.15134424273856	0.568292725132778
4918	24.59	-0.150054570753127	0.568292725132778
4919	24.595	-0.153923586709425	0.568292725132778
4920	24.6	-0.152633914723992	0.568292725132778
4921	24.605	-0.152633914723992	0.568292725132778
4922	24.61	-0.152633914723992	0.568292725132778
4923	24.615	-0.153923586709425	0.568292725132778
4924	24.62	-0.155213258694857	0.568292725132778
4925	24.625	-0.15134424273856	0.567003053147346
4926	24.63	-0.150054570753127	0.567003053147346
4927	24.635	-0.155213258694857	0.568292725132778
4928	24.64	-0.152633914723992	0.567003053147346
4929	24.645	-0.153923586709425	0.568292725132778
4930	24.65	-0.155213258694857	0.567003053147346
4931	24.655	-0.152633914723992	0.567003053147346
4932	24.66	-0.157792602665722	0.567003053147346
4933	24.665	-0.15650293068029	0.567003053147346
4934	24.67	-0.153923586709425	0.567003053147346
4935	24.675	-0.153923586709425	0.567003053147346
4936	24.68	-0.15650293068029	0.565713381161913
4937	24.685	-0.152633914723992	0.567003053147346
4938	24.69	-0.152633914723992	0.567003053147346
4939	24.695	-0.152633914723992	0.567003053147346
4940	24.7	-0.155213258694857	0.567003053147346
4941	24.705	-0.147475226782262	0.567003053147346
4942	24.71	-0.14618555479683	0.567003053147346
4943	24.715	-0.143606210825965	0.565713381161913
4944	24.72	-0.144895882811397	0.567003053147346
4945	24.725	-0.138447522884235	0.567003053147346
4946	24.73	-0.138447522884235	0.567003053147346
4947	24.735	-0.13586817891337	0.567003053147346
4948	24.74	-0.13586817891337	0.567003053147346
4949	24.745	-0.13586817891337	0.565713381161913
4950	24.75	-0.13586817891337	0.565713381161913
4951	24.755	-0.133288834942505	0.565713381161913
4952	24.76	-0.131999162957072	0.565713381161913
4953	24.765	-0.128130147000775	0.565713381161913
4954	24.77	-0.126840475015342	0.565713381161913
4955	24.775	-0.124261131044477	0.565713381161913
4956	24.78	-0.124261131044477	0.565713381161913
4957	24.785	-0.122971459059045	0.564423709176481
4958	24.79	-0.12039211508818	0.565713381161913
4959	24.795	-0.122971459059045	0.565713381161913
4960	24.8	-0.12039211508818	0.565713381161913
4961	24.805	-0.121681787073612	0.565713381161913
4962	24.81	-0.116523099131882	0.565713381161913
4963	24.815	-0.12039211508818	0.565713381161913
4964	24.82	-0.11523342714645	0.564423709176481
4965	24.825	-0.111364411190152	0.565713381161913
4966	24.83	-0.113943755161017	0.565713381161913
4967	24.835	-0.11007473920472	0.564423709176481
4968	24.84	-0.11007473920472	0.564423709176481
4969	24.845	-0.111364411190152	0.565713381161913
4970	24.85	-0.11007473920472	0.565713381161913
4971	24.855	-0.108785067219287	0.565713381161913
4972	24.86	-0.107495395233855	0.565713381161913
4973	24.865	-0.108785067219287	0.564423709176481
4974	24.87	-0.106205723248422	0.564423709176481
4975	24.875	-0.108785067219287	0.565713381161913
4976	24.88	-0.106205723248422	0.565713381161913
4977	24.885	-0.106205723248422	0.565713381161913
4978	24.89	-0.102336707292125	0.564423709176481
4979	24.895	-0.108785067219287	0.564423709176481
4980	24.9	-0.107495395233855	0.564423709176481
4981	24.905	-0.10491605126299	0.564423709176481
4982	24.91	-0.10491605126299	0.564423709176481
4983	24.915	-0.106205723248422	0.564423709176481
4984	24.92	-0.106205723248422	0.564423709176481
4985	24.925	-0.106205723248422	0.564423709176481
4986	24.93	-0.10491605126299	0.564423709176481
4987	24.935	-0.108785067219287	0.564423709176481
4988	24.94	-0.106205723248422	0.564423709176481
4989	24.945	-0.103626379277557	0.564423709176481
4990	24.95	-0.103626379277557	0.563134037191048
4991	24.955	-0.102336707292125	0.564423709176481
4992	24.96	-0.106205723248422	0.564423709176481
4993	24.965	-0.0984676913358271	0.564423709176481
4994	24.97	-0.103626379277557	0.563134037191048
4995	24.975	-0.103626379277557	0.563134037191048
4996	24.98	-0.102336707292125	0.563134037191048
4997	24.985	-0.0997573633212596	0.564423709176481
4998	24.99	-0.0984676913358271	0.563134037191048
4999	24.995	-0.102336707292125	0.563134037191048
5000	25	-0.0997573633212596	0.563134037191048
5001	25.005	-0.0971780193503946	0.563134037191048
5002	25.01	-0.0971780193503946	0.563134037191048
5003	25.015	-0.0997573633212596	0.563134037191048
5004	25.02	-0.101047035306692	0.563134037191048
5005	25.025	-0.0984676913358271	0.563134037191048
5006	25.03	-0.0984676913358271	0.563134037191048
5007	25.035	-0.0997573633212596	0.563134037191048
5008	25.04	-0.101047035306692	0.563134037191048
5009	25.045	-0.102336707292125	0.563134037191048
5010	25.05	-0.101047035306692	0.563134037191048
5011	25.055	-0.102336707292125	0.561844365205616
5012	25.06	-0.102336707292125	0.561844365205616
5013	25.065	-0.102336707292125	0.563134037191048
5014	25.07	-0.106205723248422	0.563134037191048
5015	25.075	-0.106205723248422	0.563134037191048
5016	25.08	-0.108785067219287	0.561844365205616
5017	25.085	-0.108785067219287	0.561844365205616
5018	25.09	-0.108785067219287	0.561844365205616
5019	25.095	-0.108785067219287	0.563134037191048
5020	25.1	-0.11007473920472	0.561844365205616
5021	25.105	-0.112654083175585	0.563134037191048
5022	25.11	-0.11523342714645	0.561844365205616
5023	25.115	-0.117812771117315	0.561844365205616
5024	25.12	-0.122971459059045	0.561844365205616
5025	25.125	-0.117812771117315	0.561844365205616
5026	25.13	-0.12555080302991	0.561844365205616
5027	25.135	-0.126840475015342	0.561844365205616
5028	25.14	-0.12555080302991	0.561844365205616
5029	25.145	-0.122971459059045	0.561844365205616
5030	25.15	-0.128130147000775	0.561844365205616
5031	25.155	-0.13070949097164	0.561844365205616
5032	25.16	-0.131999162957072	0.561844365205616
5033	25.165	-0.129419818986207	0.561844365205616
5034	25.17	-0.137157850898802	0.561844365205616
5035	25.175	-0.139737194869667	0.561844365205616
5036	25.18	-0.139737194869667	0.561844365205616
5037	25.185	-0.134578506927937	0.560554693220183
5038	25.19	-0.139737194869667	0.560554693220183
5039	25.195	-0.142316538840532	0.561844365205616
5040	25.2	-0.14618555479683	0.560554693220183
5041	25.205	-0.144895882811397	0.560554693220183
5042	25.21	-0.147475226782262	0.560554693220183
5043	25.215	-0.150054570753127	0.560554693220183
5044	25.22	-0.15134424273856	0.560554693220183
5045	25.225	-0.152633914723992	0.560554693220183
5046	25.23	-0.159082274651155	0.560554693220183
5047	25.235	-0.16166161862202	0.560554693220183
5048	25.24	-0.165530634578317	0.560554693220183
5049	25.245	-0.16166161862202	0.560554693220183
5050	25.25	-0.170689322520047	0.560554693220183
5051	25.255	-0.178427354432642	0.560554693220183
5052	25.26	-0.18229637038894	0.560554693220183
5053	25.265	-0.183586042374372	0.559265021234751
5054	25.27	-0.184875714359805	0.560554693220183
5055	25.275	-0.193903418257833	0.560554693220183
5056	25.28	-0.195193090243265	0.559265021234751
5057	25.285	-0.196482762228698	0.559265021234751
5058	25.29	-0.204220794141293	0.559265021234751
5059	25.295	-0.205510466126725	0.560554693220183
5060	25.3	-0.21324849803932	0.559265021234751
5061	25.305	-0.219696857966483	0.559265021234751
5062	25.31	-0.220986529951915	0.559265021234751
5063	25.315	-0.227434889879078	0.559265021234751
5064	25.32	-0.230014233849943	0.559265021234751
5065	25.325	-0.227434889879078	0.559265021234751
5066	25.33	-0.23388324980624	0.559265021234751
5067	25.335	-0.241621281718835	0.559265021234751
5068	25.34	-0.240331609733403	0.559265021234751
5069	25.345	-0.24935931363143	0.559265021234751
5070	25.35	-0.25967668951489	0.559265021234751
5071	25.355	-0.26483537745662	0.557975349249318
5072	25.36	-0.268704393412918	0.559265021234751
5073	25.365	-0.266125049442053	0.557975349249318
5074	25.37	-0.26999406539835	0.557975349249318
5075	25.375	-0.276442425325513	0.559265021234751
5076	25.38	-0.282890785252675	0.557975349249318
5077	25.385	-0.28031144128181	0.557975349249318
5078	25.39	-0.295787505107	0.557975349249318
5079	25.395	-0.297077177092433	0.557975349249318
5080	25.4	-0.306104880990461	0.557975349249318
5081	25.405	-0.302235865034163	0.557975349249318
5082	25.41	-0.315132584888488	0.557975349249318
5083	25.415	-0.316422256873921	0.557975349249318
5084	25.42	-0.321580944815651	0.557975349249318
5085	25.425	-0.313842912903056	0.556685677263886
5086	25.43	-0.321580944815651	0.556685677263886
5087	25.435	-0.324160288786516	0.556685677263886
5088	25.44	-0.337057008640841	0.556685677263886
5089	25.445	-0.334477664669976	0.556685677263886
5090	25.45	-0.331898320699111	0.556685677263886
5091	25.455	-0.339636352611706	0.556685677263886
5092	25.46	-0.335767336655408	0.556685677263886
5093	25.465	-0.343505368568003	0.556685677263886
5094	25.47	-0.342215696582571	0.556685677263886
5095	25.475	-0.342215696582571	0.556685677263886
5096	25.48	-0.347374384524301	0.556685677263886
5097	25.485	-0.352533072466031	0.555396005278453
5098	25.49	-0.344795040553436	0.556685677263886
5099	25.495	-0.351243400480598	0.555396005278453
5100	25.5	-0.346084712538868	0.555396005278453
5101	25.505	-0.357691760407761	0.556685677263886
5102	25.51	-0.360271104378626	0.555396005278453
5103	25.515	-0.360271104378626	0.555396005278453
5104	25.52	-0.358981432393193	0.555396005278453
5105	25.525	-0.355112416436896	0.555396005278453
5106	25.53	-0.361560776364058	0.555396005278453
5107	25.535	-0.368009136291221	0.555396005278453
5108	25.54	-0.360271104378626	0.555396005278453
5109	25.545	-0.358981432393193	0.555396005278453
5110	25.55	-0.358981432393193	0.555396005278453
5111	25.555	-0.362850448349491	0.554106333293021
5112	25.56	-0.366719464305788	0.554106333293021
5113	25.565	-0.365429792320356	0.554106333293021
5114	25.57	-0.364140120334923	0.554106333293021
5115	25.575	-0.374457496218383	0.554106333293021
5116	25.58	-0.365429792320356	0.554106333293021
5117	25.585	-0.366719464305788	0.554106333293021
5118	25.59	-0.362850448349491	0.554106333293021
5119	25.595	-0.369298808276653	0.554106333293021
5120	25.6	-0.369298808276653	0.554106333293021
5121	25.605	-0.360271104378626	0.554106333293021
5122	25.61	-0.362850448349491	0.554106333293021
5123	25.615	-0.370588480262086	0.554106333293021
5124	25.62	-0.364140120334923	0.552816661307588
5125	25.625	-0.370588480262086	0.552816661307588
5126	25.63	-0.369298808276653	0.554106333293021
5127	25.635	-0.375747168203816	0.554106333293021
5128	25.64	-0.366719464305788	0.552816661307588
5129	25.645	-0.365429792320356	0.552816661307588
5130	25.65	-0.366719464305788	0.554106333293021
5131	25.655	-0.362850448349491	0.552816661307588
5132	25.66	-0.362850448349491	0.552816661307588
5133	25.665	-0.365429792320356	0.552816661307588
5134	25.67	-0.366719464305788	0.552816661307588
5135	25.675	-0.361560776364058	0.552816661307588
5136	25.68	-0.362850448349491	0.552816661307588
5137	25.685	-0.358981432393193	0.552816661307588
5138	25.69	-0.362850448349491	0.552816661307588
5139	25.695	-0.365429792320356	0.552816661307588
5140	25.7	-0.356402088422328	0.552816661307588
5141	25.705	-0.361560776364058	0.551526989322156
5142	25.71	-0.364140120334923	0.551526989322156
5143	25.715	-0.364140120334923	0.551526989322156
5144	25.72	-0.352533072466031	0.552816661307588
5145	25.725	-0.361560776364058	0.551526989322156
5146	25.73	-0.361560776364058	0.551526989322156
5147	25.735	-0.356402088422328	0.552816661307588
5148	25.74	-0.355112416436896	0.552816661307588
5149	25.745	-0.360271104378626	0.552816661307588
5150	25.75	-0.357691760407761	0.551526989322156
5151	25.755	-0.361560776364058	0.551526989322156
5152	25.76	-0.355112416436896	0.551526989322156
5153	25.765	-0.355112416436896	0.551526989322156
5154	25.77	-0.355112416436896	0.551526989322156
5155	25.775	-0.353822744451463	0.551526989322156
5156	25.78	-0.353822744451463	0.551526989322156
5157	25.785	-0.355112416436896	0.551526989322156
5158	25.79	-0.357691760407761	0.551526989322156
5159	25.795	-0.353822744451463	0.551526989322156
5160	25.8	-0.349953728495166	0.551526989322156
5161	25.805	-0.352533072466031	0.551526989322156
5162	25.81	-0.349953728495166	0.551526989322156
5163	25.815	-0.355112416436896	0.551526989322156
5164	25.82	-0.355112416436896	0.550237317336723
5165	25.825	-0.343505368568003	0.551526989322156
5166	25.83	-0.346084712538868	0.551526989322156
5167	25.835	-0.353822744451463	0.551526989322156
5168	25.84	-0.346084712538868	0.551526989322156
5169	25.845	-0.346084712538868	0.550237317336723
5170	25.85	-0.347374384524301	0.551526989322156
5171	25.855	-0.343505368568003	0.550237317336723
5172	25.86	-0.334477664669976	0.550237317336723
5173	25.865	-0.340926024597138	0.550237317336723
5174	25.87	-0.334477664669976	0.551526989322156
5175	25.875	-0.337057008640841	0.550237317336723
5176	25.88	-0.334477664669976	0.550237317336723
5177	25.885	-0.330608648713678	0.550237317336723
5178	25.89	-0.326739632757381	0.550237317336723
5179	25.895	-0.325449960771948	0.550237317336723
5180	25.9	-0.328029304742813	0.550237317336723
5181	25.905	-0.329318976728246	0.550237317336723
5182	25.91	-0.324160288786516	0.550237317336723
5183	25.915	-0.322870616801083	0.550237317336723
5184	25.92	-0.321580944815651	0.550237317336723
5185	25.925	-0.315132584888488	0.550237317336723
5186	25.93	-0.309973896946758	0.550237317336723
5187	25.935	-0.316422256873921	0.550237317336723
5188	25.94	-0.312553240917623	0.548947645351291
5189	25.945	-0.313842912903056	0.550237317336723
5190	25.95	-0.309973896946758	0.550237317336723
5191	25.955	-0.312553240917623	0.550237317336723
5192	25.96	-0.319001600844786	0.550237317336723
5193	25.965	-0.304815209005028	0.548947645351291
5194	25.97	-0.303525537019596	0.550237317336723
5195	25.975	-0.30094619304873	0.548947645351291
5196	25.98	-0.295787505107	0.550237317336723
5197	25.985	-0.299656521063298	0.548947645351291
5198	25.99	-0.291918489150703	0.548947645351291
5199	25.995	-0.293208161136135	0.548947645351291
5200	26	-0.291918489150703	0.548947645351291
5201	26.005	-0.288049473194405	0.548947645351291
5202	26.01	-0.281601113267243	0.548947645351291
5203	26.015	-0.281601113267243	0.548947645351291
5204	26.02	-0.276442425325513	0.548947645351291
5205	26.025	-0.273863081354648	0.548947645351291
5206	26.03	-0.268704393412918	0.548947645351291
5207	26.035	-0.272573409369215	0.548947645351291
5208	26.04	-0.26999406539835	0.548947645351291
5209	26.045	-0.268704393412918	0.547657973365858
5210	26.05	-0.26483537745662	0.548947645351291
5211	26.055	-0.262256033485755	0.547657973365858
5212	26.06	-0.26483537745662	0.547657973365858
5213	26.065	-0.258387017529458	0.547657973365858
5214	26.07	-0.250648985616863	0.547657973365858
5215	26.075	-0.251938657602295	0.547657973365858
5216	26.08	-0.250648985616863	0.547657973365858
5217	26.085	-0.25451800157316	0.547657973365858
5218	26.09	-0.24935931363143	0.547657973365858
5219	26.095	-0.23904193774797	0.547657973365858
5220	26.1	-0.235172921791673	0.547657973365858
5221	26.105	-0.236462593777105	0.547657973365858
5222	26.11	-0.231303905835375	0.547657973365858
5223	26.115	-0.231303905835375	0.547657973365858
5224	26.12	-0.227434889879078	0.546368301380426
5225	26.125	-0.22872456186451	0.547657973365858
5226	26.13	-0.21840718598105	0.547657973365858
5227	26.135	-0.217117513995618	0.546368301380426
5228	26.14	-0.21840718598105	0.546368301380426
5229	26.145	-0.209379482083023	0.546368301380426
5230	26.15	-0.205510466126725	0.546368301380426
5231	26.155	-0.20293112215586	0.546368301380426
5232	26.16	-0.195193090243265	0.546368301380426
5233	26.165	-0.191324074286968	0.546368301380426
5234	26.17	-0.188744730316103	0.546368301380426
5235	26.175	-0.183586042374372	0.546368301380426
5236	26.18	-0.181006698403507	0.546368301380426
5237	26.185	-0.175848010461777	0.546368301380426
5238	26.19	-0.169399650534615	0.546368301380426
5239	26.195	-0.17197899450548	0.546368301380426
5240	26.2	-0.164240962592885	0.545078629394993
5241	26.205	-0.16166161862202	0.546368301380426
5242	26.21	-0.159082274651155	0.546368301380426
5243	26.215	-0.152633914723992	0.546368301380426
5244	26.22	-0.153923586709425	0.546368301380426
5245	26.225	-0.147475226782262	0.545078629394993
5246	26.23	-0.147475226782262	0.545078629394993
5247	26.235	-0.143606210825965	0.545078629394993
5248	26.24	-0.143606210825965	0.545078629394993
5249	26.245	-0.1410268668551	0.545078629394993
5250	26.25	-0.137157850898802	0.545078629394993
5251	26.255	-0.134578506927937	0.545078629394993
5252	26.26	-0.13070949097164	0.545078629394993
5253	26.265	-0.131999162957072	0.545078629394993
5254	26.27	-0.133288834942505	0.545078629394993
5255	26.275	-0.13070949097164	0.545078629394993
5256	26.28	-0.131999162957072	0.545078629394993
5257	26.285	-0.133288834942505	0.545078629394993
5258	26.29	-0.129419818986207	0.545078629394993
5259	26.295	-0.131999162957072	0.543788957409561
5260	26.3	-0.129419818986207	0.545078629394993
5261	26.305	-0.128130147000775	0.545078629394993
5262	26.31	-0.129419818986207	0.545078629394993
5263	26.315	-0.126840475015342	0.543788957409561
5264	26.32	-0.126840475015342	0.545078629394993
5265	26.325	-0.126840475015342	0.543788957409561
5266	26.33	-0.128130147000775	0.543788957409561
5267	26.335	-0.129419818986207	0.543788957409561
5268	26.34	-0.13070949097164	0.543788957409561
5269	26.345	-0.128130147000775	0.543788957409561
5270	26.35	-0.124261131044477	0.543788957409561
5271	26.355	-0.126840475015342	0.543788957409561
5272	26.36	-0.129419818986207	0.543788957409561
5273	26.365	-0.128130147000775	0.543788957409561
5274	26.37	-0.129419818986207	0.543788957409561
5275	26.375	-0.129419818986207	0.543788957409561
5276	26.38	-0.129419818986207	0.543788957409561
5277	26.385	-0.129419818986207	0.543788957409561
5278	26.39	-0.128130147000775	0.543788957409561
5279	26.395	-0.126840475015342	0.543788957409561
5280	26.4	-0.13070949097164	0.543788957409561
5281	26.405	-0.126840475015342	0.543788957409561
5282	26.41	-0.126840475015342	0.543788957409561
5283	26.415	-0.124261131044477	0.542499285424128
5284	26.42	-0.126840475015342	0.543788957409561
5285	26.425	-0.13070949097164	0.543788957409561
5286	26.43	-0.128130147000775	0.542499285424128
5287	26.435	-0.12555080302991	0.543788957409561
5288	26.44	-0.12555080302991	0.542499285424128
5289	26.445	-0.126840475015342	0.543788957409561
5290	26.45	-0.122971459059045	0.542499285424128
5291	26.455	-0.124261131044477	0.542499285424128
5292	26.46	-0.134578506927937	0.543788957409561
5293	26.465	-0.129419818986207	0.543788957409561
5294	26.47	-0.124261131044477	0.542499285424128
5295	26.475	-0.124261131044477	0.542499285424128
5296	26.48	-0.13070949097164	0.542499285424128
5297	26.485	-0.129419818986207	0.542499285424128
5298	26.49	-0.126840475015342	0.542499285424128
5299	26.495	-0.126840475015342	0.543788957409561
5300	26.5	-0.13070949097164	0.542499285424128
5301	26.505	-0.124261131044477	0.542499285424128
5302	26.51	-0.122971459059045	0.542499285424128
5303	26.515	-0.129419818986207	0.542499285424128
5304	26.52	-0.126840475015342	0.542499285424128
5305	26.525	-0.128130147000775	0.542499285424128
5306	26.53	-0.126840475015342	0.542499285424128
5307	26.535	-0.126840475015342	0.542499285424128
5308	26.54	-0.12555080302991	0.542499285424128
5309	26.545	-0.12555080302991	0.542499285424128
5310	26.55	-0.126840475015342	0.542499285424128
5311	26.555	-0.128130147000775	0.542499285424128
5312	26.56	-0.129419818986207	0.543788957409561
5313	26.565	-0.126840475015342	0.542499285424128
5314	26.57	-0.122971459059045	0.542499285424128
5315	26.575	-0.129419818986207	0.542499285424128
5316	26.58	-0.128130147000775	0.542499285424128
5317	26.585	-0.12555080302991	0.542499285424128
5318	26.59	-0.126840475015342	0.542499285424128
5319	26.595	-0.126840475015342	0.542499285424128
5320	26.6	-0.126840475015342	0.542499285424128
5321	26.605	-0.126840475015342	0.542499285424128
5322	26.61	-0.126840475015342	0.542499285424128
5323	26.615	-0.13070949097164	0.542499285424128
5324	26.62	-0.126840475015342	0.541209613438696
5325	26.625	-0.126840475015342	0.542499285424128
5326	26.63	-0.126840475015342	0.541209613438696
5327	26.635	-0.12555080302991	0.541209613438696
5328	26.64	-0.126840475015342	0.542499285424128
5329	26.645	-0.12555080302991	0.541209613438696
5330	26.65	-0.12555080302991	0.541209613438696
5331	26.655	-0.128130147000775	0.542499285424128
5332	26.66	-0.129419818986207	0.542499285424128
5333	26.665	-0.129419818986207	0.542499285424128
5334	26.67	-0.12555080302991	0.541209613438696
5335	26.675	-0.126840475015342	0.541209613438696
5336	26.68	-0.13070949097164	0.541209613438696
5337	26.685	-0.126840475015342	0.541209613438696
5338	26.69	-0.12039211508818	0.541209613438696
5339	26.695	-0.126840475015342	0.541209613438696
5340	26.7	-0.12555080302991	0.541209613438696
5341	26.705	-0.128130147000775	0.541209613438696
5342	26.71	-0.126840475015342	0.541209613438696
5343	26.715	-0.124261131044477	0.541209613438696
5344	26.72	-0.126840475015342	0.541209613438696
5345	26.725	-0.121681787073612	0.541209613438696
5346	26.73	-0.116523099131882	0.541209613438696
5347	26.735	-0.117812771117315	0.541209613438696
5348	26.74	-0.117812771117315	0.541209613438696
5349	26.745	-0.113943755161017	0.541209613438696
5350	26.75	-0.113943755161017	0.541209613438696
5351	26.755	-0.112654083175585	0.541209613438696
5352	26.76	-0.111364411190152	0.541209613438696
5353	26.765	-0.112654083175585	0.541209613438696
5354	26.77	-0.107495395233855	0.541209613438696
5355	26.775	-0.107495395233855	0.541209613438696
5356	26.78	-0.107495395233855	0.541209613438696
5357	26.785	-0.106205723248422	0.541209613438696
5358	26.79	-0.10491605126299	0.541209613438696
5359	26.795	-0.106205723248422	0.539919941453263
5360	26.8	-0.11007473920472	0.539919941453263
5361	26.805	-0.107495395233855	0.539919941453263
5362	26.81	-0.107495395233855	0.541209613438696
5363	26.815	-0.106205723248422	0.539919941453263
5364	26.82	-0.106205723248422	0.539919941453263
5365	26.825	-0.102336707292125	0.539919941453263
5366	26.83	-0.10491605126299	0.539919941453263
5367	26.835	-0.106205723248422	0.539919941453263
5368	26.84	-0.107495395233855	0.539919941453263
5369	26.845	-0.107495395233855	0.539919941453263
5370	26.85	-0.108785067219287	0.539919941453263
5371	26.855	-0.107495395233855	0.539919941453263
5372	26.86	-0.106205723248422	0.539919941453263
5373	26.865	-0.106205723248422	0.539919941453263
5374	26.87	-0.10491605126299	0.539919941453263
5375	26.875	-0.107495395233855	0.539919941453263
5376	26.88	-0.10491605126299	0.539919941453263
5377	26.885	-0.10491605126299	0.539919941453263
5378	26.89	-0.108785067219287	0.539919941453263
5379	26.895	-0.107495395233855	0.538630269467831
5380	26.9	-0.108785067219287	0.538630269467831
5381	26.905	-0.106205723248422	0.539919941453263
5382	26.91	-0.108785067219287	0.538630269467831
5383	26.915	-0.108785067219287	0.538630269467831
5384	26.92	-0.103626379277557	0.538630269467831
5385	26.925	-0.10491605126299	0.538630269467831
5386	26.93	-0.107495395233855	0.538630269467831
5387	26.935	-0.107495395233855	0.538630269467831
5388	26.94	-0.10491605126299	0.538630269467831
5389	26.945	-0.107495395233855	0.538630269467831
5390	26.95	-0.106205723248422	0.538630269467831
5391	26.955	-0.10491605126299	0.538630269467831
5392	26.96	-0.111364411190152	0.538630269467831
5393	26.965	-0.106205723248422	0.538630269467831
5394	26.97	-0.106205723248422	0.538630269467831
5395	26.975	-0.10491605126299	0.537340597482398
5396	26.98	-0.108785067219287	0.537340597482398
5397	26.985	-0.107495395233855	0.537340597482398
5398	26.99	-0.107495395233855	0.538630269467831
5399	26.995	-0.108785067219287	0.537340597482398
5400	27	-0.107495395233855	0.537340597482398
5401	27.005	-0.107495395233855	0.537340597482398
5402	27.01	-0.10491605126299	0.538630269467831
5403	27.015	-0.11007473920472	0.537340597482398
5404	27.02	-0.108785067219287	0.537340597482398
5405	27.025	-0.108785067219287	0.537340597482398
5406	27.03	-0.10491605126299	0.537340597482398
5407	27.035	-0.10491605126299	0.537340597482398
5408	27.04	-0.106205723248422	0.537340597482398
5409	27.045	-0.10491605126299	0.537340597482398
5410	27.05	-0.103626379277557	0.537340597482398
5411	27.055	-0.102336707292125	0.537340597482398
5412	27.06	-0.10491605126299	0.536050925496966
5413	27.065	-0.106205723248422	0.537340597482398
5414	27.07	-0.103626379277557	0.536050925496966
5415	27.075	-0.10491605126299	0.537340597482398
5416	27.08	-0.103626379277557	0.536050925496966
5417	27.085	-0.102336707292125	0.536050925496966
5418	27.09	-0.102336707292125	0.536050925496966
5419	27.095	-0.106205723248422	0.536050925496966
5420	27.1	-0.103626379277557	0.536050925496966
5421	27.105	-0.103626379277557	0.536050925496966
5422	27.11	-0.0997573633212596	0.536050925496966
5423	27.115	-0.103626379277557	0.536050925496966
5424	27.12	-0.103626379277557	0.536050925496966
5425	27.125	-0.103626379277557	0.536050925496966
5426	27.13	-0.102336707292125	0.536050925496966
5427	27.135	-0.106205723248422	0.536050925496966
5428	27.14	-0.103626379277557	0.534761253511533
5429	27.145	-0.102336707292125	0.536050925496966
5430	27.15	-0.102336707292125	0.536050925496966
5431	27.155	-0.10491605126299	0.536050925496966
5432	27.16	-0.0997573633212596	0.536050925496966
5433	27.165	-0.103626379277557	0.536050925496966
5434	27.17	-0.106205723248422	0.536050925496966
5435	27.175	-0.10491605126299	0.534761253511533
5436	27.18	-0.103626379277557	0.534761253511533
5437	27.185	-0.107495395233855	0.534761253511533
5438	27.19	-0.106205723248422	0.534761253511533
5439	27.195	-0.103626379277557	0.534761253511533
5440	27.2	-0.107495395233855	0.534761253511533
5441	27.205	-0.103626379277557	0.534761253511533
5442	27.21	-0.107495395233855	0.534761253511533
5443	27.215	-0.102336707292125	0.534761253511533
5444	27.22	-0.106205723248422	0.534761253511533
5445	27.225	-0.10491605126299	0.533471581526101
5446	27.23	-0.101047035306692	0.534761253511533
5447	27.235	-0.101047035306692	0.533471581526101
5448	27.24	-0.106205723248422	0.533471581526101
5449	27.245	-0.10491605126299	0.533471581526101
5450	27.25	-0.102336707292125	0.533471581526101
5451	27.255	-0.102336707292125	0.533471581526101
5452	27.26	-0.107495395233855	0.533471581526101
5453	27.265	-0.10491605126299	0.533471581526101
5454	27.27	-0.103626379277557	0.533471581526101
5455	27.275	-0.10491605126299	0.533471581526101
5456	27.28	-0.103626379277557	0.533471581526101
5457	27.285	-0.106205723248422	0.533471581526101
5458	27.29	-0.10491605126299	0.533471581526101
5459	27.295	-0.103626379277557	0.532181909540668
5460	27.3	-0.106205723248422	0.533471581526101
5461	27.305	-0.10491605126299	0.533471581526101
5462	27.31	-0.103626379277557	0.533471581526101
5463	27.315	-0.106205723248422	0.532181909540668
5464	27.32	-0.106205723248422	0.533471581526101
5465	27.325	-0.108785067219287	0.532181909540668
5466	27.33	-0.107495395233855	0.533471581526101
5467	27.335	-0.108785067219287	0.532181909540668
5468	27.34	-0.107495395233855	0.532181909540668
5469	27.345	-0.107495395233855	0.532181909540668
5470	27.35	-0.106205723248422	0.532181909540668
5471	27.355	-0.106205723248422	0.532181909540668
5472	27.36	-0.11007473920472	0.532181909540668
5473	27.365	-0.11007473920472	0.532181909540668
5474	27.37	-0.108785067219287	0.532181909540668
5475	27.375	-0.111364411190152	0.532181909540668
5476	27.38	-0.111364411190152	0.530892237555236
5477	27.385	-0.107495395233855	0.532181909540668
5478	27.39	-0.11007473920472	0.532181909540668
5479	27.395	-0.112654083175585	0.530892237555236
5480	27.4	-0.111364411190152	0.532181909540668
5481	27.405	-0.108785067219287	0.532181909540668
5482	27.41	-0.107495395233855	0.532181909540668
5483	27.415	-0.111364411190152	0.530892237555236
5484	27.42	-0.113943755161017	0.530892237555236
5485	27.425	-0.108785067219287	0.530892237555236
5486	27.43	-0.11007473920472	0.530892237555236
5487	27.435	-0.111364411190152	0.530892237555236
5488	27.44	-0.112654083175585	0.530892237555236
5489	27.445	-0.113943755161017	0.530892237555236
5490	27.45	-0.11007473920472	0.530892237555236
5491	27.455	-0.113943755161017	0.530892237555236
5492	27.46	-0.113943755161017	0.530892237555236
5493	27.465	-0.112654083175585	0.529602565569803
5494	27.47	-0.111364411190152	0.530892237555236
5495	27.475	-0.116523099131882	0.529602565569803
5496	27.48	-0.116523099131882	0.530892237555236
5497	27.485	-0.113943755161017	0.530892237555236
5498	27.49	-0.111364411190152	0.529602565569803
5499	27.495	-0.111364411190152	0.529602565569803
5500	27.5	-0.112654083175585	0.529602565569803
5501	27.505	-0.112654083175585	0.529602565569803
5502	27.51	-0.113943755161017	0.529602565569803
5503	27.515	-0.113943755161017	0.529602565569803
5504	27.52	-0.116523099131882	0.529602565569803
5505	27.525	-0.113943755161017	0.529602565569803
5506	27.53	-0.112654083175585	0.529602565569803
5507	27.535	-0.113943755161017	0.528312893584371
5508	27.54	-0.113943755161017	0.529602565569803
5509	27.545	-0.111364411190152	0.529602565569803
5510	27.55	-0.113943755161017	0.529602565569803
5511	27.555	-0.112654083175585	0.528312893584371
5512	27.56	-0.116523099131882	0.528312893584371
5513	27.565	-0.113943755161017	0.528312893584371
5514	27.57	-0.11523342714645	0.528312893584371
5515	27.575	-0.116523099131882	0.528312893584371
5516	27.58	-0.112654083175585	0.528312893584371
5517	27.585	-0.112654083175585	0.528312893584371
5518	27.59	-0.116523099131882	0.528312893584371
5519	27.595	-0.117812771117315	0.528312893584371
5520	27.6	-0.113943755161017	0.527023221598938
5521	27.605	-0.11523342714645	0.527023221598938
5522	27.61	-0.113943755161017	0.528312893584371
5523	27.615	-0.116523099131882	0.528312893584371
5524	27.62	-0.116523099131882	0.527023221598938
5525	27.625	-0.11523342714645	0.527023221598938
5526	27.63	-0.113943755161017	0.527023221598938
5527	27.635	-0.111364411190152	0.527023221598938
5528	27.64	-0.111364411190152	0.527023221598938
5529	27.645	-0.111364411190152	0.527023221598938
5530	27.65	-0.113943755161017	0.527023221598938
5531	27.655	-0.113943755161017	0.527023221598938
5532	27.66	-0.113943755161017	0.527023221598938
5533	27.665	-0.11007473920472	0.527023221598938
5534	27.67	-0.108785067219287	0.527023221598938
5535	27.675	-0.108785067219287	0.527023221598938
5536	27.68	-0.112654083175585	0.525733549613506
5537	27.685	-0.111364411190152	0.527023221598938
5538	27.69	-0.11007473920472	0.525733549613506
5539	27.695	-0.107495395233855	0.525733549613506
5540	27.7	-0.107495395233855	0.527023221598938
5541	27.705	-0.107495395233855	0.525733549613506
5542	27.71	-0.10491605126299	0.525733549613506
5543	27.715	-0.108785067219287	0.527023221598938
5544	27.72	-0.106205723248422	0.525733549613506
5545	27.725	-0.103626379277557	0.525733549613506
5546	27.73	-0.101047035306692	0.527023221598938
5547	27.735	-0.0997573633212596	0.525733549613506
5548	27.74	-0.103626379277557	0.525733549613506
5549	27.745	-0.102336707292125	0.525733549613506
5550	27.75	-0.0971780193503946	0.525733549613506
5551	27.755	-0.101047035306692	0.525733549613506
5552	27.76	-0.101047035306692	0.525733549613506
5553	27.765	-0.0997573633212596	0.525733549613506
5554	27.77	-0.0971780193503946	0.525733549613506
5555	27.775	-0.0958883473649621	0.525733549613506
5556	27.78	-0.0984676913358271	0.524443877628073
5557	27.785	-0.0971780193503946	0.524443877628073
5558	27.79	-0.0933090033940971	0.524443877628073
5559	27.795	-0.0945986753795296	0.524443877628073
5560	27.8	-0.0984676913358271	0.524443877628073
5561	27.805	-0.0933090033940971	0.524443877628073
5562	27.81	-0.0945986753795296	0.524443877628073
5563	27.815	-0.0958883473649621	0.524443877628073
5564	27.82	-0.0945986753795296	0.524443877628073
5565	27.825	-0.0933090033940971	0.524443877628073
5566	27.83	-0.0907296594232321	0.524443877628073
5567	27.835	-0.0920193314086646	0.523154205642641
5568	27.84	-0.0945986753795296	0.524443877628073
5569	27.845	-0.0933090033940971	0.523154205642641
5570	27.85	-0.0907296594232321	0.523154205642641
5571	27.855	-0.0933090033940971	0.523154205642641
5572	27.86	-0.0958883473649621	0.523154205642641
5573	27.865	-0.0920193314086646	0.523154205642641
5574	27.87	-0.0907296594232321	0.523154205642641
5575	27.875	-0.0945986753795296	0.523154205642641
5576	27.88	-0.0894399874377996	0.523154205642641
5577	27.885	-0.0933090033940971	0.523154205642641
5578	27.89	-0.0920193314086646	0.521864533657208
5579	27.895	-0.0907296594232321	0.521864533657208
5580	27.9	-0.0933090033940971	0.521864533657208
5581	27.905	-0.0933090033940971	0.521864533657208
5582	27.91	-0.0920193314086646	0.521864533657208
5583	27.915	-0.0958883473649621	0.521864533657208
5584	27.92	-0.0945986753795296	0.521864533657208
5585	27.925	-0.0907296594232321	0.521864533657208
5586	27.93	-0.0920193314086646	0.521864533657208
5587	27.935	-0.0933090033940971	0.521864533657208
5588	27.94	-0.0971780193503946	0.521864533657208
5589	27.945	-0.0920193314086646	0.521864533657208
5590	27.95	-0.0933090033940971	0.521864533657208
5591	27.955	-0.0933090033940971	0.520574861671776
5592	27.96	-0.0958883473649621	0.520574861671776
5593	27.965	-0.0945986753795296	0.520574861671776
5594	27.97	-0.0933090033940971	0.520574861671776
5595	27.975	-0.0945986753795296	0.521864533657208
5596	27.98	-0.0933090033940971	0.521864533657208
5597	27.985	-0.0933090033940971	0.520574861671776
5598	27.99	-0.0958883473649621	0.520574861671776
5599	27.995	-0.0945986753795296	0.520574861671776
5600	28	-0.0958883473649621	0.520574861671776
5601	28.005	-0.0945986753795296	0.520574861671776
5602	28.01	-0.0958883473649621	0.520574861671776
5603	28.015	-0.0945986753795296	0.520574861671776
5604	28.02	-0.0971780193503946	0.520574861671776
5605	28.025	-0.0958883473649621	0.520574861671776
5606	28.03	-0.0971780193503946	0.519285189686343
5607	28.035	-0.0971780193503946	0.519285189686343
5608	28.04	-0.0997573633212596	0.520574861671776
5609	28.045	-0.0997573633212596	0.519285189686343
5610	28.05	-0.0997573633212596	0.519285189686343
5611	28.055	-0.0984676913358271	0.519285189686343
5612	28.06	-0.103626379277557	0.519285189686343
5613	28.065	-0.102336707292125	0.519285189686343
5614	28.07	-0.101047035306692	0.519285189686343
5615	28.075	-0.101047035306692	0.520574861671776
5616	28.08	-0.103626379277557	0.520574861671776
5617	28.085	-0.103626379277557	0.519285189686343
5618	28.09	-0.10491605126299	0.519285189686343
5619	28.095	-0.103626379277557	0.519285189686343
5620	28.1	-0.103626379277557	0.517995517700911
5621	28.105	-0.106205723248422	0.519285189686343
5622	28.11	-0.103626379277557	0.519285189686343
5623	28.115	-0.106205723248422	0.517995517700911
5624	28.12	-0.108785067219287	0.517995517700911
5625	28.125	-0.106205723248422	0.519285189686343
5626	28.13	-0.107495395233855	0.517995517700911
5627	28.135	-0.11007473920472	0.517995517700911
5628	28.14	-0.112654083175585	0.517995517700911
5629	28.145	-0.11007473920472	0.517995517700911
5630	28.15	-0.112654083175585	0.517995517700911
5631	28.155	-0.116523099131882	0.517995517700911
5632	28.16	-0.11523342714645	0.517995517700911
5633	28.165	-0.116523099131882	0.517995517700911
5634	28.17	-0.117812771117315	0.517995517700911
5635	28.175	-0.121681787073612	0.517995517700911
5636	28.18	-0.122971459059045	0.517995517700911
5637	28.185	-0.12555080302991	0.517995517700911
5638	28.19	-0.12555080302991	0.517995517700911
5639	28.195	-0.12555080302991	0.516705845715478
5640	28.2	-0.13070949097164	0.517995517700911
5641	28.205	-0.134578506927937	0.517995517700911
5642	28.21	-0.133288834942505	0.516705845715478
5643	28.215	-0.137157850898802	0.516705845715478
5644	28.22	-0.143606210825965	0.516705845715478
5645	28.225	-0.1410268668551	0.516705845715478
5646	28.23	-0.143606210825965	0.516705845715478
5647	28.235	-0.147475226782262	0.516705845715478
5648	28.24	-0.15134424273856	0.516705845715478
5649	28.245	-0.159082274651155	0.516705845715478
5650	28.25	-0.160371946636587	0.516705845715478
5651	28.255	-0.16166161862202	0.516705845715478
5652	28.26	-0.164240962592885	0.516705845715478
5653	28.265	-0.16682030656375	0.516705845715478
5654	28.27	-0.17197899450548	0.516705845715478
5655	28.275	-0.174558338476345	0.516705845715478
5656	28.28	-0.17713768244721	0.515416173730046
5657	28.285	-0.18229637038894	0.515416173730046
5658	28.29	-0.18229637038894	0.516705845715478
5659	28.295	-0.190034402301535	0.515416173730046
5660	28.3	-0.195193090243265	0.515416173730046
5661	28.305	-0.195193090243265	0.515416173730046
5662	28.31	-0.196482762228698	0.515416173730046
5663	28.315	-0.200351778184995	0.515416173730046
5664	28.32	-0.20808981009759	0.515416173730046
5665	28.325	-0.210669154068455	0.515416173730046
5666	28.33	-0.215827842010185	0.515416173730046
5667	28.335	-0.217117513995618	0.515416173730046
5668	28.34	-0.217117513995618	0.515416173730046
5669	28.345	-0.222276201937348	0.514126501744613
5670	28.35	-0.224855545908213	0.515416173730046
5671	28.355	-0.230014233849943	0.514126501744613
5672	28.36	-0.232593577820808	0.515416173730046
5673	28.365	-0.237752265762538	0.514126501744613
5674	28.37	-0.237752265762538	0.514126501744613
5675	28.375	-0.248069641645998	0.514126501744613
5676	28.38	-0.25451800157316	0.514126501744613
5677	28.385	-0.255807673558593	0.514126501744613
5678	28.39	-0.257097345544025	0.514126501744613
5679	28.395	-0.263545705471188	0.514126501744613
5680	28.4	-0.266125049442053	0.514126501744613
5681	28.405	-0.272573409369215	0.514126501744613
5682	28.41	-0.272573409369215	0.514126501744613
5683	28.415	-0.272573409369215	0.514126501744613
5684	28.42	-0.288049473194405	0.512836829759181
5685	28.425	-0.284180457238108	0.512836829759181
5686	28.43	-0.28547012922354	0.512836829759181
5687	28.435	-0.294497833121568	0.512836829759181
5688	28.44	-0.298366849077865	0.512836829759181
5689	28.445	-0.303525537019596	0.512836829759181
5690	28.45	-0.309973896946758	0.512836829759181
5691	28.455	-0.312553240917623	0.512836829759181
5692	28.46	-0.317711928859353	0.512836829759181
5693	28.465	-0.309973896946758	0.512836829759181
5694	28.47	-0.322870616801083	0.512836829759181
5695	28.475	-0.319001600844786	0.512836829759181
5696	28.48	-0.328029304742813	0.512836829759181
5697	28.485	-0.324160288786516	0.512836829759181
5698	28.49	-0.333187992684543	0.512836829759181
5699	28.495	-0.330608648713678	0.511547157773748
5700	28.5	-0.339636352611706	0.511547157773748
5701	28.505	-0.339636352611706	0.511547157773748
5702	28.51	-0.337057008640841	0.512836829759181
5703	28.515	-0.338346680626273	0.511547157773748
5704	28.52	-0.348664056509733	0.511547157773748
5705	28.525	-0.346084712538868	0.511547157773748
5706	28.53	-0.355112416436896	0.512836829759181
5707	28.535	-0.360271104378626	0.511547157773748
5708	28.54	-0.356402088422328	0.511547157773748
5709	28.545	-0.353822744451463	0.511547157773748
5710	28.55	-0.357691760407761	0.511547157773748
5711	28.555	-0.361560776364058	0.511547157773748
5712	28.56	-0.366719464305788	0.511547157773748
5713	28.565	-0.366719464305788	0.511547157773748
5714	28.57	-0.370588480262086	0.511547157773748
5715	28.575	-0.365429792320356	0.510257485788316
5716	28.58	-0.378326512174681	0.510257485788316
5717	28.585	-0.371878152247518	0.510257485788316
5718	28.59	-0.373167824232951	0.510257485788316
5719	28.595	-0.379616184160113	0.510257485788316
5720	28.6	-0.379616184160113	0.510257485788316
5721	28.605	-0.384774872101843	0.511547157773748
5722	28.61	-0.386064544087276	0.510257485788316
5723	28.615	-0.382195528130978	0.510257485788316
5724	28.62	-0.391223232029006	0.508967813802883
5725	28.625	-0.393802575999871	0.510257485788316
5726	28.63	-0.392512904014438	0.510257485788316
5727	28.635	-0.389933560043573	0.510257485788316
5728	28.64	-0.392512904014438	0.510257485788316
5729	28.645	-0.393802575999871	0.510257485788316
5730	28.65	-0.393802575999871	0.510257485788316
5731	28.655	-0.396381919970736	0.510257485788316
5732	28.66	-0.396381919970736	0.510257485788316
5733	28.665	-0.395092247985303	0.510257485788316
5734	28.67	-0.400250935927033	0.510257485788316
5735	28.675	-0.398961263941601	0.508967813802883
5736	28.68	-0.409278639825061	0.508967813802883
5737	28.685	-0.402830279897898	0.508967813802883
5738	28.69	-0.396381919970736	0.510257485788316
5739	28.695	-0.405409623868763	0.510257485788316
5740	28.7	-0.398961263941601	0.508967813802883
5741	28.705	-0.404119951883331	0.508967813802883
5742	28.71	-0.401540607912466	0.508967813802883
5743	28.715	-0.402830279897898	0.508967813802883
5744	28.72	-0.404119951883331	0.508967813802883
5745	28.725	-0.405409623868763	0.508967813802883
5746	28.73	-0.405409623868763	0.508967813802883
5747	28.735	-0.402830279897898	0.508967813802883
5748	28.74	-0.409278639825061	0.507678141817451
5749	28.745	-0.404119951883331	0.508967813802883
5750	28.75	-0.402830279897898	0.508967813802883
5751	28.755	-0.401540607912466	0.508967813802883
5752	28.76	-0.402830279897898	0.508967813802883
5753	28.765	-0.396381919970736	0.507678141817451
5754	28.77	-0.388643888058141	0.507678141817451
5755	28.775	-0.391223232029006	0.508967813802883
5756	28.78	-0.396381919970736	0.507678141817451
5757	28.785	-0.383485200116411	0.507678141817451
5758	28.79	-0.395092247985303	0.507678141817451
5759	28.795	-0.389933560043573	0.507678141817451
5760	28.8	-0.386064544087276	0.507678141817451
5761	28.805	-0.386064544087276	0.507678141817451
5762	28.81	-0.378326512174681	0.507678141817451
5763	28.815	-0.379616184160113	0.507678141817451
5764	28.82	-0.379616184160113	0.507678141817451
5765	28.825	-0.362850448349491	0.507678141817451
5766	28.83	-0.366719464305788	0.507678141817451
5767	28.835	-0.361560776364058	0.506388469832018
5768	28.84	-0.360271104378626	0.506388469832018
5769	28.845	-0.351243400480598	0.506388469832018
5770	28.85	-0.349953728495166	0.506388469832018
5771	28.855	-0.353822744451463	0.506388469832018
5772	28.86	-0.342215696582571	0.506388469832018
5773	28.865	-0.338346680626273	0.506388469832018
5774	28.87	-0.343505368568003	0.506388469832018
5775	28.875	-0.335767336655408	0.506388469832018
5776	28.88	-0.333187992684543	0.506388469832018
5777	28.885	-0.334477664669976	0.506388469832018
5778	28.89	-0.326739632757381	0.506388469832018
5779	28.895	-0.320291272830218	0.505098797846586
5780	28.9	-0.325449960771948	0.505098797846586
5781	28.905	-0.315132584888488	0.505098797846586
5782	28.91	-0.311263568932191	0.506388469832018
5783	28.915	-0.307394552975893	0.505098797846586
5784	28.92	-0.302235865034163	0.505098797846586
5785	28.925	-0.297077177092433	0.505098797846586
5786	28.93	-0.297077177092433	0.505098797846586
5787	28.935	-0.294497833121568	0.505098797846586
5788	28.94	-0.289339145179838	0.505098797846586
5789	28.945	-0.29062881716527	0.503809125861153
5790	28.95	-0.284180457238108	0.505098797846586
5791	28.955	-0.281601113267243	0.505098797846586
5792	28.96	-0.281601113267243	0.505098797846586
5793	28.965	-0.276442425325513	0.505098797846586
5794	28.97	-0.268704393412918	0.505098797846586
5795	28.975	-0.267414721427485	0.503809125861153
5796	28.98	-0.267414721427485	0.505098797846586
5797	28.985	-0.262256033485755	0.505098797846586
5798	28.99	-0.260966361500323	0.503809125861153
5799	28.995	-0.257097345544025	0.503809125861153
5800	29	-0.262256033485755	0.503809125861153
5801	29.005	-0.255807673558593	0.505098797846586
5802	29.01	-0.24935931363143	0.505098797846586
5803	29.015	-0.255807673558593	0.503809125861153
5804	29.02	-0.253228329587728	0.503809125861153
5805	29.025	-0.248069641645998	0.503809125861153
5806	29.03	-0.2442006256897	0.503809125861153
5807	29.035	-0.242910953704268	0.503809125861153
5808	29.04	-0.2442006256897	0.503809125861153
5809	29.045	-0.242910953704268	0.503809125861153
5810	29.05	-0.241621281718835	0.503809125861153
5811	29.055	-0.237752265762538	0.502519453875721
5812	29.06	-0.23904193774797	0.503809125861153
5813	29.065	-0.236462593777105	0.502519453875721
5814	29.07	-0.226145217893645	0.503809125861153
5815	29.075	-0.22872456186451	0.502519453875721
5816	29.08	-0.224855545908213	0.503809125861153
5817	29.085	-0.219696857966483	0.502519453875721
5818	29.09	-0.220986529951915	0.502519453875721
5819	29.095	-0.21324849803932	0.502519453875721
5820	29.1	-0.210669154068455	0.502519453875721
5821	29.105	-0.214538170024753	0.502519453875721
5822	29.11	-0.210669154068455	0.502519453875721
5823	29.115	-0.204220794141293	0.502519453875721
5824	29.12	-0.199062106199563	0.502519453875721
5825	29.125	-0.19777243421413	0.501229781890288
5826	29.13	-0.191324074286968	0.502519453875721
5827	29.135	-0.18745505833067	0.501229781890288
5828	29.14	-0.181006698403507	0.501229781890288
5829	29.145	-0.168109978549182	0.501229781890288
5830	29.15	-0.175848010461777	0.501229781890288
5831	29.155	-0.16682030656375	0.502519453875721
5832	29.16	-0.16682030656375	0.501229781890288
5833	29.165	-0.160371946636587	0.501229781890288
5834	29.17	-0.15134424273856	0.501229781890288
5835	29.175	-0.144895882811397	0.501229781890288
5836	29.18	-0.142316538840532	0.501229781890288
5837	29.185	-0.137157850898802	0.501229781890288
5838	29.19	-0.13070949097164	0.501229781890288
5839	29.195	-0.13586817891337	0.501229781890288
5840	29.2	-0.133288834942505	0.501229781890288
5841	29.205	-0.129419818986207	0.501229781890288
5842	29.21	-0.122971459059045	0.499940109904855
5843	29.215	-0.126840475015342	0.499940109904855
5844	29.22	-0.126840475015342	0.501229781890288
5845	29.225	-0.128130147000775	0.499940109904855
5846	29.23	-0.124261131044477	0.499940109904855
5847	29.235	-0.129419818986207	0.499940109904855
5848	29.24	-0.13070949097164	0.499940109904855
5849	29.245	-0.13586817891337	0.499940109904855
5850	29.25	-0.134578506927937	0.499940109904855
5851	29.255	-0.139737194869667	0.499940109904855
5852	29.26	-0.144895882811397	0.498650437919423
5853	29.265	-0.142316538840532	0.499940109904855
5854	29.27	-0.143606210825965	0.499940109904855
5855	29.275	-0.147475226782262	0.498650437919423
5856	29.28	-0.15134424273856	0.499940109904855
5857	29.285	-0.155213258694857	0.498650437919423
5858	29.29	-0.150054570753127	0.498650437919423
5859	29.295	-0.150054570753127	0.498650437919423
5860	29.3	-0.157792602665722	0.498650437919423
5861	29.305	-0.155213258694857	0.499940109904855
5862	29.31	-0.152633914723992	0.498650437919423
5863	29.315	-0.15134424273856	0.498650437919423
5864	29.32	-0.15650293068029	0.498650437919423
5865	29.325	-0.153923586709425	0.49736076593399
5866	29.33	-0.159082274651155	0.49736076593399
5867	29.335	-0.155213258694857	0.498650437919423
5868	29.34	-0.159082274651155	0.49736076593399
5869	29.345	-0.157792602665722	0.498650437919423
5870	29.35	-0.16166161862202	0.49736076593399
5871	29.355	-0.160371946636587	0.49736076593399
5872	29.36	-0.165530634578317	0.49736076593399
5873	29.365	-0.16682030656375	0.498650437919423
5874	29.37	-0.165530634578317	0.49736076593399
5875	29.375	-0.17197899450548	0.49736076593399
5876	29.38	-0.174558338476345	0.49736076593399
5877	29.385	-0.175848010461777	0.49736076593399
5878	29.39	-0.18229637038894	0.49736076593399
5879	29.395	-0.188744730316103	0.49736076593399
5880	29.4	-0.193903418257833	0.496071093948558
5881	29.405	-0.19777243421413	0.496071093948558
5882	29.41	-0.200351778184995	0.49736076593399
5883	29.415	-0.205510466126725	0.496071093948558
5884	29.42	-0.21324849803932	0.496071093948558
5885	29.425	-0.217117513995618	0.496071093948558
5886	29.43	-0.220986529951915	0.496071093948558
5887	29.435	-0.232593577820808	0.496071093948558
5888	29.44	-0.231303905835375	0.496071093948558
5889	29.445	-0.242910953704268	0.496071093948558
5890	29.45	-0.246779969660565	0.496071093948558
5891	29.455	-0.25967668951489	0.496071093948558
5892	29.46	-0.266125049442053	0.496071093948558
5893	29.465	-0.271283737383783	0.496071093948558
5894	29.47	-0.279021769296378	0.496071093948558
5895	29.475	-0.284180457238108	0.496071093948558
5896	29.48	-0.299656521063298	0.496071093948558
5897	29.485	-0.309973896946758	0.494781421963125
5898	29.49	-0.307394552975893	0.496071093948558
5899	29.495	-0.321580944815651	0.494781421963125
5900	29.5	-0.329318976728246	0.494781421963125
5901	29.505	-0.338346680626273	0.494781421963125
5902	29.51	-0.343505368568003	0.494781421963125
5903	29.515	-0.353822744451463	0.494781421963125
5904	29.52	-0.365429792320356	0.494781421963125
5905	29.525	-0.365429792320356	0.493491749977693
5906	29.53	-0.373167824232951	0.494781421963125
5907	29.535	-0.380905856145546	0.494781421963125
5908	29.54	-0.384774872101843	0.493491749977693
5909	29.545	-0.392512904014438	0.494781421963125
5910	29.55	-0.388643888058141	0.494781421963125
5911	29.555	-0.402830279897898	0.493491749977693
5912	29.56	-0.409278639825061	0.493491749977693
5913	29.565	-0.418306343723089	0.493491749977693
5914	29.57	-0.420885687693954	0.493491749977693
5915	29.575	-0.431203063577414	0.493491749977693
5916	29.58	-0.427334047621116	0.493491749977693
5917	29.585	-0.447968799388036	0.493491749977693
5918	29.59	-0.450548143358901	0.493491749977693
5919	29.595	-0.454417159315199	0.493491749977693
5920	29.6	-0.462155191227794	0.493491749977693
5921	29.605	-0.468603551154956	0.493491749977693
5922	29.61	-0.473762239096686	0.49220207799226
5923	29.615	-0.485369286965579	0.49220207799226
5924	29.62	-0.496976334834471	0.493491749977693
5925	29.625	-0.499555678805336	0.49220207799226
5926	29.63	-0.499555678805336	0.49220207799226
5927	29.635	-0.508583382703364	0.49220207799226
5928	29.64	-0.520190430572256	0.49220207799226
5929	29.645	-0.512452398659661	0.49220207799226
5930	29.65	-0.525349118513986	0.49220207799226
5931	29.655	-0.529218134470284	0.49220207799226
5932	29.66	-0.531797478441149	0.49220207799226
5933	29.665	-0.533087150426582	0.49220207799226
5934	29.67	-0.545983870280907	0.49220207799226
5935	29.675	-0.551142558222637	0.49220207799226
5936	29.68	-0.547273542266339	0.49220207799226
5937	29.685	-0.555011574178934	0.49220207799226
5938	29.69	-0.562749606091529	0.490912406006828
5939	29.695	-0.564039278076962	0.490912406006828
5940	29.7	-0.571777309989557	0.49220207799226
5941	29.705	-0.579515341902152	0.490912406006828
5942	29.71	-0.584674029843882	0.490912406006828
5943	29.715	-0.584674029843882	0.490912406006828
5944	29.72	-0.582094685873017	0.490912406006828
5945	29.725	-0.589832717785612	0.490912406006828
5946	29.73	-0.598860421683639	0.490912406006828
5947	29.735	-0.600150093669072	0.490912406006828
5948	29.74	-0.591122389771044	0.490912406006828
5949	29.745	-0.602729437639937	0.490912406006828
5950	29.75	-0.605308781610802	0.489622734021395
5951	29.755	-0.609177797567099	0.490912406006828
5952	29.76	-0.606598453596234	0.489622734021395
5953	29.765	-0.611757141537964	0.489622734021395
5954	29.77	-0.616915829479694	0.489622734021395
5955	29.775	-0.618205501465127	0.489622734021395
5956	29.78	-0.614336485508829	0.489622734021395
5957	29.785	-0.619495173450559	0.489622734021395
5958	29.79	-0.620784845435992	0.489622734021395
5959	29.795	-0.614336485508829	0.489622734021395
5960	29.8	-0.616915829479694	0.489622734021395
5961	29.805	-0.611757141537964	0.489622734021395
5962	29.81	-0.616915829479694	0.489622734021395
5963	29.815	-0.615626157494262	0.488333062035963
5964	29.82	-0.619495173450559	0.489622734021395
5965	29.825	-0.616915829479694	0.488333062035963
5966	29.83	-0.616915829479694	0.488333062035963
5967	29.835	-0.614336485508829	0.488333062035963
5968	29.84	-0.613046813523397	0.488333062035963
5969	29.845	-0.611757141537964	0.488333062035963
5970	29.85	-0.622074517421424	0.488333062035963
5971	29.855	-0.613046813523397	0.488333062035963
5972	29.86	-0.607888125581667	0.488333062035963
5973	29.865	-0.602729437639937	0.488333062035963
5974	29.87	-0.604019109625369	0.48704339005053
5975	29.875	-0.606598453596234	0.488333062035963
5976	29.88	-0.605308781610802	0.488333062035963
5977	29.885	-0.598860421683639	0.48704339005053
5978	29.89	-0.601439765654504	0.488333062035963
5979	29.895	-0.597570749698207	0.48704339005053
5980	29.9	-0.589832717785612	0.488333062035963
5981	29.905	-0.594991405727342	0.48704339005053
5982	29.91	-0.579515341902152	0.48704339005053
5983	29.915	-0.587253373814747	0.48704339005053
5984	29.92	-0.589832717785612	0.485753718065098
5985	29.925	-0.574356653960422	0.48704339005053
5986	29.93	-0.573066981974989	0.48704339005053
5987	29.935	-0.571777309989557	0.48704339005053
5988	29.94	-0.570487638004124	0.48704339005053
5989	29.945	-0.560170262120664	0.485753718065098
5990	29.95	-0.562749606091529	0.485753718065098
5991	29.955	-0.560170262120664	0.485753718065098
5992	29.96	-0.553721902193502	0.485753718065098
5993	29.965	-0.556301246164367	0.485753718065098
5994	29.97	-0.542114854324609	0.485753718065098
5995	29.975	-0.545983870280907	0.485753718065098
5996	29.98	-0.540825182339177	0.485753718065098
5997	29.985	-0.539535510353744	0.485753718065098
5998	29.99	-0.530507806455716	0.485753718065098
5999	29.995	-0.525349118513986	0.485753718065098
6000	30	-0.529218134470284	0.485753718065098
6001	30.005	-0.516321414615959	0.485753718065098
6002	30.01	-0.511162726674229	0.485753718065098
6003	30.015	-0.509873054688796	0.484464046079665
6004	30.02	-0.499555678805336	0.484464046079665
6005	30.025	-0.496976334834471	0.484464046079665
6006	30.03	-0.490527974907309	0.485753718065098
6007	30.035	-0.482789942994714	0.484464046079665
6008	30.04	-0.480210599023849	0.484464046079665
6009	30.045	-0.477631255052984	0.484464046079665
6010	30.05	-0.464734535198659	0.484464046079665
6011	30.055	-0.459575847256929	0.484464046079665
6012	30.06	-0.455706831300631	0.484464046079665
6013	30.065	-0.445389455417171	0.484464046079665
6014	30.07	-0.451837815344334	0.484464046079665
6015	30.075	-0.441520439460874	0.484464046079665
6016	30.08	-0.436361751519144	0.484464046079665
6017	30.085	-0.423465031664819	0.484464046079665
6018	30.09	-0.415726999752223	0.484464046079665
6019	30.095	-0.411857983795926	0.483174374094233
6020	30.1	-0.393802575999871	0.484464046079665
6021	30.105	-0.393802575999871	0.483174374094233
6022	30.11	-0.391223232029006	0.483174374094233
6023	30.115	-0.387354216072708	0.483174374094233
6024	30.12	-0.378326512174681	0.483174374094233
6025	30.125	-0.366719464305788	0.484464046079665
6026	30.13	-0.371878152247518	0.483174374094233
6027	30.135	-0.355112416436896	0.483174374094233
6028	30.14	-0.347374384524301	0.483174374094233
6029	30.145	-0.342215696582571	0.483174374094233
6030	30.15	-0.338346680626273	0.483174374094233
6031	30.155	-0.333187992684543	0.483174374094233
6032	30.16	-0.326739632757381	0.483174374094233
6033	30.165	-0.313842912903056	0.483174374094233
6034	30.17	-0.308684224961326	0.483174374094233
6035	30.175	-0.298366849077865	0.483174374094233
6036	30.18	-0.294497833121568	0.4818847021088
6037	30.185	-0.291918489150703	0.4818847021088
6038	30.19	-0.284180457238108	0.4818847021088
6039	30.195	-0.277732097310945	0.4818847021088
6040	30.2	-0.272573409369215	0.4818847021088
6041	30.205	-0.26999406539835	0.4818847021088
6042	30.21	-0.266125049442053	0.4818847021088
6043	30.215	-0.255807673558593	0.4818847021088
6044	30.22	-0.253228329587728	0.4818847021088
6045	30.225	-0.24935931363143	0.4818847021088
6046	30.23	-0.240331609733403	0.480595030123368
6047	30.235	-0.240331609733403	0.480595030123368
6048	30.24	-0.236462593777105	0.480595030123368
6049	30.245	-0.232593577820808	0.480595030123368
6050	30.25	-0.227434889879078	0.480595030123368
6051	30.255	-0.227434889879078	0.480595030123368
6052	30.26	-0.220986529951915	0.480595030123368
6053	30.265	-0.215827842010185	0.480595030123368
6054	30.27	-0.211958826053888	0.480595030123368
6055	30.275	-0.21324849803932	0.480595030123368
6056	30.28	-0.210669154068455	0.480595030123368
6057	30.285	-0.206800138112158	0.480595030123368
6058	30.29	-0.205510466126725	0.480595030123368
6059	30.295	-0.20293112215586	0.480595030123368
6060	30.3	-0.20808981009759	0.480595030123368
6061	30.305	-0.199062106199563	0.480595030123368
6062	30.31	-0.1926137462724	0.479305358137935
6063	30.315	-0.191324074286968	0.479305358137935
6064	30.32	-0.191324074286968	0.480595030123368
6065	30.325	-0.195193090243265	0.479305358137935
6066	30.33	-0.186165386345237	0.479305358137935
6067	30.335	-0.18745505833067	0.479305358137935
6068	30.34	-0.186165386345237	0.479305358137935
6069	30.345	-0.18745505833067	0.479305358137935
6070	30.35	-0.184875714359805	0.479305358137935
6071	30.355	-0.179717026418075	0.479305358137935
6072	30.36	-0.183586042374372	0.478015686152503
6073	30.365	-0.183586042374372	0.478015686152503
6074	30.37	-0.179717026418075	0.479305358137935
6075	30.375	-0.17713768244721	0.479305358137935
6076	30.38	-0.17713768244721	0.479305358137935
6077	30.385	-0.17713768244721	0.478015686152503
6078	30.39	-0.17713768244721	0.478015686152503
6079	30.395	-0.178427354432642	0.478015686152503
6080	30.4	-0.179717026418075	0.478015686152503
6081	30.405	-0.17713768244721	0.478015686152503
6082	30.41	-0.17713768244721	0.478015686152503
6083	30.415	-0.17713768244721	0.478015686152503
6084	30.42	-0.178427354432642	0.478015686152503
6085	30.425	-0.179717026418075	0.478015686152503
6086	30.43	-0.179717026418075	0.478015686152503
6087	30.435	-0.183586042374372	0.47672601416707
6088	30.44	-0.18745505833067	0.47672601416707
6089	30.445	-0.18745505833067	0.47672601416707
6090	30.45	-0.184875714359805	0.47672601416707
6091	30.455	-0.183586042374372	0.47672601416707
6092	30.46	-0.1926137462724	0.47672601416707
6093	30.465	-0.196482762228698	0.47672601416707
6094	30.47	-0.190034402301535	0.47672601416707
6095	30.475	-0.191324074286968	0.47672601416707
6096	30.48	-0.196482762228698	0.47672601416707
6097	30.485	-0.200351778184995	0.47672601416707
6098	30.49	-0.195193090243265	0.475436342181638
6099	30.495	-0.19777243421413	0.47672601416707
6100	30.5	-0.200351778184995	0.47672601416707
6101	30.505	-0.196482762228698	0.475436342181638
6102	30.51	-0.201641450170428	0.475436342181638
6103	30.515	-0.201641450170428	0.475436342181638
6104	30.52	-0.205510466126725	0.475436342181638
6105	30.525	-0.206800138112158	0.475436342181638
6106	30.53	-0.20808981009759	0.475436342181638
6107	30.535	-0.20808981009759	0.475436342181638
6108	30.54	-0.210669154068455	0.474146670196205
6109	30.545	-0.209379482083023	0.475436342181638
6110	30.55	-0.214538170024753	0.474146670196205
6111	30.555	-0.20808981009759	0.474146670196205
6112	30.56	-0.21324849803932	0.475436342181638
6113	30.565	-0.21840718598105	0.474146670196205
6114	30.57	-0.224855545908213	0.474146670196205
6115	30.575	-0.220986529951915	0.474146670196205
6116	30.58	-0.22872456186451	0.474146670196205
6117	30.585	-0.22356587392278	0.474146670196205
6118	30.59	-0.22872456186451	0.474146670196205
6119	30.595	-0.231303905835375	0.474146670196205
6120	30.6	-0.22872456186451	0.472856998210773
6121	30.605	-0.231303905835375	0.474146670196205
6122	30.61	-0.227434889879078	0.472856998210773
6123	30.615	-0.22872456186451	0.472856998210773
6124	30.62	-0.23388324980624	0.472856998210773
6125	30.625	-0.22872456186451	0.474146670196205
6126	30.63	-0.232593577820808	0.472856998210773
6127	30.635	-0.22872456186451	0.472856998210773
6128	30.64	-0.230014233849943	0.472856998210773
6129	30.645	-0.237752265762538	0.472856998210773
6130	30.65	-0.232593577820808	0.472856998210773
6131	30.655	-0.22872456186451	0.472856998210773
6132	30.66	-0.232593577820808	0.472856998210773
6133	30.665	-0.237752265762538	0.472856998210773
6134	30.67	-0.232593577820808	0.47156732622534
6135	30.675	-0.230014233849943	0.47156732622534
6136	30.68	-0.236462593777105	0.47156732622534
6137	30.685	-0.23904193774797	0.47156732622534
6138	30.69	-0.23388324980624	0.47156732622534
6139	30.695	-0.23904193774797	0.47156732622534
6140	30.7	-0.242910953704268	0.47156732622534
6141	30.705	-0.241621281718835	0.47156732622534
6142	30.71	-0.23904193774797	0.47156732622534
6143	30.715	-0.245490297675133	0.47156732622534
6144	30.72	-0.246779969660565	0.47156732622534
6145	30.725	-0.245490297675133	0.47156732622534
6146	30.73	-0.248069641645998	0.47156732622534
6147	30.735	-0.241621281718835	0.470277654239908
6148	30.74	-0.245490297675133	0.470277654239908
6149	30.745	-0.246779969660565	0.470277654239908
6150	30.75	-0.250648985616863	0.47156732622534
6151	30.755	-0.248069641645998	0.470277654239908
6152	30.76	-0.250648985616863	0.470277654239908
6153	30.765	-0.24935931363143	0.470277654239908
6154	30.77	-0.242910953704268	0.470277654239908
6155	30.775	-0.245490297675133	0.470277654239908
6156	30.78	-0.2442006256897	0.470277654239908
6157	30.785	-0.24935931363143	0.470277654239908
6158	30.79	-0.246779969660565	0.470277654239908
6159	30.795	-0.246779969660565	0.470277654239908
6160	30.8	-0.248069641645998	0.468987982254475
6161	30.805	-0.246779969660565	0.468987982254475
6162	30.81	-0.2442006256897	0.470277654239908
6163	30.815	-0.2442006256897	0.470277654239908
6164	30.82	-0.245490297675133	0.470277654239908
6165	30.825	-0.2442006256897	0.468987982254475
6166	30.83	-0.246779969660565	0.470277654239908
6167	30.835	-0.248069641645998	0.468987982254475
6168	30.84	-0.240331609733403	0.468987982254475
6169	30.845	-0.245490297675133	0.468987982254475
6170	30.85	-0.235172921791673	0.468987982254475
6171	30.855	-0.237752265762538	0.468987982254475
6172	30.86	-0.23904193774797	0.467698310269043
6173	30.865	-0.240331609733403	0.468987982254475
6174	30.87	-0.230014233849943	0.467698310269043
6175	30.875	-0.232593577820808	0.468987982254475
6176	30.88	-0.236462593777105	0.467698310269043
6177	30.885	-0.236462593777105	0.468987982254475
6178	30.89	-0.235172921791673	0.467698310269043
6179	30.895	-0.230014233849943	0.467698310269043
6180	30.9	-0.231303905835375	0.467698310269043
6181	30.905	-0.224855545908213	0.467698310269043
6182	30.91	-0.22356587392278	0.467698310269043
6183	30.915	-0.230014233849943	0.467698310269043
6184	30.92	-0.219696857966483	0.467698310269043
6185	30.925	-0.224855545908213	0.46640863828361
6186	30.93	-0.219696857966483	0.467698310269043
6187	30.935	-0.219696857966483	0.467698310269043
6188	30.94	-0.219696857966483	0.46640863828361
6189	30.945	-0.217117513995618	0.46640863828361
6190	30.95	-0.220986529951915	0.467698310269043
6191	30.955	-0.215827842010185	0.46640863828361
6192	30.96	-0.21840718598105	0.46640863828361
6193	30.965	-0.220986529951915	0.46640863828361
6194	30.97	-0.214538170024753	0.46640863828361
6195	30.975	-0.211958826053888	0.46640863828361
6196	30.98	-0.219696857966483	0.46640863828361
6197	30.985	-0.211958826053888	0.46640863828361
6198	30.99	-0.209379482083023	0.46640863828361
6199	30.995	-0.209379482083023	0.465118966298178
6200	31	-0.20808981009759	0.465118966298178
6201	31.005	-0.209379482083023	0.46640863828361
6202	31.01	-0.205510466126725	0.465118966298178
6203	31.015	-0.20293112215586	0.46640863828361
6204	31.02	-0.20293112215586	0.465118966298178
6205	31.025	-0.19777243421413	0.465118966298178
6206	31.03	-0.200351778184995	0.465118966298178
6207	31.035	-0.19777243421413	0.465118966298178
6208	31.04	-0.193903418257833	0.465118966298178
6209	31.045	-0.191324074286968	0.465118966298178
6210	31.05	-0.190034402301535	0.465118966298178
6211	31.055	-0.191324074286968	0.465118966298178
6212	31.06	-0.193903418257833	0.463829294312745
6213	31.065	-0.18745505833067	0.465118966298178
6214	31.07	-0.181006698403507	0.465118966298178
6215	31.075	-0.183586042374372	0.463829294312745
6216	31.08	-0.18229637038894	0.465118966298178
6217	31.085	-0.179717026418075	0.463829294312745
6218	31.09	-0.174558338476345	0.463829294312745
6219	31.095	-0.179717026418075	0.463829294312745
6220	31.1	-0.178427354432642	0.463829294312745
6221	31.105	-0.175848010461777	0.463829294312745
6222	31.11	-0.174558338476345	0.462539622327313
6223	31.115	-0.169399650534615	0.463829294312745
6224	31.12	-0.178427354432642	0.463829294312745
6225	31.125	-0.173268666490912	0.463829294312745
6226	31.13	-0.17197899450548	0.463829294312745
6227	31.135	-0.168109978549182	0.462539622327313
6228	31.14	-0.17197899450548	0.463829294312745
6229	31.145	-0.174558338476345	0.463829294312745
6230	31.15	-0.165530634578317	0.462539622327313
6231	31.155	-0.164240962592885	0.462539622327313
6232	31.16	-0.16682030656375	0.462539622327313
6233	31.165	-0.169399650534615	0.462539622327313
6234	31.17	-0.173268666490912	0.462539622327313
6235	31.175	-0.160371946636587	0.462539622327313
6236	31.18	-0.165530634578317	0.462539622327313
6237	31.185	-0.170689322520047	0.462539622327313
6238	31.19	-0.170689322520047	0.462539622327313
6239	31.195	-0.170689322520047	0.462539622327313
6240	31.2	-0.168109978549182	0.46124995034188
6241	31.205	-0.173268666490912	0.46124995034188
6242	31.21	-0.174558338476345	0.46124995034188
6243	31.215	-0.170689322520047	0.46124995034188
6244	31.22	-0.17197899450548	0.46124995034188
6245	31.225	-0.17197899450548	0.46124995034188
6246	31.23	-0.173268666490912	0.46124995034188
6247	31.235	-0.169399650534615	0.46124995034188
6248	31.24	-0.173268666490912	0.46124995034188
6249	31.245	-0.17713768244721	0.46124995034188
6250	31.25	-0.174558338476345	0.46124995034188
6251	31.255	-0.178427354432642	0.459960278356448
6252	31.26	-0.178427354432642	0.459960278356448
6253	31.265	-0.174558338476345	0.459960278356448
6254	31.27	-0.179717026418075	0.459960278356448
6255	31.275	-0.181006698403507	0.459960278356448
6256	31.28	-0.17713768244721	0.459960278356448
6257	31.285	-0.179717026418075	0.459960278356448
6258	31.29	-0.18229637038894	0.459960278356448
6259	31.295	-0.183586042374372	0.459960278356448
6260	31.3	-0.181006698403507	0.459960278356448
6261	31.305	-0.183586042374372	0.459960278356448
6262	31.31	-0.178427354432642	0.458670606371015
6263	31.315	-0.184875714359805	0.459960278356448
6264	31.32	-0.18745505833067	0.458670606371015
6265	31.325	-0.186165386345237	0.458670606371015
6266	31.33	-0.186165386345237	0.459960278356448
6267	31.335	-0.18745505833067	0.458670606371015
6268	31.34	-0.186165386345237	0.458670606371015
6269	31.345	-0.186165386345237	0.458670606371015
6270	31.35	-0.186165386345237	0.458670606371015
6271	31.355	-0.18745505833067	0.458670606371015
6272	31.36	-0.190034402301535	0.458670606371015
6273	31.365	-0.193903418257833	0.457380934385583
6274	31.37	-0.184875714359805	0.457380934385583
6275	31.375	-0.193903418257833	0.458670606371015
6276	31.38	-0.193903418257833	0.458670606371015
6277	31.385	-0.199062106199563	0.457380934385583
6278	31.39	-0.195193090243265	0.457380934385583
6279	31.395	-0.186165386345237	0.458670606371015
6280	31.4	-0.196482762228698	0.458670606371015
6281	31.405	-0.196482762228698	0.457380934385583
6282	31.41	-0.195193090243265	0.457380934385583
6283	31.415	-0.188744730316103	0.457380934385583
6284	31.42	-0.190034402301535	0.457380934385583
6285	31.425	-0.19777243421413	0.457380934385583
6286	31.43	-0.193903418257833	0.457380934385583
6287	31.435	-0.191324074286968	0.457380934385583
6288	31.44	-0.188744730316103	0.457380934385583
6289	31.445	-0.193903418257833	0.457380934385583
6290	31.45	-0.200351778184995	0.457380934385583
6291	31.455	-0.193903418257833	0.45609126240015
6292	31.46	-0.196482762228698	0.457380934385583
6293	31.465	-0.199062106199563	0.457380934385583
6294	31.47	-0.206800138112158	0.45609126240015
6295	31.475	-0.196482762228698	0.45609126240015
6296	31.48	-0.199062106199563	0.45609126240015
6297	31.485	-0.200351778184995	0.45609126240015
6298	31.49	-0.200351778184995	0.45609126240015
6299	31.495	-0.200351778184995	0.45609126240015
6300	31.5	-0.201641450170428	0.45609126240015
6301	31.505	-0.20293112215586	0.45609126240015
6302	31.51	-0.199062106199563	0.45609126240015
6303	31.515	-0.201641450170428	0.454801590414718
6304	31.52	-0.201641450170428	0.454801590414718
6305	31.525	-0.200351778184995	0.45609126240015
6306	31.53	-0.199062106199563	0.454801590414718
6307	31.535	-0.195193090243265	0.454801590414718
6308	31.54	-0.196482762228698	0.454801590414718
6309	31.545	-0.204220794141293	0.454801590414718
6310	31.55	-0.19777243421413	0.45609126240015
6311	31.555	-0.195193090243265	0.454801590414718
6312	31.56	-0.196482762228698	0.454801590414718
6313	31.565	-0.196482762228698	0.454801590414718
6314	31.57	-0.190034402301535	0.454801590414718
6315	31.575	-0.188744730316103	0.454801590414718
6316	31.58	-0.190034402301535	0.454801590414718
6317	31.585	-0.193903418257833	0.454801590414718
6318	31.59	-0.186165386345237	0.453511918429285
6319	31.595	-0.183586042374372	0.454801590414718
6320	31.6	-0.188744730316103	0.453511918429285
6321	31.605	-0.18745505833067	0.453511918429285
6322	31.61	-0.181006698403507	0.453511918429285
6323	31.615	-0.175848010461777	0.453511918429285
6324	31.62	-0.175848010461777	0.453511918429285
6325	31.625	-0.174558338476345	0.453511918429285
6326	31.63	-0.174558338476345	0.453511918429285
6327	31.635	-0.173268666490912	0.453511918429285
6328	31.64	-0.169399650534615	0.453511918429285
6329	31.645	-0.169399650534615	0.452222246443853
6330	31.65	-0.162951290607452	0.452222246443853
6331	31.655	-0.16166161862202	0.452222246443853
6332	31.66	-0.160371946636587	0.452222246443853
6333	31.665	-0.16166161862202	0.452222246443853
6334	31.67	-0.157792602665722	0.452222246443853
6335	31.675	-0.157792602665722	0.452222246443853
6336	31.68	-0.153923586709425	0.452222246443853
6337	31.685	-0.157792602665722	0.452222246443853
6338	31.69	-0.15650293068029	0.452222246443853
6339	31.695	-0.150054570753127	0.452222246443853
6340	31.7	-0.150054570753127	0.452222246443853
6341	31.705	-0.15134424273856	0.452222246443853
6342	31.71	-0.15134424273856	0.45093257445842
6343	31.715	-0.147475226782262	0.45093257445842
6344	31.72	-0.147475226782262	0.452222246443853
6345	31.725	-0.150054570753127	0.45093257445842
6346	31.73	-0.153923586709425	0.45093257445842
6347	31.735	-0.15134424273856	0.45093257445842
6348	31.74	-0.152633914723992	0.45093257445842
6349	31.745	-0.16166161862202	0.45093257445842
6350	31.75	-0.15650293068029	0.449642902472988
6351	31.755	-0.164240962592885	0.449642902472988
6352	31.76	-0.17197899450548	0.449642902472988
6353	31.765	-0.178427354432642	0.45093257445842
6354	31.77	-0.17713768244721	0.449642902472988
6355	31.775	-0.181006698403507	0.449642902472988
6356	31.78	-0.193903418257833	0.449642902472988
6357	31.785	-0.195193090243265	0.449642902472988
6358	31.79	-0.205510466126725	0.449642902472988
6359	31.795	-0.220986529951915	0.449642902472988
6360	31.8	-0.224855545908213	0.449642902472988
6361	31.805	-0.230014233849943	0.449642902472988
6362	31.81	-0.22872456186451	0.448353230487555
6363	31.815	-0.23388324980624	0.449642902472988
6364	31.82	-0.240331609733403	0.448353230487555
6365	31.825	-0.240331609733403	0.448353230487555
6366	31.83	-0.237752265762538	0.448353230487555
6367	31.835	-0.23904193774797	0.448353230487555
6368	31.84	-0.246779969660565	0.448353230487555
6369	31.845	-0.242910953704268	0.448353230487555
6370	31.85	-0.241621281718835	0.447063558502123
6371	31.855	-0.240331609733403	0.447063558502123
6372	31.86	-0.245490297675133	0.447063558502123
6373	31.865	-0.240331609733403	0.448353230487555
6374	31.87	-0.23904193774797	0.447063558502123
6375	31.875	-0.242910953704268	0.447063558502123
6376	31.88	-0.242910953704268	0.447063558502123
6377	31.885	-0.242910953704268	0.447063558502123
6378	31.89	-0.251938657602295	0.447063558502123
6379	31.895	-0.251938657602295	0.447063558502123
6380	31.9	-0.25967668951489	0.44577388651669
6381	31.905	-0.26483537745662	0.447063558502123
6382	31.91	-0.27515275334008	0.44577388651669
6383	31.915	-0.279021769296378	0.44577388651669
6384	31.92	-0.289339145179838	0.44577388651669
6385	31.925	-0.298366849077865	0.44577388651669
6386	31.93	-0.307394552975893	0.44577388651669
6387	31.935	-0.320291272830218	0.44577388651669
6388	31.94	-0.325449960771948	0.44577388651669
6389	31.945	-0.335767336655408	0.44577388651669
6390	31.95	-0.340926024597138	0.444484214531258
6391	31.955	-0.343505368568003	0.44577388651669
6392	31.96	-0.361560776364058	0.444484214531258
6393	31.965	-0.366719464305788	0.444484214531258
6394	31.97	-0.369298808276653	0.444484214531258
6395	31.975	-0.379616184160113	0.444484214531258
6396	31.98	-0.392512904014438	0.444484214531258
6397	31.985	-0.388643888058141	0.444484214531258
6398	31.99	-0.398961263941601	0.444484214531258
6399	31.995	-0.407988967839628	0.444484214531258
6400	32	-0.420885687693954	0.444484214531258
6401	32.005	-0.423465031664819	0.444484214531258
6402	32.01	-0.435072079533711	0.443194542545825
6403	32.015	-0.435072079533711	0.444484214531258
6404	32.02	-0.447968799388036	0.444484214531258
6405	32.025	-0.450548143358901	0.444484214531258
6406	32.03	-0.468603551154956	0.443194542545825
6407	32.035	-0.481500271009281	0.443194542545825
6408	32.04	-0.489238302921876	0.443194542545825
6409	32.045	-0.504714366747066	0.443194542545825
6410	32.05	-0.506004038732499	0.443194542545825
6411	32.055	-0.516321414615959	0.443194542545825
6412	32.06	-0.522769774543121	0.443194542545825
6413	32.065	-0.536956166382879	0.443194542545825
6414	32.07	-0.538245838368312	0.443194542545825
6415	32.075	-0.540825182339177	0.441904870560393
6416	32.08	-0.548563214251772	0.441904870560393
6417	32.085	-0.562749606091529	0.441904870560393
6418	32.09	-0.567908294033259	0.441904870560393
6419	32.095	-0.571777309989557	0.441904870560393
6420	32.1	-0.576935997931287	0.441904870560393
6421	32.105	-0.579515341902152	0.441904870560393
6422	32.11	-0.585963701829314	0.441904870560393
6423	32.115	-0.585963701829314	0.441904870560393
6424	32.12	-0.593701733741909	0.441904870560393
6425	32.125	-0.592412061756477	0.441904870560393
6426	32.13	-0.598860421683639	0.441904870560393
6427	32.135	-0.597570749698207	0.44061519857496
6428	32.14	-0.604019109625369	0.44061519857496
6429	32.145	-0.613046813523397	0.44061519857496
6430	32.15	-0.619495173450559	0.441904870560393
6431	32.155	-0.619495173450559	0.44061519857496
6432	32.16	-0.627233205363154	0.44061519857496
6433	32.165	-0.632391893304884	0.44061519857496
6434	32.17	-0.627233205363154	0.44061519857496
6435	32.175	-0.640129925217479	0.44061519857496
6436	32.18	-0.633681565290317	0.44061519857496
6437	32.185	-0.636260909261182	0.439325526589528
6438	32.19	-0.634971237275749	0.439325526589528
6439	32.195	-0.636260909261182	0.439325526589528
6440	32.2	-0.646578285144642	0.439325526589528
6441	32.205	-0.646578285144642	0.439325526589528
6442	32.21	-0.651736973086372	0.439325526589528
6443	32.215	-0.654316317057237	0.439325526589528
6444	32.22	-0.65044730110094	0.439325526589528
6445	32.225	-0.647867957130075	0.439325526589528
6446	32.23	-0.653026645071805	0.439325526589528
6447	32.235	-0.647867957130075	0.439325526589528
6448	32.24	-0.654316317057237	0.439325526589528
6449	32.245	-0.659475004998967	0.439325526589528
6450	32.25	-0.641419597202912	0.439325526589528
6451	32.255	-0.641419597202912	0.438035854604095
6452	32.26	-0.638840253232047	0.438035854604095
6453	32.265	-0.633681565290317	0.438035854604095
6454	32.27	-0.634971237275749	0.438035854604095
6455	32.275	-0.643998941173777	0.438035854604095
6456	32.28	-0.637550581246614	0.438035854604095
6457	32.285	-0.638840253232047	0.438035854604095
6458	32.29	-0.633681565290317	0.438035854604095
6459	32.295	-0.624653861392289	0.438035854604095
6460	32.3	-0.637550581246614	0.438035854604095
6461	32.305	-0.625943533377722	0.438035854604095
6462	32.31	-0.622074517421424	0.436746182618663
6463	32.315	-0.606598453596234	0.436746182618663
6464	32.32	-0.600150093669072	0.436746182618663
6465	32.325	-0.598860421683639	0.436746182618663
6466	32.33	-0.587253373814747	0.436746182618663
6467	32.335	-0.588543045800179	0.436746182618663
6468	32.34	-0.576935997931287	0.43545651063323
6469	32.345	-0.584674029843882	0.436746182618663
6470	32.35	-0.583384357858449	0.43545651063323
6471	32.355	-0.571777309989557	0.436746182618663
6472	32.36	-0.569197966018692	0.436746182618663
6473	32.365	-0.569197966018692	0.436746182618663
6474	32.37	-0.565328950062394	0.43545651063323
6475	32.375	-0.558880590135232	0.43545651063323
6476	32.38	-0.533087150426582	0.436746182618663
6477	32.385	-0.531797478441149	0.436746182618663
6478	32.39	-0.529218134470284	0.43545651063323
6479	32.395	-0.534376822412014	0.43545651063323
6480	32.4	-0.517611086601391	0.43545651063323
6481	32.405	-0.512452398659661	0.43545651063323
6482	32.41	-0.508583382703364	0.43545651063323
6483	32.415	-0.496976334834471	0.434166838647798
6484	32.42	-0.496976334834471	0.43545651063323
6485	32.425	-0.487948630936444	0.434166838647798
6486	32.43	-0.482789942994714	0.434166838647798
6487	32.435	-0.484079614980146	0.43545651063323
6488	32.44	-0.467313879169524	0.434166838647798
6489	32.445	-0.455706831300631	0.434166838647798
6490	32.45	-0.449258471373469	0.434166838647798
6491	32.455	-0.444099783431739	0.434166838647798
6492	32.46	-0.438941095490009	0.434166838647798
6493	32.465	-0.435072079533711	0.434166838647798
6494	32.47	-0.429913391591981	0.434166838647798
6495	32.475	-0.411857983795926	0.432877166662365
6496	32.48	-0.406699295854196	0.434166838647798
6497	32.485	-0.400250935927033	0.434166838647798
6498	32.49	-0.388643888058141	0.432877166662365
6499	32.495	-0.387354216072708	0.432877166662365
6500	32.5	-0.375747168203816	0.432877166662365
6501	32.505	-0.366719464305788	0.432877166662365
6502	32.51	-0.352533072466031	0.432877166662365
6503	32.515	-0.339636352611706	0.432877166662365
6504	32.52	-0.338346680626273	0.432877166662365
6505	32.525	-0.337057008640841	0.432877166662365
6506	32.53	-0.329318976728246	0.432877166662365
6507	32.535	-0.321580944815651	0.432877166662365
6508	32.54	-0.307394552975893	0.432877166662365
6509	32.545	-0.299656521063298	0.431587494676933
6510	32.55	-0.29062881716527	0.432877166662365
6511	32.555	-0.282890785252675	0.432877166662365
6512	32.56	-0.279021769296378	0.431587494676933
6513	32.565	-0.27515275334008	0.431587494676933
6514	32.57	-0.272573409369215	0.431587494676933
6515	32.575	-0.25451800157316	0.431587494676933
6516	32.58	-0.253228329587728	0.431587494676933
6517	32.585	-0.251938657602295	0.431587494676933
6518	32.59	-0.248069641645998	0.431587494676933
6519	32.595	-0.236462593777105	0.431587494676933
6520	32.6	-0.224855545908213	0.431587494676933
6521	32.605	-0.227434889879078	0.4302978226915
6522	32.61	-0.219696857966483	0.431587494676933
6523	32.615	-0.211958826053888	0.431587494676933
6524	32.62	-0.204220794141293	0.4302978226915
6525	32.625	-0.196482762228698	0.431587494676933
6526	32.63	-0.200351778184995	0.4302978226915
6527	32.635	-0.19777243421413	0.4302978226915
6528	32.64	-0.1926137462724	0.4302978226915
6529	32.645	-0.186165386345237	0.4302978226915
6530	32.65	-0.178427354432642	0.4302978226915
6531	32.655	-0.184875714359805	0.4302978226915
6532	32.66	-0.18229637038894	0.4302978226915
6533	32.665	-0.181006698403507	0.429008150706068
6534	32.67	-0.173268666490912	0.4302978226915
6535	32.675	-0.18229637038894	0.4302978226915
6536	32.68	-0.18229637038894	0.429008150706068
6537	32.685	-0.181006698403507	0.429008150706068
6538	32.69	-0.193903418257833	0.429008150706068
6539	32.695	-0.1926137462724	0.429008150706068
6540	32.7	-0.199062106199563	0.429008150706068
6541	32.705	-0.200351778184995	0.429008150706068
6542	32.71	-0.199062106199563	0.429008150706068
6543	32.715	-0.20293112215586	0.429008150706068
6544	32.72	-0.204220794141293	0.429008150706068
6545	32.725	-0.210669154068455	0.429008150706068
6546	32.73	-0.206800138112158	0.429008150706068
6547	32.735	-0.211958826053888	0.429008150706068
6548	32.74	-0.227434889879078	0.427718478720635
6549	32.745	-0.22872456186451	0.427718478720635
6550	32.75	-0.230014233849943	0.427718478720635
6551	32.755	-0.235172921791673	0.427718478720635
6552	32.76	-0.237752265762538	0.427718478720635
6553	32.765	-0.245490297675133	0.427718478720635
6554	32.77	-0.250648985616863	0.427718478720635
6555	32.775	-0.251938657602295	0.427718478720635
6556	32.78	-0.25451800157316	0.427718478720635
6557	32.785	-0.262256033485755	0.427718478720635
6558	32.79	-0.257097345544025	0.427718478720635
6559	32.795	-0.255807673558593	0.426428806735203
6560	32.8	-0.257097345544025	0.427718478720635
6561	32.805	-0.267414721427485	0.427718478720635
6562	32.81	-0.272573409369215	0.427718478720635
6563	32.815	-0.267414721427485	0.426428806735203
6564	32.82	-0.263545705471188	0.427718478720635
6565	32.825	-0.26999406539835	0.426428806735203
6566	32.83	-0.26999406539835	0.426428806735203
6567	32.835	-0.272573409369215	0.426428806735203
6568	32.84	-0.276442425325513	0.426428806735203
6569	32.845	-0.273863081354648	0.426428806735203
6570	32.85	-0.272573409369215	0.426428806735203
6571	32.855	-0.271283737383783	0.42513913474977
6572	32.86	-0.276442425325513	0.426428806735203
6573	32.865	-0.273863081354648	0.42513913474977
6574	32.87	-0.276442425325513	0.426428806735203
6575	32.875	-0.279021769296378	0.426428806735203
6576	32.88	-0.28031144128181	0.426428806735203
6577	32.885	-0.288049473194405	0.42513913474977
6578	32.89	-0.291918489150703	0.42513913474977
6579	32.895	-0.306104880990461	0.42513913474977
6580	32.9	-0.317711928859353	0.42513913474977
6581	32.905	-0.330608648713678	0.42513913474977
6582	32.91	-0.343505368568003	0.42513913474977
6583	32.915	-0.364140120334923	0.42513913474977
6584	32.92	-0.370588480262086	0.423849462764338
6585	32.925	-0.400250935927033	0.423849462764338
6586	32.93	-0.423465031664819	0.42513913474977
6587	32.935	-0.454417159315199	0.42513913474977
6588	32.94	-0.485369286965579	0.42513913474977
6589	32.945	-0.517611086601391	0.423849462764338
6590	32.95	-0.538245838368312	0.423849462764338
6591	32.955	-0.580805013887584	0.423849462764338
6592	32.96	-0.616915829479694	0.423849462764338
6593	32.965	-0.625943533377722	0.423849462764338
6594	32.97	-0.643998941173777	0.423849462764338
6595	32.975	-0.658185333013535	0.423849462764338
6596	32.98	-0.677530412795022	0.423849462764338
6597	32.985	-0.693006476620212	0.423849462764338
6598	32.99	-0.704613524489105	0.423849462764338
6599	32.995	-0.708482540445402	0.423849462764338
6600	33	-0.725248276256025	0.423849462764338
6601	33.005	-0.723958604270592	0.423849462764338
6602	33.01	-0.720089588314295	0.422559790778905
6603	33.015	-0.72266893228516	0.423849462764338
6604	33.02	-0.71751024434343	0.422559790778905
6605	33.025	-0.729117292212322	0.422559790778905
6606	33.03	-0.725248276256025	0.422559790778905
6607	33.035	-0.72782762022689	0.422559790778905
6608	33.04	-0.730406964197755	0.422559790778905
6609	33.045	-0.72782762022689	0.422559790778905
6610	33.05	-0.71751024434343	0.422559790778905
6611	33.055	-0.71751024434343	0.422559790778905
6612	33.06	-0.729117292212322	0.422559790778905
6613	33.065	-0.747172700008377	0.421270118793473
6614	33.07	-0.751041715964675	0.421270118793473
6615	33.075	-0.760069419862702	0.422559790778905
6616	33.08	-0.75362105993554	0.421270118793473
6617	33.085	-0.760069419862702	0.421270118793473
6618	33.09	-0.77425581170246	0.421270118793473
6619	33.095	-0.78457318758592	0.421270118793473
6620	33.1	-0.797469907440245	0.421270118793473
6621	33.105	-0.801338923396543	0.421270118793473
6622	33.11	-0.814235643250868	0.421270118793473
6623	33.115	-0.816814987221733	0.421270118793473
6624	33.12	-0.823263347148895	0.421270118793473
6625	33.125	-0.823263347148895	0.41998044680804
6626	33.13	-0.838739410974085	0.421270118793473
6627	33.135	-0.852925802813843	0.41998044680804
6628	33.14	-0.84647744288668	0.41998044680804
6629	33.145	-0.847767114872113	0.421270118793473
6630	33.15	-0.843898098915815	0.41998044680804
6631	33.155	-0.84647744288668	0.41998044680804
6632	33.16	-0.855505146784708	0.41998044680804
6633	33.165	-0.85679481877014	0.41998044680804
6634	33.17	-0.863243178697303	0.41998044680804
6635	33.175	-0.864532850682735	0.418690774822608
6636	33.18	-0.864532850682735	0.41998044680804
6637	33.185	-0.864532850682735	0.418690774822608
6638	33.19	-0.863243178697303	0.418690774822608
6639	33.195	-0.86195350671187	0.418690774822608
6640	33.2	-0.87227088259533	0.41998044680804
6641	33.205	-0.873560554580763	0.418690774822608
6642	33.21	-0.87742957053706	0.418690774822608
6643	33.215	-0.876139898551628	0.418690774822608
6644	33.22	-0.895484978333116	0.418690774822608
6645	33.225	-0.895484978333116	0.418690774822608
6646	33.23	-0.895484978333116	0.418690774822608
6647	33.235	-0.901933338260278	0.418690774822608
6648	33.24	-0.909671370172873	0.418690774822608
6649	33.245	-0.905802354216576	0.418690774822608
6650	33.25	-0.901933338260278	0.418690774822608
6651	33.255	-0.903223010245711	0.418690774822608
6652	33.26	-0.898064322303981	0.417401102837175
6653	33.265	-0.903223010245711	0.417401102837175
6654	33.27	-0.907092026202008	0.417401102837175
6655	33.275	-0.900643666274846	0.417401102837175
6656	33.28	-0.898064322303981	0.417401102837175
6657	33.285	-0.904512682231143	0.417401102837175
6658	33.29	-0.898064322303981	0.418690774822608
6659	33.295	-0.891615962376818	0.417401102837175
6660	33.3	-0.899353994289413	0.417401102837175
6661	33.305	-0.903223010245711	0.417401102837175
6662	33.31	-0.910961042158306	0.417401102837175
6663	33.315	-0.901933338260278	0.417401102837175
6664	33.32	-0.904512682231143	0.417401102837175
6665	33.325	-0.907092026202008	0.417401102837175
6666	33.33	-0.907092026202008	0.416111430851743
6667	33.335	-0.896774650318548	0.417401102837175
6668	33.34	-0.904512682231143	0.416111430851743
6669	33.345	-0.891615962376818	0.416111430851743
6670	33.35	-0.885167602449656	0.416111430851743
6671	33.355	-0.874850226566195	0.416111430851743
6672	33.36	-0.878719242522493	0.416111430851743
6673	33.365	-0.885167602449656	0.416111430851743
6674	33.37	-0.870981210609898	0.416111430851743
6675	33.375	-0.874850226566195	0.416111430851743
6676	33.38	-0.873560554580763	0.416111430851743
6677	33.385	-0.869691538624465	0.41482175886631
6678	33.39	-0.87227088259533	0.416111430851743
6679	33.395	-0.847767114872113	0.41482175886631
6680	33.4	-0.84647744288668	0.41482175886631
6681	33.405	-0.834870395017788	0.41482175886631
6682	33.41	-0.83100137906149	0.41482175886631
6683	33.415	-0.818104659207165	0.41482175886631
6684	33.42	-0.821973675163463	0.41482175886631
6685	33.425	-0.816814987221733	0.41482175886631
6686	33.43	-0.819394331192598	0.41482175886631
6687	33.435	-0.816814987221733	0.41482175886631
6688	33.44	-0.811656299280003	0.41482175886631
6689	33.445	-0.801338923396543	0.41482175886631
6690	33.45	-0.79489056346938	0.41482175886631
6691	33.455	-0.793600891483948	0.41482175886631
6692	33.46	-0.778124827658758	0.41482175886631
6693	33.465	-0.77941449964419	0.413532086880878
6694	33.47	-0.760069419862702	0.413532086880878
6695	33.475	-0.751041715964675	0.413532086880878
6696	33.48	-0.745883028022945	0.413532086880878
6697	33.485	-0.731696636183187	0.413532086880878
6698	33.49	-0.735565652139485	0.413532086880878
6699	33.495	-0.718799916328862	0.413532086880878
6700	33.5	-0.704613524489105	0.413532086880878
6701	33.505	-0.70719286845997	0.413532086880878
6702	33.51	-0.698165164561942	0.413532086880878
6703	33.515	-0.682689100736752	0.413532086880878
6704	33.52	-0.66592336492613	0.413532086880878
6705	33.525	-0.654316317057237	0.412242414895445
6706	33.53	-0.633681565290317	0.413532086880878
6707	33.535	-0.622074517421424	0.412242414895445
6708	33.54	-0.615626157494262	0.412242414895445
6709	33.545	-0.607888125581667	0.412242414895445
6710	33.55	-0.623364189406857	0.412242414895445
6711	33.555	-0.604019109625369	0.412242414895445
6712	33.56	-0.589832717785612	0.412242414895445
6713	33.565	-0.584674029843882	0.412242414895445
6714	33.57	-0.570487638004124	0.412242414895445
6715	33.575	-0.552432230208069	0.412242414895445
6716	33.58	-0.536956166382879	0.412242414895445
6717	33.585	-0.521480102557689	0.412242414895445
6718	33.59	-0.512452398659661	0.410952742910013
6719	33.595	-0.509873054688796	0.410952742910013
6720	33.6	-0.504714366747066	0.410952742910013
6721	33.605	-0.496976334834471	0.410952742910013
6722	33.61	-0.481500271009281	0.410952742910013
6723	33.615	-0.477631255052984	0.412242414895445
6724	33.62	-0.478920927038416	0.410952742910013
6725	33.625	-0.460865519242361	0.410952742910013
6726	33.63	-0.455706831300631	0.410952742910013
6727	33.635	-0.441520439460874	0.410952742910013
6728	33.64	-0.438941095490009	0.410952742910013
6729	33.645	-0.426044375635684	0.410952742910013
6730	33.65	-0.419596015708521	0.410952742910013
6731	33.655	-0.402830279897898	0.40966307092458
6732	33.66	-0.397671591956168	0.410952742910013
6733	33.665	-0.395092247985303	0.410952742910013
6734	33.67	-0.374457496218383	0.40966307092458
6735	33.675	-0.366719464305788	0.410952742910013
6736	33.68	-0.356402088422328	0.40966307092458
6737	33.685	-0.357691760407761	0.40966307092458
6738	33.69	-0.343505368568003	0.40966307092458
6739	33.695	-0.338346680626273	0.40966307092458
6740	33.7	-0.331898320699111	0.40966307092458
6741	33.705	-0.325449960771948	0.40966307092458
6742	33.71	-0.319001600844786	0.40966307092458
6743	33.715	-0.308684224961326	0.40966307092458
6744	33.72	-0.306104880990461	0.408373398939148
6745	33.725	-0.302235865034163	0.40966307092458
6746	33.73	-0.303525537019596	0.408373398939148
6747	33.735	-0.298366849077865	0.408373398939148
6748	33.74	-0.297077177092433	0.408373398939148
6749	33.745	-0.297077177092433	0.408373398939148
6750	33.75	-0.29062881716527	0.408373398939148
6751	33.755	-0.291918489150703	0.408373398939148
6752	33.76	-0.286759801208973	0.408373398939148
6753	33.765	-0.291918489150703	0.408373398939148
6754	33.77	-0.29062881716527	0.408373398939148
6755	33.775	-0.284180457238108	0.408373398939148
6756	33.78	-0.284180457238108	0.407083726953715
6757	33.785	-0.281601113267243	0.408373398939148
6758	33.79	-0.28031144128181	0.408373398939148
6759	33.795	-0.27515275334008	0.408373398939148
6760	33.8	-0.272573409369215	0.407083726953715
6761	33.805	-0.26999406539835	0.407083726953715
6762	33.81	-0.272573409369215	0.407083726953715
6763	33.815	-0.26999406539835	0.407083726953715
6764	33.82	-0.263545705471188	0.407083726953715
6765	33.825	-0.262256033485755	0.407083726953715
6766	33.83	-0.266125049442053	0.405794054968283
6767	33.835	-0.266125049442053	0.407083726953715
6768	33.84	-0.260966361500323	0.405794054968283
6769	33.845	-0.25967668951489	0.407083726953715
6770	33.85	-0.262256033485755	0.407083726953715
6771	33.855	-0.253228329587728	0.407083726953715
6772	33.86	-0.25967668951489	0.407083726953715
6773	33.865	-0.25451800157316	0.407083726953715
6774	33.87	-0.258387017529458	0.405794054968283
6775	33.875	-0.250648985616863	0.405794054968283
6776	33.88	-0.257097345544025	0.405794054968283
6777	33.885	-0.255807673558593	0.407083726953715
6778	33.89	-0.2442006256897	0.405794054968283
6779	33.895	-0.251938657602295	0.405794054968283
6780	33.9	-0.257097345544025	0.405794054968283
6781	33.905	-0.245490297675133	0.405794054968283
6782	33.91	-0.242910953704268	0.40450438298285
6783	33.915	-0.250648985616863	0.405794054968283
6784	33.92	-0.24935931363143	0.405794054968283
6785	33.925	-0.248069641645998	0.40450438298285
6786	33.93	-0.242910953704268	0.405794054968283
6787	33.935	-0.24935931363143	0.40450438298285
6788	33.94	-0.248069641645998	0.405794054968283
6789	33.945	-0.253228329587728	0.40450438298285
6790	33.95	-0.250648985616863	0.40450438298285
6791	33.955	-0.25967668951489	0.40450438298285
6792	33.96	-0.251938657602295	0.40450438298285
6793	33.965	-0.255807673558593	0.405794054968283
6794	33.97	-0.260966361500323	0.40450438298285
6795	33.975	-0.258387017529458	0.40450438298285
6796	33.98	-0.262256033485755	0.40450438298285
6797	33.985	-0.25967668951489	0.40450438298285
6798	33.99	-0.25967668951489	0.40450438298285
6799	33.995	-0.268704393412918	0.40450438298285
6800	34	-0.272573409369215	0.40450438298285
6801	34.005	-0.276442425325513	0.403214710997418
6802	34.01	-0.288049473194405	0.403214710997418
6803	34.015	-0.28031144128181	0.403214710997418
6804	34.02	-0.28547012922354	0.403214710997418
6805	34.025	-0.284180457238108	0.403214710997418
6806	34.03	-0.284180457238108	0.403214710997418
6807	34.035	-0.282890785252675	0.403214710997418
6808	34.04	-0.289339145179838	0.403214710997418
6809	34.045	-0.298366849077865	0.403214710997418
6810	34.05	-0.309973896946758	0.403214710997418
6811	34.055	-0.315132584888488	0.403214710997418
6812	34.06	-0.316422256873921	0.403214710997418
6813	34.065	-0.326739632757381	0.403214710997418
6814	34.07	-0.317711928859353	0.403214710997418
6815	34.075	-0.325449960771948	0.403214710997418
6816	34.08	-0.325449960771948	0.403214710997418
6817	34.085	-0.331898320699111	0.401925039011985
6818	34.09	-0.339636352611706	0.401925039011985
6819	34.095	-0.355112416436896	0.401925039011985
6820	34.1	-0.356402088422328	0.401925039011985
6821	34.105	-0.361560776364058	0.401925039011985
6822	34.11	-0.368009136291221	0.401925039011985
6823	34.115	-0.377036840189248	0.401925039011985
6824	34.12	-0.380905856145546	0.401925039011985
6825	34.125	-0.388643888058141	0.401925039011985
6826	34.13	-0.391223232029006	0.401925039011985
6827	34.135	-0.395092247985303	0.400635367026553
6828	34.14	-0.398961263941601	0.400635367026553
6829	34.145	-0.406699295854196	0.400635367026553
6830	34.15	-0.420885687693954	0.400635367026553
6831	34.155	-0.413147655781358	0.400635367026553
6832	34.16	-0.417016671737656	0.400635367026553
6833	34.165	-0.424754703650251	0.400635367026553
6834	34.17	-0.415726999752223	0.400635367026553
6835	34.175	-0.426044375635684	0.39934569504112
6836	34.18	-0.424754703650251	0.400635367026553
6837	34.185	-0.427334047621116	0.39934569504112
6838	34.19	-0.429913391591981	0.39934569504112
6839	34.195	-0.431203063577414	0.39934569504112
6840	34.2	-0.429913391591981	0.39934569504112
6841	34.205	-0.435072079533711	0.398056023055688
6842	34.21	-0.435072079533711	0.39934569504112
6843	34.215	-0.436361751519144	0.39934569504112
6844	34.22	-0.436361751519144	0.39934569504112
6845	34.225	-0.437651423504576	0.398056023055688
6846	34.23	-0.436361751519144	0.398056023055688
6847	34.235	-0.447968799388036	0.398056023055688
6848	34.24	-0.445389455417171	0.39934569504112
6849	34.245	-0.435072079533711	0.398056023055688
6850	34.25	-0.438941095490009	0.398056023055688
6851	34.255	-0.437651423504576	0.398056023055688
6852	34.26	-0.432492735562846	0.398056023055688
6853	34.265	-0.435072079533711	0.396766351070255
6854	34.27	-0.431203063577414	0.398056023055688
6855	34.275	-0.444099783431739	0.396766351070255
6856	34.28	-0.431203063577414	0.396766351070255
6857	34.285	-0.433782407548279	0.398056023055688
6858	34.29	-0.442810111446306	0.396766351070255
6859	34.295	-0.441520439460874	0.396766351070255
6860	34.3	-0.445389455417171	0.396766351070255
6861	34.305	-0.438941095490009	0.395476679084823
6862	34.31	-0.441520439460874	0.396766351070255
6863	34.315	-0.440230767475441	0.396766351070255
6864	34.32	-0.441520439460874	0.395476679084823
6865	34.325	-0.435072079533711	0.395476679084823
6866	34.33	-0.433782407548279	0.395476679084823
6867	34.335	-0.429913391591981	0.395476679084823
6868	34.34	-0.432492735562846	0.395476679084823
6869	34.345	-0.438941095490009	0.395476679084823
6870	34.35	-0.427334047621116	0.395476679084823
6871	34.355	-0.436361751519144	0.395476679084823
6872	34.36	-0.436361751519144	0.395476679084823
6873	34.365	-0.442810111446306	0.395476679084823
6874	34.37	-0.442810111446306	0.39418700709939
6875	34.375	-0.446679127402604	0.39418700709939
6876	34.38	-0.445389455417171	0.39418700709939
6877	34.385	-0.449258471373469	0.395476679084823
6878	34.39	-0.442810111446306	0.395476679084823
6879	34.395	-0.442810111446306	0.39418700709939
6880	34.4	-0.432492735562846	0.392897335113958
6881	34.405	-0.432492735562846	0.39418700709939
6882	34.41	-0.423465031664819	0.392897335113958
6883	34.415	-0.431203063577414	0.39418700709939
6884	34.42	-0.435072079533711	0.392897335113958
6885	34.425	-0.447968799388036	0.392897335113958
6886	34.43	-0.437651423504576	0.392897335113958
6887	34.435	-0.444099783431739	0.392897335113958
6888	34.44	-0.442810111446306	0.392897335113958
6889	34.445	-0.445389455417171	0.392897335113958
6890	34.45	-0.445389455417171	0.392897335113958
6891	34.455	-0.431203063577414	0.392897335113958
6892	34.46	-0.429913391591981	0.392897335113958
6893	34.465	-0.424754703650251	0.391607663128525
6894	34.47	-0.429913391591981	0.392897335113958
6895	34.475	-0.431203063577414	0.391607663128525
6896	34.48	-0.431203063577414	0.391607663128525
6897	34.485	-0.435072079533711	0.391607663128525
6898	34.49	-0.432492735562846	0.392897335113958
6899	34.495	-0.438941095490009	0.391607663128525
6900	34.5	-0.429913391591981	0.391607663128525
6901	34.505	-0.428623719606549	0.391607663128525
6902	34.51	-0.420885687693954	0.391607663128525
6903	34.515	-0.417016671737656	0.390317991143093
6904	34.52	-0.417016671737656	0.390317991143093
6905	34.525	-0.410568311810493	0.391607663128525
6906	34.53	-0.409278639825061	0.391607663128525
6907	34.535	-0.413147655781358	0.391607663128525
6908	34.54	-0.414437327766791	0.390317991143093
6909	34.545	-0.409278639825061	0.390317991143093
6910	34.55	-0.409278639825061	0.390317991143093
6911	34.555	-0.396381919970736	0.390317991143093
6912	34.56	-0.392512904014438	0.390317991143093
6913	34.565	-0.386064544087276	0.38902831915766
6914	34.57	-0.393802575999871	0.390317991143093
6915	34.575	-0.392512904014438	0.390317991143093
6916	34.58	-0.388643888058141	0.38902831915766
6917	34.585	-0.379616184160113	0.390317991143093
6918	34.59	-0.379616184160113	0.38902831915766
6919	34.595	-0.378326512174681	0.38902831915766
6920	34.6	-0.373167824232951	0.38902831915766
6921	34.605	-0.362850448349491	0.38902831915766
6922	34.61	-0.370588480262086	0.38902831915766
6923	34.615	-0.366719464305788	0.387738647172228
6924	34.62	-0.369298808276653	0.38902831915766
6925	34.625	-0.360271104378626	0.38902831915766
6926	34.63	-0.352533072466031	0.38902831915766
6927	34.635	-0.349953728495166	0.387738647172228
6928	34.64	-0.351243400480598	0.387738647172228
6929	34.645	-0.352533072466031	0.387738647172228
6930	34.65	-0.346084712538868	0.387738647172228
6931	34.655	-0.346084712538868	0.387738647172228
6932	34.66	-0.339636352611706	0.387738647172228
6933	34.665	-0.344795040553436	0.387738647172228
6934	34.67	-0.331898320699111	0.387738647172228
6935	34.675	-0.329318976728246	0.387738647172228
6936	34.68	-0.324160288786516	0.387738647172228
6937	34.685	-0.328029304742813	0.387738647172228
6938	34.69	-0.317711928859353	0.386448975186795
6939	34.695	-0.309973896946758	0.387738647172228
6940	34.7	-0.307394552975893	0.387738647172228
6941	34.705	-0.304815209005028	0.386448975186795
6942	34.71	-0.304815209005028	0.386448975186795
6943	34.715	-0.302235865034163	0.386448975186795
6944	34.72	-0.302235865034163	0.386448975186795
6945	34.725	-0.299656521063298	0.386448975186795
6946	34.73	-0.293208161136135	0.386448975186795
6947	34.735	-0.284180457238108	0.386448975186795
6948	34.74	-0.281601113267243	0.385159303201362
6949	34.745	-0.279021769296378	0.386448975186795
6950	34.75	-0.273863081354648	0.385159303201362
6951	34.755	-0.267414721427485	0.386448975186795
6952	34.76	-0.276442425325513	0.385159303201362
6953	34.765	-0.272573409369215	0.385159303201362
6954	34.77	-0.273863081354648	0.385159303201362
6955	34.775	-0.27515275334008	0.385159303201362
6956	34.78	-0.272573409369215	0.385159303201362
6957	34.785	-0.267414721427485	0.385159303201362
6958	34.79	-0.26483537745662	0.385159303201362
6959	34.795	-0.25967668951489	0.385159303201362
6960	34.8	-0.263545705471188	0.385159303201362
6961	34.805	-0.267414721427485	0.38386963121593
6962	34.81	-0.262256033485755	0.38386963121593
6963	34.815	-0.267414721427485	0.38386963121593
6964	34.82	-0.272573409369215	0.38386963121593
6965	34.825	-0.271283737383783	0.38386963121593
6966	34.83	-0.267414721427485	0.38386963121593
6967	34.835	-0.27515275334008	0.38386963121593
6968	34.84	-0.26483537745662	0.38386963121593
6969	34.845	-0.266125049442053	0.38386963121593
6970	34.85	-0.26999406539835	0.38386963121593
6971	34.855	-0.26999406539835	0.38386963121593
6972	34.86	-0.279021769296378	0.382579959230497
6973	34.865	-0.279021769296378	0.382579959230497
6974	34.87	-0.284180457238108	0.382579959230497
6975	34.875	-0.286759801208973	0.382579959230497
6976	34.88	-0.282890785252675	0.382579959230497
6977	34.885	-0.288049473194405	0.382579959230497
6978	34.89	-0.289339145179838	0.382579959230497
6979	34.895	-0.291918489150703	0.382579959230497
6980	34.9	-0.286759801208973	0.382579959230497
6981	34.905	-0.291918489150703	0.382579959230497
6982	34.91	-0.294497833121568	0.382579959230497
6983	34.915	-0.289339145179838	0.381290287245065
6984	34.92	-0.291918489150703	0.381290287245065
6985	34.925	-0.295787505107	0.382579959230497
6986	34.93	-0.293208161136135	0.381290287245065
6987	34.935	-0.293208161136135	0.381290287245065
6988	34.94	-0.294497833121568	0.381290287245065
6989	34.945	-0.291918489150703	0.381290287245065
6990	34.95	-0.294497833121568	0.381290287245065
6991	34.955	-0.30094619304873	0.381290287245065
6992	34.96	-0.302235865034163	0.381290287245065
6993	34.965	-0.308684224961326	0.380000615259632
6994	34.97	-0.311263568932191	0.381290287245065
6995	34.975	-0.307394552975893	0.381290287245065
6996	34.98	-0.308684224961326	0.381290287245065
6997	34.985	-0.315132584888488	0.380000615259632
6998	34.99	-0.325449960771948	0.381290287245065
6999	34.995	-0.320291272830218	0.381290287245065
7000	35	-0.328029304742813	0.380000615259632
7001	35.005	-0.324160288786516	0.380000615259632
7002	35.01	-0.333187992684543	0.380000615259632
7003	35.015	-0.330608648713678	0.380000615259632
7004	35.02	-0.329318976728246	0.380000615259632
7005	35.025	-0.331898320699111	0.380000615259632
7006	35.03	-0.343505368568003	0.380000615259632
7007	35.035	-0.349953728495166	0.380000615259632
7008	35.04	-0.356402088422328	0.3787109432742
7009	35.045	-0.364140120334923	0.380000615259632
7010	35.05	-0.369298808276653	0.3787109432742
7011	35.055	-0.369298808276653	0.3787109432742
7012	35.06	-0.366719464305788	0.3787109432742
7013	35.065	-0.373167824232951	0.3787109432742
7014	35.07	-0.378326512174681	0.3787109432742
7015	35.075	-0.384774872101843	0.3787109432742
7016	35.08	-0.395092247985303	0.377421271288767
7017	35.085	-0.402830279897898	0.377421271288767
7018	35.09	-0.406699295854196	0.3787109432742
7019	35.095	-0.405409623868763	0.3787109432742
7020	35.1	-0.401540607912466	0.3787109432742
7021	35.105	-0.406699295854196	0.3787109432742
7022	35.11	-0.411857983795926	0.377421271288767
7023	35.115	-0.418306343723089	0.377421271288767
7024	35.12	-0.420885687693954	0.377421271288767
7025	35.125	-0.429913391591981	0.377421271288767
7026	35.13	-0.428623719606549	0.377421271288767
7027	35.135	-0.427334047621116	0.377421271288767
7028	35.14	-0.424754703650251	0.377421271288767
7029	35.145	-0.428623719606549	0.377421271288767
7030	35.15	-0.435072079533711	0.377421271288767
7031	35.155	-0.437651423504576	0.377421271288767
7032	35.16	-0.433782407548279	0.377421271288767
7033	35.165	-0.429913391591981	0.377421271288767
7034	35.17	-0.428623719606549	0.377421271288767
7035	35.175	-0.426044375635684	0.377421271288767
7036	35.18	-0.429913391591981	0.377421271288767
7037	35.185	-0.426044375635684	0.376131599303335
7038	35.19	-0.432492735562846	0.376131599303335
7039	35.195	-0.431203063577414	0.376131599303335
7040	35.2	-0.440230767475441	0.376131599303335
7041	35.205	-0.429913391591981	0.376131599303335
7042	35.21	-0.428623719606549	0.376131599303335
7043	35.215	-0.431203063577414	0.376131599303335
7044	35.22	-0.436361751519144	0.376131599303335
7045	35.225	-0.433782407548279	0.376131599303335
7046	35.23	-0.438941095490009	0.376131599303335
7047	35.235	-0.442810111446306	0.376131599303335
7048	35.24	-0.445389455417171	0.376131599303335
7049	35.245	-0.451837815344334	0.374841927317902
7050	35.25	-0.445389455417171	0.374841927317902
7051	35.255	-0.453127487329766	0.374841927317902
7052	35.26	-0.456996503286064	0.374841927317902
7053	35.265	-0.453127487329766	0.374841927317902
7054	35.27	-0.447968799388036	0.374841927317902
7055	35.275	-0.441520439460874	0.374841927317902
7056	35.28	-0.459575847256929	0.374841927317902
7057	35.285	-0.454417159315199	0.374841927317902
7058	35.29	-0.460865519242361	0.376131599303335
7059	35.295	-0.458286175271496	0.374841927317902
7060	35.3	-0.468603551154956	0.374841927317902
7061	35.305	-0.469893223140389	0.37355225533247
7062	35.31	-0.478920927038416	0.37355225533247
7063	35.315	-0.473762239096686	0.37355225533247
7064	35.32	-0.478920927038416	0.37355225533247
7065	35.325	-0.475051911082119	0.37355225533247
7066	35.33	-0.476341583067551	0.37355225533247
7067	35.335	-0.469893223140389	0.37355225533247
7068	35.34	-0.476341583067551	0.374841927317902
7069	35.345	-0.477631255052984	0.37355225533247
7070	35.35	-0.482789942994714	0.37355225533247
7071	35.355	-0.471182895125821	0.37355225533247
7072	35.36	-0.484079614980146	0.37355225533247
7073	35.365	-0.485369286965579	0.37355225533247
7074	35.37	-0.498266006819904	0.37355225533247
7075	35.375	-0.491817646892741	0.37355225533247
7076	35.38	-0.499555678805336	0.37355225533247
7077	35.385	-0.493107318878174	0.372262583347037
7078	35.39	-0.503424694761634	0.372262583347037
7079	35.395	-0.491817646892741	0.372262583347037
7080	35.4	-0.487948630936444	0.372262583347037
7081	35.405	-0.499555678805336	0.372262583347037
7082	35.41	-0.495686662849039	0.372262583347037
7083	35.415	-0.482789942994714	0.372262583347037
7084	35.42	-0.493107318878174	0.372262583347037
7085	35.425	-0.491817646892741	0.372262583347037
7086	35.43	-0.506004038732499	0.372262583347037
7087	35.435	-0.507293710717931	0.370972911361605
7088	35.44	-0.512452398659661	0.370972911361605
7089	35.445	-0.511162726674229	0.370972911361605
7090	35.45	-0.515031742630526	0.370972911361605
7091	35.455	-0.502135022776201	0.372262583347037
7092	35.46	-0.499555678805336	0.370972911361605
7093	35.465	-0.502135022776201	0.370972911361605
7094	35.47	-0.499555678805336	0.370972911361605
7095	35.475	-0.495686662849039	0.370972911361605
7096	35.48	-0.498266006819904	0.370972911361605
7097	35.485	-0.487948630936444	0.370972911361605
7098	35.49	-0.496976334834471	0.370972911361605
7099	35.495	-0.500845350790769	0.370972911361605
7100	35.5	-0.506004038732499	0.370972911361605
7101	35.505	-0.509873054688796	0.370972911361605
7102	35.51	-0.512452398659661	0.370972911361605
7103	35.515	-0.516321414615959	0.369683239376172
7104	35.52	-0.503424694761634	0.369683239376172
7105	35.525	-0.500845350790769	0.370972911361605
7106	35.53	-0.495686662849039	0.369683239376172
7107	35.535	-0.485369286965579	0.369683239376172
7108	35.54	-0.486658958951011	0.369683239376172
7109	35.545	-0.490527974907309	0.369683239376172
7110	35.55	-0.494396990863606	0.369683239376172
7111	35.555	-0.500845350790769	0.369683239376172
7112	35.56	-0.484079614980146	0.369683239376172
7113	35.565	-0.500845350790769	0.369683239376172
7114	35.57	-0.482789942994714	0.369683239376172
7115	35.575	-0.480210599023849	0.36839356739074
7116	35.58	-0.475051911082119	0.36839356739074
7117	35.585	-0.471182895125821	0.36839356739074
7118	35.59	-0.458286175271496	0.36839356739074
7119	35.595	-0.455706831300631	0.36839356739074
7120	35.6	-0.459575847256929	0.36839356739074
7121	35.605	-0.458286175271496	0.36839356739074
7122	35.61	-0.456996503286064	0.36839356739074
7123	35.615	-0.447968799388036	0.36839356739074
7124	35.62	-0.447968799388036	0.367103895405307
7125	35.625	-0.454417159315199	0.36839356739074
7126	35.63	-0.456996503286064	0.367103895405307
7127	35.635	-0.438941095490009	0.36839356739074
7128	35.64	-0.438941095490009	0.36839356739074
7129	35.645	-0.435072079533711	0.367103895405307
7130	35.65	-0.424754703650251	0.367103895405307
7131	35.655	-0.413147655781358	0.367103895405307
7132	35.66	-0.401540607912466	0.367103895405307
7133	35.665	-0.410568311810493	0.367103895405307
7134	35.67	-0.405409623868763	0.367103895405307
7135	35.675	-0.400250935927033	0.367103895405307
7136	35.68	-0.384774872101843	0.367103895405307
7137	35.685	-0.393802575999871	0.365814223419875
7138	35.69	-0.388643888058141	0.365814223419875
7139	35.695	-0.371878152247518	0.367103895405307
7140	35.7	-0.365429792320356	0.365814223419875
7141	35.705	-0.348664056509733	0.365814223419875
7142	35.71	-0.349953728495166	0.365814223419875
7143	35.715	-0.342215696582571	0.367103895405307
7144	35.72	-0.342215696582571	0.365814223419875
7145	35.725	-0.335767336655408	0.365814223419875
7146	35.73	-0.324160288786516	0.365814223419875
7147	35.735	-0.325449960771948	0.365814223419875
7148	35.74	-0.319001600844786	0.365814223419875
7149	35.745	-0.315132584888488	0.365814223419875
7150	35.75	-0.313842912903056	0.365814223419875
7151	35.755	-0.306104880990461	0.364524551434442
7152	35.76	-0.299656521063298	0.364524551434442
7153	35.765	-0.289339145179838	0.365814223419875
7154	35.77	-0.293208161136135	0.364524551434442
7155	35.775	-0.279021769296378	0.364524551434442
7156	35.78	-0.282890785252675	0.364524551434442
7157	35.785	-0.276442425325513	0.364524551434442
7158	35.79	-0.277732097310945	0.364524551434442
7159	35.795	-0.273863081354648	0.364524551434442
7160	35.8	-0.273863081354648	0.364524551434442
7161	35.805	-0.266125049442053	0.364524551434442
7162	35.81	-0.26999406539835	0.364524551434442
7163	35.815	-0.266125049442053	0.364524551434442
7164	35.82	-0.271283737383783	0.364524551434442
7165	35.825	-0.25967668951489	0.36323487944901
7166	35.83	-0.266125049442053	0.364524551434442
7167	35.835	-0.268704393412918	0.36323487944901
7168	35.84	-0.291918489150703	0.36323487944901
7169	35.845	-0.293208161136135	0.36323487944901
7170	35.85	-0.304815209005028	0.36323487944901
7171	35.855	-0.303525537019596	0.36323487944901
7172	35.86	-0.312553240917623	0.36323487944901
7173	35.865	-0.312553240917623	0.36323487944901
7174	35.87	-0.329318976728246	0.36323487944901
7175	35.875	-0.317711928859353	0.36323487944901
7176	35.88	-0.334477664669976	0.361945207463577
7177	35.885	-0.355112416436896	0.361945207463577
7178	35.89	-0.368009136291221	0.361945207463577
7179	35.895	-0.384774872101843	0.361945207463577
7180	35.9	-0.388643888058141	0.361945207463577
7181	35.905	-0.409278639825061	0.361945207463577
7182	35.91	-0.417016671737656	0.361945207463577
7183	35.915	-0.414437327766791	0.360655535478145
7184	35.92	-0.433782407548279	0.361945207463577
7185	35.925	-0.444099783431739	0.360655535478145
7186	35.93	-0.456996503286064	0.360655535478145
7187	35.935	-0.485369286965579	0.360655535478145
7188	35.94	-0.494396990863606	0.360655535478145
7189	35.945	-0.521480102557689	0.360655535478145
7190	35.95	-0.552432230208069	0.360655535478145
7191	35.955	-0.575646325945854	0.360655535478145
7192	35.96	-0.587253373814747	0.360655535478145
7193	35.965	-0.613046813523397	0.360655535478145
7194	35.97	-0.624653861392289	0.360655535478145
7195	35.975	-0.646578285144642	0.359365863492712
7196	35.98	-0.672371724853292	0.360655535478145
7197	35.985	-0.70719286845997	0.360655535478145
7198	35.99	-0.757490075891837	0.359365863492712
7199	35.995	-0.793600891483948	0.359365863492712
7200	36	-0.824553019134328	0.359365863492712
7201	36.005	-0.860663834726438	0.35807619150728
7202	36.01	-0.882588258478791	0.359365863492712
7203	36.015	-0.904512682231143	0.35807619150728
7204	36.02	-0.923857762012631	0.35807619150728
7205	36.025	-0.961258249590173	0.359365863492712
7206	36.03	-0.996079393196851	0.35807619150728
7207	36.035	-1.0296108648181	0.35807619150728
7208	36.04	-1.04895594459958	0.35807619150728
7209	36.045	-1.07603905629367	0.35807619150728
7210	36.05	-1.10699118394405	0.35807619150728
7211	36.055	-1.13665363960899	0.35807619150728
7212	36.06	-1.14826068747789	0.35807619150728
7213	36.065	-1.15857806336135	0.35807619150728
7214	36.07	-1.1805024871137	0.35807619150728
7215	36.075	-1.21661330270581	0.356786519521847
7216	36.08	-1.21532363072038	0.356786519521847
7217	36.085	-1.232089366531	0.356786519521847
7218	36.09	-1.25788280623965	0.356786519521847
7219	36.095	-1.30818001367152	0.356786519521847
7220	36.1	-1.3391321413219	0.356786519521847
7221	36.105	-1.37008426897228	0.356786519521847
7222	36.11	-1.37266361294314	0.356786519521847
7223	36.115	-1.41909180441871	0.356786519521847
7224	36.12	-1.46294065192342	0.356786519521847
7225	36.125	-1.48099605971947	0.355496847536415
7226	36.13	-1.50807917141356	0.355496847536415
7227	36.135	-1.55837637884542	0.356786519521847
7228	36.14	-1.57127309869975	0.356786519521847
7229	36.145	-1.60738391429186	0.355496847536415
7230	36.15	-1.6409153859131	0.355496847536415
7231	36.155	-1.67315718554892	0.355496847536415
7232	36.16	-1.67057784157805	0.355496847536415
7233	36.165	-1.70797832915559	0.355496847536415
7234	36.17	-1.70668865717016	0.355496847536415
7235	36.175	-1.71055767312646	0.354207175550982
7236	36.18	-1.72216472099535	0.354207175550982
7237	36.185	-1.747958160704	0.355496847536415
7238	36.19	-1.7556961926166	0.354207175550982
7239	36.195	-1.77246192842722	0.354207175550982
7240	36.2	-1.79438635217957	0.354207175550982
7241	36.205	-1.82146946387365	0.35291750356555
7242	36.21	-1.82662815181538	0.354207175550982
7243	36.215	-1.8034140560776	0.354207175550982
7244	36.22	-1.80986241600476	0.35291750356555
7245	36.225	-1.83178683975711	0.354207175550982
7246	36.23	-1.81502110394649	0.35291750356555
7247	36.235	-1.81373143196106	0.354207175550982
7248	36.24	-1.81760044791736	0.35291750356555
7249	36.245	-1.82146946387365	0.35291750356555
7250	36.25	-1.82791782380082	0.35291750356555
7251	36.255	-1.81244175997563	0.35291750356555
7252	36.26	-1.79696569615044	0.35291750356555
7253	36.265	-1.78664832026698	0.35291750356555
7254	36.27	-1.77246192842722	0.351627831580117
7255	36.275	-1.74279947276227	0.35291750356555
7256	36.28	-1.73506144084968	0.351627831580117
7257	36.285	-1.72732340893708	0.35291750356555
7258	36.29	-1.72474406496622	0.351627831580117
7259	36.295	-1.69766095327213	0.351627831580117
7260	36.3	-1.66412948165089	0.351627831580117
7261	36.305	-1.65381210576743	0.351627831580117
7262	36.31	-1.62285997811705	0.351627831580117
7263	36.315	-1.59577686642297	0.351627831580117
7264	36.32	-1.57385244267061	0.350338159594685
7265	36.325	-1.56869375472888	0.350338159594685
7266	36.33	-1.55579703487456	0.351627831580117
7267	36.335	-1.53516228310764	0.350338159594685
7268	36.34	-1.54290031502023	0.350338159594685
7269	36.345	-1.53000359516591	0.350338159594685
7270	36.35	-1.50936884339899	0.350338159594685
7271	36.355	-1.4861547476612	0.350338159594685
7272	36.36	-1.46294065192342	0.350338159594685
7273	36.365	-1.42167114838958	0.350338159594685
7274	36.37	-1.40103639662266	0.349048487609252
7275	36.375	-1.35460820514709	0.349048487609252
7276	36.38	-1.33268378139473	0.349048487609252
7277	36.385	-1.30173165374435	0.349048487609252
7278	36.39	-1.279807229992	0.349048487609252
7279	36.395	-1.27464854205027	0.349048487609252
7280	36.4	-1.25143444631249	0.349048487609252
7281	36.405	-1.21532363072038	0.349048487609252
7282	36.41	-1.18695084704086	0.350338159594685
7283	36.415	-1.14181232755072	0.349048487609252
7284	36.42	-1.10570151195861	0.349048487609252
7285	36.425	-1.08377708820626	0.34775881562382
7286	36.43	-1.05024561658502	0.349048487609252
7287	36.435	-1.03219020878896	0.34775881562382
7288	36.44	-1.02445217687637	0.349048487609252
7289	36.445	-1.01542447297834	0.34775881562382
7290	36.45	-1.00510709709488	0.34775881562382
7291	36.455	-1.00510709709488	0.34775881562382
7292	36.46	-1.00123808113858	0.346469143638387
7293	36.465	-0.985762017313391	0.34775881562382
7294	36.47	-0.975444641429931	0.34775881562382
7295	36.475	-0.976734313415363	0.346469143638387
7296	36.48	-0.975444641429931	0.34775881562382
7297	36.485	-0.966416937531903	0.346469143638387
7298	36.49	-0.965127265546471	0.346469143638387
7299	36.495	-0.929016449954361	0.34775881562382
7300	36.5	-0.917409402085468	0.346469143638387
7301	36.505	-0.917409402085468	0.346469143638387
7302	36.51	-0.899353994289413	0.346469143638387
7303	36.515	-0.882588258478791	0.346469143638387
7304	36.52	-0.868401866639033	0.345179471652955
7305	36.525	-0.845187770901248	0.346469143638387
7306	36.53	-0.823263347148895	0.346469143638387
7307	36.535	-0.80520793935284	0.346469143638387
7308	36.54	-0.775545483687893	0.345179471652955
7309	36.545	-0.770386795746163	0.345179471652955
7310	36.55	-0.752331387950107	0.345179471652955
7311	36.555	-0.734275980154052	0.345179471652955
7312	36.56	-0.72266893228516	0.345179471652955
7313	36.565	-0.704613524489105	0.345179471652955
7314	36.57	-0.705903196474537	0.345179471652955
7315	36.575	-0.687847788678482	0.345179471652955
7316	36.58	-0.695585820591077	0.343889799667522
7317	36.585	-0.673661396838725	0.345179471652955
7318	36.59	-0.663344020955265	0.345179471652955
7319	36.595	-0.658185333013535	0.343889799667522
7320	36.6	-0.653026645071805	0.343889799667522
7321	36.605	-0.649157629115507	0.343889799667522
7322	36.61	-0.636260909261182	0.343889799667522
7323	36.615	-0.624653861392289	0.343889799667522
7324	36.62	-0.619495173450559	0.343889799667522
7325	36.625	-0.625943533377722	0.343889799667522
7326	36.63	-0.602729437639937	0.343889799667522
7327	36.635	-0.588543045800179	0.343889799667522
7328	36.64	-0.585963701829314	0.34260012768209
7329	36.645	-0.576935997931287	0.343889799667522
7330	36.65	-0.556301246164367	0.343889799667522
7331	36.655	-0.549852886237204	0.343889799667522
7332	36.66	-0.540825182339177	0.343889799667522
7333	36.665	-0.530507806455716	0.343889799667522
7334	36.67	-0.524059446528554	0.343889799667522
7335	36.675	-0.516321414615959	0.34260012768209
7336	36.68	-0.493107318878174	0.34260012768209
7337	36.685	-0.493107318878174	0.34260012768209
7338	36.69	-0.490527974907309	0.34260012768209
7339	36.695	-0.486658958951011	0.34260012768209
7340	36.7	-0.467313879169524	0.34260012768209
7341	36.705	-0.451837815344334	0.34260012768209
7342	36.71	-0.449258471373469	0.34260012768209
7343	36.715	-0.436361751519144	0.34260012768209
7344	36.72	-0.427334047621116	0.34260012768209
7345	36.725	-0.422175359679386	0.34260012768209
7346	36.73	-0.414437327766791	0.34260012768209
7347	36.735	-0.406699295854196	0.34260012768209
7348	36.74	-0.401540607912466	0.341310455696657
7349	36.745	-0.398961263941601	0.34260012768209
7350	36.75	-0.396381919970736	0.34260012768209
7351	36.755	-0.405409623868763	0.341310455696657
7352	36.76	-0.402830279897898	0.34260012768209
7353	36.765	-0.395092247985303	0.341310455696657
7354	36.77	-0.396381919970736	0.341310455696657
7355	36.775	-0.392512904014438	0.341310455696657
7356	36.78	-0.388643888058141	0.341310455696657
7357	36.785	-0.383485200116411	0.341310455696657
7358	36.79	-0.380905856145546	0.341310455696657
7359	36.795	-0.380905856145546	0.341310455696657
7360	36.8	-0.379616184160113	0.341310455696657
7361	36.805	-0.369298808276653	0.340020783711225
7362	36.81	-0.365429792320356	0.341310455696657
7363	36.815	-0.375747168203816	0.340020783711225
7364	36.82	-0.374457496218383	0.340020783711225
7365	36.825	-0.379616184160113	0.341310455696657
7366	36.83	-0.362850448349491	0.340020783711225
7367	36.835	-0.373167824232951	0.340020783711225
7368	36.84	-0.374457496218383	0.340020783711225
7369	36.845	-0.365429792320356	0.340020783711225
7370	36.85	-0.366719464305788	0.340020783711225
7371	36.855	-0.352533072466031	0.340020783711225
7372	36.86	-0.361560776364058	0.340020783711225
7373	36.865	-0.369298808276653	0.338731111725792
7374	36.87	-0.357691760407761	0.340020783711225
7375	36.875	-0.353822744451463	0.340020783711225
7376	36.88	-0.352533072466031	0.340020783711225
7377	36.885	-0.365429792320356	0.340020783711225
7378	36.89	-0.364140120334923	0.340020783711225
7379	36.895	-0.364140120334923	0.338731111725792
7380	36.9	-0.353822744451463	0.340020783711225
7381	36.905	-0.374457496218383	0.340020783711225
7382	36.91	-0.368009136291221	0.338731111725792
7383	36.915	-0.366719464305788	0.338731111725792
7384	36.92	-0.360271104378626	0.338731111725792
7385	36.925	-0.364140120334923	0.338731111725792
7386	36.93	-0.362850448349491	0.338731111725792
7387	36.935	-0.377036840189248	0.338731111725792
7388	36.94	-0.375747168203816	0.338731111725792
7389	36.945	-0.387354216072708	0.338731111725792
7390	36.95	-0.374457496218383	0.338731111725792
7391	36.955	-0.387354216072708	0.33744143974036
7392	36.96	-0.375747168203816	0.338731111725792
7393	36.965	-0.392512904014438	0.338731111725792
7394	36.97	-0.392512904014438	0.338731111725792
7395	36.975	-0.397671591956168	0.338731111725792
7396	36.98	-0.414437327766791	0.33744143974036
7397	36.985	-0.407988967839628	0.33744143974036
7398	36.99	-0.419596015708521	0.33744143974036
7399	36.995	-0.415726999752223	0.338731111725792
7400	37	-0.433782407548279	0.33744143974036
7401	37.005	-0.440230767475441	0.338731111725792
7402	37.01	-0.431203063577414	0.33744143974036
7403	37.015	-0.441520439460874	0.33744143974036
7404	37.02	-0.450548143358901	0.33744143974036
7405	37.025	-0.458286175271496	0.33744143974036
7406	37.03	-0.450548143358901	0.33744143974036
7407	37.035	-0.447968799388036	0.33744143974036
7408	37.04	-0.459575847256929	0.33744143974036
7409	37.045	-0.480210599023849	0.336151767754927
7410	37.05	-0.472472567111254	0.336151767754927
7411	37.055	-0.491817646892741	0.33744143974036
7412	37.06	-0.503424694761634	0.33744143974036
7413	37.065	-0.515031742630526	0.336151767754927
7414	37.07	-0.535666494397447	0.33744143974036
7415	37.075	-0.544694198295474	0.336151767754927
7416	37.08	-0.551142558222637	0.336151767754927
7417	37.085	-0.557590918149799	0.33744143974036
7418	37.09	-0.566618622047827	0.336151767754927
7419	37.095	-0.579515341902152	0.336151767754927
7420	37.1	-0.588543045800179	0.336151767754927
7421	37.105	-0.600150093669072	0.33744143974036
7422	37.11	-0.606598453596234	0.336151767754927
7423	37.115	-0.622074517421424	0.336151767754927
7424	37.12	-0.625943533377722	0.336151767754927
7425	37.125	-0.645288613159209	0.336151767754927
7426	37.13	-0.6607646769844	0.336151767754927
7427	37.135	-0.67108205286786	0.336151767754927
7428	37.14	-0.68655811669305	0.336151767754927
7429	37.145	-0.69687549257651	0.334862095769495
7430	37.15	-0.716220572357997	0.336151767754927
7431	37.155	-0.726537948241457	0.334862095769495
7432	37.16	-0.730406964197755	0.336151767754927
7433	37.165	-0.751041715964675	0.336151767754927
7434	37.17	-0.75877974787727	0.334862095769495
7435	37.175	-0.77941449964419	0.334862095769495
7436	37.18	-0.780704171629623	0.334862095769495
7437	37.185	-0.792311219498515	0.334862095769495
7438	37.19	-0.793600891483948	0.334862095769495
7439	37.195	-0.809076955309138	0.334862095769495
7440	37.2	-0.827132363105193	0.334862095769495
7441	37.205	-0.854215474799275	0.334862095769495
7442	37.21	-0.8671121946536	0.334862095769495
7443	37.215	-0.889036618405953	0.334862095769495
7444	37.22	-0.905802354216576	0.334862095769495
7445	37.225	-0.929016449954361	0.334862095769495
7446	37.23	-0.932885465910658	0.333572423784062
7447	37.235	-0.944492513779551	0.334862095769495
7448	37.24	-0.957389233633876	0.334862095769495
7449	37.245	-0.957389233633876	0.334862095769495
7450	37.25	-0.959968577604741	0.333572423784062
7451	37.255	-0.981893001357093	0.333572423784062
7452	37.26	-0.985762017313391	0.333572423784062
7453	37.265	-0.996079393196851	0.333572423784062
7454	37.27	-1.00768644106574	0.333572423784062
7455	37.275	-1.01671414496377	0.333572423784062
7456	37.28	-1.0257418488618	0.333572423784062
7457	37.285	-1.0257418488618	0.333572423784062
7458	37.29	-1.03992824070156	0.333572423784062
7459	37.295	-1.06314233643934	0.333572423784062
7460	37.3	-1.0773287282791	0.333572423784062
7461	37.305	-1.10312216798775	0.333572423784062
7462	37.31	-1.10312216798775	0.33228275179863
7463	37.315	-1.11601888784207	0.33228275179863
7464	37.32	-1.1250465917401	0.33228275179863
7465	37.325	-1.11988790379837	0.33228275179863
7466	37.33	-1.1250465917401	0.333572423784062
7467	37.335	-1.14052265556529	0.33228275179863
7468	37.34	-1.14826068747789	0.33228275179863
7469	37.345	-1.14439167152159	0.33228275179863
7470	37.35	-1.13536396762356	0.33228275179863
7471	37.355	-1.14568134350702	0.33228275179863
7472	37.36	-1.15728839137591	0.33228275179863
7473	37.365	-1.16631609527394	0.330993079813197
7474	37.37	-1.16244707931764	0.33228275179863
7475	37.375	-1.18695084704086	0.33228275179863
7476	37.38	-1.19855789490975	0.330993079813197
7477	37.385	-1.21403395873494	0.33228275179863
7478	37.39	-1.22306166263297	0.33228275179863
7479	37.395	-1.2282203505747	0.330993079813197
7480	37.4	-1.2359583824873	0.330993079813197
7481	37.405	-1.24627575837076	0.330993079813197
7482	37.41	-1.25788280623965	0.330993079813197
7483	37.415	-1.25014477432705	0.330993079813197
7484	37.42	-1.25272411829792	0.330993079813197
7485	37.425	-1.25143444631249	0.330993079813197
7486	37.43	-1.25530346226878	0.330993079813197
7487	37.435	-1.25143444631249	0.330993079813197
7488	37.44	-1.26691051013768	0.329703407827765
7489	37.445	-1.27722788602114	0.329703407827765
7490	37.45	-1.26691051013768	0.329703407827765
7491	37.455	-1.26691051013768	0.329703407827765
7492	37.46	-1.30431099771522	0.330993079813197
7493	37.465	-1.28625558991916	0.330993079813197
7494	37.47	-1.29141427786089	0.329703407827765
7495	37.475	-1.29528329381719	0.329703407827765
7496	37.48	-1.29786263778806	0.329703407827765
7497	37.485	-1.29399362183176	0.329703407827765
7498	37.49	-1.30818001367152	0.329703407827765
7499	37.495	-1.2875452619046	0.329703407827765
7500	37.5	-1.29657296580262	0.330993079813197
7501	37.505	-1.29141427786089	0.329703407827765
7502	37.51	-1.29528329381719	0.329703407827765
7503	37.515	-1.28883493389003	0.329703407827765
7504	37.52	-1.28625558991916	0.329703407827765
7505	37.525	-1.27851755800657	0.329703407827765
7506	37.53	-1.29399362183176	0.328413735842332
7507	37.535	-1.29270394984633	0.329703407827765
7508	37.54	-1.27722788602114	0.329703407827765
7509	37.545	-1.27722788602114	0.329703407827765
7510	37.55	-1.28109690197743	0.328413735842332
7511	37.555	-1.28109690197743	0.328413735842332
7512	37.56	-1.28883493389003	0.328413735842332
7513	37.565	-1.2759382140357	0.328413735842332
7514	37.57	-1.28109690197743	0.328413735842332
7515	37.575	-1.29141427786089	0.328413735842332
7516	37.58	-1.28625558991916	0.328413735842332
7517	37.585	-1.28109690197743	0.328413735842332
7518	37.59	-1.29012460587546	0.328413735842332
7519	37.595	-1.27464854205027	0.328413735842332
7520	37.6	-1.28496591793373	0.328413735842332
7521	37.605	-1.28238657396287	0.328413735842332
7522	37.61	-1.2836762459483	0.3271240638569
7523	37.615	-1.2836762459483	0.3271240638569
7524	37.62	-1.27206919807941	0.328413735842332
7525	37.625	-1.27335887006484	0.328413735842332
7526	37.63	-1.27464854205027	0.3271240638569
7527	37.635	-1.26046215021051	0.3271240638569
7528	37.64	-1.25530346226878	0.3271240638569
7529	37.645	-1.25530346226878	0.3271240638569
7530	37.65	-1.23982739844359	0.3271240638569
7531	37.655	-1.24240674241446	0.3271240638569
7532	37.66	-1.24627575837076	0.328413735842332
7533	37.665	-1.23982739844359	0.3271240638569
7534	37.67	-1.23337903851643	0.3271240638569
7535	37.675	-1.23982739844359	0.3271240638569
7536	37.68	-1.22564100660384	0.3271240638569
7537	37.685	-1.21403395873494	0.3271240638569
7538	37.69	-1.2243513346184	0.3271240638569
7539	37.695	-1.21274428674951	0.3271240638569
7540	37.7	-1.22177199064754	0.325834391871467
7541	37.705	-1.21016494277865	0.325834391871467
7542	37.71	-1.21274428674951	0.325834391871467
7543	37.715	-1.19984756689519	0.325834391871467
7544	37.72	-1.20629592682235	0.325834391871467
7545	37.725	-1.20629592682235	0.325834391871467
7546	37.73	-1.21661330270581	0.325834391871467
7547	37.735	-1.20629592682235	0.325834391871467
7548	37.74	-1.20887527079321	0.325834391871467
7549	37.745	-1.20242691086605	0.325834391871467
7550	37.75	-1.19339920696802	0.325834391871467
7551	37.755	-1.18695084704086	0.325834391871467
7552	37.76	-1.17921281512827	0.325834391871467
7553	37.765	-1.17792314314283	0.325834391871467
7554	37.77	-1.17792314314283	0.325834391871467
7555	37.775	-1.16760576725937	0.325834391871467
7556	37.78	-1.16502642328851	0.325834391871467
7557	37.785	-1.15470904740505	0.325834391871467
7558	37.79	-1.14697101549245	0.324544719886035
7559	37.795	-1.15341937541962	0.324544719886035
7560	37.8	-1.13020527968183	0.324544719886035
7561	37.805	-1.13407429563813	0.325834391871467
7562	37.81	-1.11601888784207	0.324544719886035
7563	37.815	-1.10441183997318	0.324544719886035
7564	37.82	-1.09409446408972	0.324544719886035
7565	37.825	-1.09667380806059	0.324544719886035
7566	37.83	-1.08764610416256	0.324544719886035
7567	37.835	-1.07088036835194	0.324544719886035
7568	37.84	-1.0773287282791	0.324544719886035
7569	37.845	-1.06701135239564	0.324544719886035
7570	37.85	-1.05927332048304	0.324544719886035
7571	37.855	-1.05153528857045	0.324544719886035
7572	37.86	-1.03992824070156	0.323255047900602
7573	37.865	-1.0180038169492	0.323255047900602
7574	37.87	-1.01284512900747	0.323255047900602
7575	37.875	-0.998658737167716	0.323255047900602
7576	37.88	-0.988341361284256	0.323255047900602
7577	37.885	-0.984472345327958	0.323255047900602
7578	37.89	-0.974154969444498	0.323255047900602
7579	37.895	-0.970285953488201	0.323255047900602
7580	37.9	-0.971575625473633	0.323255047900602
7581	37.905	-0.983182673342526	0.323255047900602
7582	37.91	-0.981893001357093	0.323255047900602
7583	37.915	-0.975444641429931	0.323255047900602
7584	37.92	-0.966416937531903	0.323255047900602
7585	37.925	-0.958678905619308	0.323255047900602
7586	37.93	-0.962547921575606	0.323255047900602
7587	37.935	-0.962547921575606	0.32196537591517
7588	37.94	-0.954809889663011	0.323255047900602
7589	37.945	-0.957389233633876	0.323255047900602
7590	37.95	-0.958678905619308	0.32196537591517
7591	37.955	-0.941913169808686	0.32196537591517
7592	37.96	-0.931595793925226	0.32196537591517
7593	37.965	-0.931595793925226	0.32196537591517
7594	37.97	-0.917409402085468	0.32196537591517
7595	37.975	-0.916119730100036	0.32196537591517
7596	37.98	-0.912250714143738	0.32196537591517
7597	37.985	-0.900643666274846	0.32196537591517
7598	37.99	-0.898064322303981	0.32196537591517
7599	37.995	-0.894195306347683	0.32196537591517
7600	38	-0.895484978333116	0.32196537591517
7601	38.005	-0.889036618405953	0.32196537591517
7602	38.01	-0.883877930464223	0.32196537591517
7603	38.015	-0.883877930464223	0.320675703929737
7604	38.02	-0.886457274435088	0.320675703929737
7605	38.025	-0.889036618405953	0.32196537591517
7606	38.03	-0.882588258478791	0.320675703929737
7607	38.035	-0.878719242522493	0.320675703929737
7608	38.04	-0.870981210609898	0.320675703929737
7609	38.045	-0.873560554580763	0.320675703929737
7610	38.05	-0.876139898551628	0.320675703929737
7611	38.055	-0.876139898551628	0.320675703929737
7612	38.06	-0.847767114872113	0.320675703929737
7613	38.065	-0.859374162741005	0.320675703929737
7614	38.07	-0.854215474799275	0.320675703929737
7615	38.075	-0.854215474799275	0.320675703929737
7616	38.08	-0.845187770901248	0.319386031944305
7617	38.085	-0.847767114872113	0.320675703929737
7618	38.09	-0.852925802813843	0.320675703929737
7619	38.095	-0.854215474799275	0.319386031944305
7620	38.1	-0.845187770901248	0.319386031944305
7621	38.105	-0.843898098915815	0.319386031944305
7622	38.11	-0.84131875494495	0.319386031944305
7623	38.115	-0.845187770901248	0.319386031944305
7624	38.12	-0.84131875494495	0.319386031944305
7625	38.125	-0.849056786857545	0.319386031944305
7626	38.13	-0.834870395017788	0.319386031944305
7627	38.135	-0.852925802813843	0.319386031944305
7628	38.14	-0.829711707076058	0.319386031944305
7629	38.145	-0.824553019134328	0.319386031944305
7630	38.15	-0.828422035090625	0.318096359958872
7631	38.155	-0.842608426930383	0.319386031944305
7632	38.16	-0.842608426930383	0.319386031944305
7633	38.165	-0.84647744288668	0.318096359958872
7634	38.17	-0.838739410974085	0.318096359958872
7635	38.175	-0.85679481877014	0.318096359958872
7636	38.18	-0.854215474799275	0.318096359958872
7637	38.185	-0.85163613082841	0.318096359958872
7638	38.19	-0.859374162741005	0.318096359958872
7639	38.195	-0.849056786857545	0.318096359958872
7640	38.2	-0.86195350671187	0.318096359958872
7641	38.205	-0.869691538624465	0.318096359958872
7642	38.21	-0.84647744288668	0.318096359958872
7643	38.215	-0.849056786857545	0.31680668797344
7644	38.22	-0.860663834726438	0.31680668797344
7645	38.225	-0.865822522668168	0.318096359958872
7646	38.23	-0.865822522668168	0.31680668797344
7647	38.235	-0.858084490755573	0.31680668797344
7648	38.24	-0.87227088259533	0.31680668797344
7649	38.245	-0.887746946420521	0.31680668797344
7650	38.25	-0.895484978333116	0.31680668797344
7651	38.255	-0.904512682231143	0.31680668797344
7652	38.26	-0.887746946420521	0.31680668797344
7653	38.265	-0.895484978333116	0.31680668797344
7654	38.27	-0.891615962376818	0.31680668797344
7655	38.275	-0.900643666274846	0.31680668797344
7656	38.28	-0.891615962376818	0.315517015988007
7657	38.285	-0.913540386129171	0.31680668797344
7658	38.29	-0.914830058114603	0.315517015988007
7659	38.295	-0.903223010245711	0.315517015988007
7660	38.3	-0.890326290391386	0.315517015988007
7661	38.305	-0.895484978333116	0.315517015988007
7662	38.31	-0.886457274435088	0.315517015988007
7663	38.315	-0.890326290391386	0.315517015988007
7664	38.32	-0.881298586493358	0.315517015988007
7665	38.325	-0.883877930464223	0.315517015988007
7666	38.33	-0.891615962376818	0.314227344002575
7667	38.335	-0.87227088259533	0.315517015988007
7668	38.34	-0.859374162741005	0.315517015988007
7669	38.345	-0.852925802813843	0.315517015988007
7670	38.35	-0.832291051046923	0.315517015988007
7671	38.355	-0.824553019134328	0.314227344002575
7672	38.36	-0.83616006700322	0.314227344002575
7673	38.365	-0.823263347148895	0.314227344002575
7674	38.37	-0.821973675163463	0.314227344002575
7675	38.375	-0.802628595381975	0.314227344002575
7676	38.38	-0.781993843615055	0.314227344002575
7677	38.385	-0.772966139717028	0.314227344002575
7678	38.39	-0.757490075891837	0.314227344002575
7679	38.395	-0.72266893228516	0.314227344002575
7680	38.4	-0.734275980154052	0.314227344002575
7681	38.405	-0.718799916328862	0.314227344002575
7682	38.41	-0.70719286845997	0.314227344002575
7683	38.415	-0.690427132649347	0.312937672017142
7684	38.42	-0.67624074080959	0.312937672017142
7685	38.425	-0.640129925217479	0.312937672017142
7686	38.43	-0.636260909261182	0.312937672017142
7687	38.435	-0.623364189406857	0.312937672017142
7688	38.44	-0.609177797567099	0.312937672017142
7689	38.445	-0.585963701829314	0.312937672017142
7690	38.45	-0.588543045800179	0.31164800003171
7691	38.455	-0.564039278076962	0.312937672017142
7692	38.46	-0.542114854324609	0.312937672017142
7693	38.465	-0.530507806455716	0.31164800003171
7694	38.47	-0.511162726674229	0.31164800003171
7695	38.475	-0.504714366747066	0.31164800003171
7696	38.48	-0.499555678805336	0.31164800003171
7697	38.485	-0.502135022776201	0.31164800003171
7698	38.49	-0.486658958951011	0.310358328046277
7699	38.495	-0.480210599023849	0.31164800003171
7700	38.5	-0.490527974907309	0.310358328046277
7701	38.505	-0.489238302921876	0.31164800003171
7702	38.51	-0.500845350790769	0.310358328046277
7703	38.515	-0.507293710717931	0.310358328046277
7704	38.52	-0.525349118513986	0.310358328046277
7705	38.525	-0.534376822412014	0.310358328046277
7706	38.53	-0.549852886237204	0.310358328046277
7707	38.535	-0.561459934106097	0.310358328046277
7708	38.54	-0.587253373814747	0.310358328046277
7709	38.545	-0.602729437639937	0.310358328046277
7710	38.55	-0.632391893304884	0.310358328046277
7711	38.555	-0.65044730110094	0.310358328046277
7712	38.56	-0.680109756765887	0.309068656060845
7713	38.565	-0.714930900372565	0.309068656060845
7714	38.57	-0.723958604270592	0.310358328046277
7715	38.575	-0.761359091848135	0.309068656060845
7716	38.58	-0.792311219498515	0.309068656060845
7717	38.585	-0.816814987221733	0.307778984075412
7718	38.59	-0.860663834726438	0.309068656060845
7719	38.595	-0.885167602449656	0.309068656060845
7720	38.6	-0.910961042158306	0.307778984075412
7721	38.605	-0.956099561648443	0.307778984075412
7722	38.61	-0.983182673342526	0.307778984075412
7723	38.615	-0.999948409153149	0.307778984075412
7724	38.62	-1.02316250489093	0.307778984075412
7725	38.625	-1.05798364849761	0.30648931208998
7726	38.63	-1.0734597123228	0.307778984075412
7727	38.635	-1.10699118394405	0.30648931208998
7728	38.64	-1.13665363960899	0.30648931208998
7729	38.645	-1.16115740733221	0.30648931208998
7730	38.65	-1.18308183108456	0.30648931208998
7731	38.655	-1.20371658285148	0.30648931208998
7732	38.66	-1.232089366531	0.30648931208998
7733	38.665	-1.26948985410854	0.30648931208998
7734	38.67	-1.30818001367152	0.305199640104547
7735	38.675	-1.3391321413219	0.305199640104547
7736	38.68	-1.36879459698685	0.305199640104547
7737	38.685	-1.40619508456439	0.305199640104547
7738	38.69	-1.40361574059352	0.305199640104547
7739	38.695	-1.42811950831674	0.305199640104547
7740	38.7	-1.43585754022934	0.305199640104547
7741	38.705	-1.44101622817107	0.305199640104547
7742	38.71	-1.44488524412736	0.305199640104547
7743	38.715	-1.45004393206909	0.305199640104547
7744	38.72	-1.44746458809823	0.303909968119115
7745	38.725	-1.46551999589428	0.303909968119115
7746	38.73	-1.4423059001565	0.303909968119115
7747	38.735	-1.42167114838958	0.303909968119115
7748	38.74	-1.42167114838958	0.303909968119115
7749	38.745	-1.43972655618563	0.303909968119115
7750	38.75	-1.4900237636175	0.303909968119115
7751	38.755	-1.49647212354466	0.303909968119115
7752	38.76	-1.47454769979231	0.303909968119115
7753	38.765	-1.45907163596712	0.302620296133682
7754	38.77	-1.46036130795255	0.302620296133682
7755	38.775	-1.4384368842002	0.302620296133682
7756	38.78	-1.42811950831674	0.302620296133682
7757	38.785	-1.42425049236044	0.302620296133682
7758	38.79	-1.45004393206909	0.302620296133682
7759	38.795	-1.40748475654982	0.302620296133682
7760	38.8	-1.37266361294314	0.30133062414825
7761	38.805	-1.34687017323449	0.30133062414825
7762	38.81	-1.3391321413219	0.30133062414825
7763	38.815	-1.32236640551127	0.30133062414825
7764	38.82	-1.28625558991916	0.30133062414825
7765	38.825	-1.23982739844359	0.30133062414825
7766	38.83	-1.22306166263297	0.30133062414825
7767	38.835	-1.19597855093889	0.30133062414825
7768	38.84	-1.16244707931764	0.300040952162817
7769	38.845	-1.17921281512827	0.300040952162817
7770	38.85	-1.17792314314283	0.300040952162817
7771	38.855	-1.17018511123024	0.300040952162817
7772	38.86	-1.12375691975467	0.300040952162817
7773	38.865	-1.0695906963665	0.300040952162817
7774	38.87	-1.02316250489093	0.300040952162817
7775	38.875	-0.997369065182284	0.298751280177385
7776	38.88	-1.00639676908031	0.300040952162817
7777	38.885	-0.972865297459066	0.298751280177385
7778	38.89	-0.914830058114603	0.298751280177385
7779	38.895	-0.85679481877014	0.298751280177385
7780	38.9	-0.833580723032355	0.298751280177385
7781	38.905	-0.806497611338273	0.298751280177385
7782	38.91	-0.761359091848135	0.298751280177385
7783	38.915	-0.71751024434343	0.298751280177385
7784	38.92	-0.698165164561942	0.297461608191952
7785	38.925	-0.664633692940697	0.297461608191952
7786	38.93	-0.614336485508829	0.297461608191952
7787	38.935	-0.604019109625369	0.297461608191952
7788	38.94	-0.587253373814747	0.297461608191952
7789	38.945	-0.578225669916719	0.297461608191952
7790	38.95	-0.583384357858449	0.297461608191952
7791	38.955	-0.576935997931287	0.297461608191952
7792	38.96	-0.553721902193502	0.29617193620652
7793	38.965	-0.553721902193502	0.29617193620652
7794	38.97	-0.543404526310042	0.29617193620652
7795	38.975	-0.539535510353744	0.29617193620652
7796	38.98	-0.552432230208069	0.29617193620652
7797	38.985	-0.562749606091529	0.29617193620652
7798	38.99	-0.588543045800179	0.29617193620652
7799	38.995	-0.597570749698207	0.29617193620652
7800	39	-0.609177797567099	0.29617193620652
7801	39.005	-0.620784845435992	0.294882264221087
7802	39.01	-0.637550581246614	0.29617193620652
7803	39.015	-0.651736973086372	0.294882264221087
7804	39.02	-0.656895661028102	0.294882264221087
7805	39.025	-0.668502708896995	0.294882264221087
7806	39.03	-0.674951068824157	0.294882264221087
7807	39.035	-0.69171680463478	0.294882264221087
7808	39.04	-0.71751024434343	0.294882264221087
7809	39.045	-0.739434668095782	0.294882264221087
7810	39.05	-0.771676467731595	0.293592592235655
7811	39.055	-0.82068400317803	0.293592592235655
7812	39.06	-0.859374162741005	0.293592592235655
7813	39.065	-0.890326290391386	0.293592592235655
7814	39.07	-0.931595793925226	0.294882264221087
7815	39.075	-0.957389233633876	0.293592592235655
7816	39.08	-0.996079393196851	0.293592592235655
7817	39.085	-1.02832119283266	0.293592592235655
7818	39.09	-1.0811977442354	0.292302920250222
7819	39.095	-1.10441183997318	0.292302920250222
7820	39.1	-1.14955035946332	0.293592592235655
7821	39.105	-1.18695084704086	0.293592592235655
7822	39.11	-1.25014477432705	0.292302920250222
7823	39.115	-1.30173165374435	0.292302920250222
7824	39.12	-1.3352631253656	0.292302920250222
7825	39.125	-1.38040164485574	0.292302920250222
7826	39.13	-1.40877442853525	0.292302920250222
7827	39.135	-1.45778196398169	0.29101324826479
7828	39.14	-1.4900237636175	0.292302920250222
7829	39.145	-1.51968621928245	0.29101324826479
7830	39.15	-1.55063834693283	0.29101324826479
7831	39.155	-1.60609424230643	0.29101324826479
7832	39.16	-1.65639144973829	0.29101324826479
7833	39.165	-1.71442668908276	0.29101324826479
7834	39.17	-1.76343422452919	0.289723576279357
7835	39.175	-1.80599340004846	0.29101324826479
7836	39.18	-1.83823519968428	0.289723576279357
7837	39.185	-1.88853240711614	0.289723576279357
7838	39.19	-1.93367092660628	0.289723576279357
7839	39.195	-1.98654747800902	0.289723576279357
7840	39.2	-2.04200337338261	0.289723576279357
7841	39.205	-2.0690864850767	0.289723576279357
7842	39.21	-2.13743910030462	0.289723576279357
7843	39.215	-2.19676401163451	0.289723576279357
7844	39.22	-2.26640629884787	0.289723576279357
7845	39.225	-2.34120727400295	0.288433904293925
7846	39.23	-2.39537349739112	0.289723576279357
7847	39.235	-2.4740434885025	0.288433904293925
7848	39.24	-2.52692003990524	0.288433904293925
7849	39.245	-2.56561019946821	0.288433904293925
7850	39.25	-2.63396281469613	0.288433904293925
7851	39.255	-2.68168067815714	0.288433904293925
7852	39.26	-2.76293001323938	0.288433904293925
7853	39.265	-2.83257230045274	0.288433904293925
7854	39.27	-2.92671835538931	0.288433904293925
7855	39.275	-3.0015193305444	0.288433904293925
7856	39.28	-3.03247145819478	0.287144232308492
7857	39.285	-3.08534800959751	0.287144232308492
7858	39.29	-3.14596259291284	0.287144232308492
7859	39.295	-3.15112128085457	0.287144232308492
7860	39.3	-3.22076356806792	0.287144232308492
7861	39.305	-3.28782651131041	0.28585456032306
7862	39.31	-3.32393732690252	0.28585456032306
7863	39.315	-3.35746879852377	0.28585456032306
7864	39.32	-3.41937305382453	0.287144232308492
7865	39.325	-3.46064255735837	0.28585456032306
7866	39.33	-3.45935288537294	0.28585456032306
7867	39.335	-3.49546370096505	0.28585456032306
7868	39.34	-3.51867779670283	0.28585456032306
7869	39.345	-3.54447123641148	0.28585456032306
7870	39.35	-3.55865762825124	0.28585456032306
7871	39.355	-3.58316139597446	0.284564888337627
7872	39.36	-3.60637549171224	0.284564888337627
7873	39.365	-3.64893466723152	0.28585456032306
7874	39.37	-3.668279747013	0.28585456032306
7875	39.375	-3.66441073105671	0.284564888337627
7876	39.38	-3.68762482679449	0.284564888337627
7877	39.385	-3.73018400231376	0.284564888337627
7878	39.39	-3.74694973812439	0.284564888337627
7879	39.395	-3.73663236224093	0.284564888337627
7880	39.4	-3.73276334628463	0.284564888337627
7881	39.405	-3.75597744202241	0.284564888337627
7882	39.41	-3.76887416187674	0.283275216352195
7883	39.415	-3.76242580194958	0.284564888337627
7884	39.42	-3.78950891364366	0.283275216352195
7885	39.425	-3.79337792959996	0.283275216352195
7886	39.43	-3.79724694555625	0.281985544366762
7887	39.435	-3.79208825761452	0.283275216352195
7888	39.44	-3.79337792959996	0.283275216352195
7889	39.445	-3.80240563349798	0.283275216352195
7890	39.45	-3.80885399342515	0.281985544366762
7891	39.455	-3.80240563349798	0.281985544366762
7892	39.46	-3.81401268136688	0.283275216352195
7893	39.465	-3.83722677710466	0.281985544366762
7894	39.47	-3.79466760158539	0.281985544366762
7895	39.475	-3.82433005725034	0.281985544366762
7896	39.48	-3.80240563349798	0.281985544366762
7897	39.485	-3.84238546504639	0.281985544366762
7898	39.49	-3.83593710511923	0.281985544366762
7899	39.495	-3.81401268136688	0.281985544366762
7900	39.5	-3.81272300938144	0.28069587238133
7901	39.505	-3.84238546504639	0.281985544366762
7902	39.51	-3.8307784171775	0.281985544366762
7903	39.515	-3.82561972923577	0.28069587238133
7904	39.52	-3.8230403852649	0.28069587238133
7905	39.525	-3.82819907320663	0.28069587238133
7906	39.53	-3.81014366541058	0.28069587238133
7907	39.535	-3.78435022570193	0.281985544366762
7908	39.54	-3.78435022570193	0.28069587238133
7909	39.545	-3.79208825761452	0.28069587238133
7910	39.55	-3.81143333739601	0.28069587238133
7911	39.555	-3.79208825761452	0.28069587238133
7912	39.56	-3.78435022570193	0.28069587238133
7913	39.565	-3.77661219378933	0.28069587238133
7914	39.57	-3.80369530548342	0.279406200395897
7915	39.575	-3.77274317783304	0.279406200395897
7916	39.58	-3.72631498635747	0.279406200395897
7917	39.585	-3.71212859451771	0.279406200395897
7918	39.59	-3.72115629841574	0.279406200395897
7919	39.595	-3.70696990657598	0.279406200395897
7920	39.6	-3.68246613885276	0.279406200395897
7921	39.605	-3.63474827539176	0.279406200395897
7922	39.61	-3.67343843495473	0.279406200395897
7923	39.615	-3.69923187466338	0.279406200395897
7924	39.62	-3.63474827539176	0.278116528410465
7925	39.625	-3.60379614774138	0.278116528410465
7926	39.63	-3.59863745979965	0.278116528410465
7927	39.635	-3.52770550060086	0.278116528410465
7928	39.64	-3.51093976479024	0.278116528410465
7929	39.645	-3.51093976479024	0.278116528410465
7930	39.65	-3.45548386941664	0.278116528410465
7931	39.655	-3.40002797404304	0.278116528410465
7932	39.66	-3.3149096230045	0.276826856425032
7933	39.665	-3.26977110351436	0.278116528410465
7934	39.67	-3.23752930387855	0.278116528410465
7935	39.675	-3.2517156957183	0.278116528410465
7936	39.68	-3.23494995990768	0.276826856425032
7937	39.685	-3.17820439254865	0.276826856425032
7938	39.69	-3.1485419368837	0.276826856425032
7939	39.695	-3.03118178620934	0.276826856425032
7940	39.7	-2.98217425076291	0.276826856425032
7941	39.705	-2.90737327560782	0.276826856425032
7942	39.71	-2.87513147597201	0.276826856425032
7943	39.715	-2.85449672420509	0.276826856425032
7944	39.72	-2.83386197243817	0.2755371844396
7945	39.725	-2.82741361251101	0.276826856425032
7946	39.73	-2.82870328449644	0.276826856425032
7947	39.735	-2.82870328449644	0.2755371844396
7948	39.74	-2.77840607706457	0.276826856425032
7949	39.745	-2.71005346183665	0.2755371844396
7950	39.75	-2.7358469015453	0.2755371844396
7951	39.755	-2.68168067815714	0.2755371844396
7952	39.76	-2.66749428631738	0.2755371844396
7953	39.765	-2.62493511079811	0.2755371844396
7954	39.77	-2.65459756646305	0.2755371844396
7955	39.775	-2.61203839094378	0.274247512454167
7956	39.78	-2.56045151152648	0.2755371844396
7957	39.785	-2.50757496012375	0.274247512454167
7958	39.79	-2.46630545658991	0.274247512454167
7959	39.795	-2.47146414453164	0.274247512454167
7960	39.8	-2.38892513746396	0.2755371844396
7961	39.805	-2.35410399385728	0.274247512454167
7962	39.81	-2.35023497790098	0.274247512454167
7963	39.815	-2.29864809848368	0.274247512454167
7964	39.82	-2.25350957899354	0.274247512454167
7965	39.825	-2.168391227955	0.274247512454167
7966	39.83	-2.10390762868337	0.274247512454167
7967	39.835	-2.06005878117867	0.274247512454167
7968	39.84	-2.03426534147002	0.272957840468735
7969	39.845	-1.96333338227123	0.274247512454167
7970	39.85	-1.91561551881023	0.272957840468735
7971	39.855	-1.87047699932009	0.272957840468735
7972	39.86	-1.84339388762601	0.272957840468735
7973	39.865	-1.75053750467487	0.272957840468735
7974	39.87	-1.67573652951978	0.272957840468735
7975	39.875	-1.60738391429186	0.272957840468735
7976	39.88	-1.6009355543647	0.272957840468735
7977	39.885	-1.54290031502023	0.272957840468735
7978	39.89	-1.55579703487456	0.272957840468735
7979	39.895	-1.47712704376318	0.272957840468735
7980	39.9	-1.45778196398169	0.272957840468735
7981	39.905	-1.40361574059352	0.271668168483302
7982	39.91	-1.35073918919079	0.271668168483302
7983	39.915	-1.31849738955498	0.271668168483302
7984	39.92	-1.34171148529276	0.271668168483302
7985	39.925	-1.327525093453	0.271668168483302
7986	39.93	-1.26948985410854	0.271668168483302
7987	39.935	-1.24885510234162	0.271668168483302
7988	39.94	-1.19984756689519	0.271668168483302
7989	39.945	-1.18437150307	0.271668168483302
7990	39.95	-1.16631609527394	0.271668168483302
7991	39.955	-1.11343954387121	0.271668168483302
7992	39.96	-1.11086019990034	0.271668168483302
7993	39.965	-1.08377708820626	0.270378496497869
7994	39.97	-1.06314233643934	0.270378496497869
7995	39.975	-1.00123808113858	0.270378496497869
7996	39.98	-0.957389233633876	0.270378496497869
7997	39.985	-0.929016449954361	0.270378496497869
7998	39.99	-0.919988746056333	0.270378496497869
7999	39.995	-0.896774650318548	0.270378496497869
8000	40	-0.883877930464223	0.270378496497869
8001	40.005	-0.870981210609898	0.270378496497869
8002	40.01	-0.8671121946536	0.270378496497869
8003	40.015	-0.842608426930383	0.270378496497869
8004	40.02	-0.834870395017788	0.269088824512437
8005	40.025	-0.819394331192598	0.269088824512437
8006	40.03	-0.818104659207165	0.269088824512437
8007	40.035	-0.819394331192598	0.269088824512437
8008	40.04	-0.821973675163463	0.269088824512437
8009	40.045	-0.807787283323705	0.269088824512437
8010	40.05	-0.82584269111976	0.269088824512437
8011	40.055	-0.81036662729457	0.269088824512437
8012	40.06	-0.818104659207165	0.267799152527004
8013	40.065	-0.832291051046923	0.269088824512437
8014	40.07	-0.82068400317803	0.267799152527004
8015	40.075	-0.837449738988653	0.267799152527004
8016	40.08	-0.833580723032355	0.267799152527004
8017	40.085	-0.842608426930383	0.267799152527004
8018	40.09	-0.85679481877014	0.267799152527004
8019	40.095	-0.880008914507926	0.267799152527004
8020	40.1	-0.908381698187441	0.267799152527004
8021	40.105	-0.914830058114603	0.267799152527004
8022	40.11	-0.957389233633876	0.267799152527004
8023	40.115	-1.00252775312401	0.266509480541572
8024	40.12	-1.05024561658502	0.266509480541572
8025	40.125	-1.09151512011886	0.267799152527004
8026	40.13	-1.16373675130308	0.266509480541572
8027	40.135	-1.2243513346184	0.266509480541572
8028	40.14	-1.29399362183176	0.267799152527004
8029	40.145	-1.36750492500141	0.266509480541572
8030	40.15	-1.4384368842002	0.266509480541572
8031	40.155	-1.50807917141356	0.266509480541572
8032	40.16	-1.58288014656864	0.266509480541572
8033	40.165	-1.70797832915559	0.266509480541572
8034	40.17	-1.78277930431068	0.266509480541572
8035	40.175	-1.87692535924725	0.266509480541572
8036	40.18	-1.94785731844604	0.266509480541572
8037	40.185	-2.0174996056594	0.265219808556139
8038	40.19	-2.10003861272708	0.265219808556139
8039	40.195	-2.16323254001327	0.266509480541572
8040	40.2	-2.25737859494984	0.265219808556139
8041	40.205	-2.39537349739112	0.265219808556139
8042	40.21	-2.45469840872101	0.265219808556139
8043	40.215	-2.52434069593437	0.265219808556139
8044	40.22	-2.59785199910402	0.265219808556139
8045	40.225	-2.69070838205516	0.265219808556139
8046	40.23	-2.77324738912284	0.263930136570707
8047	40.235	-2.82999295648187	0.265219808556139
8048	40.24	-2.92542868340388	0.263930136570707
8049	40.245	-3.0015193305444	0.265219808556139
8050	40.25	-3.11630013724789	0.263930136570707
8051	40.255	-3.17691472056322	0.263930136570707
8052	40.26	-3.29298519925214	0.263930136570707
8053	40.265	-3.39357961411588	0.263930136570707
8054	40.27	-3.49804304493591	0.263930136570707
8055	40.275	-3.57929238001816	0.263930136570707
8056	40.28	-3.63732761936262	0.262640464585274
8057	40.285	-3.68633515480906	0.262640464585274
8058	40.29	-3.78563989768736	0.262640464585274
8059	40.295	-3.86559956078418	0.262640464585274
8060	40.3	-3.94942823983729	0.262640464585274
8061	40.305	-3.99714610329829	0.262640464585274
8062	40.31	-4.1325616617687	0.262640464585274
8063	40.315	-4.17254149331711	0.262640464585274
8064	40.32	-4.19446591706946	0.261350792599842
8065	40.325	-4.22541804471985	0.261350792599842
8066	40.33	-4.3027983638458	0.262640464585274
8067	40.335	-4.32730213156901	0.261350792599842
8068	40.34	-4.40726179466583	0.262640464585274
8069	40.345	-4.37115097907372	0.261350792599842
8070	40.35	-4.41113081062213	0.261350792599842
8071	40.355	-4.49366981768981	0.261350792599842
8072	40.36	-4.53493932122365	0.261350792599842
8073	40.365	-4.59297456056811	0.261350792599842
8074	40.37	-4.62779570417479	0.260061120614409
8075	40.375	-4.67164455167949	0.261350792599842
8076	40.38	-4.72710044705309	0.261350792599842
8077	40.385	-4.77223896654323	0.261350792599842
8078	40.39	-4.8225361739751	0.260061120614409
8079	40.395	-4.83027420588769	0.260061120614409
8080	40.4	-4.93602730869316	0.260061120614409
8081	40.405	-4.97987615619786	0.260061120614409
8082	40.41	-4.98632451612502	0.260061120614409
8083	40.415	-4.98761418811046	0.260061120614409
8084	40.42	-5.06499450723641	0.260061120614409
8085	40.425	-5.09852597885765	0.260061120614409
8086	40.43	-5.16558892210014	0.258771448628977
8087	40.435	-5.16300957812928	0.258771448628977
8088	40.44	-5.18751334585249	0.258771448628977
8089	40.445	-5.20298940967768	0.258771448628977
8090	40.45	-5.20298940967768	0.258771448628977
8091	40.455	-5.19912039372139	0.258771448628977
8092	40.46	-5.16300957812928	0.258771448628977
8093	40.465	-5.18493400188163	0.258771448628977
8094	40.47	-5.18880301783793	0.257481776643544
8095	40.475	-5.16945793805644	0.257481776643544
8096	40.48	-5.15269220224582	0.257481776643544
8097	40.485	-5.11142269871198	0.257481776643544
8098	40.49	-5.12947810650803	0.257481776643544
8099	40.495	-5.08304991503246	0.257481776643544
8100	40.5	-5.01985598774627	0.257481776643544
8101	40.505	-4.99148320406675	0.256192104658112
8102	40.51	-4.95924140443094	0.257481776643544
8103	40.515	-4.92828927678056	0.257481776643544
8104	40.52	-4.89217846118845	0.256192104658112
8105	40.525	-4.87154370942153	0.256192104658112
8106	40.53	-4.82769486191683	0.257481776643544
8107	40.535	-4.80448076617904	0.256192104658112
8108	40.54	-4.73741782293655	0.256192104658112
8109	40.545	-4.70259667932987	0.256192104658112
8110	40.55	-4.6600375038106	0.256192104658112
8111	40.555	-4.57749849674292	0.256192104658112
8112	40.56	-4.5052768655587	0.254902432672679
8113	40.565	-4.43434490635991	0.256192104658112
8114	40.57	-4.3427781953942	0.256192104658112
8115	40.575	-4.2989293478895	0.254902432672679
8116	40.58	-4.16738280537538	0.254902432672679
8117	40.585	-4.07581609440967	0.254902432672679
8118	40.59	-4.01649118307978	0.254902432672679
8119	40.595	-3.94040053593926	0.254902432672679
8120	40.6	-3.8346474331338	0.253612760687247
8121	40.605	-3.6760177789256	0.254902432672679
8122	40.61	-3.668279747013	0.254902432672679
8123	40.615	-3.59218909987248	0.253612760687247
8124	40.62	-3.59218909987248	0.253612760687247
8125	40.625	-3.52512615662999	0.253612760687247
8126	40.63	-3.46451157331467	0.253612760687247
8127	40.635	-3.43871813360602	0.253612760687247
8128	40.64	-3.31748896697536	0.252323088701814
8129	40.645	-3.27492979145609	0.253612760687247
8130	40.65	-3.23752930387855	0.253612760687247
8131	40.655	-3.22979127196595	0.252323088701814
8132	40.66	-3.21689455211163	0.253612760687247
8133	40.665	-3.19110111240298	0.252323088701814
8134	40.67	-3.17562504857779	0.252323088701814
8135	40.675	-3.07245128974319	0.252323088701814
8136	40.68	-3.03891981812194	0.252323088701814
8137	40.685	-3.00925736245699	0.252323088701814
8138	40.69	-2.97185687487945	0.251033416716382
8139	40.695	-2.95251179509796	0.252323088701814
8140	40.7	-2.93058737134561	0.251033416716382
8141	40.705	-2.97572589083575	0.252323088701814
8142	40.71	-2.84933803626336	0.251033416716382
8143	40.715	-2.87513147597201	0.251033416716382
8144	40.72	-2.79904082883149	0.251033416716382
8145	40.725	-2.7951718128752	0.251033416716382
8146	40.73	-2.68554969411343	0.251033416716382
8147	40.735	-2.64299051859416	0.251033416716382
8148	40.74	-2.55916183954105	0.251033416716382
8149	40.745	-2.48049184842966	0.251033416716382
8150	40.75	-2.40698054526001	0.251033416716382
8151	40.755	-2.33475891407579	0.251033416716382
8152	40.76	-2.28446170664392	0.249743744730949
8153	40.765	-2.14517713221721	0.249743744730949
8154	40.77	-2.03684468544088	0.249743744730949
8155	40.775	-1.93109158263542	0.249743744730949
8156	40.78	-1.75956520857289	0.249743744730949
8157	40.785	-1.66412948165089	0.249743744730949
8158	40.79	-1.5377416270785	0.249743744730949
8159	40.795	-1.41006410052069	0.249743744730949
8160	40.8	-1.26175182219595	0.249743744730949
8161	40.805	-1.17147478321567	0.249743744730949
8162	40.81	-1.10570151195861	0.249743744730949
8163	40.815	-1.01155545702204	0.248454072745517
8164	40.82	-0.961258249590173	0.249743744730949
8165	40.825	-0.926437105983496	0.248454072745517
8166	40.83	-0.883877930464223	0.248454072745517
8167	40.835	-0.864532850682735	0.249743744730949
8168	40.84	-0.81036662729457	0.248454072745517
8169	40.845	-0.771676467731595	0.248454072745517
8170	40.85	-0.749752043979242	0.248454072745517
8171	40.855	-0.725248276256025	0.248454072745517
8172	40.86	-0.69687549257651	0.247164400760084
8173	40.865	-0.68139942875132	0.248454072745517
8174	40.87	-0.67108205286786	0.248454072745517
8175	40.875	-0.659475004998967	0.247164400760084
8176	40.88	-0.643998941173777	0.247164400760084
8177	40.885	-0.638840253232047	0.247164400760084
8178	40.89	-0.623364189406857	0.247164400760084
8179	40.895	-0.623364189406857	0.247164400760084
8180	40.9	-0.624653861392289	0.245874728774652
8181	40.905	-0.616915829479694	0.245874728774652
8182	40.91	-0.611757141537964	0.245874728774652
8183	40.915	-0.614336485508829	0.247164400760084
8184	40.92	-0.613046813523397	0.245874728774652
8185	40.925	-0.610467469552532	0.247164400760084
8186	40.93	-0.609177797567099	0.245874728774652
8187	40.935	-0.602729437639937	0.245874728774652
8188	40.94	-0.605308781610802	0.245874728774652
8189	40.945	-0.601439765654504	0.245874728774652
8190	40.95	-0.605308781610802	0.245874728774652
8191	40.955	-0.584674029843882	0.245874728774652
8192	40.96	-0.611757141537964	0.245874728774652
8193	40.965	-0.624653861392289	0.245874728774652
8194	40.97	-0.633681565290317	0.244585056789219
8195	40.975	-0.631102221319452	0.244585056789219
8196	40.98	-0.642709269188344	0.244585056789219
8197	40.985	-0.649157629115507	0.245874728774652
8198	40.99	-0.663344020955265	0.244585056789219
8199	40.995	-0.667213036911562	0.244585056789219
8200	41	-0.703323852503672	0.244585056789219
8201	41.005	-0.68655811669305	0.244585056789219
8202	41.01	-0.7123515564017	0.244585056789219
8203	41.015	-0.71751024434343	0.244585056789219
8204	41.02	-0.749752043979242	0.244585056789219
8205	41.025	-0.798759579425678	0.244585056789219
8206	41.03	-0.788442203542218	0.243295384803787
8207	41.035	-0.78973187552765	0.244585056789219
8208	41.04	-0.78457318758592	0.243295384803787
8209	41.045	-0.788442203542218	0.243295384803787
8210	41.05	-0.816814987221733	0.243295384803787
8211	41.055	-0.787152531556785	0.243295384803787
8212	41.06	-0.811656299280003	0.243295384803787
8213	41.065	-0.80520793935284	0.243295384803787
8214	41.07	-0.832291051046923	0.243295384803787
8215	41.075	-0.824553019134328	0.243295384803787
8216	41.08	-0.83616006700322	0.242005712818354
8217	41.085	-0.842608426930383	0.242005712818354
8218	41.09	-0.858084490755573	0.243295384803787
8219	41.095	-0.838739410974085	0.243295384803787
8220	41.1	-0.819394331192598	0.242005712818354
8221	41.105	-0.81036662729457	0.242005712818354
8222	41.11	-0.821973675163463	0.242005712818354
8223	41.115	-0.814235643250868	0.242005712818354
8224	41.12	-0.80520793935284	0.242005712818354
8225	41.125	-0.792311219498515	0.242005712818354
8226	41.13	-0.812945971265435	0.242005712818354
8227	41.135	-0.811656299280003	0.242005712818354
8228	41.14	-0.823263347148895	0.242005712818354
8229	41.145	-0.785862859571353	0.240716040832922
8230	41.15	-0.802628595381975	0.240716040832922
8231	41.155	-0.796180235454813	0.240716040832922
8232	41.16	-0.765228107804433	0.240716040832922
8233	41.165	-0.75877974787727	0.240716040832922
8234	41.17	-0.763938435819	0.240716040832922
8235	41.175	-0.757490075891837	0.240716040832922
8236	41.18	-0.747172700008377	0.240716040832922
8237	41.185	-0.731696636183187	0.240716040832922
8238	41.19	-0.731696636183187	0.239426368847489
8239	41.195	-0.734275980154052	0.240716040832922
8240	41.2	-0.714930900372565	0.239426368847489
8241	41.205	-0.70719286845997	0.239426368847489
8242	41.21	-0.70203418051824	0.239426368847489
8243	41.215	-0.705903196474537	0.239426368847489
8244	41.22	-0.70719286845997	0.239426368847489
8245	41.225	-0.693006476620212	0.239426368847489
8246	41.23	-0.698165164561942	0.239426368847489
8247	41.235	-0.698165164561942	0.239426368847489
8248	41.24	-0.69687549257651	0.238136696862057
8249	41.245	-0.67624074080959	0.238136696862057
8250	41.25	-0.677530412795022	0.238136696862057
8251	41.255	-0.67624074080959	0.238136696862057
8252	41.26	-0.690427132649347	0.238136696862057
8253	41.265	-0.682689100736752	0.238136696862057
8254	41.27	-0.66592336492613	0.238136696862057
8255	41.275	-0.672371724853292	0.238136696862057
8256	41.28	-0.669792380882427	0.236847024876624
8257	41.285	-0.667213036911562	0.238136696862057
8258	41.29	-0.668502708896995	0.238136696862057
8259	41.295	-0.654316317057237	0.236847024876624
8260	41.3	-0.656895661028102	0.238136696862057
8261	41.305	-0.654316317057237	0.236847024876624
8262	41.31	-0.641419597202912	0.236847024876624
8263	41.315	-0.642709269188344	0.236847024876624
8264	41.32	-0.651736973086372	0.236847024876624
8265	41.325	-0.658185333013535	0.236847024876624
8266	41.33	-0.654316317057237	0.236847024876624
8267	41.335	-0.643998941173777	0.236847024876624
8268	41.34	-0.653026645071805	0.236847024876624
8269	41.345	-0.664633692940697	0.236847024876624
8270	41.35	-0.672371724853292	0.236847024876624
8271	41.355	-0.651736973086372	0.236847024876624
8272	41.36	-0.663344020955265	0.235557352891192
8273	41.365	-0.664633692940697	0.235557352891192
8274	41.37	-0.680109756765887	0.235557352891192
8275	41.375	-0.664633692940697	0.235557352891192
8276	41.38	-0.673661396838725	0.235557352891192
8277	41.385	-0.683978772722185	0.235557352891192
8278	41.39	-0.689137460663915	0.234267680905759
8279	41.395	-0.674951068824157	0.235557352891192
8280	41.4	-0.677530412795022	0.235557352891192
8281	41.405	-0.685268444707617	0.235557352891192
8282	41.41	-0.703323852503672	0.234267680905759
8283	41.415	-0.694296148605645	0.234267680905759
8284	41.42	-0.700744508532807	0.235557352891192
8285	41.425	-0.714930900372565	0.235557352891192
8286	41.43	-0.73814499611035	0.234267680905759
8287	41.435	-0.730406964197755	0.234267680905759
8288	41.44	-0.735565652139485	0.234267680905759
8289	41.445	-0.75362105993554	0.234267680905759
8290	41.45	-0.767807451775298	0.234267680905759
8291	41.455	-0.76909712376073	0.234267680905759
8292	41.46	-0.766517779789865	0.234267680905759
8293	41.465	-0.778124827658758	0.232978008920327
8294	41.47	-0.829711707076058	0.234267680905759
8295	41.475	-0.832291051046923	0.234267680905759
8296	41.48	-0.850346458842978	0.232978008920327
8297	41.485	-0.829711707076058	0.232978008920327
8298	41.49	-0.859374162741005	0.232978008920327
8299	41.495	-0.860663834726438	0.232978008920327
8300	41.5	-0.863243178697303	0.232978008920327
8301	41.505	-0.850346458842978	0.232978008920327
8302	41.51	-0.885167602449656	0.232978008920327
8303	41.515	-0.923857762012631	0.232978008920327
8304	41.52	-0.918699074070901	0.232978008920327
8305	41.525	-0.923857762012631	0.232978008920327
8306	41.53	-0.948361529735848	0.232978008920327
8307	41.535	-0.954809889663011	0.231688336934894
8308	41.54	-0.987051689298823	0.232978008920327
8309	41.545	-0.968996281502768	0.231688336934894
8310	41.55	-1.00897611305118	0.232978008920327
8311	41.555	-1.02832119283266	0.232978008920327
8312	41.56	-1.04766627261415	0.231688336934894
8313	41.565	-1.03347988077439	0.231688336934894
8314	41.57	-1.0773287282791	0.231688336934894
8315	41.575	-1.10570151195861	0.231688336934894
8316	41.58	-1.12633626372553	0.231688336934894
8317	41.585	-1.11859823181294	0.231688336934894
8318	41.59	-1.1211775757838	0.231688336934894
8319	41.595	-1.13794331159443	0.231688336934894
8320	41.6	-1.17792314314283	0.231688336934894
8321	41.605	-1.19468887895346	0.230398664949462
8322	41.61	-1.19855789490975	0.230398664949462
8323	41.615	-1.23337903851643	0.230398664949462
8324	41.62	-1.27206919807941	0.230398664949462
8325	41.625	-1.25143444631249	0.230398664949462
8326	41.63	-1.26175182219595	0.230398664949462
8327	41.635	-1.26820018212311	0.230398664949462
8328	41.64	-1.32107673352584	0.230398664949462
8329	41.645	-1.33010443742387	0.230398664949462
8330	41.65	-1.32365607749671	0.230398664949462
8331	41.655	-1.30818001367152	0.230398664949462
8332	41.66	-1.33268378139473	0.230398664949462
8333	41.665	-1.35073918919079	0.230398664949462
8334	41.67	-1.38040164485574	0.229108992964029
8335	41.675	-1.37266361294314	0.229108992964029
8336	41.68	-1.42940918030217	0.229108992964029
8337	41.685	-1.43585754022934	0.229108992964029
8338	41.69	-1.45004393206909	0.229108992964029
8339	41.695	-1.43585754022934	0.229108992964029
8340	41.7	-1.47970638773404	0.229108992964029
8341	41.705	-1.49518245155923	0.229108992964029
8342	41.71	-1.52355523523875	0.229108992964029
8343	41.715	-1.51452753134072	0.227819320978597
8344	41.72	-1.55966605083086	0.229108992964029
8345	41.725	-1.59190785046667	0.229108992964029
8346	41.73	-1.59190785046667	0.229108992964029
8347	41.735	-1.55579703487456	0.229108992964029
8348	41.74	-1.55321769090369	0.227819320978597
8349	41.745	-1.58674916252494	0.227819320978597
8350	41.75	-1.63704636995681	0.227819320978597
8351	41.755	-1.62543932208791	0.227819320978597
8352	41.76	-1.62285997811705	0.227819320978597
8353	41.765	-1.63575669797137	0.227819320978597
8354	41.77	-1.66026046569459	0.227819320978597
8355	41.775	-1.66026046569459	0.227819320978597
8356	41.78	-1.63317735400051	0.226529648993164
8357	41.785	-1.63833604194224	0.227819320978597
8358	41.79	-1.63704636995681	0.226529648993164
8359	41.795	-1.64736374584027	0.227819320978597
8360	41.8	-1.64607407385483	0.226529648993164
8361	41.805	-1.66670882562175	0.226529648993164
8362	41.81	-1.66670882562175	0.226529648993164
8363	41.815	-1.66412948165089	0.226529648993164
8364	41.82	-1.63704636995681	0.226529648993164
8365	41.825	-1.5970665384084	0.226529648993164
8366	41.83	-1.59835621039383	0.226529648993164
8367	41.835	-1.60351489833556	0.225239977007732
8368	41.84	-1.60996325826272	0.226529648993164
8369	41.845	-1.56611441075802	0.226529648993164
8370	41.85	-1.5416106430348	0.226529648993164
8371	41.855	-1.52742425119504	0.226529648993164
8372	41.86	-1.50549982744269	0.225239977007732
8373	41.865	-1.49905146751553	0.225239977007732
8374	41.87	-1.50292048347183	0.225239977007732
8375	41.875	-1.4900237636175	0.225239977007732
8376	41.88	-1.44746458809823	0.223950305022299
8377	41.885	-1.41135377250612	0.225239977007732
8378	41.89	-1.38040164485574	0.225239977007732
8379	41.895	-1.38556033279747	0.225239977007732
8380	41.9	-1.41135377250612	0.225239977007732
8381	41.905	-1.3907190207392	0.225239977007732
8382	41.91	-1.34171148529276	0.223950305022299
8383	41.915	-1.32623542146757	0.223950305022299
8384	41.92	-1.31333870161325	0.223950305022299
8385	41.925	-1.33655279735103	0.223950305022299
8386	41.93	-1.3391321413219	0.223950305022299
8387	41.935	-1.31720771756954	0.223950305022299
8388	41.94	-1.30560066970065	0.223950305022299
8389	41.945	-1.29141427786089	0.223950305022299
8390	41.95	-1.29915230977349	0.222660633036867
8391	41.955	-1.30689034168608	0.223950305022299
8392	41.96	-1.30818001367152	0.223950305022299
8393	41.965	-1.30689034168608	0.222660633036867
8394	41.97	-1.29012460587546	0.222660633036867
8395	41.975	-1.27464854205027	0.222660633036867
8396	41.98	-1.28496591793373	0.222660633036867
8397	41.985	-1.30560066970065	0.222660633036867
8398	41.99	-1.31204902962781	0.222660633036867
8399	41.995	-1.29786263778806	0.222660633036867
8400	42	-1.27722788602114	0.222660633036867
8401	42.005	-1.27851755800657	0.222660633036867
8402	42.01	-1.28883493389003	0.222660633036867
8403	42.015	-1.29528329381719	0.221370961051434
8404	42.02	-1.30173165374435	0.221370961051434
8405	42.025	-1.31720771756954	0.222660633036867
8406	42.03	-1.30302132572979	0.221370961051434
8407	42.035	-1.32494574948214	0.221370961051434
8408	42.04	-1.33010443742387	0.222660633036867
8409	42.045	-1.34171148529276	0.221370961051434
8410	42.05	-1.38169131684117	0.221370961051434
8411	42.055	-1.39329836471006	0.221370961051434
8412	42.06	-1.41651246044785	0.221370961051434
8413	42.065	-1.42554016434588	0.221370961051434
8414	42.07	-1.45391294802539	0.221370961051434
8415	42.075	-1.46423032390885	0.220081289066002
8416	42.08	-1.51581720332615	0.221370961051434
8417	42.085	-1.54676933097653	0.221370961051434
8418	42.09	-1.6009355543647	0.220081289066002
8419	42.095	-1.62028063414618	0.220081289066002
8420	42.1	-1.65897079370916	0.220081289066002
8421	42.105	-1.67702620150521	0.220081289066002
8422	42.11	-1.73893045680597	0.220081289066002
8423	42.115	-1.76859291247092	0.220081289066002
8424	42.12	-1.78535864828154	0.220081289066002
8425	42.125	-1.79180700820871	0.220081289066002
8426	42.13	-1.81889011990279	0.218791617080569
8427	42.135	-1.83823519968428	0.218791617080569
8428	42.14	-1.88466339115985	0.218791617080569
8429	42.145	-1.89756011101417	0.218791617080569
8430	42.15	-1.94785731844604	0.218791617080569
8431	42.155	-1.97623010212556	0.218791617080569
8432	42.16	-2.04974140529521	0.218791617080569
8433	42.165	-2.08585222088732	0.218791617080569
8434	42.17	-2.15549450810067	0.218791617080569
8435	42.175	-2.2238471233286	0.218791617080569
8436	42.18	-2.33346924209036	0.217501945095137
8437	42.185	-2.49338856828399	0.218791617080569
8438	42.19	-2.64685953455046	0.218791617080569
8439	42.195	-2.79001312493347	0.218791617080569
8440	42.2	-2.91640097950585	0.218791617080569
8441	42.205	-3.06858227378689	0.217501945095137
8442	42.21	-3.21947389608249	0.217501945095137
8443	42.215	-3.36520683043636	0.217501945095137
8444	42.22	-3.55736795626581	0.217501945095137
8445	42.225	-3.71599761047401	0.217501945095137
8446	42.23	-3.90171037637629	0.217501945095137
8447	42.235	-4.07968511036597	0.217501945095137
8448	42.24	-4.25379082839936	0.216212273109704
8449	42.245	-4.42918621841818	0.217501945095137
8450	42.25	-4.62134734424762	0.217501945095137
8451	42.255	-4.8741230533924	0.216212273109704
8452	42.26	-5.11529171466827	0.216212273109704
8453	42.265	-5.31390120042488	0.216212273109704
8454	42.27	-5.49961396632716	0.216212273109704
8455	42.275	-5.7549690194428	0.216212273109704
8456	42.28	-6.02064144844189	0.216212273109704
8457	42.285	-6.26181010971777	0.216212273109704
8458	42.29	-6.58293843409047	0.216212273109704
8459	42.295	-6.85634889500216	0.216212273109704
8460	42.3	-7.13491804385558	0.216212273109704
8461	42.305	-7.42509424057789	0.214922601124272
8462	42.31	-7.71011174935848	0.216212273109704
8463	42.315	-8.08153728116304	0.214922601124272
8464	42.32	-8.45812150090933	0.214922601124272
8465	42.325	-8.84115408058278	0.214922601124272
8466	42.33	-9.20742092444561	0.214922601124272
8467	42.335	-9.54273564065807	0.214922601124272
8468	42.34	-9.88836773275398	0.214922601124272
8469	42.345	-10.3191181758884	0.214922601124272
8470	42.35	-10.5783422449604	0.214922601124272
8471	42.355	-10.5783422449604	0.213632929138839
8472	42.36	-10.5783422449604	0.214922601124272
8473	42.365	-10.5783422449604	0.214922601124272
8474	42.37	-10.5783422449604	0.213632929138839
8475	42.375	-10.5783422449604	0.214922601124272
8476	42.38	-10.5783422449604	0.213632929138839
8477	42.385	-10.5783422449604	0.213632929138839
8478	42.39	-10.5783422449604	0.213632929138839
8479	42.395	-10.5783422449604	0.213632929138839
8480	42.4	-10.5783422449604	0.213632929138839
8481	42.405	-10.5783422449604	0.212343257153407
8482	42.41	-10.5783422449604	0.212343257153407
8483	42.415	-10.5783422449604	0.212343257153407
8484	42.42	-10.5783422449604	0.212343257153407
8485	42.425	-10.5783422449604	0.212343257153407
8486	42.43	-10.5783422449604	0.212343257153407
8487	42.435	-10.5783422449604	0.212343257153407
8488	42.44	-10.5783422449604	0.212343257153407
8489	42.445	-10.5783422449604	0.212343257153407
8490	42.45	-10.5783422449604	0.212343257153407
8491	42.455	-10.5783422449604	0.211053585167974
8492	42.46	-10.5783422449604	0.211053585167974
8493	42.465	-10.5783422449604	0.212343257153407
8494	42.47	-10.5783422449604	0.211053585167974
8495	42.475	-10.5783422449604	0.211053585167974
8496	42.48	-10.5783422449604	0.211053585167974
8497	42.485	-10.5783422449604	0.211053585167974
8498	42.49	-10.5783422449604	0.211053585167974
8499	42.495	-10.5783422449604	0.211053585167974
8500	42.5	-10.5783422449604	0.209763913182542
8501	42.505	-10.5783422449604	0.209763913182542
8502	42.51	-10.5783422449604	0.209763913182542
8503	42.515	-10.5783422449604	0.209763913182542
8504	42.52	-10.5783422449604	0.209763913182542
8505	42.525	-10.5783422449604	0.208474241197109
8506	42.53	-10.5783422449604	0.209763913182542
8507	42.535	-10.5783422449604	0.209763913182542
8508	42.54	-10.5783422449604	0.208474241197109
8509	42.545	-10.5783422449604	0.208474241197109
8510	42.55	-10.5783422449604	0.208474241197109
8511	42.555	-10.5783422449604	0.208474241197109
8512	42.56	-10.5783422449604	0.208474241197109
8513	42.565	-10.5783422449604	0.208474241197109
8514	42.57	-10.5783422449604	0.208474241197109
8515	42.575	-10.5783422449604	0.208474241197109
8516	42.58	-10.5783422449604	0.208474241197109
8517	42.585	-10.5783422449604	0.207184569211677
8518	42.59	-10.5783422449604	0.207184569211677
8519	42.595	-10.5783422449604	0.207184569211677
8520	42.6	-10.5783422449604	0.207184569211677
8521	42.605	-10.5783422449604	0.207184569211677
8522	42.61	-10.5783422449604	0.207184569211677
8523	42.615	-10.5783422449604	0.207184569211677
8524	42.62	-10.5783422449604	0.207184569211677
8525	42.625	-10.5783422449604	0.205894897226244
8526	42.63	-10.5783422449604	0.207184569211677
8527	42.635	-10.5783422449604	0.205894897226244
8528	42.64	-10.5783422449604	0.207184569211677
8529	42.645	-10.5783422449604	0.207184569211677
8530	42.65	-10.5783422449604	0.205894897226244
8531	42.655	-10.5783422449604	0.205894897226244
8532	42.66	-10.1101913142484	0.205894897226244
8533	42.665	-9.74005545442924	0.205894897226244
8534	42.67	-9.381526642479	0.205894897226244
8535	42.675	-8.90047899191268	0.205894897226244
8536	42.68	-8.46328018885106	0.204605225240812
8537	42.685	-8.0918546570465	0.204605225240812
8538	42.69	-7.76556764473207	0.204605225240812
8539	42.695	-7.40316981682554	0.204605225240812
8540	42.7	-6.98015740560368	0.204605225240812
8541	42.705	-6.49008205113932	0.204605225240812
8542	42.71	-6.08125603175722	0.204605225240812
8543	42.715	-5.78721081907861	0.204605225240812
8544	42.72	-5.39644020749256	0.203315553255379
8545	42.725	-5.01598697178997	0.203315553255379
8546	42.73	-4.54525669710711	0.203315553255379
8547	42.735	-4.1441687096376	0.203315553255379
8548	42.74	-3.82433005725034	0.203315553255379
8549	42.745	-3.43098010169342	0.203315553255379
8550	42.75	-3.0531062099617	0.203315553255379
8551	42.755	-2.76035066926852	0.203315553255379
8552	42.76	-2.46372611261904	0.203315553255379
8553	42.765	-2.12970106839202	0.202025881269947
8554	42.77	-1.78535864828154	0.202025881269947
8555	42.775	-1.51710687531158	0.202025881269947
8556	42.78	-1.29012460587546	0.202025881269947
8557	42.785	-1.09022544813342	0.202025881269947
8558	42.79	-0.880008914507926	0.202025881269947
8559	42.795	-0.739434668095782	0.202025881269947
8560	42.8	-0.653026645071805	0.202025881269947
8561	42.805	-0.629812549334019	0.202025881269947
8562	42.81	-0.663344020955265	0.202025881269947
8563	42.815	-0.819394331192598	0.200736209284514
8564	42.82	-1.01542447297834	0.200736209284514
8565	42.825	-1.31075935764238	0.200736209284514
8566	42.83	-1.71829570503905	0.200736209284514
8567	42.835	-2.28059269068763	0.200736209284514
8568	42.84	-2.80935820471495	0.199446537299082
8569	42.845	-3.47095993324183	0.199446537299082
8570	42.85	-4.0332569188904	0.199446537299082
8571	42.855	-4.74128683889285	0.199446537299082
8572	42.86	-5.44673741492443	0.199446537299082
8573	42.865	-6.03482784028165	0.199446537299082
8574	42.87	-6.42688812385313	0.199446537299082
8575	42.875	-6.90406675846316	0.199446537299082
8576	42.88	-7.27549229026772	0.199446537299082
8577	42.885	-7.64046946214512	0.198156865313649
8578	42.89	-7.89066582731903	0.198156865313649
8579	42.895	-8.10604104888625	0.198156865313649
8580	42.9	-8.15762792830355	0.198156865313649
8581	42.905	-8.24016693537124	0.198156865313649
8582	42.91	-8.2504843112547	0.198156865313649
8583	42.915	-8.34076135023497	0.196867193328217
8584	42.92	-8.52905346010812	0.196867193328217
8585	42.925	-8.80246392101981	0.198156865313649
8586	42.93	-9.03460487839766	0.195577521342784
8587	42.935	-9.36991959461011	0.196867193328217
8588	42.94	-9.78906298987567	0.196867193328217
8589	42.945	-10.54739011731	0.196867193328217
8590	42.95	-10.5783422449604	0.196867193328217
8591	42.955	-10.5783422449604	0.196867193328217
8592	42.96	-10.5783422449604	0.195577521342784
8593	42.965	-10.5783422449604	0.195577521342784
8594	42.97	-10.5783422449604	0.195577521342784
8595	42.975	-10.5783422449604	0.195577521342784
8596	42.98	-10.5783422449604	0.195577521342784
8597	42.985	-10.5783422449604	0.195577521342784
8598	42.99	-10.5783422449604	0.195577521342784
8599	42.995	-10.5783422449604	0.194287849357352
8600	43	-10.5783422449604	0.194287849357352
8601	43.005	-10.5783422449604	0.194287849357352
8602	43.01	-10.5783422449604	0.194287849357352
8603	43.015	-10.5783422449604	0.194287849357352
8604	43.02	-10.5783422449604	0.194287849357352
8605	43.025	-10.5783422449604	0.194287849357352
8606	43.03	-10.5783422449604	0.192998177371919
8607	43.035	-10.5783422449604	0.192998177371919
8608	43.04	-10.5783422449604	0.192998177371919
8609	43.045	-10.5783422449604	0.194287849357352
8610	43.05	-10.5783422449604	0.192998177371919
8611	43.055	-10.5783422449604	0.192998177371919
8612	43.06	-10.5783422449604	0.191708505386487
8613	43.065	-10.5783422449604	0.192998177371919
8614	43.07	-10.5783422449604	0.192998177371919
8615	43.075	-10.5783422449604	0.191708505386487
8616	43.08	-10.5783422449604	0.191708505386487
8617	43.085	-10.5783422449604	0.191708505386487
8618	43.09	-10.5783422449604	0.191708505386487
8619	43.095	-10.5783422449604	0.191708505386487
8620	43.1	-10.5783422449604	0.191708505386487
8621	43.105	-10.5783422449604	0.191708505386487
8622	43.11	-10.5783422449604	0.191708505386487
8623	43.115	-10.5783422449604	0.191708505386487
8624	43.12	-10.5783422449604	0.190418833401054
8625	43.125	-10.5783422449604	0.190418833401054
8626	43.13	-10.5783422449604	0.190418833401054
8627	43.135	-10.5783422449604	0.190418833401054
8628	43.14	-10.5783422449604	0.190418833401054
8629	43.145	-10.5783422449604	0.189129161415622
8630	43.15	-10.5783422449604	0.190418833401054
8631	43.155	-10.5783422449604	0.190418833401054
8632	43.16	-10.5783422449604	0.190418833401054
8633	43.165	-10.5783422449604	0.189129161415622
8634	43.17	-10.5783422449604	0.189129161415622
8635	43.175	-10.5783422449604	0.189129161415622
8636	43.18	-10.5783422449604	0.189129161415622
8637	43.185	-10.5783422449604	0.189129161415622
8638	43.19	-10.5783422449604	0.189129161415622
8639	43.195	-10.5783422449604	0.187839489430189
8640	43.2	-10.5783422449604	0.187839489430189
8641	43.205	-10.5783422449604	0.187839489430189
8642	43.21	-10.5783422449604	0.187839489430189
8643	43.215	-10.5783422449604	0.187839489430189
8644	43.22	-10.5783422449604	0.187839489430189
8645	43.225	-10.5783422449604	0.187839489430189
8646	43.23	-10.5783422449604	0.186549817444757
8647	43.235	-10.5783422449604	0.187839489430189
8648	43.24	-10.5783422449604	0.186549817444757
8649	43.245	-10.5783422449604	0.186549817444757
8650	43.25	-10.5783422449604	0.186549817444757
8651	43.255	-10.5783422449604	0.186549817444757
8652	43.26	-10.5783422449604	0.186549817444757
8653	43.265	-10.5783422449604	0.186549817444757
8654	43.27	-10.5783422449604	0.186549817444757
8655	43.275	-10.5783422449604	0.185260145459324
8656	43.28	-10.5783422449604	0.185260145459324
8657	43.285	-10.5783422449604	0.186549817444757
8658	43.29	-10.5783422449604	0.185260145459324
8659	43.295	-10.5783422449604	0.185260145459324
8660	43.3	-10.5783422449604	0.185260145459324
8661	43.305	-10.5783422449604	0.183970473473892
8662	43.31	-10.5783422449604	0.183970473473892
8663	43.315	-10.5783422449604	0.185260145459324
8664	43.32	-10.5783422449604	0.183970473473892
8665	43.325	-10.5783422449604	0.185260145459324
8666	43.33	-10.5783422449604	0.183970473473892
8667	43.335	-10.5783422449604	0.183970473473892
8668	43.34	-10.5783422449604	0.183970473473892
8669	43.345	-10.5783422449604	0.183970473473892
8670	43.35	-10.5783422449604	0.183970473473892
8671	43.355	-10.5783422449604	0.182680801488459
8672	43.36	-10.5783422449604	0.183970473473892
8673	43.365	-10.5783422449604	0.183970473473892
8674	43.37	-10.5783422449604	0.182680801488459
8675	43.375	-10.5783422449604	0.182680801488459
8676	43.38	-10.5783422449604	0.182680801488459
8677	43.385	-10.5783422449604	0.181391129503027
8678	43.39	-10.5783422449604	0.182680801488459
8679	43.395	-10.5783422449604	0.182680801488459
8680	43.4	-10.5783422449604	0.182680801488459
8681	43.405	-10.5783422449604	0.182680801488459
8682	43.41	-10.5783422449604	0.181391129503027
8683	43.415	-10.5783422449604	0.181391129503027
8684	43.42	-10.5783422449604	0.181391129503027
8685	43.425	-10.5783422449604	0.181391129503027
8686	43.43	-10.5783422449604	0.181391129503027
8687	43.435	-10.5783422449604	0.181391129503027
8688	43.44	-10.5783422449604	0.181391129503027
8689	43.445	-10.5783422449604	0.181391129503027
8690	43.45	-10.5783422449604	0.181391129503027
8691	43.455	-10.5783422449604	0.181391129503027
8692	43.46	-10.5783422449604	0.180101457517594
8693	43.465	-10.5783422449604	0.180101457517594
8694	43.47	-10.5783422449604	0.181391129503027
8695	43.475	-10.5783422449604	0.180101457517594
8696	43.48	-10.5783422449604	0.180101457517594
8697	43.485	-10.5783422449604	0.180101457517594
8698	43.49	-10.5783422449604	0.180101457517594
8699	43.495	-10.5783422449604	0.180101457517594
8700	43.5	-10.5783422449604	0.180101457517594
8701	43.505	-10.5783422449604	0.180101457517594
8702	43.51	-10.5783422449604	0.178811785532162
8703	43.515	-10.5783422449604	0.178811785532162
8704	43.52	-10.5783422449604	0.178811785532162
8705	43.525	-10.5783422449604	0.178811785532162
8706	43.53	-10.5783422449604	0.178811785532162
8707	43.535	-10.5783422449604	0.178811785532162
8708	43.54	-10.5783422449604	0.178811785532162
8709	43.545	-10.5783422449604	0.178811785532162
8710	43.55	-10.5783422449604	0.178811785532162
8711	43.555	-10.5783422449604	0.178811785532162
8712	43.56	-10.5783422449604	0.178811785532162
8713	43.565	-10.5783422449604	0.177522113546729
8714	43.57	-10.5783422449604	0.178811785532162
8715	43.575	-10.5783422449604	0.177522113546729
8716	43.58	-10.5783422449604	0.177522113546729
8717	43.585	-10.5783422449604	0.177522113546729
8718	43.59	-10.5783422449604	0.177522113546729
8719	43.595	-10.5783422449604	0.177522113546729
8720	43.6	-10.5783422449604	0.177522113546729
8721	43.605	-10.5783422449604	0.177522113546729
8722	43.61	-10.5783422449604	0.177522113546729
8723	43.615	-10.5783422449604	0.177522113546729
8724	43.62	-10.5783422449604	0.177522113546729
8725	43.625	-10.5783422449604	0.177522113546729
8726	43.63	-10.5783422449604	0.176232441561297
8727	43.635	-10.5783422449604	0.176232441561297
8728	43.64	-10.5783422449604	0.177522113546729
8729	43.645	-10.5783422449604	0.176232441561297
8730	43.65	-10.5783422449604	0.176232441561297
8731	43.655	-10.5783422449604	0.176232441561297
8732	43.66	-10.5783422449604	0.176232441561297
8733	43.665	-10.5783422449604	0.174942769575864
8734	43.67	-10.5783422449604	0.176232441561297
8735	43.675	-10.5783422449604	0.176232441561297
8736	43.68	-10.5783422449604	0.176232441561297
8737	43.685	-10.5783422449604	0.176232441561297
8738	43.69	-10.5783422449604	0.174942769575864
8739	43.695	-10.5783422449604	0.174942769575864
8740	43.7	-10.5783422449604	0.174942769575864
8741	43.705	-10.5783422449604	0.174942769575864
8742	43.71	-10.3926294790581	0.174942769575864
8743	43.715	-10.1463021298405	0.174942769575864
8744	43.72	-9.79680102178827	0.174942769575864
8745	43.725	-9.46922433748841	0.173653097590432
8746	43.73	-9.30672566732392	0.174942769575864
8747	43.735	-9.1713101088535	0.174942769575864
8748	43.74	-8.89789964794181	0.174942769575864
8749	43.745	-8.49810133245774	0.173653097590432
8750	43.75	-8.11248940881342	0.173653097590432
8751	43.755	-7.85713435569778	0.173653097590432
8752	43.76	-7.61854503839277	0.173653097590432
8753	43.765	-7.17231853143312	0.173653097590432
8754	43.77	-6.67192580108531	0.173653097590432
8755	43.775	-6.14960864698514	0.173653097590432
8756	43.78	-5.72659623576328	0.173653097590432
8757	43.785	-5.15011285827495	0.173653097590432
8758	43.79	-4.63424406410195	0.173653097590432
8759	43.795	-4.22025935677812	0.173653097590432
8760	43.8	-3.88107562460937	0.173653097590432
8761	43.805	-3.49288435699418	0.172363425604999
8762	43.81	-3.01054703444242	0.172363425604999
8763	43.815	-2.57979659130797	0.172363425604999
8764	43.82	-2.22900581127033	0.172363425604999
8765	43.825	-1.95172633440234	0.172363425604999
8766	43.83	-1.70281964121386	0.172363425604999
8767	43.835	-1.47970638773404	0.172363425604999
8768	43.84	-1.28238657396287	0.172363425604999
8769	43.845	-1.13665363960899	0.172363425604999
8770	43.85	-1.00123808113858	0.172363425604999
8771	43.855	-0.930306121939793	0.172363425604999
8772	43.86	-0.903223010245711	0.172363425604999
8773	43.865	-0.887746946420521	0.171073753619567
8774	43.87	-0.874850226566195	0.171073753619567
8775	43.875	-0.912250714143738	0.171073753619567
8776	43.88	-1.00639676908031	0.171073753619567
8777	43.885	-1.03090053680353	0.171073753619567
8778	43.89	-1.07217004033737	0.171073753619567
8779	43.895	-1.10183249600232	0.171073753619567
8780	43.9	-1.17921281512827	0.171073753619567
8781	43.905	-1.24369641439989	0.171073753619567
8782	43.91	-1.27722788602114	0.169784081634134
8783	43.915	-1.34429082926363	0.171073753619567
8784	43.92	-1.37266361294314	0.169784081634134
8785	43.925	-1.41264344449155	0.171073753619567
8786	43.93	-1.35847722110339	0.171073753619567
8787	43.935	-1.41006410052069	0.169784081634134
8788	43.94	-1.43327819625847	0.169784081634134
8789	43.945	-1.41522278846242	0.169784081634134
8790	43.95	-1.3907190207392	0.169784081634134
8791	43.955	-1.33010443742387	0.169784081634134
8792	43.96	-1.26046215021051	0.169784081634134
8793	43.965	-1.23982739844359	0.169784081634134
8794	43.97	-1.23466871050186	0.169784081634134
8795	43.975	-1.24498608638532	0.169784081634134
8796	43.98	-1.21919264667667	0.169784081634134
8797	43.985	-1.18437150307	0.169784081634134
8798	43.99	-1.17018511123024	0.169784081634134
8799	43.995	-1.15986773534678	0.168494409648702
8800	44	-1.19339920696802	0.168494409648702
8801	44.005	-1.25659313425422	0.168494409648702
8802	44.01	-1.26691051013768	0.168494409648702
8803	44.015	-1.31720771756954	0.168494409648702
8804	44.02	-1.29141427786089	0.168494409648702
8805	44.025	-1.31333870161325	0.169784081634134
8806	44.03	-1.30689034168608	0.168494409648702
8807	44.035	-1.35718754911795	0.168494409648702
8808	44.04	-1.41135377250612	0.168494409648702
8809	44.045	-1.49260310758837	0.168494409648702
8810	44.05	-1.59835621039383	0.168494409648702
8811	44.055	-1.75440652063116	0.168494409648702
8812	44.06	-1.9543056783732	0.168494409648702
8813	44.065	-2.26511662686244	0.168494409648702
8814	44.07	-2.58753462322056	0.168494409648702
8815	44.075	-3.03763014613651	0.168494409648702
8816	44.08	-3.53286418854259	0.168494409648702
8817	44.085	-4.21252132486552	0.167204737663269
8818	44.09	-4.98761418811046	0.168494409648702
8819	44.095	-5.85169441835023	0.167204737663269
8820	44.1	-6.87182495882735	0.167204737663269
8821	44.105	-7.99641893012449	0.167204737663269
8822	44.11	-9.07458470994607	0.167204737663269
8823	44.115	-10.2456068727188	0.167204737663269
8824	44.12	-10.5783422449604	0.167204737663269
8825	44.125	-10.5783422449604	0.167204737663269
8826	44.13	-10.5783422449604	0.167204737663269
8827	44.135	-10.5783422449604	0.167204737663269
8828	44.14	-10.5783422449604	0.165915065677837
8829	44.145	-10.5783422449604	0.167204737663269
8830	44.15	-10.5783422449604	0.167204737663269
8831	44.155	-10.5783422449604	0.165915065677837
8832	44.16	-10.5783422449604	0.165915065677837
8833	44.165	-10.5783422449604	0.165915065677837
8834	44.17	-10.5783422449604	0.165915065677837
8835	44.175	-10.5783422449604	0.165915065677837
8836	44.18	-10.5783422449604	0.165915065677837
8837	44.185	-10.5783422449604	0.165915065677837
8838	44.19	-10.5783422449604	0.165915065677837
8839	44.195	-10.5783422449604	0.165915065677837
8840	44.2	-10.5783422449604	0.165915065677837
8841	44.205	-10.5783422449604	0.165915065677837
8842	44.21	-10.5783422449604	0.165915065677837
8843	44.215	-10.5783422449604	0.164625393692404
8844	44.22	-10.5783422449604	0.165915065677837
8845	44.225	-10.5783422449604	0.164625393692404
8846	44.23	-10.5783422449604	0.164625393692404
8847	44.235	-10.5783422449604	0.164625393692404
8848	44.24	-10.5783422449604	0.164625393692404
8849	44.245	-10.5783422449604	0.164625393692404
8850	44.25	-10.5783422449604	0.164625393692404
8851	44.255	-10.5783422449604	0.164625393692404
8852	44.26	-10.5783422449604	0.164625393692404
8853	44.265	-10.5783422449604	0.164625393692404
8854	44.27	-10.5783422449604	0.164625393692404
8855	44.275	-10.5783422449604	0.164625393692404
8856	44.28	-10.5783422449604	0.163335721706972
8857	44.285	-10.5783422449604	0.163335721706972
8858	44.29	-10.5783422449604	0.164625393692404
8859	44.295	-10.5783422449604	0.163335721706972
8860	44.3	-10.5783422449604	0.163335721706972
8861	44.305	-10.5783422449604	0.163335721706972
8862	44.31	-10.5783422449604	0.163335721706972
8863	44.315	-10.5783422449604	0.163335721706972
8864	44.32	-10.5783422449604	0.163335721706972
8865	44.325	-10.5783422449604	0.163335721706972
8866	44.33	-10.5783422449604	0.163335721706972
8867	44.335	-10.5783422449604	0.162046049721539
8868	44.34	-10.5783422449604	0.163335721706972
8869	44.345	-10.5783422449604	0.163335721706972
8870	44.35	-10.5783422449604	0.162046049721539
8871	44.355	-10.5783422449604	0.162046049721539
8872	44.36	-10.5783422449604	0.162046049721539
8873	44.365	-10.5783422449604	0.162046049721539
8874	44.37	-10.5783422449604	0.162046049721539
8875	44.375	-10.5783422449604	0.162046049721539
8876	44.38	-10.5783422449604	0.160756377736107
8877	44.385	-10.5783422449604	0.162046049721539
8878	44.39	-10.5783422449604	0.160756377736107
8879	44.395	-10.5783422449604	0.160756377736107
8880	44.4	-10.5783422449604	0.160756377736107
8881	44.405	-10.5783422449604	0.160756377736107
8882	44.41	-10.5783422449604	0.160756377736107
8883	44.415	-10.5783422449604	0.160756377736107
8884	44.42	-10.5783422449604	0.160756377736107
8885	44.425	-10.5783422449604	0.160756377736107
8886	44.43	-10.5783422449604	0.160756377736107
8887	44.435	-10.5783422449604	0.160756377736107
8888	44.44	-10.5783422449604	0.160756377736107
8889	44.445	-10.5783422449604	0.160756377736107
8890	44.45	-10.5783422449604	0.159466705750674
8891	44.455	-10.5783422449604	0.160756377736107
8892	44.46	-10.5783422449604	0.159466705750674
8893	44.465	-10.5783422449604	0.159466705750674
8894	44.47	-10.5783422449604	0.159466705750674
8895	44.475	-10.5783422449604	0.159466705750674
8896	44.48	-10.5783422449604	0.159466705750674
8897	44.485	-10.5783422449604	0.159466705750674
8898	44.49	-10.5783422449604	0.159466705750674
8899	44.495	-10.5783422449604	0.159466705750674
8900	44.5	-10.5783422449604	0.158177033765242
8901	44.505	-10.5783422449604	0.158177033765242
8902	44.51	-10.5783422449604	0.158177033765242
8903	44.515	-10.5783422449604	0.158177033765242
8904	44.52	-10.5783422449604	0.158177033765242
8905	44.525	-10.5783422449604	0.158177033765242
8906	44.53	-10.5783422449604	0.158177033765242
8907	44.535	-10.5783422449604	0.158177033765242
8908	44.54	-10.5783422449604	0.156887361779809
8909	44.545	-10.5783422449604	0.158177033765242
8910	44.55	-10.5783422449604	0.158177033765242
8911	44.555	-10.5783422449604	0.156887361779809
8912	44.56	-10.5783422449604	0.158177033765242
8913	44.565	-10.5783422449604	0.156887361779809
8914	44.57	-10.5783422449604	0.156887361779809
8915	44.575	-10.5783422449604	0.156887361779809
8916	44.58	-10.5783422449604	0.156887361779809
8917	44.585	-10.5783422449604	0.156887361779809
8918	44.59	-10.5783422449604	0.156887361779809
8919	44.595	-10.5783422449604	0.156887361779809
8920	44.6	-10.5783422449604	0.156887361779809
8921	44.605	-10.5783422449604	0.155597689794376
8922	44.61	-10.5783422449604	0.155597689794376
8923	44.615	-10.5783422449604	0.155597689794376
8924	44.62	-10.5783422449604	0.155597689794376
8925	44.625	-10.5783422449604	0.155597689794376
8926	44.63	-10.5783422449604	0.155597689794376
8927	44.635	-10.5783422449604	0.155597689794376
8928	44.64	-10.5783422449604	0.155597689794376
8929	44.645	-10.5783422449604	0.154308017808944
8930	44.65	-10.5783422449604	0.154308017808944
8931	44.655	-10.5783422449604	0.154308017808944
8932	44.66	-10.5783422449604	0.154308017808944
8933	44.665	-10.5783422449604	0.154308017808944
8934	44.67	-10.5783422449604	0.154308017808944
8935	44.675	-10.5783422449604	0.154308017808944
8936	44.68	-10.5783422449604	0.154308017808944
8937	44.685	-10.5783422449604	0.153018345823511
8938	44.69	-10.5783422449604	0.153018345823511
8939	44.695	-10.5783422449604	0.153018345823511
8940	44.7	-10.5783422449604	0.153018345823511
8941	44.705	-10.5783422449604	0.153018345823511
8942	44.71	-10.5783422449604	0.153018345823511
8943	44.715	-10.4003675109707	0.153018345823511
8944	44.72	-9.68846857501194	0.153018345823511
8945	44.725	-8.66704836254939	0.153018345823511
8946	44.73	-7.70624273340218	0.151728673838079
8947	44.735	-7.03561330097727	0.151728673838079
8948	44.74	-6.72351268050261	0.151728673838079
8949	44.745	-6.50942713092081	0.151728673838079
8950	44.75	-6.01032407255843	0.151728673838079
8951	44.755	-5.37838479969651	0.150439001852646
8952	44.76	-4.7554732307326	0.151728673838079
8953	44.765	-4.26797722023912	0.151728673838079
8954	44.77	-3.93653151998296	0.150439001852646
8955	44.775	-3.55607828428037	0.151728673838079
8956	44.78	-3.15885931276716	0.151728673838079
8957	44.785	-2.73713657353073	0.150439001852646
8958	44.79	-2.47920217644423	0.150439001852646
8959	44.795	-2.25479925097898	0.150439001852646
8960	44.8	-2.00073386984877	0.150439001852646
8961	44.805	-1.82662815181538	0.150439001852646
8962	44.81	-1.86273896740749	0.150439001852646
8963	44.815	-2.18257761979476	0.150439001852646
8964	44.82	-2.67394264624454	0.150439001852646
8965	44.825	-3.17949406453408	0.150439001852646
8966	44.83	-3.64506565127522	0.150439001852646
8967	44.835	-4.21252132486552	0.149149329867214
8968	44.84	-5.04822877142578	0.149149329867214
8969	44.845	-6.10575979948044	0.149149329867214
8970	44.85	-7.30773408990353	0.149149329867214
8971	44.855	-8.53163280407898	0.147859657881781
8972	44.86	-9.56594973639585	0.149149329867214
8973	44.865	-10.4261609506793	0.149149329867214
8974	44.87	-10.5783422449604	0.147859657881781
8975	44.875	-10.5783422449604	0.147859657881781
8976	44.88	-10.5783422449604	0.147859657881781
8977	44.885	-10.5783422449604	0.147859657881781
8978	44.89	-10.5783422449604	0.147859657881781
8979	44.895	-10.5783422449604	0.147859657881781
8980	44.9	-10.5783422449604	0.146569985896349
8981	44.905	-10.5783422449604	0.146569985896349
8982	44.91	-10.5783422449604	0.146569985896349
8983	44.915	-10.5783422449604	0.147859657881781
8984	44.92	-10.5783422449604	0.146569985896349
8985	44.925	-10.5783422449604	0.146569985896349
8986	44.93	-10.5783422449604	0.146569985896349
8987	44.935	-10.5783422449604	0.146569985896349
8988	44.94	-10.5783422449604	0.146569985896349
8989	44.945	-10.5783422449604	0.146569985896349
8990	44.95	-10.5783422449604	0.145280313910916
8991	44.955	-10.5783422449604	0.145280313910916
8992	44.96	-10.5783422449604	0.146569985896349
8993	44.965	-10.5783422449604	0.145280313910916
8994	44.97	-10.5783422449604	0.145280313910916
8995	44.975	-10.5783422449604	0.145280313910916
8996	44.98	-10.5783422449604	0.145280313910916
8997	44.985	-10.5783422449604	0.145280313910916
8998	44.99	-10.5783422449604	0.145280313910916
8999	44.995	-10.5783422449604	0.145280313910916
9000	45	-10.5783422449604	0.143990641925484
9001	45.005	-10.5783422449604	0.143990641925484
9002	45.01	-10.5783422449604	0.143990641925484
9003	45.015	-10.5783422449604	0.143990641925484
9004	45.02	-10.5783422449604	0.143990641925484
9005	45.025	-10.5783422449604	0.143990641925484
9006	45.03	-10.5783422449604	0.143990641925484
9007	45.035	-10.5783422449604	0.142700969940051
9008	45.04	-10.5783422449604	0.143990641925484
9009	45.045	-10.5783422449604	0.142700969940051
9010	45.05	-10.5783422449604	0.142700969940051
9011	45.055	-10.5783422449604	0.142700969940051
9012	45.06	-10.5783422449604	0.142700969940051
9013	45.065	-10.5783422449604	0.142700969940051
9014	45.07	-10.5783422449604	0.142700969940051
9015	45.075	-10.5783422449604	0.141411297954619
9016	45.08	-10.5783422449604	0.141411297954619
9017	45.085	-10.5783422449604	0.141411297954619
9018	45.09	-10.5783422449604	0.142700969940051
9019	45.095	-10.5783422449604	0.141411297954619
9020	45.1	-10.5783422449604	0.140121625969186
9021	45.105	-10.5783422449604	0.141411297954619
9022	45.11	-10.5783422449604	0.141411297954619
9023	45.115	-10.5783422449604	0.140121625969186
9024	45.12	-10.5783422449604	0.140121625969186
9025	45.125	-10.5783422449604	0.140121625969186
9026	45.13	-10.5783422449604	0.141411297954619
9027	45.135	-10.5783422449604	0.140121625969186
9028	45.14	-10.5783422449604	0.140121625969186
9029	45.145	-10.5783422449604	0.140121625969186
9030	45.15	-10.5783422449604	0.138831953983754
9031	45.155	-10.5783422449604	0.138831953983754
9032	45.16	-10.5783422449604	0.140121625969186
9033	45.165	-10.5783422449604	0.138831953983754
9034	45.17	-10.5783422449604	0.138831953983754
9035	45.175	-10.5783422449604	0.138831953983754
9036	45.18	-10.5783422449604	0.138831953983754
9037	45.185	-10.5783422449604	0.138831953983754
9038	45.19	-10.5783422449604	0.138831953983754
9039	45.195	-10.5783422449604	0.137542281998321
9040	45.2	-10.5783422449604	0.138831953983754
9041	45.205	-10.5783422449604	0.137542281998321
9042	45.21	-10.5783422449604	0.137542281998321
9043	45.215	-10.5783422449604	0.137542281998321
9044	45.22	-10.5783422449604	0.137542281998321
9045	45.225	-10.5783422449604	0.137542281998321
9046	45.23	-10.5783422449604	0.137542281998321
9047	45.235	-10.5783422449604	0.137542281998321
9048	45.24	-10.5783422449604	0.137542281998321
9049	45.245	-10.5783422449604	0.136252610012889
9050	45.25	-10.5783422449604	0.137542281998321
9051	45.255	-10.5783422449604	0.136252610012889
9052	45.26	-10.5783422449604	0.136252610012889
9053	45.265	-10.5783422449604	0.136252610012889
9054	45.27	-10.5783422449604	0.136252610012889
9055	45.275	-10.5783422449604	0.134962938027456
9056	45.28	-10.5783422449604	0.134962938027456
9057	45.285	-10.5783422449604	0.134962938027456
9058	45.29	-10.5783422449604	0.134962938027456
9059	45.295	-10.5783422449604	0.134962938027456
9060	45.3	-10.5783422449604	0.134962938027456
9061	45.305	-10.5783422449604	0.134962938027456
9062	45.31	-10.5783422449604	0.134962938027456
9063	45.315	-10.5783422449604	0.134962938027456
9064	45.32	-10.5783422449604	0.134962938027456
9065	45.325	-10.5783422449604	0.134962938027456
9066	45.33	-10.5783422449604	0.134962938027456
9067	45.335	-10.5783422449604	0.133673266042024
9068	45.34	-10.5783422449604	0.133673266042024
9069	45.345	-10.5783422449604	0.133673266042024
9070	45.35	-10.5783422449604	0.133673266042024
9071	45.355	-10.5783422449604	0.133673266042024
9072	45.36	-10.5783422449604	0.133673266042024
9073	45.365	-10.5783422449604	0.132383594056591
9074	45.37	-10.5783422449604	0.132383594056591
9075	45.375	-10.5783422449604	0.133673266042024
9076	45.38	-10.5783422449604	0.132383594056591
9077	45.385	-10.5783422449604	0.132383594056591
9078	45.39	-10.5783422449604	0.132383594056591
9079	45.395	-10.5783422449604	0.132383594056591
9080	45.4	-10.5783422449604	0.132383594056591
9081	45.405	-10.5783422449604	0.132383594056591
9082	45.41	-10.5783422449604	0.132383594056591
9083	45.415	-10.5783422449604	0.132383594056591
9084	45.42	-10.5783422449604	0.132383594056591
9085	45.425	-10.5783422449604	0.131093922071159
9086	45.43	-10.5783422449604	0.131093922071159
9087	45.435	-10.5783422449604	0.131093922071159
9088	45.44	-10.5783422449604	0.131093922071159
9089	45.445	-10.5783422449604	0.131093922071159
9090	45.45	-10.5783422449604	0.131093922071159
9091	45.455	-10.5783422449604	0.131093922071159
9092	45.46	-10.5306243814994	0.131093922071159
9093	45.465	-9.85612593311816	0.131093922071159
9094	45.47	-9.44729991373606	0.131093922071159
9095	45.475	-9.09779880568385	0.129804250085726
9096	45.48	-8.8218090008013	0.129804250085726
9097	45.485	-8.51228772429749	0.129804250085726
9098	45.49	-8.23242890345864	0.129804250085726
9099	45.495	-8.07766826520674	0.129804250085726
9100	45.5	-7.96030811453238	0.129804250085726
9101	45.505	-7.88937615533359	0.128514578100294
9102	45.51	-7.83778927591629	0.129804250085726
9103	45.515	-7.75396059686318	0.128514578100294
9104	45.52	-7.59791028662585	0.129804250085726
9105	45.525	-7.43541161646135	0.128514578100294
9106	45.53	-7.18521525128745	0.128514578100294
9107	45.535	-7.01368887722492	0.128514578100294
9108	45.54	-6.81121037551202	0.128514578100294
9109	45.545	-6.58164876210503	0.128514578100294
9110	45.55	-6.29276223736815	0.128514578100294
9111	45.555	-5.94584047328681	0.128514578100294
9112	45.56	-5.57957362942398	0.127224906114861
9113	45.565	-5.23652088129893	0.127224906114861
9114	45.57	-4.91668222891167	0.127224906114861
9115	45.575	-4.59297456056811	0.127224906114861
9116	45.58	-4.27700492413715	0.127224906114861
9117	45.585	-4.00746347918175	0.127224906114861
9118	45.59	-3.70181121863425	0.125935234129429
9119	45.595	-3.47095993324183	0.127224906114861
9120	45.6	-3.25687438366003	0.125935234129429
9121	45.605	-3.12274849717505	0.127224906114861
9122	45.61	-2.97701556282118	0.127224906114861
9123	45.615	-2.92929769936018	0.127224906114861
9124	45.62	-2.88544885185547	0.127224906114861
9125	45.625	-2.8906075397972	0.125935234129429
9126	45.63	-2.88415917987004	0.127224906114861
9127	45.635	-2.87771081994288	0.125935234129429
9128	45.64	-2.83644131640904	0.125935234129429
9129	45.645	-2.83773098839447	0.125935234129429
9130	45.65	-2.80677886074409	0.125935234129429
9131	45.655	-2.79259246890433	0.125935234129429
9132	45.66	-2.75132296537049	0.125935234129429
9133	45.665	-2.71392247779295	0.125935234129429
9134	45.67	-2.62106609484181	0.125935234129429
9135	45.675	-2.55658249557018	0.125935234129429
9136	45.68	-2.47662283247337	0.125935234129429
9137	45.685	-2.3747387456242	0.124645562143996
9138	45.69	-2.30896547436714	0.124645562143996
9139	45.695	-2.21868843538687	0.124645562143996
9140	45.7	-2.15291516412981	0.124645562143996
9141	45.705	-2.13485975633375	0.124645562143996
9142	45.71	-2.08456254890189	0.124645562143996
9143	45.715	-2.03684468544088	0.124645562143996
9144	45.72	-2.01878927764483	0.124645562143996
9145	45.725	-2.09745926875621	0.123355890158564
9146	45.73	-2.19676401163451	0.124645562143996
9147	45.735	-2.29219973855652	0.123355890158564
9148	45.74	-2.39021480944939	0.124645562143996
9149	45.745	-2.50628528813832	0.123355890158564
9150	45.75	-2.6288041267544	0.123355890158564
9151	45.755	-2.72423985367641	0.123355890158564
9152	45.76	-2.82096525258385	0.123355890158564
9153	45.765	-2.94864277914166	0.123355890158564
9154	45.77	-3.06729260180146	0.123355890158564
9155	45.775	-3.16401800070889	0.123355890158564
9156	45.78	-3.22979127196595	0.123355890158564
9157	45.785	-3.30975093506277	0.123355890158564
9158	45.79	-3.46322190132923	0.122066218173131
9159	45.795	-3.57929238001816	0.123355890158564
9160	45.8	-3.65667269914411	0.123355890158564
9161	45.805	-3.79466760158539	0.122066218173131
9162	45.81	-3.97651135153137	0.122066218173131
9163	45.815	-4.088712814264	0.122066218173131
9164	45.82	-4.24605279648677	0.122066218173131
9165	45.825	-4.41499982657842	0.122066218173131
9166	45.83	-4.64069242402911	0.122066218173131
9167	45.835	-4.91281321295537	0.122066218173131
9168	45.84	-5.10497433878481	0.122066218173131
9169	45.845	-5.29713546461426	0.122066218173131
9170	45.85	-5.47897921456024	0.122066218173131
9171	45.855	-5.74207229958847	0.122066218173131
9172	45.86	-5.93552309740335	0.120776546187699
9173	45.865	-6.27341715758666	0.122066218173131
9174	45.87	-6.50555811496451	0.120776546187699
9175	45.875	-6.71448497660458	0.120776546187699
9176	45.88	-6.90148741449229	0.120776546187699
9177	45.885	-7.13362837187015	0.120776546187699
9178	45.89	-7.33094818564132	0.120776546187699
9179	45.895	-7.57985487882979	0.120776546187699
9180	45.9	-7.76169862877578	0.119486874202266
9181	45.905	-7.95257008261979	0.120776546187699
9182	45.91	-8.05574384145439	0.120776546187699
9183	45.915	-8.24532562331297	0.119486874202266
9184	45.92	-8.42459002928808	0.120776546187699
9185	45.925	-8.60514410724863	0.119486874202266
9186	45.93	-8.77409113734029	0.119486874202266
9187	45.935	-8.82696768874303	0.119486874202266
9188	45.94	-8.98817668692209	0.119486874202266
9189	45.945	-9.15841338899918	0.119486874202266
9190	45.95	-9.31962238717824	0.119486874202266
9191	45.955	-9.47954171337187	0.119486874202266
9192	45.96	-9.57884645625018	0.119486874202266
9193	45.965	-9.754241846269	0.119486874202266
9194	45.97	-9.89997478062287	0.119486874202266
9195	45.975	-10.1076119702775	0.119486874202266
9196	45.98	-10.4197125907522	0.119486874202266
9197	45.985	-10.5783422449604	0.118197202216834
9198	45.99	-10.5783422449604	0.118197202216834
9199	45.995	-10.5783422449604	0.119486874202266
9200	46	-10.5783422449604	0.118197202216834
9201	46.005	-10.5783422449604	0.118197202216834
9202	46.01	-10.5783422449604	0.118197202216834
9203	46.015	-10.5783422449604	0.118197202216834
9204	46.02	-10.5783422449604	0.118197202216834
9205	46.025	-10.5783422449604	0.118197202216834
9206	46.03	-10.5783422449604	0.116907530231401
9207	46.035	-10.5783422449604	0.118197202216834
9208	46.04	-10.5783422449604	0.116907530231401
9209	46.045	-10.5783422449604	0.118197202216834
9210	46.05	-10.5783422449604	0.116907530231401
9211	46.055	-10.5783422449604	0.116907530231401
9212	46.06	-10.5783422449604	0.116907530231401
9213	46.065	-10.5783422449604	0.118197202216834
9214	46.07	-10.5783422449604	0.116907530231401
9215	46.075	-10.5783422449604	0.116907530231401
9216	46.08	-10.5783422449604	0.116907530231401
9217	46.085	-10.5783422449604	0.116907530231401
9218	46.09	-10.5783422449604	0.116907530231401
9219	46.095	-10.5783422449604	0.115617858245969
9220	46.1	-10.5783422449604	0.116907530231401
9221	46.105	-10.5783422449604	0.116907530231401
9222	46.11	-10.5783422449604	0.115617858245969
9223	46.115	-10.5783422449604	0.116907530231401
9224	46.12	-10.5783422449604	0.115617858245969
9225	46.125	-10.5783422449604	0.116907530231401
9226	46.13	-10.5783422449604	0.115617858245969
9227	46.135	-10.5783422449604	0.115617858245969
9228	46.14	-10.5783422449604	0.115617858245969
9229	46.145	-10.5783422449604	0.115617858245969
9230	46.15	-10.5783422449604	0.114328186260536
9231	46.155	-10.5783422449604	0.115617858245969
9232	46.16	-10.5783422449604	0.115617858245969
9233	46.165	-10.5783422449604	0.115617858245969
9234	46.17	-10.5783422449604	0.115617858245969
9235	46.175	-10.5783422449604	0.115617858245969
9236	46.18	-10.5783422449604	0.115617858245969
9237	46.185	-10.5783422449604	0.114328186260536
9238	46.19	-10.5783422449604	0.114328186260536
9239	46.195	-10.5783422449604	0.114328186260536
9240	46.2	-10.5783422449604	0.114328186260536
9241	46.205	-10.5783422449604	0.114328186260536
9242	46.21	-10.5783422449604	0.114328186260536
9243	46.215	-10.5783422449604	0.114328186260536
9244	46.22	-10.5783422449604	0.114328186260536
9245	46.225	-10.5783422449604	0.114328186260536
9246	46.23	-10.5783422449604	0.114328186260536
9247	46.235	-10.5783422449604	0.113038514275104
9248	46.24	-10.5783422449604	0.114328186260536
9249	46.245	-10.5783422449604	0.113038514275104
9250	46.25	-10.5783422449604	0.114328186260536
9251	46.255	-10.5783422449604	0.113038514275104
9252	46.26	-10.5783422449604	0.113038514275104
9253	46.265	-10.5783422449604	0.113038514275104
9254	46.27	-10.5783422449604	0.113038514275104
9255	46.275	-10.5783422449604	0.113038514275104
9256	46.28	-10.5783422449604	0.113038514275104
9257	46.285	-10.5783422449604	0.113038514275104
9258	46.29	-10.5783422449604	0.111748842289671
9259	46.295	-10.5783422449604	0.113038514275104
9260	46.3	-10.5783422449604	0.113038514275104
9261	46.305	-10.5783422449604	0.113038514275104
9262	46.31	-10.5783422449604	0.111748842289671
9263	46.315	-10.5783422449604	0.111748842289671
9264	46.32	-10.5783422449604	0.111748842289671
9265	46.325	-10.5783422449604	0.113038514275104
9266	46.33	-10.5783422449604	0.111748842289671
9267	46.335	-10.5783422449604	0.111748842289671
9268	46.34	-10.5783422449604	0.111748842289671
9269	46.345	-10.5783422449604	0.111748842289671
9270	46.35	-10.5783422449604	0.111748842289671
9271	46.355	-10.5783422449604	0.110459170304239
9272	46.36	-10.5783422449604	0.110459170304239
9273	46.365	-10.5783422449604	0.110459170304239
9274	46.37	-10.5783422449604	0.111748842289671
9275	46.375	-10.5783422449604	0.111748842289671
9276	46.38	-10.5783422449604	0.111748842289671
9277	46.385	-10.5783422449604	0.110459170304239
9278	46.39	-10.5783422449604	0.110459170304239
9279	46.395	-10.5783422449604	0.111748842289671
9280	46.4	-10.5783422449604	0.110459170304239
9281	46.405	-10.5783422449604	0.110459170304239
9282	46.41	-10.5783422449604	0.110459170304239
9283	46.415	-10.5783422449604	0.110459170304239
9284	46.42	-10.5783422449604	0.110459170304239
9285	46.425	-10.5783422449604	0.110459170304239
9286	46.43	-10.5783422449604	0.110459170304239
9287	46.435	-10.5783422449604	0.110459170304239
9288	46.44	-10.5783422449604	0.110459170304239
9289	46.445	-10.5783422449604	0.110459170304239
9290	46.45	-10.5783422449604	0.110459170304239
9291	46.455	-10.5783422449604	0.109169498318806
9292	46.46	-10.5783422449604	0.110459170304239
9293	46.465	-10.5783422449604	0.109169498318806
9294	46.47	-10.5783422449604	0.109169498318806
9295	46.475	-10.5783422449604	0.109169498318806
9296	46.48	-10.5783422449604	0.109169498318806
9297	46.485	-10.5783422449604	0.109169498318806
9298	46.49	-10.5783422449604	0.109169498318806
9299	46.495	-10.5783422449604	0.109169498318806
9300	46.5	-10.5783422449604	0.109169498318806
9301	46.505	-10.5783422449604	0.109169498318806
9302	46.51	-10.5783422449604	0.107879826333374
9303	46.515	-10.5783422449604	0.109169498318806
9304	46.52	-10.5512591332663	0.107879826333374
9305	46.525	-10.3423322716262	0.109169498318806
9306	46.53	-10.1708058975637	0.107879826333374
9307	46.535	-10.0598941068165	0.107879826333374
9308	46.54	-9.88191937282681	0.107879826333374
9309	46.545	-9.70652398280799	0.107879826333374
9310	46.55	-9.52081121690571	0.107879826333374
9311	46.555	-9.3260707471054	0.106590154347941
9312	46.56	-9.14164765318856	0.107879826333374
9313	46.565	-8.87597522418946	0.107879826333374
9314	46.57	-8.62964787497185	0.106590154347941
9315	46.575	-8.4529628129676	0.106590154347941
9316	46.58	-8.2350082474295	0.107879826333374
9317	46.585	-7.96030811453238	0.106590154347941
9318	46.59	-7.6159656944219	0.106590154347941
9319	46.595	-7.30773408990353	0.106590154347941
9320	46.6	-7.03045461303554	0.106590154347941
9321	46.605	-6.73254038440064	0.106590154347941
9322	46.61	-6.48492336319759	0.106590154347941
9323	46.615	-6.19345749448985	0.106590154347941
9324	46.62	-5.92907473747618	0.106590154347941
9325	46.625	-5.64663657266647	0.106590154347941
9326	46.63	-5.445447742939	0.105300482362509
9327	46.635	-5.19783072173595	0.106590154347941
9328	46.64	-5.02759401965886	0.106590154347941
9329	46.645	-4.8625160055235	0.106590154347941
9330	46.65	-4.64069242402911	0.105300482362509
9331	46.655	-4.50011817761697	0.105300482362509
9332	46.66	-4.36470261914656	0.105300482362509
9333	46.665	-4.23702509258874	0.105300482362509
9334	46.67	-4.09516117419116	0.105300482362509
9335	46.675	-3.90557939233258	0.105300482362509
9336	46.68	-3.77016383386217	0.105300482362509
9337	46.685	-3.61540319561027	0.104010810377076
9338	46.69	-3.5135191087611	0.104010810377076
9339	46.695	-3.36004814249463	0.104010810377076
9340	46.7	-3.2517156957183	0.104010810377076
9341	46.705	-3.11372079327703	0.105300482362509
9342	46.71	-3.01054703444242	0.104010810377076
9343	46.715	-2.88415917987004	0.104010810377076
9344	46.72	-2.76164034125395	0.104010810377076
9345	46.725	-2.62751445476897	0.104010810377076
9346	46.73	-2.57850691932254	0.104010810377076
9347	46.735	-2.44953972077928	0.102721138391644
9348	46.74	-2.35926268179901	0.104010810377076
9349	46.745	-2.2754340027459	0.104010810377076
9350	46.75	-2.19547433964908	0.102721138391644
9351	46.755	-2.1090663166251	0.104010810377076
9352	46.76	-2.05232074926607	0.102721138391644
9353	46.765	-1.99557518190704	0.102721138391644
9354	46.77	-1.94785731844604	0.102721138391644
9355	46.775	-1.90142912697047	0.102721138391644
9356	46.78	-1.8550009354949	0.102721138391644
9357	46.785	-1.82017979188822	0.102721138391644
9358	46.79	-1.79180700820871	0.102721138391644
9359	46.795	-1.77246192842722	0.102721138391644
9360	46.8	-1.73248209687881	0.101431466406211
9361	46.805	-1.72216472099535	0.102721138391644
9362	46.81	-1.69766095327213	0.101431466406211
9363	46.815	-1.68605390540324	0.101431466406211
9364	46.82	-1.65381210576743	0.101431466406211
9365	46.825	-1.61899096216075	0.101431466406211
9366	46.83	-1.60996325826272	0.101431466406211
9367	46.835	-1.58545949053951	0.101431466406211
9368	46.84	-1.56611441075802	0.100141794420779
9369	46.845	-1.53129326715134	0.100141794420779
9370	46.85	-1.50807917141356	0.101431466406211
9371	46.855	-1.47712704376318	0.100141794420779
9372	46.86	-1.45778196398169	0.100141794420779
9373	46.865	-1.44488524412736	0.100141794420779
9374	46.87	-1.42811950831674	0.100141794420779
9375	46.875	-1.42038147640415	0.100141794420779
9376	46.88	-1.38942934875377	0.100141794420779
9377	46.885	-1.37266361294314	0.100141794420779
9378	46.89	-1.35976689308882	0.100141794420779
9379	46.895	-1.35331853316166	0.100141794420779
9380	46.9	-1.327525093453	0.0988521224353462
9381	46.905	-1.327525093453	0.0988521224353462
9382	46.91	-1.30560066970065	0.0988521224353462
9383	46.915	-1.29786263778806	0.0988521224353462
9384	46.92	-1.29270394984633	0.0988521224353462
9385	46.925	-1.28883493389003	0.0988521224353462
9386	46.93	-1.27335887006484	0.0988521224353462
9387	46.935	-1.29141427786089	0.0988521224353462
9388	46.94	-1.26562083815224	0.0988521224353462
9389	46.945	-1.25917247822508	0.0975624504499137
9390	46.95	-1.25917247822508	0.0988521224353462
9391	46.955	-1.26562083815224	0.0988521224353462
9392	46.96	-1.24756543035619	0.0988521224353462
9393	46.965	-1.23079969454557	0.0988521224353462
9394	46.97	-1.23079969454557	0.0975624504499137
9395	46.975	-1.22177199064754	0.0975624504499137
9396	46.98	-1.20887527079321	0.0975624504499137
9397	46.985	-1.22177199064754	0.0975624504499137
9398	46.99	-1.20887527079321	0.0975624504499137
9399	46.995	-1.2282203505747	0.0975624504499137
9400	47	-1.22177199064754	0.0975624504499137
9401	47.005	-1.22306166263297	0.0975624504499137
9402	47.01	-1.19855789490975	0.0975624504499137
9403	47.015	-1.21532363072038	0.0962727784644812
9404	47.02	-1.20371658285148	0.0962727784644812
9405	47.025	-1.21016494277865	0.0962727784644812
9406	47.03	-1.20500625483692	0.0962727784644812
9407	47.035	-1.19984756689519	0.0962727784644812
9408	47.04	-1.19597855093889	0.0949831064790487
9409	47.045	-1.19597855093889	0.0962727784644812
9410	47.05	-1.17405412718654	0.0962727784644812
9411	47.055	-1.1766334711574	0.0949831064790487
9412	47.06	-1.16889543924481	0.0949831064790487
9413	47.065	-1.19468887895346	0.0949831064790487
9414	47.07	-1.18566117505543	0.0949831064790487
9415	47.075	-1.18824051902629	0.0949831064790487
9416	47.08	-1.17147478321567	0.0949831064790487
9417	47.085	-1.16244707931764	0.0949831064790487
9418	47.09	-1.16889543924481	0.0949831064790487
9419	47.095	-1.18308183108456	0.0936934344936162
9420	47.1	-1.15857806336135	0.0949831064790487
9421	47.105	-1.16373675130308	0.0936934344936162
9422	47.11	-1.15728839137591	0.0936934344936162
9423	47.115	-1.15986773534678	0.0936934344936162
9424	47.12	-1.14181232755072	0.0936934344936162
9425	47.125	-1.14181232755072	0.0936934344936162
9426	47.13	-1.1327846236527	0.0936934344936162
9427	47.135	-1.12375691975467	0.0936934344936162
9428	47.14	-1.11343954387121	0.0936934344936162
9429	47.145	-1.10828085592948	0.0924037625081837
9430	47.15	-1.09538413607515	0.0924037625081837
9431	47.155	-1.08248741622083	0.0924037625081837
9432	47.16	-1.07217004033737	0.0936934344936162
9433	47.165	-1.07861840026453	0.0924037625081837
9434	47.17	-1.06572168041021	0.0924037625081837
9435	47.175	-1.05927332048304	0.0924037625081837
9436	47.18	-1.04637660062872	0.0924037625081837
9437	47.185	-1.05024561658502	0.0924037625081837
9438	47.19	-1.05153528857045	0.0924037625081837
9439	47.195	-1.05153528857045	0.0924037625081837
9440	47.2	-1.05282496055588	0.0924037625081837
9441	47.205	-1.04637660062872	0.0924037625081837
9442	47.21	-1.03219020878896	0.0924037625081837
9443	47.215	-1.04508692864329	0.0924037625081837
9444	47.22	-1.03219020878896	0.0911140905227512
9445	47.225	-1.03992824070156	0.0911140905227512
9446	47.23	-1.02445217687637	0.0911140905227512
9447	47.235	-1.04121791268699	0.0911140905227512
9448	47.24	-1.0218728329055	0.0911140905227512
9449	47.245	-1.03347988077439	0.0911140905227512
9450	47.25	-1.02058316092007	0.0911140905227512
9451	47.255	-1.0180038169492	0.0911140905227512
9452	47.26	-1.01671414496377	0.0898244185373187
9453	47.265	-0.999948409153149	0.0911140905227512
9454	47.27	-1.01155545702204	0.0898244185373187
9455	47.275	-0.996079393196851	0.0898244185373187
9456	47.28	-0.987051689298823	0.0898244185373187
9457	47.285	-0.975444641429931	0.0898244185373187
9458	47.29	-0.961258249590173	0.0898244185373187
9459	47.295	-0.970285953488201	0.0898244185373187
9460	47.3	-0.961258249590173	0.0898244185373187
9461	47.305	-0.957389233633876	0.0898244185373187
9462	47.31	-0.956099561648443	0.0898244185373187
9463	47.315	-0.947071857750416	0.0885347465518862
9464	47.32	-0.939333825837821	0.0898244185373187
9465	47.325	-0.922568090027198	0.0885347465518862
9466	47.33	-0.914830058114603	0.0885347465518862
9467	47.335	-0.917409402085468	0.0885347465518862
9468	47.34	-0.914830058114603	0.0885347465518862
9469	47.345	-0.916119730100036	0.0885347465518862
9470	47.35	-0.916119730100036	0.0885347465518862
9471	47.355	-0.907092026202008	0.0872450745664537
9472	47.36	-0.910961042158306	0.0872450745664537
9473	47.365	-0.912250714143738	0.0885347465518862
9474	47.37	-0.907092026202008	0.0872450745664537
9475	47.375	-0.913540386129171	0.0872450745664537
9476	47.38	-0.908381698187441	0.0872450745664537
9477	47.385	-0.900643666274846	0.0872450745664537
9478	47.39	-0.901933338260278	0.0872450745664537
9479	47.395	-0.895484978333116	0.0885347465518862
9480	47.4	-0.890326290391386	0.0872450745664537
9481	47.405	-0.87742957053706	0.0872450745664537
9482	47.41	-0.881298586493358	0.0872450745664537
9483	47.415	-0.87742957053706	0.0859554025810212
9484	47.42	-0.870981210609898	0.0859554025810212
9485	47.425	-0.863243178697303	0.0859554025810212
9486	47.43	-0.85163613082841	0.0859554025810212
9487	47.435	-0.842608426930383	0.0859554025810212
9488	47.44	-0.838739410974085	0.0859554025810212
9489	47.445	-0.834870395017788	0.0859554025810212
9490	47.45	-0.823263347148895	0.0859554025810212
9491	47.455	-0.80004925141111	0.0859554025810212
9492	47.46	-0.811656299280003	0.0859554025810212
9493	47.465	-0.80004925141111	0.0859554025810212
9494	47.47	-0.78973187552765	0.0859554025810212
9495	47.475	-0.79489056346938	0.0859554025810212
9496	47.48	-0.781993843615055	0.0846657305955887
9497	47.485	-0.780704171629623	0.0846657305955887
9498	47.49	-0.765228107804433	0.0846657305955887
9499	47.495	-0.766517779789865	0.0846657305955887
9500	47.5	-0.760069419862702	0.0846657305955887
9501	47.505	-0.75877974787727	0.0846657305955887
9502	47.51	-0.757490075891837	0.0846657305955887
9503	47.515	-0.744593356037512	0.0846657305955887
9504	47.52	-0.739434668095782	0.0846657305955887
9505	47.525	-0.739434668095782	0.0846657305955887
9506	47.53	-0.735565652139485	0.0833760586101562
9507	47.535	-0.720089588314295	0.0833760586101562
9508	47.54	-0.720089588314295	0.0833760586101562
9509	47.545	-0.716220572357997	0.0833760586101562
9510	47.55	-0.726537948241457	0.0833760586101562
9511	47.555	-0.723958604270592	0.0820863866247237
9512	47.56	-0.714930900372565	0.0820863866247237
9513	47.565	-0.70203418051824	0.0833760586101562
9514	47.57	-0.709772212430835	0.0833760586101562
9515	47.575	-0.69687549257651	0.0820863866247237
9516	47.58	-0.694296148605645	0.0833760586101562
9517	47.585	-0.682689100736752	0.0820863866247237
9518	47.59	-0.673661396838725	0.0820863866247237
9519	47.595	-0.674951068824157	0.0820863866247237
9520	47.6	-0.672371724853292	0.0820863866247237
9521	47.605	-0.659475004998967	0.0820863866247237
9522	47.61	-0.649157629115507	0.0820863866247237
9523	47.615	-0.646578285144642	0.0820863866247237
9524	47.62	-0.636260909261182	0.0820863866247237
9525	47.625	-0.638840253232047	0.0820863866247237
9526	47.63	-0.634971237275749	0.0820863866247237
9527	47.635	-0.629812549334019	0.0807967146392912
9528	47.64	-0.634971237275749	0.0807967146392912
9529	47.645	-0.619495173450559	0.0807967146392912
9530	47.65	-0.619495173450559	0.0807967146392912
9531	47.655	-0.613046813523397	0.0807967146392912
9532	47.66	-0.623364189406857	0.0807967146392912
9533	47.665	-0.607888125581667	0.0807967146392912
9534	47.67	-0.600150093669072	0.0807967146392912
9535	47.675	-0.594991405727342	0.0807967146392912
9536	47.68	-0.597570749698207	0.0795070426538587
9537	47.685	-0.588543045800179	0.0795070426538587
9538	47.69	-0.585963701829314	0.0795070426538587
9539	47.695	-0.573066981974989	0.0807967146392912
9540	47.7	-0.571777309989557	0.0795070426538587
9541	47.705	-0.569197966018692	0.0795070426538587
9542	47.71	-0.573066981974989	0.0795070426538587
9543	47.715	-0.567908294033259	0.0795070426538587
9544	47.72	-0.558880590135232	0.0795070426538587
9545	47.725	-0.553721902193502	0.0795070426538587
9546	47.73	-0.548563214251772	0.0795070426538587
9547	47.735	-0.549852886237204	0.0795070426538587
9548	47.74	-0.545983870280907	0.0782173706684262
9549	47.745	-0.538245838368312	0.0782173706684262
9550	47.75	-0.531797478441149	0.0782173706684262
9551	47.755	-0.534376822412014	0.0782173706684262
9552	47.76	-0.525349118513986	0.0782173706684262
9553	47.765	-0.511162726674229	0.0782173706684262
9554	47.77	-0.512452398659661	0.0782173706684262
9555	47.775	-0.520190430572256	0.0782173706684262
9556	47.78	-0.503424694761634	0.0782173706684262
9557	47.785	-0.504714366747066	0.0769276986829937
9558	47.79	-0.506004038732499	0.0782173706684262
9559	47.795	-0.503424694761634	0.0782173706684262
9560	47.8	-0.503424694761634	0.0769276986829937
9561	47.805	-0.495686662849039	0.0782173706684262
9562	47.81	-0.498266006819904	0.0782173706684262
9563	47.815	-0.499555678805336	0.0769276986829937
9564	47.82	-0.504714366747066	0.0769276986829937
9565	47.825	-0.503424694761634	0.0769276986829937
9566	47.83	-0.507293710717931	0.0769276986829937
9567	47.835	-0.512452398659661	0.0769276986829937
9568	47.84	-0.512452398659661	0.0769276986829937
9569	47.845	-0.513742070645094	0.0769276986829937
9570	47.85	-0.524059446528554	0.0769276986829937
9571	47.855	-0.526638790499419	0.0769276986829937
9572	47.86	-0.540825182339177	0.0756380266975611
9573	47.865	-0.540825182339177	0.0756380266975611
9574	47.87	-0.552432230208069	0.0756380266975611
9575	47.875	-0.569197966018692	0.0756380266975611
9576	47.88	-0.574356653960422	0.0756380266975611
9577	47.885	-0.594991405727342	0.0756380266975611
9578	47.89	-0.594991405727342	0.0756380266975611
9579	47.895	-0.613046813523397	0.0756380266975611
9580	47.9	-0.627233205363154	0.0756380266975611
9581	47.905	-0.643998941173777	0.0756380266975611
9582	47.91	-0.65560598904267	0.0743483547121286
9583	47.915	-0.682689100736752	0.0756380266975611
9584	47.92	-0.678820084780455	0.0743483547121286
9585	47.925	-0.69171680463478	0.0743483547121286
9586	47.93	-0.689137460663915	0.0743483547121286
9587	47.935	-0.72782762022689	0.0743483547121286
9588	47.94	-0.726537948241457	0.0743483547121286
9589	47.945	-0.726537948241457	0.0743483547121286
9590	47.95	-0.739434668095782	0.0743483547121286
9591	47.955	-0.752331387950107	0.0743483547121286
9592	47.96	-0.754910731920972	0.0743483547121286
9593	47.965	-0.765228107804433	0.0743483547121286
9594	47.97	-0.751041715964675	0.0743483547121286
9595	47.975	-0.766517779789865	0.0730586827266961
9596	47.98	-0.756200403906405	0.0730586827266961
9597	47.985	-0.75362105993554	0.0743483547121286
9598	47.99	-0.742014012066647	0.0730586827266961
9599	47.995	-0.75877974787727	0.0730586827266961
9600	48	-0.747172700008377	0.0730586827266961
9601	48.005	-0.767807451775298	0.0730586827266961
9602	48.01	-0.765228107804433	0.0730586827266961
9603	48.015	-0.775545483687893	0.0717690107412636
9604	48.02	-0.778124827658758	0.0717690107412636
9605	48.025	-0.77941449964419	0.0730586827266961
9606	48.03	-0.77941449964419	0.0717690107412636
9607	48.035	-0.791021547513083	0.0730586827266961
9608	48.04	-0.801338923396543	0.0730586827266961
9609	48.045	-0.797469907440245	0.0717690107412636
9610	48.05	-0.819394331192598	0.0730586827266961
9611	48.055	-0.82068400317803	0.0717690107412636
9612	48.06	-0.832291051046923	0.0717690107412636
9613	48.065	-0.865822522668168	0.0717690107412636
9614	48.07	-0.869691538624465	0.0717690107412636
9615	48.075	-0.889036618405953	0.0717690107412636
9616	48.08	-0.912250714143738	0.0717690107412636
9617	48.085	-0.926437105983496	0.0717690107412636
9618	48.09	-0.945782185764983	0.0717690107412636
9619	48.095	-0.949651201721281	0.0704793387558311
9620	48.1	-0.998658737167716	0.0717690107412636
9621	48.105	-1.02058316092007	0.0704793387558311
9622	48.11	-1.04766627261415	0.0717690107412636
9623	48.115	-1.05669397651218	0.0717690107412636
9624	48.12	-1.07861840026453	0.0704793387558311
9625	48.125	-1.11214987188578	0.0704793387558311
9626	48.13	-1.13794331159443	0.0717690107412636
9627	48.135	-1.17921281512827	0.0717690107412636
9628	48.14	-1.21145461476408	0.0704793387558311
9629	48.145	-1.25143444631249	0.0704793387558311
9630	48.15	-1.28238657396287	0.0704793387558311
9631	48.155	-1.31075935764238	0.0704793387558311
9632	48.16	-1.34558050124906	0.0704793387558311
9633	48.165	-1.38169131684117	0.0704793387558311
9634	48.17	-1.41006410052069	0.0691896667703986
9635	48.175	-1.45649229199626	0.0704793387558311
9636	48.18	-1.47583737177774	0.0704793387558311
9637	48.185	-1.51065851538442	0.0691896667703986
9638	48.19	-1.54290031502023	0.0704793387558311
9639	48.195	-1.57772145862691	0.0691896667703986
9640	48.2	-1.60351489833556	0.0691896667703986
9641	48.205	-1.64994308981113	0.0691896667703986
9642	48.21	-1.67315718554892	0.0691896667703986
9643	48.215	-1.69895062525757	0.0691896667703986
9644	48.22	-1.70926800114103	0.0691896667703986
9645	48.225	-1.71055767312646	0.0691896667703986
9646	48.23	-1.72474406496622	0.0691896667703986
9647	48.235	-1.7440891447477	0.0691896667703986
9648	48.24	-1.72861308092251	0.0691896667703986
9649	48.245	-1.76085488055833	0.0691896667703986
9650	48.25	-1.74666848871857	0.0678999947849661
9651	48.255	-1.75311684864573	0.0678999947849661
9652	48.26	-1.7518271766603	0.0678999947849661
9653	48.265	-1.75440652063116	0.0691896667703986
9654	48.27	-1.76472389651462	0.0691896667703986
9655	48.275	-1.76343422452919	0.0678999947849661
9656	48.28	-1.74666848871857	0.0691896667703986
9657	48.285	-1.7440891447477	0.0691896667703986
9658	48.29	-1.74924783268943	0.0678999947849661
9659	48.295	-1.75956520857289	0.0678999947849661
9660	48.3	-1.75698586460203	0.0678999947849661
9661	48.305	-1.80212438409217	0.0678999947849661
9662	48.31	-1.79309668019414	0.0678999947849661
9663	48.315	-1.81760044791736	0.0678999947849661
9664	48.32	-1.81115208799019	0.0678999947849661
9665	48.325	-1.83694552769884	0.0678999947849661
9666	48.33	-1.83436618372798	0.0678999947849661
9667	48.335	-1.88079437520355	0.0678999947849661
9668	48.34	-1.88466339115985	0.0678999947849661
9669	48.345	-1.91690519079566	0.0678999947849661
9670	48.35	-1.90529814292677	0.0678999947849661
9671	48.355	-1.93238125462085	0.0678999947849661
9672	48.36	-1.92851223866455	0.0678999947849661
9673	48.365	-1.96849207021296	0.0666103227995336
9674	48.37	-1.98525780602358	0.0666103227995336
9675	48.375	-2.03426534147002	0.0666103227995336
9676	48.38	-2.07811418897472	0.0666103227995336
9677	48.385	-2.11164566059597	0.0666103227995336
9678	48.39	-2.17483958788216	0.0666103227995336
9679	48.395	-2.2199781073723	0.0666103227995336
9680	48.4	-2.24061285913922	0.0666103227995336
9681	48.405	-2.31154481833801	0.0666103227995336
9682	48.41	-2.3270208821632	0.0653206508141011
9683	48.415	-2.40311152930371	0.0666103227995336
9684	48.42	-2.44180168886669	0.0666103227995336
9685	48.425	-2.48694020835683	0.0666103227995336
9686	48.43	-2.5372374157887	0.0666103227995336
9687	48.435	-2.5333683998324	0.0666103227995336
9688	48.44	-2.5810862632934	0.0666103227995336
9689	48.445	-2.62364543881267	0.0653206508141011
9690	48.45	-2.63138347072527	0.0653206508141011
9691	48.455	-2.65072855050676	0.0666103227995336
9692	48.46	-2.66878395830281	0.0666103227995336
9693	48.465	-2.70618444588035	0.0666103227995336
9694	48.47	-2.6881290380843	0.0653206508141011
9695	48.475	-2.70102575793862	0.0653206508141011
9696	48.48	-2.71005346183665	0.0653206508141011
9697	48.485	-2.72810886963271	0.0653206508141011
9698	48.49	-2.74229526147246	0.0653206508141011
9699	48.495	-2.76035066926852	0.0653206508141011
9700	48.5	-2.74229526147246	0.0653206508141011
9701	48.505	-2.75906099728309	0.0653206508141011
9702	48.51	-2.7397159175016	0.0640309788286686
9703	48.515	-2.77066804515198	0.0653206508141011
9704	48.52	-2.74874362139963	0.0653206508141011
9705	48.525	-2.7913027969189	0.0640309788286686
9706	48.53	-2.78614410897717	0.0640309788286686
9707	48.535	-2.80935820471495	0.0653206508141011
9708	48.54	-2.80290984478779	0.0653206508141011
9709	48.545	-2.82483426854014	0.0653206508141011
9710	48.55	-2.8467586922925	0.0640309788286686
9711	48.555	-2.87126246001571	0.0653206508141011
9712	48.56	-2.87126246001571	0.0640309788286686
9713	48.565	-2.90737327560782	0.0640309788286686
9714	48.57	-2.89963524369523	0.0640309788286686
9715	48.575	-2.92155966744758	0.0640309788286686
9716	48.58	-2.91898032347672	0.0640309788286686
9717	48.585	-2.89318688376807	0.0640309788286686
9718	48.59	-2.92284933943301	0.0640309788286686
9719	48.595	-2.95509113906883	0.0640309788286686
9720	48.6	-2.9460634351708	0.0640309788286686
9721	48.605	-2.93187704333104	0.0640309788286686
9722	48.61	-2.95380146708339	0.0640309788286686
9723	48.615	-2.97830523480661	0.0627413068432361
9724	48.62	-2.96540851495229	0.0640309788286686
9725	48.625	-2.9899122826755	0.0640309788286686
9726	48.63	-2.98217425076291	0.0640309788286686
9727	48.635	-2.98733293870464	0.0640309788286686
9728	48.64	-2.98733293870464	0.0627413068432361
9729	48.645	-3.02731277025305	0.0627413068432361
9730	48.65	-3.01054703444242	0.0627413068432361
9731	48.655	-3.04278883407824	0.0627413068432361
9732	48.66	-3.03763014613651	0.0627413068432361
9733	48.665	-3.04407850606367	0.0627413068432361
9734	48.67	-3.05955456988886	0.0627413068432361
9735	48.675	-3.08018932165578	0.0627413068432361
9736	48.68	-3.08405833761208	0.0627413068432361
9737	48.685	-3.10211374540813	0.0627413068432361
9738	48.69	-3.104693089379	0.0614516348578036
9739	48.695	-3.12661751313135	0.0627413068432361
9740	48.7	-3.104693089379	0.0627413068432361
9741	48.705	-3.11501046526246	0.0627413068432361
9742	48.71	-3.11887948121876	0.0614516348578036
9743	48.715	-3.12403816916049	0.0614516348578036
9744	48.72	-3.14725226489827	0.0627413068432361
9745	48.725	-3.13951423298568	0.0614516348578036
9746	48.73	-3.13693488901481	0.0614516348578036
9747	48.735	-3.17304570460692	0.0614516348578036
9748	48.74	-3.13564521702938	0.0614516348578036
9749	48.745	-3.14467292092741	0.0614516348578036
9750	48.75	-3.1485419368837	0.0614516348578036
9751	48.755	-3.14983160886914	0.0614516348578036
9752	48.76	-3.14725226489827	0.0614516348578036
9753	48.765	-3.14725226489827	0.0614516348578036
9754	48.77	-3.14725226489827	0.0614516348578036
9755	48.775	-3.13693488901481	0.0614516348578036
9756	48.78	-3.12661751313135	0.0614516348578036
9757	48.785	-3.13048652908765	0.0614516348578036
9758	48.79	-3.12919685710222	0.0601619628723711
9759	48.795	-3.13822456100024	0.0614516348578036
9760	48.8	-3.11501046526246	0.0614516348578036
9761	48.805	-3.14338324894197	0.0614516348578036
9762	48.81	-3.13564521702938	0.0614516348578036
9763	48.815	-3.12016915320419	0.0614516348578036
9764	48.82	-3.1085621053353	0.0601619628723711
9765	48.825	-3.09437571349554	0.0601619628723711
9766	48.83	-3.07632030569948	0.0601619628723711
9767	48.835	-3.06987194577232	0.0601619628723711
9768	48.84	-3.05826489790343	0.0601619628723711
9769	48.845	-3.04020949010737	0.0601619628723711
9770	48.85	-3.00925736245699	0.0601619628723711
9771	48.855	-3.00538834650069	0.0601619628723711
9772	48.86	-2.9899122826755	0.0601619628723711
9773	48.865	-2.99249162664637	0.0601619628723711
9774	48.87	-2.98475359473377	0.0601619628723711
9775	48.875	-2.98475359473377	0.0601619628723711
9776	48.88	-2.95896015502512	0.0601619628723711
9777	48.885	-2.97443621885031	0.0601619628723711
9778	48.89	-2.95638081105426	0.0601619628723711
9779	48.895	-2.95767048303969	0.0588722908869386
9780	48.9	-2.96153949899599	0.0588722908869386
9781	48.905	-2.93574605928734	0.0588722908869386
9782	48.91	-2.92800802737474	0.0588722908869386
9783	48.915	-2.8906075397972	0.0588722908869386
9784	48.92	-2.88157983589917	0.0588722908869386
9785	48.925	-2.86223475611769	0.0588722908869386
9786	48.93	-2.82741361251101	0.0588722908869386
9787	48.935	-2.78872345294803	0.0588722908869386
9788	48.94	-2.75648165331222	0.0588722908869386
9789	48.945	-2.73455722955987	0.0588722908869386
9790	48.95	-2.70618444588035	0.0588722908869386
9791	48.955	-2.65201822249219	0.0588722908869386
9792	48.96	-2.65072855050676	0.0588722908869386
9793	48.965	-2.60945904697292	0.0588722908869386
9794	48.97	-2.58753462322056	0.0588722908869386
9795	48.975	-2.54626511968672	0.0588722908869386
9796	48.98	-2.52047167997807	0.0575826189015061
9797	48.985	-2.49467824026942	0.0588722908869386
9798	48.99	-2.45727775269188	0.0588722908869386
9799	48.995	-2.4301946409978	0.0575826189015061
9800	49	-2.38892513746396	0.0588722908869386
9801	49.005	-2.34765563393012	0.0575826189015061
9802	49.01	-2.3154138342943	0.0575826189015061
9803	49.015	-2.28704105061479	0.0575826189015061
9804	49.02	-2.25350957899354	0.0575826189015061
9805	49.025	-2.22771613928489	0.0575826189015061
9806	49.03	-2.17612925986759	0.0575826189015061
9807	49.035	-2.13614942831919	0.0575826189015061
9808	49.04	-2.08585222088732	0.0575826189015061
9809	49.045	-2.01878927764483	0.0575826189015061
9810	49.05	-1.99299583793618	0.0562929469160736
9811	49.055	-1.9143258468248	0.0562929469160736
9812	49.06	-1.84210421564057	0.0575826189015061
9813	49.065	-1.76859291247092	0.0562929469160736
9814	49.07	-1.73764078482054	0.0562929469160736
9815	49.075	-1.67831587349065	0.0562929469160736
9816	49.08	-1.60867358627729	0.0562929469160736
9817	49.085	-1.54418998700567	0.0562929469160736
9818	49.09	-1.4977617955301	0.0562929469160736
9819	49.095	-1.42554016434588	0.0562929469160736
9820	49.1	-1.3829809888266	0.0562929469160736
9821	49.105	-1.31849738955498	0.0562929469160736
9822	49.11	-1.27851755800657	0.0562929469160736
9823	49.115	-1.23337903851643	0.0562929469160736
9824	49.12	-1.19210953498259	0.0562929469160736
9825	49.125	-1.13665363960899	0.0550032749306411
9826	49.13	-1.08635643217713	0.0550032749306411
9827	49.135	-1.06701135239564	0.0550032749306411
9828	49.14	-1.01542447297834	0.0550032749306411
9829	49.145	-0.974154969444498	0.0550032749306411
9830	49.15	-0.936754481866956	0.0550032749306411
9831	49.155	-0.891615962376818	0.0550032749306411
9832	49.16	-0.859374162741005	0.0550032749306411
9833	49.165	-0.833580723032355	0.0550032749306411
9834	49.17	-0.80520793935284	0.0550032749306411
9835	49.175	-0.772966139717028	0.0550032749306411
9836	49.18	-0.736855324124917	0.0550032749306411
9837	49.185	-0.7123515564017	0.0537136029452085
9838	49.19	-0.69687549257651	0.0537136029452085
9839	49.195	-0.678820084780455	0.0537136029452085
9840	49.2	-0.654316317057237	0.0537136029452085
9841	49.205	-0.636260909261182	0.0537136029452085
9842	49.21	-0.629812549334019	0.0537136029452085
9843	49.215	-0.616915829479694	0.0537136029452085
9844	49.22	-0.607888125581667	0.0537136029452085
9845	49.225	-0.600150093669072	0.0537136029452085
9846	49.23	-0.607888125581667	0.0537136029452085
9847	49.235	-0.606598453596234	0.0537136029452085
9848	49.24	-0.606598453596234	0.0537136029452085
9849	49.245	-0.596281077712774	0.0537136029452085
9850	49.25	-0.597570749698207	0.052423930959776
9851	49.255	-0.618205501465127	0.052423930959776
9852	49.26	-0.622074517421424	0.052423930959776
9853	49.265	-0.633681565290317	0.052423930959776
9854	49.27	-0.65560598904267	0.052423930959776
9855	49.275	-0.668502708896995	0.052423930959776
9856	49.28	-0.695585820591077	0.052423930959776
9857	49.285	-0.71751024434343	0.0511342589743435
9858	49.29	-0.74846237199381	0.052423930959776
9859	49.295	-0.766517779789865	0.052423930959776
9860	49.3	-0.802628595381975	0.052423930959776
9861	49.305	-0.83616006700322	0.0511342589743435
9862	49.31	-0.858084490755573	0.0511342589743435
9863	49.315	-0.899353994289413	0.0511342589743435
9864	49.32	-0.963837593561038	0.0511342589743435
9865	49.325	-0.996079393196851	0.0511342589743435
9866	49.33	-1.02058316092007	0.0511342589743435
9867	49.335	-1.05411463254131	0.0511342589743435
9868	49.34	-1.09667380806059	0.0511342589743435
9869	49.345	-1.14568134350702	0.0511342589743435
9870	49.35	-1.20113723888062	0.049844586988911
9871	49.355	-1.23079969454557	0.0511342589743435
9872	49.36	-1.27077952609397	0.049844586988911
9873	49.365	-1.30173165374435	0.049844586988911
9874	49.37	-1.35460820514709	0.049844586988911
9875	49.375	-1.38556033279747	0.049844586988911
9876	49.38	-1.4384368842002	0.049844586988911
9877	49.385	-1.49131343560293	0.049844586988911
9878	49.39	-1.55321769090369	0.049844586988911
9879	49.395	-1.59061817848124	0.049844586988911
9880	49.4	-1.63317735400051	0.0485549150034785
9881	49.405	-1.67831587349065	0.0485549150034785
9882	49.41	-1.73635111283511	0.049844586988911
9883	49.415	-1.74924783268943	0.0485549150034785
9884	49.42	-1.78535864828154	0.0485549150034785
9885	49.425	-1.84339388762601	0.0485549150034785
9886	49.43	-1.92593289469369	0.0485549150034785
9887	49.435	-1.92593289469369	0.0485549150034785
9888	49.44	-1.96462305425666	0.0485549150034785
9889	49.445	-1.98654747800902	0.0485549150034785
9890	49.45	-2.03039632551372	0.0485549150034785
9891	49.455	-2.08843156485818	0.047265243018046
9892	49.46	-2.12325270846486	0.047265243018046
9893	49.465	-2.12841139640659	0.047265243018046
9894	49.47	-2.1168043485377	0.047265243018046
9895	49.475	-2.16194286802784	0.047265243018046
9896	49.48	-2.13228041236289	0.047265243018046
9897	49.485	-2.12841139640659	0.047265243018046
9898	49.49	-2.17097057192586	0.047265243018046
9899	49.495	-2.17870860383846	0.047265243018046
9900	49.5	-2.19934335560538	0.047265243018046
9901	49.505	-2.15807385207154	0.047265243018046
9902	49.51	-2.17999827582389	0.0459755710326135
9903	49.515	-2.1722602439113	0.047265243018046
9904	49.52	-2.16581188398413	0.0459755710326135
9905	49.525	-2.23029548325576	0.0459755710326135
9906	49.53	-2.23674384318292	0.0459755710326135
9907	49.535	-2.23029548325576	0.0459755710326135
9908	49.54	-2.21739876340143	0.0459755710326135
9909	49.545	-2.24577154708095	0.0459755710326135
9910	49.55	-2.25737859494984	0.0459755710326135
9911	49.555	-2.29219973855652	0.0459755710326135
9912	49.56	-2.32444153819233	0.0459755710326135
9913	49.565	-2.34765563393012	0.044685899047181
9914	49.57	-2.3708697296679	0.0459755710326135
9915	49.575	-2.3747387456242	0.044685899047181
9916	49.58	-2.39924251334742	0.0459755710326135
9917	49.585	-2.42890496901236	0.044685899047181
9918	49.59	-2.49725758424029	0.044685899047181
9919	49.595	-2.50241627218202	0.044685899047181
9920	49.6	-2.53207872784697	0.044685899047181
9921	49.605	-2.5294993838761	0.044685899047181
9922	49.61	-2.57463790336624	0.044685899047181
9923	49.615	-2.59527265513316	0.044685899047181
9924	49.62	-2.64556986256503	0.044685899047181
9925	49.625	-2.66878395830281	0.044685899047181
9926	49.63	-2.684260022128	0.044685899047181
9927	49.635	-2.6919980540406	0.0433962270617485
9928	49.64	-2.71392247779295	0.0433962270617485
9929	49.645	-2.731977885589	0.0433962270617485
9930	49.65	-2.77840607706457	0.0433962270617485
9931	49.655	-2.7874337809626	0.0433962270617485
9932	49.66	-2.82870328449644	0.0433962270617485
9933	49.665	-2.83257230045274	0.0433962270617485
9934	49.67	-2.91898032347672	0.0433962270617485
9935	49.675	-2.89576622773893	0.0433962270617485
9936	49.68	-2.91640097950585	0.0433962270617485
9937	49.685	-2.93058737134561	0.0433962270617485
9938	49.69	-2.9976503145881	0.042106555076316
9939	49.695	-3.00022965855896	0.0433962270617485
9940	49.7	-3.04020949010737	0.0433962270617485
9941	49.705	-3.05826489790343	0.0433962270617485
9942	49.71	-3.07889964967035	0.042106555076316
9943	49.715	-3.09437571349554	0.042106555076316
9944	49.72	-3.12661751313135	0.042106555076316
9945	49.725	-3.12661751313135	0.042106555076316
9946	49.73	-3.17433537659235	0.042106555076316
9947	49.735	-3.18852176843211	0.042106555076316
9948	49.74	-3.24655700777657	0.042106555076316
9949	49.745	-3.24526733579114	0.042106555076316
9950	49.75	-3.29169552726671	0.042106555076316
9951	49.755	-3.26719175954349	0.042106555076316
9952	49.76	-3.28653683932498	0.042106555076316
9953	49.765	-3.26977110351436	0.042106555076316
9954	49.77	-3.24913635174744	0.0408168830908835
9955	49.775	-3.24526733579114	0.0408168830908835
9956	49.78	-3.25687438366003	0.0408168830908835
9957	49.785	-3.23623963189311	0.0408168830908835
9958	49.79	-3.24784667976201	0.0408168830908835
9959	49.795	-3.23881897586398	0.0408168830908835
9960	49.8	-3.25816405564547	0.042106555076316
9961	49.805	-3.2517156957183	0.0408168830908835
9962	49.81	-3.2633227435872	0.0408168830908835
9963	49.815	-3.26074339961633	0.0408168830908835
9964	49.82	-3.27364011947066	0.0408168830908835
9965	49.825	-3.25300536770374	0.0408168830908835
9966	49.83	-3.24010864784941	0.039527211105451
9967	49.835	-3.24268799182028	0.0408168830908835
9968	49.84	-3.2633227435872	0.039527211105451
9969	49.845	-3.24397766380571	0.039527211105451
9970	49.85	-3.25042602373287	0.039527211105451
9971	49.855	-3.25300536770374	0.039527211105451
9972	49.86	-3.23494995990768	0.039527211105451
9973	49.865	-3.2633227435872	0.039527211105451
9974	49.87	-3.2517156957183	0.039527211105451
9975	49.875	-3.25300536770374	0.039527211105451
9976	49.88	-3.24139831983484	0.039527211105451
9977	49.885	-3.21818422409706	0.039527211105451
9978	49.89	-3.26848143152893	0.039527211105451
9979	49.895	-3.25300536770374	0.0382375391200185
9980	49.9	-3.25687438366003	0.039527211105451
9981	49.905	-3.23881897586398	0.0382375391200185
9982	49.91	-3.26074339961633	0.039527211105451
9983	49.915	-3.25687438366003	0.039527211105451
9984	49.92	-3.2594537276309	0.0382375391200185
9985	49.925	-3.24655700777657	0.0382375391200185
9986	49.93	-3.25042602373287	0.0382375391200185
9987	49.935	-3.26074339961633	0.0382375391200185
9988	49.94	-3.27621946344152	0.0382375391200185
9989	49.945	-3.23752930387855	0.0382375391200185
9990	49.95	-3.26074339961633	0.0382375391200185
9991	49.955	-3.25816405564547	0.0382375391200185
9992	49.96	-3.26848143152893	0.0382375391200185
9993	49.965	-3.25687438366003	0.0382375391200185
9994	49.97	-3.25816405564547	0.0382375391200185
9995	49.975	-3.2594537276309	0.0382375391200185
9996	49.98	-3.23881897586398	0.0382375391200185
9997	49.985	-3.26719175954349	0.0382375391200185
9998	49.99	-3.24397766380571	0.0382375391200185
9999	49.995	-3.23494995990768	0.036947867134586
10000	50	-3.23237061593682	0.036947867134586
10001	50.005	-3.22592225600965	0.0382375391200185
10002	50.01	-3.21044619218446	0.036947867134586
10003	50.015	-3.20528750424273	0.036947867134586
10004	50.02	-3.19110111240298	0.036947867134586
10005	50.025	-3.1562799687963	0.036947867134586
10006	50.03	-3.13822456100024	0.036947867134586
10007	50.035	-3.09566538548097	0.036947867134586
10008	50.04	-3.07116161775775	0.036947867134586
10009	50.045	-3.03891981812194	0.036947867134586
10010	50.05	-3.01570572238415	0.036947867134586
10011	50.055	-2.98733293870464	0.036947867134586
10012	50.06	-2.95638081105426	0.036947867134586
10013	50.065	-2.95380146708339	0.036947867134586
10014	50.07	-2.9421944192145	0.036947867134586
10015	50.075	-2.9383254032582	0.0356581951491535
10016	50.08	-2.93703573127277	0.0356581951491535
10017	50.085	-2.93058737134561	0.036947867134586
10018	50.09	-2.91124229156412	0.0356581951491535
10019	50.095	-2.89189721178263	0.0356581951491535
10020	50.1	-2.88802819582634	0.036947867134586
10021	50.105	-2.86997278803028	0.0356581951491535
10022	50.11	-2.85320705221966	0.0356581951491535
10023	50.115	-2.80033050081693	0.0356581951491535
10024	50.12	-2.80677886074409	0.0356581951491535
10025	50.125	-2.79775115684606	0.0356581951491535
10026	50.13	-2.78485443699174	0.0356581951491535
10027	50.135	-2.76937837316655	0.0356581951491535
10028	50.14	-2.74487460544333	0.034368523163721
10029	50.145	-2.69586706999689	0.0356581951491535
10030	50.15	-2.68683936609887	0.034368523163721
10031	50.155	-2.64685953455046	0.0356581951491535
10032	50.16	-2.61074871895835	0.0356581951491535
10033	50.165	-2.56818954343908	0.0356581951491535
10034	50.17	-2.55142380762845	0.034368523163721
10035	50.175	-2.52692003990524	0.034368523163721
10036	50.18	-2.49467824026942	0.0356581951491535
10037	50.185	-2.47920217644423	0.034368523163721
10038	50.19	-2.42890496901236	0.034368523163721
10039	50.195	-2.4263256250415	0.0356581951491535
10040	50.2	-2.40440120128915	0.034368523163721
10041	50.205	-2.38892513746396	0.034368523163721
10042	50.21	-2.35797300981358	0.034368523163721
10043	50.215	-2.35152464988641	0.034368523163721
10044	50.22	-2.34120727400295	0.0330788511782885
10045	50.225	-2.30509645841084	0.034368523163721
10046	50.23	-2.30896547436714	0.0330788511782885
10047	50.235	-2.30896547436714	0.034368523163721
10048	50.24	-2.28704105061479	0.034368523163721
10049	50.245	-2.28833072260022	0.0330788511782885
10050	50.25	-2.26511662686244	0.0330788511782885
10051	50.255	-2.24319220311008	0.0330788511782885
10052	50.26	-2.24190253112465	0.0330788511782885
10053	50.265	-2.19934335560538	0.0330788511782885
10054	50.27	-2.20708138751797	0.0330788511782885
10055	50.275	-2.18128794780932	0.0330788511782885
10056	50.28	-2.15549450810067	0.0330788511782885
10057	50.285	-2.120673364494	0.0330788511782885
10058	50.29	-2.09230058081448	0.0330788511782885
10059	50.295	-2.07553484500386	0.031789179192856
10060	50.3	-2.02523763757199	0.0330788511782885
10061	50.305	-1.98783714999445	0.0330788511782885
10062	50.31	-1.94527797447518	0.031789179192856
10063	50.315	-1.91690519079566	0.031789179192856
10064	50.32	-1.87692535924725	0.0330788511782885
10065	50.325	-1.83307651174255	0.031789179192856
10066	50.33	-1.80599340004846	0.031789179192856
10067	50.335	-1.78148963232525	0.031789179192856
10068	50.34	-1.75053750467487	0.031789179192856
10069	50.345	-1.71055767312646	0.031789179192856
10070	50.35	-1.66928816959262	0.031789179192856
10071	50.355	-1.64994308981113	0.031789179192856
10072	50.36	-1.62157030613162	0.031789179192856
10073	50.365	-1.56998342671432	0.031789179192856
10074	50.37	-1.55450736288913	0.031789179192856
10075	50.375	-1.53645195509307	0.031789179192856
10076	50.38	-1.49905146751553	0.031789179192856
10077	50.385	-1.50034113950096	0.0304995072074234
10078	50.39	-1.46938901185058	0.031789179192856
10079	50.395	-1.46551999589428	0.0304995072074234
10080	50.4	-1.45262327603996	0.031789179192856
10081	50.405	-1.42167114838958	0.031789179192856
10082	50.41	-1.42296082037501	0.0304995072074234
10083	50.415	-1.40619508456439	0.0304995072074234
10084	50.42	-1.39587770868093	0.031789179192856
10085	50.425	-1.38169131684117	0.0304995072074234
10086	50.43	-1.35331853316166	0.0304995072074234
10087	50.435	-1.34171148529276	0.0304995072074234
10088	50.44	-1.32236640551127	0.0304995072074234
10089	50.445	-1.30818001367152	0.0304995072074234
10090	50.45	-1.28238657396287	0.0304995072074234
10091	50.455	-1.26820018212311	0.0304995072074234
10092	50.46	-1.24111707042903	0.0304995072074234
10093	50.465	-1.2282203505747	0.0304995072074234
10094	50.47	-1.19597855093889	0.0304995072074234
10095	50.475	-1.1805024871137	0.0304995072074234
10096	50.48	-1.1766334711574	0.0304995072074234
10097	50.485	-1.16889543924481	0.0304995072074234
10098	50.49	-1.14181232755072	0.0292098352219909
10099	50.495	-1.14955035946332	0.0292098352219909
10100	50.5	-1.12762593571097	0.0292098352219909
10101	50.505	-1.12762593571097	0.0292098352219909
10102	50.51	-1.10957052791491	0.0292098352219909
10103	50.515	-1.09796348004602	0.0292098352219909
10104	50.52	-1.08377708820626	0.0292098352219909
10105	50.525	-1.09538413607515	0.0292098352219909
10106	50.53	-1.09409446408972	0.0292098352219909
10107	50.535	-1.0695906963665	0.0292098352219909
10108	50.54	-1.06314233643934	0.0292098352219909
10109	50.545	-1.0734597123228	0.0292098352219909
10110	50.55	-1.05927332048304	0.0292098352219909
10111	50.555	-1.04250758467242	0.0292098352219909
10112	50.56	-1.03863856871612	0.0279201632365584
10113	50.565	-1.02832119283266	0.0279201632365584
10114	50.57	-1.03347988077439	0.0279201632365584
10115	50.575	-1.01671414496377	0.0279201632365584
10116	50.58	-1.00768644106574	0.0279201632365584
10117	50.585	-0.998658737167716	0.0279201632365584
10118	50.59	-0.994789721211419	0.0279201632365584
10119	50.595	-0.992210377240553	0.0279201632365584
10120	50.6	-0.980603329371661	0.0279201632365584
10121	50.605	-0.979313657386228	0.0279201632365584
10122	50.61	-0.976734313415363	0.0279201632365584
10123	50.615	-0.966416937531903	0.0279201632365584
10124	50.62	-0.945782185764983	0.0279201632365584
10125	50.625	-0.953520217677578	0.0279201632365584
10126	50.63	-0.963837593561038	0.0266304912511259
10127	50.635	-0.972865297459066	0.0279201632365584
10128	50.64	-0.949651201721281	0.0279201632365584
10129	50.645	-0.952230545692146	0.0279201632365584
10130	50.65	-0.935464809881523	0.0279201632365584
10131	50.655	-0.941913169808686	0.0266304912511259
10132	50.66	-0.941913169808686	0.0279201632365584
10133	50.665	-0.941913169808686	0.0266304912511259
10134	50.67	-0.931595793925226	0.0266304912511259
10135	50.675	-0.941913169808686	0.0266304912511259
10136	50.68	-0.935464809881523	0.0266304912511259
10137	50.685	-0.929016449954361	0.0266304912511259
10138	50.69	-0.927726777968928	0.0266304912511259
10139	50.695	-0.923857762012631	0.0266304912511259
10140	50.7	-0.923857762012631	0.0266304912511259
10141	50.705	-0.918699074070901	0.0266304912511259
10142	50.71	-0.908381698187441	0.0266304912511259
10143	50.715	-0.914830058114603	0.0253408192656934
10144	50.72	-0.905802354216576	0.0266304912511259
10145	50.725	-0.910961042158306	0.0266304912511259
10146	50.73	-0.912250714143738	0.0253408192656934
10147	50.735	-0.908381698187441	0.0266304912511259
10148	50.74	-0.903223010245711	0.0266304912511259
10149	50.745	-0.909671370172873	0.0253408192656934
10150	50.75	-0.907092026202008	0.0266304912511259
10151	50.755	-0.901933338260278	0.0253408192656934
10152	50.76	-0.905802354216576	0.0266304912511259
10153	50.765	-0.917409402085468	0.0253408192656934
10154	50.77	-0.910961042158306	0.0253408192656934
10155	50.775	-0.899353994289413	0.0253408192656934
10156	50.78	-0.909671370172873	0.0253408192656934
10157	50.785	-0.899353994289413	0.0253408192656934
10158	50.79	-0.898064322303981	0.0253408192656934
10159	50.795	-0.910961042158306	0.0253408192656934
10160	50.8	-0.904512682231143	0.0240511472802609
10161	50.805	-0.910961042158306	0.0253408192656934
10162	50.81	-0.898064322303981	0.0253408192656934
10163	50.815	-0.910961042158306	0.0253408192656934
10164	50.82	-0.907092026202008	0.0253408192656934
10165	50.825	-0.917409402085468	0.0240511472802609
10166	50.83	-0.914830058114603	0.0253408192656934
10167	50.835	-0.905802354216576	0.0253408192656934
10168	50.84	-0.901933338260278	0.0240511472802609
10169	50.845	-0.905802354216576	0.0253408192656934
10170	50.85	-0.917409402085468	0.0240511472802609
10171	50.855	-0.916119730100036	0.0253408192656934
10172	50.86	-0.913540386129171	0.0240511472802609
10173	50.865	-0.926437105983496	0.0240511472802609
10174	50.87	-0.921278418041766	0.0240511472802609
10175	50.875	-0.927726777968928	0.0240511472802609
10176	50.88	-0.929016449954361	0.0240511472802609
10177	50.885	-0.931595793925226	0.0240511472802609
10178	50.89	-0.947071857750416	0.0240511472802609
10179	50.895	-0.950940873706713	0.0240511472802609
10180	50.9	-0.948361529735848	0.0240511472802609
10181	50.905	-0.949651201721281	0.0240511472802609
10182	50.91	-0.965127265546471	0.0240511472802609
10183	50.915	-0.963837593561038	0.0227614752948284
10184	50.92	-0.961258249590173	0.0227614752948284
10185	50.925	-0.966416937531903	0.0240511472802609
10186	50.93	-0.966416937531903	0.0227614752948284
10187	50.935	-0.978023985400796	0.0227614752948284
10188	50.94	-0.981893001357093	0.0227614752948284
10189	50.945	-0.981893001357093	0.0227614752948284
10190	50.95	-0.990920705255121	0.0227614752948284
10191	50.955	-0.984472345327958	0.0227614752948284
10192	50.96	-0.988341361284256	0.0227614752948284
10193	50.965	-1.00123808113858	0.0227614752948284
10194	50.97	-1.00897611305118	0.0227614752948284
10195	50.975	-1.02316250489093	0.0227614752948284
10196	50.98	-1.02316250489093	0.0227614752948284
10197	50.985	-1.03090053680353	0.0227614752948284
10198	50.99	-1.04121791268699	0.0214718033093959
10199	50.995	-1.0296108648181	0.0227614752948284
10200	51	-1.03605922474526	0.0227614752948284
10201	51.005	-1.04121791268699	0.0214718033093959
10202	51.01	-1.04121791268699	0.0214718033093959
10203	51.015	-1.05024561658502	0.0214718033093959
10204	51.02	-1.04766627261415	0.0201821313239634
10205	51.025	-1.05411463254131	0.0214718033093959
10206	51.03	-1.06572168041021	0.0214718033093959
10207	51.035	-1.06314233643934	0.0227614752948284
10208	51.04	-1.07217004033737	0.0214718033093959
10209	51.045	-1.07474938430823	0.0214718033093959
10210	51.05	-1.0811977442354	0.0214718033093959
10211	51.055	-1.08377708820626	0.0214718033093959
10212	51.06	-1.07990807224996	0.0214718033093959
10213	51.065	-1.08377708820626	0.0214718033093959
10214	51.07	-1.07861840026453	0.0214718033093959
10215	51.075	-1.09151512011886	0.0214718033093959
10216	51.08	-1.09151512011886	0.0201821313239634
10217	51.085	-1.07474938430823	0.0201821313239634
10218	51.09	-1.09409446408972	0.0201821313239634
10219	51.095	-1.08635643217713	0.0201821313239634
10220	51.1	-1.08635643217713	0.0201821313239634
10221	51.105	-1.08893577614799	0.0201821313239634
10222	51.11	-1.08893577614799	0.0201821313239634
10223	51.115	-1.09538413607515	0.0201821313239634
10224	51.12	-1.07990807224996	0.0201821313239634
10225	51.125	-1.09538413607515	0.0201821313239634
10226	51.13	-1.09280479210429	0.0201821313239634
10227	51.135	-1.10054282401688	0.0201821313239634
10228	51.14	-1.07990807224996	0.0201821313239634
10229	51.145	-1.06701135239564	0.0201821313239634
10230	51.15	-1.06443200842477	0.0201821313239634
10231	51.155	-1.06830102438107	0.0201821313239634
10232	51.16	-1.05540430452675	0.0188924593385309
10233	51.165	-1.05669397651218	0.0188924593385309
10234	51.17	-1.05798364849761	0.0188924593385309
10235	51.175	-1.05669397651218	0.0188924593385309
10236	51.18	-1.05153528857045	0.0201821313239634
10237	51.185	-1.04508692864329	0.0188924593385309
10238	51.19	-1.03476955275983	0.0188924593385309
10239	51.195	-1.02832119283266	0.0188924593385309
10240	51.2	-1.02058316092007	0.0188924593385309
10241	51.205	-1.00768644106574	0.0188924593385309
10242	51.21	-0.983182673342526	0.0188924593385309
10243	51.215	-0.985762017313391	0.0188924593385309
10244	51.22	-0.978023985400796	0.0188924593385309
10245	51.225	-0.968996281502768	0.0188924593385309
10246	51.23	-0.962547921575606	0.0188924593385309
10247	51.235	-0.958678905619308	0.0176027873530984
10248	51.24	-0.931595793925226	0.0176027873530984
10249	51.245	-0.917409402085468	0.0176027873530984
10250	51.25	-0.900643666274846	0.0176027873530984
10251	51.255	-0.880008914507926	0.0188924593385309
10252	51.26	-0.860663834726438	0.0176027873530984
10253	51.265	-0.855505146784708	0.0176027873530984
10254	51.27	-0.85679481877014	0.0188924593385309
10255	51.275	-0.833580723032355	0.0176027873530984
10256	51.28	-0.829711707076058	0.0176027873530984
10257	51.285	-0.82068400317803	0.0163131153676659
10258	51.29	-0.79489056346938	0.0176027873530984
10259	51.295	-0.80004925141111	0.0176027873530984
10260	51.3	-0.802628595381975	0.0176027873530984
10261	51.305	-0.781993843615055	0.0176027873530984
10262	51.31	-0.766517779789865	0.0163131153676659
10263	51.315	-0.767807451775298	0.0163131153676659
10264	51.32	-0.761359091848135	0.0163131153676659
10265	51.325	-0.765228107804433	0.0163131153676659
10266	51.33	-0.763938435819	0.0163131153676659
10267	51.335	-0.772966139717028	0.0163131153676659
10268	51.34	-0.757490075891837	0.0163131153676659
10269	51.345	-0.765228107804433	0.0163131153676659
10270	51.35	-0.757490075891837	0.0150234433822334
10271	51.355	-0.757490075891837	0.0163131153676659
10272	51.36	-0.754910731920972	0.0163131153676659
10273	51.365	-0.763938435819	0.0150234433822334
10274	51.37	-0.757490075891837	0.0150234433822334
10275	51.375	-0.765228107804433	0.0150234433822334
10276	51.38	-0.754910731920972	0.0150234433822334
10277	51.385	-0.752331387950107	0.0150234433822334
10278	51.39	-0.752331387950107	0.0150234433822334
10279	51.395	-0.744593356037512	0.0150234433822334
10280	51.4	-0.735565652139485	0.0150234433822334
10281	51.405	-0.73814499611035	0.0150234433822334
10282	51.41	-0.726537948241457	0.0150234433822334
10283	51.415	-0.73298630816862	0.0150234433822334
10284	51.42	-0.716220572357997	0.0150234433822334
10285	51.425	-0.720089588314295	0.0150234433822334
10286	51.43	-0.714930900372565	0.0150234433822334
10287	51.435	-0.7123515564017	0.0150234433822334
10288	51.44	-0.687847788678482	0.0137337713968009
10289	51.445	-0.685268444707617	0.0137337713968009
10290	51.45	-0.67108205286786	0.0137337713968009
10291	51.455	-0.68139942875132	0.0150234433822334
10292	51.46	-0.659475004998967	0.0137337713968009
10293	51.465	-0.67108205286786	0.0137337713968009
10294	51.47	-0.663344020955265	0.0137337713968009
10295	51.475	-0.66592336492613	0.0137337713968009
10296	51.48	-0.662054348969832	0.0137337713968009
10297	51.485	-0.65560598904267	0.0137337713968009
10298	51.49	-0.65044730110094	0.0137337713968009
10299	51.495	-0.651736973086372	0.0137337713968009
10300	51.5	-0.636260909261182	0.0137337713968009
10301	51.505	-0.637550581246614	0.0124440994113684
10302	51.51	-0.631102221319452	0.0124440994113684
10303	51.515	-0.631102221319452	0.0124440994113684
10304	51.52	-0.616915829479694	0.0137337713968009
10305	51.525	-0.616915829479694	0.0137337713968009
10306	51.53	-0.604019109625369	0.0124440994113684
10307	51.535	-0.609177797567099	0.0124440994113684
10308	51.54	-0.609177797567099	0.0124440994113684
10309	51.545	-0.610467469552532	0.0124440994113684
10310	51.55	-0.604019109625369	0.0124440994113684
10311	51.555	-0.605308781610802	0.0124440994113684
10312	51.56	-0.619495173450559	0.0124440994113684
10313	51.565	-0.606598453596234	0.0124440994113684
10314	51.57	-0.609177797567099	0.0124440994113684
10315	51.575	-0.598860421683639	0.0124440994113684
10316	51.58	-0.600150093669072	0.0124440994113684
10317	51.585	-0.605308781610802	0.0124440994113684
10318	51.59	-0.602729437639937	0.0111544274259359
10319	51.595	-0.592412061756477	0.0111544274259359
10320	51.6	-0.600150093669072	0.0124440994113684
10321	51.605	-0.602729437639937	0.0111544274259359
10322	51.61	-0.596281077712774	0.0111544274259359
10323	51.615	-0.591122389771044	0.0111544274259359
10324	51.62	-0.593701733741909	0.0111544274259359
10325	51.625	-0.598860421683639	0.0111544274259359
10326	51.63	-0.598860421683639	0.0111544274259359
10327	51.635	-0.593701733741909	0.0111544274259359
10328	51.64	-0.589832717785612	0.0111544274259359
10329	51.645	-0.607888125581667	0.0111544274259359
10330	51.65	-0.605308781610802	0.00986475544050336
10331	51.655	-0.606598453596234	0.0111544274259359
10332	51.66	-0.592412061756477	0.00986475544050336
10333	51.665	-0.614336485508829	0.0111544274259359
10334	51.67	-0.614336485508829	0.00986475544050336
10335	51.675	-0.619495173450559	0.00986475544050336
10336	51.68	-0.601439765654504	0.0111544274259359
10337	51.685	-0.616915829479694	0.00986475544050336
10338	51.69	-0.610467469552532	0.00986475544050336
10339	51.695	-0.616915829479694	0.00986475544050336
10340	51.7	-0.611757141537964	0.00986475544050336
10341	51.705	-0.620784845435992	0.00986475544050336
10342	51.71	-0.618205501465127	0.00986475544050336
10343	51.715	-0.632391893304884	0.00986475544050336
10344	51.72	-0.613046813523397	0.00986475544050336
10345	51.725	-0.627233205363154	0.00857508345507085
10346	51.73	-0.629812549334019	0.00986475544050336
10347	51.735	-0.646578285144642	0.00986475544050336
10348	51.74	-0.647867957130075	0.00986475544050336
10349	51.745	-0.651736973086372	0.00857508345507085
10350	51.75	-0.647867957130075	0.00857508345507085
10351	51.755	-0.65560598904267	0.00857508345507085
10352	51.76	-0.642709269188344	0.00857508345507085
10353	51.765	-0.647867957130075	0.00857508345507085
10354	51.77	-0.645288613159209	0.00857508345507085
10355	51.775	-0.654316317057237	0.00857508345507085
10356	51.78	-0.646578285144642	0.00857508345507085
10357	51.785	-0.653026645071805	0.00857508345507085
10358	51.79	-0.656895661028102	0.00857508345507085
10359	51.795	-0.6607646769844	0.00857508345507085
10360	51.8	-0.65560598904267	0.00728541146963835
10361	51.805	-0.656895661028102	0.00728541146963835
10362	51.81	-0.667213036911562	0.00728541146963835
10363	51.815	-0.674951068824157	0.00728541146963835
10364	51.82	-0.682689100736752	0.00857508345507085
10365	51.825	-0.690427132649347	0.00728541146963835
10366	51.83	-0.683978772722185	0.00728541146963835
10367	51.835	-0.699454836547375	0.00728541146963835
10368	51.84	-0.682689100736752	0.00728541146963835
10369	51.845	-0.700744508532807	0.00728541146963835
10370	51.85	-0.70203418051824	0.00857508345507085
10371	51.855	-0.70203418051824	0.00728541146963835
10372	51.86	-0.690427132649347	0.00728541146963835
10373	51.865	-0.700744508532807	0.00728541146963835
10374	51.87	-0.698165164561942	0.00728541146963835
10375	51.875	-0.711061884416267	0.00728541146963835
10376	51.88	-0.69687549257651	0.00728541146963835
10377	51.885	-0.70719286845997	0.00728541146963835
10378	51.89	-0.711061884416267	0.00599573948420584
10379	51.895	-0.730406964197755	0.00599573948420584
10380	51.9	-0.71751024434343	0.00728541146963835
10381	51.905	-0.723958604270592	0.00599573948420584
10382	51.91	-0.71751024434343	0.00599573948420584
10383	51.915	-0.723958604270592	0.00599573948420584
10384	51.92	-0.731696636183187	0.00599573948420584
10385	51.925	-0.729117292212322	0.00599573948420584
10386	51.93	-0.709772212430835	0.00599573948420584
10387	51.935	-0.726537948241457	0.00599573948420584
10388	51.94	-0.735565652139485	0.00599573948420584
10389	51.945	-0.72782762022689	0.00599573948420584
10390	51.95	-0.713641228387132	0.00470606749877334
10391	51.955	-0.723958604270592	0.00470606749877334
10392	51.96	-0.725248276256025	0.00470606749877334
10393	51.965	-0.72782762022689	0.00470606749877334
10394	51.97	-0.725248276256025	0.00470606749877334
10395	51.975	-0.72782762022689	0.00599573948420584
10396	51.98	-0.730406964197755	0.00470606749877334
10397	51.985	-0.739434668095782	0.00470606749877334
10398	51.99	-0.731696636183187	0.00470606749877334
10399	51.995	-0.740724340081215	0.00470606749877334
10400	52	-0.734275980154052	0.00470606749877334
10401	52.005	-0.723958604270592	0.00470606749877334
10402	52.01	-0.714930900372565	0.00341639551334083
10403	52.015	-0.716220572357997	0.00341639551334083
10404	52.02	-0.714930900372565	0.00470606749877334
10405	52.025	-0.714930900372565	0.00341639551334083
10406	52.03	-0.720089588314295	0.00470606749877334
10407	52.035	-0.729117292212322	0.00470606749877334
10408	52.04	-0.71751024434343	0.00341639551334083
10409	52.045	-0.73298630816862	0.00341639551334083
10410	52.05	-0.723958604270592	0.00341639551334083
10411	52.055	-0.729117292212322	0.00341639551334083
10412	52.06	-0.721379260299727	0.00341639551334083
10413	52.065	-0.714930900372565	0.00341639551334083
10414	52.07	-0.70203418051824	0.00341639551334083
10415	52.075	-0.716220572357997	0.00341639551334083
10416	52.08	-0.699454836547375	0.00341639551334083
10417	52.085	-0.708482540445402	0.00341639551334083
10418	52.09	-0.703323852503672	0.00341639551334083
10419	52.095	-0.700744508532807	0.00341639551334083
10420	52.1	-0.700744508532807	0.00212672352790833
10421	52.105	-0.693006476620212	0.00212672352790833
10422	52.11	-0.704613524489105	0.00212672352790833
10423	52.115	-0.704613524489105	0.00212672352790833
10424	52.12	-0.693006476620212	0.00212672352790833
10425	52.125	-0.68655811669305	0.00212672352790833
10426	52.13	-0.68655811669305	0.00212672352790833
10427	52.135	-0.689137460663915	0.00212672352790833
10428	52.14	-0.673661396838725	0.00212672352790833
10429	52.145	-0.67624074080959	0.00212672352790833
10430	52.15	-0.673661396838725	0.00212672352790833
10431	52.155	-0.667213036911562	0.00212672352790833
10432	52.16	-0.672371724853292	0.00212672352790833
10433	52.165	-0.667213036911562	0.00212672352790833
10434	52.17	-0.667213036911562	0.00083705154247582
10435	52.175	-0.664633692940697	0.00212672352790833
10436	52.18	-0.663344020955265	0.00083705154247582
10437	52.185	-0.674951068824157	0.00083705154247582
10438	52.19	-0.668502708896995	0.00083705154247582
10439	52.195	-0.668502708896995	0.00083705154247582
10440	52.2	-0.668502708896995	0.00083705154247582
10441	52.205	-0.656895661028102	0.00083705154247582
10442	52.21	-0.658185333013535	0.00083705154247582
10443	52.215	-0.653026645071805	-0.000452620442956686
10444	52.22	-0.654316317057237	0.00083705154247582
10445	52.225	-0.65044730110094	0.00083705154247582
10446	52.23	-0.656895661028102	0.00083705154247582
10447	52.235	-0.6607646769844	0.00083705154247582
10448	52.24	-0.668502708896995	-0.000452620442956686
10449	52.245	-0.663344020955265	0.00083705154247582
10450	52.25	-0.66592336492613	-0.000452620442956686
10451	52.255	-0.67108205286786	-0.000452620442956686
10452	52.26	-0.66592336492613	-0.000452620442956686
10453	52.265	-0.668502708896995	-0.000452620442956686
10454	52.27	-0.667213036911562	-0.000452620442956686
10455	52.275	-0.673661396838725	-0.000452620442956686
10456	52.28	-0.67108205286786	-0.000452620442956686
10457	52.285	-0.664633692940697	-0.00174229242838919
10458	52.29	-0.667213036911562	-0.000452620442956686
10459	52.295	-0.669792380882427	-0.000452620442956686
10460	52.3	-0.672371724853292	-0.00174229242838919
10461	52.305	-0.680109756765887	-0.00174229242838919
10462	52.31	-0.68139942875132	-0.00174229242838919
10463	52.315	-0.685268444707617	-0.000452620442956686
10464	52.32	-0.683978772722185	-0.00174229242838919
10465	52.325	-0.689137460663915	-0.00174229242838919
10466	52.33	-0.695585820591077	-0.00174229242838919
10467	52.335	-0.704613524489105	-0.00174229242838919
10468	52.34	-0.698165164561942	-0.00174229242838919
10469	52.345	-0.698165164561942	-0.00174229242838919
10470	52.35	-0.705903196474537	-0.00174229242838919
10471	52.355	-0.721379260299727	-0.00174229242838919
10472	52.36	-0.713641228387132	-0.0030319644138217
10473	52.365	-0.7123515564017	-0.00174229242838919
10474	52.37	-0.723958604270592	-0.00174229242838919
10475	52.375	-0.718799916328862	-0.0030319644138217
10476	52.38	-0.705903196474537	-0.0030319644138217
10477	52.385	-0.720089588314295	-0.0030319644138217
10478	52.39	-0.725248276256025	-0.0030319644138217
10479	52.395	-0.729117292212322	-0.0030319644138217
10480	52.4	-0.721379260299727	-0.0030319644138217
10481	52.405	-0.730406964197755	-0.0030319644138217
10482	52.41	-0.73814499611035	-0.0030319644138217
10483	52.415	-0.734275980154052	-0.0030319644138217
10484	52.42	-0.751041715964675	-0.0030319644138217
10485	52.425	-0.74846237199381	-0.0030319644138217
10486	52.43	-0.757490075891837	-0.0030319644138217
10487	52.435	-0.762648763833568	-0.0030319644138217
10488	52.44	-0.766517779789865	-0.0030319644138217
10489	52.445	-0.781993843615055	-0.0030319644138217
10490	52.45	-0.776835155673325	-0.0030319644138217
10491	52.455	-0.788442203542218	-0.0043216363992542
10492	52.46	-0.787152531556785	-0.0043216363992542
10493	52.465	-0.793600891483948	-0.0043216363992542
10494	52.47	-0.802628595381975	-0.0043216363992542
10495	52.475	-0.8155253152363	-0.0043216363992542
10496	52.48	-0.82068400317803	-0.0043216363992542
10497	52.485	-0.818104659207165	-0.0043216363992542
10498	52.49	-0.82584269111976	-0.0043216363992542
10499	52.495	-0.818104659207165	-0.0043216363992542
10500	52.5	-0.827132363105193	-0.0043216363992542
10501	52.505	-0.829711707076058	-0.0043216363992542
10502	52.51	-0.855505146784708	-0.0043216363992542
10503	52.515	-0.840029082959518	-0.00561130838468671
10504	52.52	-0.845187770901248	-0.00561130838468671
10505	52.525	-0.850346458842978	-0.00561130838468671
10506	52.53	-0.883877930464223	-0.00561130838468671
10507	52.535	-0.895484978333116	-0.0043216363992542
10508	52.54	-0.901933338260278	-0.00561130838468671
10509	52.545	-0.900643666274846	-0.00561130838468671
10510	52.55	-0.922568090027198	-0.0043216363992542
10511	52.555	-0.925147433998063	-0.0043216363992542
10512	52.56	-0.934175137896091	-0.00561130838468671
10513	52.565	-0.945782185764983	-0.00561130838468671
10514	52.57	-0.962547921575606	-0.00561130838468671
10515	52.575	-0.963837593561038	-0.00561130838468671
10516	52.58	-0.961258249590173	-0.00561130838468671
10517	52.585	-0.968996281502768	-0.00561130838468671
10518	52.59	-0.971575625473633	-0.00561130838468671
10519	52.595	-0.968996281502768	-0.00561130838468671
10520	52.6	-0.981893001357093	-0.00561130838468671
10521	52.605	-0.998658737167716	-0.00561130838468671
10522	52.61	-1.00381742510945	-0.00561130838468671
10523	52.615	-1.04250758467242	-0.00561130838468671
10524	52.62	-1.05540430452675	-0.00561130838468671
10525	52.625	-1.07217004033737	-0.00561130838468671
10526	52.63	-1.08377708820626	-0.00690098037011921
10527	52.635	-1.09925315203145	-0.00690098037011921
10528	52.64	-1.11214987188578	-0.00690098037011921
10529	52.645	-1.1211775757838	-0.00690098037011921
10530	52.65	-1.14697101549245	-0.00690098037011921
10531	52.655	-1.14826068747789	-0.00690098037011921
10532	52.66	-1.1327846236527	-0.00690098037011921
10533	52.665	-1.14955035946332	-0.00690098037011921
10534	52.67	-1.16889543924481	-0.00819065235555172
10535	52.675	-1.17405412718654	-0.00690098037011921
10536	52.68	-1.16502642328851	-0.00819065235555172
10537	52.685	-1.19081986299716	-0.00690098037011921
10538	52.69	-1.23079969454557	-0.00690098037011921
10539	52.695	-1.24627575837076	-0.00819065235555172
10540	52.7	-1.26691051013768	-0.00690098037011921
10541	52.705	-1.26562083815224	-0.00819065235555172
10542	52.71	-1.33268378139473	-0.00819065235555172
10543	52.715	-1.3313941094093	-0.00819065235555172
10544	52.72	-1.32881476543844	-0.00690098037011921
10545	52.725	-1.3391321413219	-0.00819065235555172
10546	52.73	-1.37911197287031	-0.00819065235555172
10547	52.735	-1.37524295691401	-0.00819065235555172
10548	52.74	-1.37266361294314	-0.00819065235555172
10549	52.745	-1.3829809888266	-0.00819065235555172
10550	52.75	-1.42425049236044	-0.00948032434098423
10551	52.755	-1.45004393206909	-0.00819065235555172
10552	52.76	-1.46423032390885	-0.00948032434098423
10553	52.765	-1.44746458809823	-0.00819065235555172
10554	52.77	-1.47325802780688	-0.00948032434098423
10555	52.775	-1.4977617955301	-0.00948032434098423
10556	52.78	-1.50034113950096	-0.00948032434098423
10557	52.785	-1.49518245155923	-0.00948032434098423
10558	52.79	-1.4938927795738	-0.00948032434098423
10559	52.795	-1.51839654729702	-0.00948032434098423
10560	52.8	-1.54290031502023	-0.00948032434098423
10561	52.805	-1.52355523523875	-0.00948032434098423
10562	52.81	-1.53258293913677	-0.00948032434098423
10563	52.815	-1.5493486749474	-0.00948032434098423
10564	52.82	-1.56482473877259	-0.0107699963264167
10565	52.825	-1.56869375472888	-0.00948032434098423
10566	52.83	-1.56611441075802	-0.00948032434098423
10567	52.835	-1.58159047458321	-0.00948032434098423
10568	52.84	-1.5970665384084	-0.0107699963264167
10569	52.845	-1.60222522635013	-0.00948032434098423
10570	52.85	-1.59190785046667	-0.0107699963264167
10571	52.855	-1.55321769090369	-0.0107699963264167
10572	52.86	-1.57127309869975	-0.00948032434098423
10573	52.865	-1.5893285064958	-0.0107699963264167
10574	52.87	-1.59190785046667	-0.0107699963264167
10575	52.875	-1.57643178664148	-0.0107699963264167
10576	52.88	-1.57772145862691	-0.0107699963264167
10577	52.885	-1.62157030613162	-0.0107699963264167
10578	52.89	-1.62672899407335	-0.0107699963264167
10579	52.895	-1.59577686642297	-0.0107699963264167
10580	52.9	-1.59448719443753	-0.0120596683118492
10581	52.905	-1.5970665384084	-0.0120596683118492
10582	52.91	-1.59577686642297	-0.0120596683118492
10583	52.915	-1.55450736288913	-0.0120596683118492
10584	52.92	-1.56095572281629	-0.0120596683118492
10585	52.925	-1.54418998700567	-0.0120596683118492
10586	52.93	-1.56482473877259	-0.0120596683118492
10587	52.935	-1.52871392318048	-0.0120596683118492
10588	52.94	-1.54676933097653	-0.0120596683118492
10589	52.945	-1.5416106430348	-0.0120596683118492
10590	52.95	-1.51839654729702	-0.0120596683118492
10591	52.955	-1.52097589126788	-0.0120596683118492
10592	52.96	-1.47970638773404	-0.0120596683118492
10593	52.965	-1.47454769979231	-0.0120596683118492
10594	52.97	-1.47325802780688	-0.0133493402972817
10595	52.975	-1.47196835582145	-0.0133493402972817
10596	52.98	-1.46165097993799	-0.0133493402972817
10597	52.985	-1.43585754022934	-0.0133493402972817
10598	52.99	-1.43714721221477	-0.0133493402972817
10599	52.995	-1.43198852427304	-0.0133493402972817
10600	53	-1.4384368842002	-0.0133493402972817
10601	53.005	-1.42940918030217	-0.0133493402972817
10602	53.01	-1.42167114838958	-0.0133493402972817
10603	53.015	-1.39845705265179	-0.0133493402972817
10604	53.02	-1.37782230088487	-0.0133493402972817
10605	53.025	-1.35331853316166	-0.0133493402972817
10606	53.03	-1.34171148529276	-0.0146390122827142
10607	53.035	-1.30431099771522	-0.0146390122827142
10608	53.04	-1.28625558991916	-0.0146390122827142
10609	53.045	-1.26175182219595	-0.0133493402972817
10610	53.05	-1.25788280623965	-0.0146390122827142
10611	53.055	-1.24498608638532	-0.0146390122827142
10612	53.06	-1.22564100660384	-0.0146390122827142
10613	53.065	-1.23079969454557	-0.0146390122827142
10614	53.07	-1.22693067858927	-0.0146390122827142
10615	53.075	-1.21016494277865	-0.0146390122827142
10616	53.08	-1.19726822292432	-0.0146390122827142
10617	53.085	-1.18179215909913	-0.0146390122827142
10618	53.09	-1.19597855093889	-0.0159286842681468
10619	53.095	-1.16889543924481	-0.0146390122827142
10620	53.1	-1.16244707931764	-0.0159286842681468
10621	53.105	-1.16373675130308	-0.0159286842681468
10622	53.11	-1.15341937541962	-0.0159286842681468
10623	53.115	-1.14181232755072	-0.0159286842681468
10624	53.12	-1.14310199953616	-0.0159286842681468
10625	53.125	-1.11343954387121	-0.0159286842681468
10626	53.13	-1.12246724776924	-0.0159286842681468
10627	53.135	-1.09925315203145	-0.0159286842681468
10628	53.14	-1.08893577614799	-0.0159286842681468
10629	53.145	-1.03863856871612	-0.0172183562535793
10630	53.15	-1.04637660062872	-0.0172183562535793
10631	53.155	-1.02445217687637	-0.0159286842681468
10632	53.16	-1.0180038169492	-0.0172183562535793
10633	53.165	-0.979313657386228	-0.0172183562535793
10634	53.17	-0.988341361284256	-0.0159286842681468
10635	53.175	-0.952230545692146	-0.0172183562535793
10636	53.18	-0.961258249590173	-0.0172183562535793
10637	53.185	-0.932885465910658	-0.0172183562535793
10638	53.19	-0.909671370172873	-0.0172183562535793
10639	53.195	-0.896774650318548	-0.0172183562535793
10640	53.2	-0.891615962376818	-0.0172183562535793
10641	53.205	-0.878719242522493	-0.0172183562535793
10642	53.21	-0.854215474799275	-0.0172183562535793
10643	53.215	-0.832291051046923	-0.0172183562535793
10644	53.22	-0.83100137906149	-0.0172183562535793
10645	53.225	-0.814235643250868	-0.0185080282390118
10646	53.23	-0.797469907440245	-0.0172183562535793
10647	53.235	-0.77941449964419	-0.0185080282390118
10648	53.24	-0.788442203542218	-0.0172183562535793
10649	53.245	-0.76909712376073	-0.0172183562535793
10650	53.25	-0.761359091848135	-0.0185080282390118
10651	53.255	-0.73298630816862	-0.0185080282390118
10652	53.26	-0.739434668095782	-0.0185080282390118
10653	53.265	-0.726537948241457	-0.0185080282390118
10654	53.27	-0.720089588314295	-0.0185080282390118
10655	53.275	-0.693006476620212	-0.0185080282390118
10656	53.28	-0.690427132649347	-0.0185080282390118
10657	53.285	-0.6607646769844	-0.0185080282390118
10658	53.29	-0.658185333013535	-0.0185080282390118
10659	53.295	-0.634971237275749	-0.0185080282390118
10660	53.3	-0.615626157494262	-0.0185080282390118
10661	53.305	-0.592412061756477	-0.0185080282390118
10662	53.31	-0.579515341902152	-0.0197977002244443
10663	53.315	-0.562749606091529	-0.0197977002244443
10664	53.32	-0.560170262120664	-0.0197977002244443
10665	53.325	-0.553721902193502	-0.0185080282390118
10666	53.33	-0.542114854324609	-0.0197977002244443
10667	53.335	-0.527928462484851	-0.0185080282390118
10668	53.34	-0.507293710717931	-0.0197977002244443
10669	53.345	-0.503424694761634	-0.0197977002244443
10670	53.35	-0.495686662849039	-0.0197977002244443
10671	53.355	-0.486658958951011	-0.0197977002244443
10672	53.36	-0.484079614980146	-0.0197977002244443
10673	53.365	-0.466024207184091	-0.0197977002244443
10674	53.37	-0.464734535198659	-0.0197977002244443
10675	53.375	-0.460865519242361	-0.0197977002244443
10676	53.38	-0.455706831300631	-0.0197977002244443
10677	53.385	-0.444099783431739	-0.0197977002244443
10678	53.39	-0.441520439460874	-0.0210873722098768
10679	53.395	-0.449258471373469	-0.0197977002244443
10680	53.4	-0.438941095490009	-0.0210873722098768
10681	53.405	-0.432492735562846	-0.0210873722098768
10682	53.41	-0.442810111446306	-0.0197977002244443
10683	53.415	-0.432492735562846	-0.0210873722098768
10684	53.42	-0.437651423504576	-0.0210873722098768
10685	53.425	-0.441520439460874	-0.0210873722098768
10686	53.43	-0.437651423504576	-0.0210873722098768
10687	53.435	-0.441520439460874	-0.0210873722098768
10688	53.44	-0.441520439460874	-0.0210873722098768
10689	53.445	-0.442810111446306	-0.0210873722098768
10690	53.45	-0.441520439460874	-0.0210873722098768
10691	53.455	-0.447968799388036	-0.0223770441953093
10692	53.46	-0.454417159315199	-0.0223770441953093
10693	53.465	-0.449258471373469	-0.0210873722098768
10694	53.47	-0.466024207184091	-0.0210873722098768
10695	53.475	-0.469893223140389	-0.0223770441953093
10696	53.48	-0.487948630936444	-0.0210873722098768
10697	53.485	-0.491817646892741	-0.0210873722098768
10698	53.49	-0.507293710717931	-0.0223770441953093
10699	53.495	-0.524059446528554	-0.0210873722098768
10700	53.5	-0.522769774543121	-0.0223770441953093
10701	53.505	-0.531797478441149	-0.0223770441953093
10702	53.51	-0.535666494397447	-0.0210873722098768
10703	53.515	-0.542114854324609	-0.0223770441953093
10704	53.52	-0.553721902193502	-0.0223770441953093
10705	53.525	-0.551142558222637	-0.0223770441953093
10706	53.53	-0.560170262120664	-0.0223770441953093
10707	53.535	-0.578225669916719	-0.0223770441953093
10708	53.54	-0.604019109625369	-0.0223770441953093
10709	53.545	-0.624653861392289	-0.0223770441953093
10710	53.55	-0.646578285144642	-0.0236667161807418
10711	53.555	-0.672371724853292	-0.0223770441953093
10712	53.56	-0.698165164561942	-0.0223770441953093
10713	53.565	-0.71751024434343	-0.0223770441953093
10714	53.57	-0.73298630816862	-0.0236667161807418
10715	53.575	-0.754910731920972	-0.0223770441953093
10716	53.58	-0.767807451775298	-0.0236667161807418
10717	53.585	-0.79489056346938	-0.0236667161807418
10718	53.59	-0.81036662729457	-0.0236667161807418
10719	53.595	-0.834870395017788	-0.0236667161807418
10720	53.6	-0.869691538624465	-0.0236667161807418
10721	53.605	-0.921278418041766	-0.0236667161807418
10722	53.61	-0.945782185764983	-0.0236667161807418
10723	53.615	-0.983182673342526	-0.0236667161807418
10724	53.62	-0.996079393196851	-0.0249563881661743
10725	53.625	-1.01413480099291	-0.0236667161807418
10726	53.63	-1.05024561658502	-0.0236667161807418
10727	53.635	-1.07474938430823	-0.0236667161807418
10728	53.64	-1.08893577614799	-0.0236667161807418
10729	53.645	-1.12375691975467	-0.0249563881661743
10730	53.65	-1.14697101549245	-0.0249563881661743
10731	53.655	-1.18566117505543	-0.0236667161807418
10732	53.66	-1.20758559880778	-0.0249563881661743
10733	53.665	-1.23337903851643	-0.0249563881661743
10734	53.67	-1.27464854205027	-0.0249563881661743
10735	53.675	-1.30173165374435	-0.0249563881661743
10736	53.68	-1.32623542146757	-0.0249563881661743
10737	53.685	-1.3430011572782	-0.0249563881661743
10738	53.69	-1.34944951720536	-0.0249563881661743
10739	53.695	-1.36492558103055	-0.0249563881661743
10740	53.7	-1.38556033279747	-0.0262460601516068
10741	53.705	-1.41393311647698	-0.0249563881661743
10742	53.71	-1.44359557214193	-0.0249563881661743
10743	53.715	-1.47970638773404	-0.0249563881661743
10744	53.72	-1.50034113950096	-0.0262460601516068
10745	53.725	-1.53645195509307	-0.0262460601516068
10746	53.73	-1.55966605083086	-0.0262460601516068
10747	53.735	-1.58803883451037	-0.0262460601516068
10748	53.74	-1.60351489833556	-0.0262460601516068
10749	53.745	-1.62672899407335	-0.0249563881661743
10750	53.75	-1.62028063414618	-0.0262460601516068
10751	53.755	-1.63833604194224	-0.0262460601516068
10752	53.76	-1.652522433782	-0.0262460601516068
10753	53.765	-1.66928816959262	-0.0249563881661743
10754	53.77	-1.66283980966546	-0.0262460601516068
10755	53.775	-1.67315718554892	-0.0262460601516068
10756	53.78	-1.66928816959262	-0.0262460601516068
10757	53.785	-1.66928816959262	-0.0262460601516068
10758	53.79	-1.6925022653304	-0.0262460601516068
10759	53.795	-1.70539898518473	-0.0262460601516068
10760	53.8	-1.71571636106819	-0.0275357321370393
10761	53.805	-1.72474406496622	-0.0275357321370393
10762	53.81	-1.74150980077684	-0.0275357321370393
10763	53.815	-1.77117225644179	-0.0275357321370393
10764	53.82	-1.76859291247092	-0.0262460601516068
10765	53.825	-1.80212438409217	-0.0275357321370393
10766	53.83	-1.83694552769884	-0.0275357321370393
10767	53.835	-1.8472629035823	-0.0275357321370393
10768	53.84	-1.84855257556774	-0.0275357321370393
10769	53.845	-1.87305634329095	-0.0275357321370393
10770	53.85	-1.87563568726182	-0.0275357321370393
10771	53.855	-1.88079437520355	-0.0275357321370393
10772	53.86	-1.86918732733466	-0.0275357321370393
10773	53.865	-1.90013945498504	-0.0275357321370393
10774	53.87	-1.89240142307244	-0.0288254041224718
10775	53.875	-1.89240142307244	-0.0275357321370393
10776	53.88	-1.87950470321812	-0.0275357321370393
10777	53.885	-1.88853240711614	-0.0275357321370393
10778	53.89	-1.90013945498504	-0.0275357321370393
10779	53.895	-1.89111175108701	-0.0275357321370393
10780	53.9	-1.92077420675196	-0.0275357321370393
10781	53.905	-1.91819486278109	-0.0288254041224718
10782	53.91	-1.93882961454801	-0.0288254041224718
10783	53.915	-1.94656764646061	-0.0288254041224718
10784	53.92	-1.95172633440234	-0.0288254041224718
10785	53.925	-1.96720239822753	-0.0288254041224718
10786	53.93	-1.97494043014012	-0.0288254041224718
10787	53.935	-1.99299583793618	-0.0288254041224718
10788	53.94	-2.00460288580507	-0.0288254041224718
10789	53.945	-2.01492026168853	-0.0288254041224718
10790	53.95	-2.03942402941175	-0.0288254041224718
10791	53.955	-2.03684468544088	-0.0288254041224718
10792	53.96	-2.03168599749915	-0.0288254041224718
10793	53.965	-2.02136862161569	-0.0288254041224718
10794	53.97	-2.0058925577905	-0.0288254041224718
10795	53.975	-2.00718222977594	-0.0288254041224718
10796	53.98	-2.01105124573223	-0.0288254041224718
10797	53.985	-2.01492026168853	-0.0301150761079043
10798	53.99	-2.01620993367396	-0.0288254041224718
10799	53.995	-2.02394796558656	-0.0301150761079043
10800	54	-2.01620993367396	-0.0301150761079043
10801	54.005	-2.02652730955742	-0.0301150761079043
10802	54.01	-2.02652730955742	-0.0301150761079043
10803	54.015	-2.03168599749915	-0.0301150761079043
10804	54.02	-2.04071370139718	-0.0301150761079043
10805	54.025	-2.04071370139718	-0.0301150761079043
10806	54.03	-2.06005878117867	-0.0301150761079043
10807	54.035	-2.06392779713497	-0.0301150761079043
10808	54.04	-2.0574794372078	-0.0301150761079043
10809	54.045	-2.05103107728064	-0.0301150761079043
10810	54.05	-2.04716206132434	-0.0301150761079043
10811	54.055	-2.05361042125151	-0.0301150761079043
10812	54.06	-2.04200337338261	-0.0314047480933368
10813	54.065	-2.03555501345545	-0.0301150761079043
10814	54.07	-2.03426534147002	-0.0314047480933368
10815	54.075	-2.01105124573223	-0.0314047480933368
10816	54.08	-2.00460288580507	-0.0314047480933368
10817	54.085	-2.00073386984877	-0.0314047480933368
10818	54.09	-1.96849207021296	-0.0301150761079043
10819	54.095	-1.97494043014012	-0.0314047480933368
10820	54.1	-1.97623010212556	-0.0326944200787693
10821	54.105	-1.99041649396531	-0.0314047480933368
10822	54.11	-1.99557518190704	-0.0314047480933368
10823	54.115	-1.99686485389248	-0.0314047480933368
10824	54.12	-1.98138879006729	-0.0314047480933368
10825	54.125	-1.97494043014012	-0.0314047480933368
10826	54.13	-1.99041649396531	-0.0314047480933368
10827	54.135	-1.97365075815469	-0.0314047480933368
10828	54.14	-1.94527797447518	-0.0314047480933368
10829	54.145	-1.91819486278109	-0.0326944200787693
10830	54.15	-1.87434601527639	-0.0326944200787693
10831	54.155	-1.88208404718898	-0.0326944200787693
10832	54.16	-1.85629060748033	-0.0326944200787693
10833	54.165	-1.83049716777168	-0.0326944200787693
10834	54.17	-1.82662815181538	-0.0326944200787693
10835	54.175	-1.83049716777168	-0.0314047480933368
10836	54.18	-1.81115208799019	-0.0314047480933368
10837	54.185	-1.82791782380082	-0.0314047480933368
10838	54.19	-1.8034140560776	-0.0326944200787693
10839	54.195	-1.78277930431068	-0.0326944200787693
10840	54.2	-1.76472389651462	-0.0326944200787693
10841	54.205	-1.73764078482054	-0.0326944200787693
10842	54.21	-1.72216472099535	-0.0326944200787693
10843	54.215	-1.70152996922843	-0.0326944200787693
10844	54.22	-1.68863324937411	-0.0326944200787693
10845	54.225	-1.65768112172373	-0.0326944200787693
10846	54.23	-1.63962571392767	-0.0326944200787693
10847	54.235	-1.64736374584027	-0.0326944200787693
10848	54.24	-1.61641161818989	-0.0326944200787693
10849	54.245	-1.62672899407335	-0.0326944200787693
10850	54.25	-1.61125293024816	-0.0339840920642018
10851	54.255	-1.59964588237926	-0.0339840920642018
10852	54.26	-1.58030080259778	-0.0339840920642018
10853	54.265	-1.56482473877259	-0.0339840920642018
10854	54.27	-1.56095572281629	-0.0339840920642018
10855	54.275	-1.53903129906394	-0.0339840920642018
10856	54.28	-1.51065851538442	-0.0339840920642018
10857	54.285	-1.48228573170491	-0.0339840920642018
10858	54.29	-1.45520262001082	-0.0339840920642018
10859	54.295	-1.42038147640415	-0.0339840920642018
10860	54.3	-1.39845705265179	-0.0339840920642018
10861	54.305	-1.36879459698685	-0.0352737640496343
10862	54.31	-1.34558050124906	-0.0352737640496343
10863	54.315	-1.33784246933647	-0.0339840920642018
10864	54.32	-1.32236640551127	-0.0352737640496343
10865	54.325	-1.30818001367152	-0.0352737640496343
10866	54.33	-1.2836762459483	-0.0339840920642018
10867	54.335	-1.28238657396287	-0.0352737640496343
10868	54.34	-1.25530346226878	-0.0339840920642018
10869	54.345	-1.24627575837076	-0.0339840920642018
10870	54.35	-1.23079969454557	-0.0352737640496343
10871	54.355	-1.22177199064754	-0.0352737640496343
10872	54.36	-1.19855789490975	-0.0352737640496343
10873	54.365	-1.18953019101173	-0.0352737640496343
10874	54.37	-1.16889543924481	-0.0352737640496343
10875	54.375	-1.13794331159443	-0.0365634360350668
10876	54.38	-1.12762593571097	-0.0352737640496343
10877	54.385	-1.10828085592948	-0.0365634360350668
10878	54.39	-1.08893577614799	-0.0352737640496343
10879	54.395	-1.05927332048304	-0.0365634360350668
10880	54.4	-1.04379725665785	-0.0365634360350668
10881	54.405	-1.03347988077439	-0.0365634360350668
10882	54.41	-1.00639676908031	-0.0365634360350668
10883	54.415	-0.985762017313391	-0.0365634360350668
10884	54.42	-0.974154969444498	-0.0365634360350668
10885	54.425	-0.957389233633876	-0.0365634360350668
10886	54.43	-0.926437105983496	-0.0365634360350668
10887	54.435	-0.908381698187441	-0.0378531080204993
10888	54.44	-0.883877930464223	-0.0365634360350668
10889	54.445	-0.859374162741005	-0.0378531080204993
10890	54.45	-0.83616006700322	-0.0378531080204993
10891	54.455	-0.828422035090625	-0.0378531080204993
10892	54.46	-0.797469907440245	-0.0378531080204993
10893	54.465	-0.78457318758592	-0.0365634360350668
10894	54.47	-0.766517779789865	-0.0365634360350668
10895	54.475	-0.745883028022945	-0.0378531080204993
10896	54.48	-0.74330368405208	-0.0378531080204993
10897	54.485	-0.726537948241457	-0.0378531080204993
10898	54.49	-0.69687549257651	-0.0378531080204993
10899	54.495	-0.694296148605645	-0.0378531080204993
10900	54.5	-0.658185333013535	-0.0378531080204993
10901	54.505	-0.640129925217479	-0.0391427800059319
10902	54.51	-0.623364189406857	-0.0378531080204993
10903	54.515	-0.601439765654504	-0.0378531080204993
10904	54.52	-0.573066981974989	-0.0378531080204993
10905	54.525	-0.561459934106097	-0.0391427800059319
10906	54.53	-0.552432230208069	-0.0391427800059319
10907	54.535	-0.540825182339177	-0.0391427800059319
10908	54.54	-0.513742070645094	-0.0391427800059319
10909	54.545	-0.502135022776201	-0.0391427800059319
10910	54.55	-0.487948630936444	-0.0391427800059319
10911	54.555	-0.468603551154956	-0.0391427800059319
10912	54.56	-0.459575847256929	-0.0391427800059319
10913	54.565	-0.436361751519144	-0.0391427800059319
10914	54.57	-0.432492735562846	-0.0404324519913644
10915	54.575	-0.424754703650251	-0.0404324519913644
10916	54.58	-0.410568311810493	-0.0404324519913644
10917	54.585	-0.400250935927033	-0.0404324519913644
10918	54.59	-0.393802575999871	-0.0391427800059319
10919	54.595	-0.386064544087276	-0.0404324519913644
10920	54.6	-0.373167824232951	-0.0404324519913644
10921	54.605	-0.364140120334923	-0.0404324519913644
10922	54.61	-0.362850448349491	-0.0404324519913644
10923	54.615	-0.355112416436896	-0.0404324519913644
10924	54.62	-0.342215696582571	-0.0404324519913644
10925	54.625	-0.344795040553436	-0.0404324519913644
10926	54.63	-0.335767336655408	-0.0404324519913644
10927	54.635	-0.325449960771948	-0.0404324519913644
10928	54.64	-0.321580944815651	-0.0404324519913644
10929	54.645	-0.311263568932191	-0.0417221239767969
10930	54.65	-0.309973896946758	-0.0417221239767969
10931	54.655	-0.307394552975893	-0.0417221239767969
10932	54.66	-0.30094619304873	-0.0417221239767969
10933	54.665	-0.295787505107	-0.0404324519913644
10934	54.67	-0.297077177092433	-0.0417221239767969
10935	54.675	-0.298366849077865	-0.0417221239767969
10936	54.68	-0.293208161136135	-0.0417221239767969
10937	54.685	-0.288049473194405	-0.0417221239767969
10938	54.69	-0.293208161136135	-0.0417221239767969
10939	54.695	-0.288049473194405	-0.0417221239767969
10940	54.7	-0.288049473194405	-0.0417221239767969
10941	54.705	-0.286759801208973	-0.0430117959622294
10942	54.71	-0.281601113267243	-0.0417221239767969
10943	54.715	-0.286759801208973	-0.0417221239767969
10944	54.72	-0.276442425325513	-0.0430117959622294
10945	54.725	-0.27515275334008	-0.0430117959622294
10946	54.73	-0.271283737383783	-0.0430117959622294
10947	54.735	-0.267414721427485	-0.0430117959622294
10948	54.74	-0.272573409369215	-0.0430117959622294
10949	54.745	-0.271283737383783	-0.0430117959622294
10950	54.75	-0.272573409369215	-0.0430117959622294
10951	54.755	-0.277732097310945	-0.0430117959622294
10952	54.76	-0.277732097310945	-0.0430117959622294
10953	54.765	-0.282890785252675	-0.0430117959622294
10954	54.77	-0.282890785252675	-0.0430117959622294
10955	54.775	-0.282890785252675	-0.0443014679476619
10956	54.78	-0.28547012922354	-0.0430117959622294
10957	54.785	-0.28547012922354	-0.0443014679476619
10958	54.79	-0.28031144128181	-0.0430117959622294
10959	54.795	-0.281601113267243	-0.0443014679476619
10960	54.8	-0.272573409369215	-0.0430117959622294
10961	54.805	-0.276442425325513	-0.0443014679476619
10962	54.81	-0.279021769296378	-0.0443014679476619
10963	54.815	-0.273863081354648	-0.0443014679476619
10964	54.82	-0.272573409369215	-0.0443014679476619
10965	54.825	-0.277732097310945	-0.0443014679476619
10966	54.83	-0.28031144128181	-0.0443014679476619
10967	54.835	-0.279021769296378	-0.0443014679476619
10968	54.84	-0.28547012922354	-0.0443014679476619
10969	54.845	-0.28547012922354	-0.0443014679476619
10970	54.85	-0.295787505107	-0.0455911399330944
10971	54.855	-0.302235865034163	-0.0443014679476619
10972	54.86	-0.298366849077865	-0.0455911399330944
10973	54.865	-0.295787505107	-0.0455911399330944
10974	54.87	-0.307394552975893	-0.0455911399330944
10975	54.875	-0.304815209005028	-0.0443014679476619
10976	54.88	-0.302235865034163	-0.0455911399330944
10977	54.885	-0.295787505107	-0.0455911399330944
10978	54.89	-0.30094619304873	-0.0455911399330944
10979	54.895	-0.303525537019596	-0.0455911399330944
10980	54.9	-0.303525537019596	-0.0455911399330944
10981	54.905	-0.304815209005028	-0.0455911399330944
10982	54.91	-0.317711928859353	-0.0455911399330944
10983	54.915	-0.321580944815651	-0.0455911399330944
10984	54.92	-0.321580944815651	-0.0468808119185269
10985	54.925	-0.324160288786516	-0.0468808119185269
10986	54.93	-0.326739632757381	-0.0468808119185269
10987	54.935	-0.328029304742813	-0.0455911399330944
10988	54.94	-0.322870616801083	-0.0455911399330944
10989	54.945	-0.329318976728246	-0.0468808119185269
10990	54.95	-0.334477664669976	-0.0468808119185269
10991	54.955	-0.333187992684543	-0.0468808119185269
10992	54.96	-0.326739632757381	-0.0468808119185269
10993	54.965	-0.331898320699111	-0.0468808119185269
10994	54.97	-0.337057008640841	-0.0468808119185269
10995	54.975	-0.333187992684543	-0.0468808119185269
10996	54.98	-0.333187992684543	-0.0468808119185269
10997	54.985	-0.335767336655408	-0.0468808119185269
10998	54.99	-0.343505368568003	-0.0481704839039594
10999	54.995	-0.346084712538868	-0.0481704839039594
11000	55	-0.347374384524301	-0.0481704839039594
11001	55.005	-0.360271104378626	-0.0468808119185269
11002	55.01	-0.366719464305788	-0.0481704839039594
11003	55.015	-0.369298808276653	-0.0481704839039594
11004	55.02	-0.368009136291221	-0.0481704839039594
11005	55.025	-0.358981432393193	-0.0481704839039594
11006	55.03	-0.362850448349491	-0.0481704839039594
11007	55.035	-0.369298808276653	-0.0481704839039594
11008	55.04	-0.371878152247518	-0.0481704839039594
11009	55.045	-0.379616184160113	-0.0481704839039594
11010	55.05	-0.391223232029006	-0.0494601558893919
11011	55.055	-0.389933560043573	-0.0481704839039594
11012	55.06	-0.389933560043573	-0.0481704839039594
11013	55.065	-0.389933560043573	-0.0494601558893919
11014	55.07	-0.379616184160113	-0.0494601558893919
11015	55.075	-0.380905856145546	-0.0494601558893919
11016	55.08	-0.393802575999871	-0.0494601558893919
11017	55.085	-0.407988967839628	-0.0494601558893919
11018	55.09	-0.397671591956168	-0.0494601558893919
11019	55.095	-0.396381919970736	-0.0494601558893919
11020	55.1	-0.395092247985303	-0.0494601558893919
11021	55.105	-0.383485200116411	-0.0507498278748244
11022	55.11	-0.400250935927033	-0.0494601558893919
11023	55.115	-0.392512904014438	-0.0507498278748244
11024	55.12	-0.389933560043573	-0.0507498278748244
11025	55.125	-0.392512904014438	-0.0507498278748244
11026	55.13	-0.398961263941601	-0.0507498278748244
11027	55.135	-0.388643888058141	-0.0507498278748244
11028	55.14	-0.379616184160113	-0.0507498278748244
11029	55.145	-0.392512904014438	-0.0507498278748244
11030	55.15	-0.387354216072708	-0.0507498278748244
11031	55.155	-0.386064544087276	-0.0507498278748244
11032	55.16	-0.383485200116411	-0.0507498278748244
11033	55.165	-0.377036840189248	-0.0507498278748244
11034	55.17	-0.368009136291221	-0.0520394998602569
11035	55.175	-0.377036840189248	-0.0520394998602569
11036	55.18	-0.374457496218383	-0.0520394998602569
11037	55.185	-0.380905856145546	-0.0520394998602569
11038	55.19	-0.374457496218383	-0.0520394998602569
11039	55.195	-0.377036840189248	-0.0520394998602569
11040	55.2	-0.370588480262086	-0.0520394998602569
11041	55.205	-0.374457496218383	-0.0520394998602569
11042	55.21	-0.370588480262086	-0.0533291718456894
11043	55.215	-0.373167824232951	-0.0533291718456894
11044	55.22	-0.378326512174681	-0.0520394998602569
11045	55.225	-0.379616184160113	-0.0533291718456894
11046	55.23	-0.373167824232951	-0.0520394998602569
11047	55.235	-0.375747168203816	-0.0533291718456894
11048	55.24	-0.357691760407761	-0.0533291718456894
11049	55.245	-0.358981432393193	-0.0533291718456894
11050	55.25	-0.368009136291221	-0.0533291718456894
11051	55.255	-0.366719464305788	-0.0533291718456894
11052	55.26	-0.362850448349491	-0.0533291718456894
11053	55.265	-0.358981432393193	-0.0533291718456894
11054	55.27	-0.368009136291221	-0.0533291718456894
11055	55.275	-0.370588480262086	-0.0546188438311219
11056	55.28	-0.377036840189248	-0.0533291718456894
11057	55.285	-0.374457496218383	-0.0546188438311219
11058	55.29	-0.371878152247518	-0.0546188438311219
11059	55.295	-0.373167824232951	-0.0546188438311219
11060	55.3	-0.358981432393193	-0.0546188438311219
11061	55.305	-0.357691760407761	-0.0546188438311219
11062	55.31	-0.362850448349491	-0.0546188438311219
11063	55.315	-0.355112416436896	-0.0546188438311219
11064	55.32	-0.356402088422328	-0.0559085158165544
11065	55.325	-0.358981432393193	-0.0546188438311219
11066	55.33	-0.356402088422328	-0.0559085158165544
11067	55.335	-0.356402088422328	-0.0559085158165544
11068	55.34	-0.357691760407761	-0.0546188438311219
11069	55.345	-0.357691760407761	-0.0559085158165544
11070	55.35	-0.369298808276653	-0.0559085158165544
11071	55.355	-0.366719464305788	-0.0559085158165544
11072	55.36	-0.366719464305788	-0.0559085158165544
11073	55.365	-0.356402088422328	-0.0559085158165544
11074	55.37	-0.357691760407761	-0.0559085158165544
11075	55.375	-0.358981432393193	-0.0571981878019869
11076	55.38	-0.356402088422328	-0.0571981878019869
11077	55.385	-0.355112416436896	-0.0559085158165544
11078	55.39	-0.361560776364058	-0.0571981878019869
11079	55.395	-0.365429792320356	-0.0559085158165544
11080	55.4	-0.360271104378626	-0.0571981878019869
11081	55.405	-0.356402088422328	-0.0571981878019869
11082	55.41	-0.369298808276653	-0.0571981878019869
11083	55.415	-0.371878152247518	-0.0571981878019869
11084	55.42	-0.358981432393193	-0.0571981878019869
11085	55.425	-0.362850448349491	-0.0571981878019869
11086	55.43	-0.368009136291221	-0.0571981878019869
11087	55.435	-0.370588480262086	-0.0584878597874194
11088	55.44	-0.369298808276653	-0.0571981878019869
11089	55.445	-0.356402088422328	-0.0584878597874194
11090	55.45	-0.364140120334923	-0.0584878597874194
11091	55.455	-0.368009136291221	-0.0584878597874194
11092	55.46	-0.374457496218383	-0.0584878597874194
11093	55.465	-0.361560776364058	-0.0584878597874194
11094	55.47	-0.360271104378626	-0.0584878597874194
11095	55.475	-0.364140120334923	-0.0584878597874194
11096	55.48	-0.369298808276653	-0.0597775317728519
11097	55.485	-0.364140120334923	-0.0584878597874194
11098	55.49	-0.368009136291221	-0.0597775317728519
11099	55.495	-0.365429792320356	-0.0597775317728519
11100	55.5	-0.371878152247518	-0.0597775317728519
11101	55.505	-0.369298808276653	-0.0597775317728519
11102	55.51	-0.369298808276653	-0.0597775317728519
11103	55.515	-0.368009136291221	-0.0597775317728519
11104	55.52	-0.373167824232951	-0.0597775317728519
11105	55.525	-0.370588480262086	-0.0597775317728519
11106	55.53	-0.369298808276653	-0.0610672037582844
11107	55.535	-0.364140120334923	-0.0597775317728519
11108	55.54	-0.370588480262086	-0.0610672037582844
11109	55.545	-0.371878152247518	-0.0610672037582844
11110	55.55	-0.375747168203816	-0.0597775317728519
11111	55.555	-0.369298808276653	-0.0610672037582844
11112	55.56	-0.368009136291221	-0.0610672037582844
11113	55.565	-0.362850448349491	-0.0610672037582844
11114	55.57	-0.377036840189248	-0.0610672037582844
11115	55.575	-0.369298808276653	-0.0610672037582844
11116	55.58	-0.368009136291221	-0.0610672037582844
11117	55.585	-0.369298808276653	-0.0610672037582844
11118	55.59	-0.375747168203816	-0.0610672037582844
11119	55.595	-0.371878152247518	-0.062356875743717
11120	55.6	-0.364140120334923	-0.0610672037582844
11121	55.605	-0.365429792320356	-0.062356875743717
11122	55.61	-0.377036840189248	-0.062356875743717
11123	55.615	-0.373167824232951	-0.062356875743717
11124	55.62	-0.364140120334923	-0.062356875743717
11125	55.625	-0.364140120334923	-0.062356875743717
11126	55.63	-0.368009136291221	-0.062356875743717
11127	55.635	-0.365429792320356	-0.062356875743717
11128	55.64	-0.365429792320356	-0.062356875743717
11129	55.645	-0.361560776364058	-0.062356875743717
11130	55.65	-0.369298808276653	-0.062356875743717
11131	55.655	-0.368009136291221	-0.062356875743717
11132	55.66	-0.368009136291221	-0.0636465477291495
11133	55.665	-0.357691760407761	-0.062356875743717
11134	55.67	-0.358981432393193	-0.062356875743717
11135	55.675	-0.371878152247518	-0.062356875743717
11136	55.68	-0.369298808276653	-0.0636465477291495
11137	55.685	-0.371878152247518	-0.0636465477291495
11138	55.69	-0.374457496218383	-0.0636465477291495
11139	55.695	-0.370588480262086	-0.0636465477291495
11140	55.7	-0.366719464305788	-0.064936219714582
11141	55.705	-0.368009136291221	-0.0636465477291495
11142	55.71	-0.360271104378626	-0.064936219714582
11143	55.715	-0.360271104378626	-0.0636465477291495
11144	55.72	-0.370588480262086	-0.0636465477291495
11145	55.725	-0.375747168203816	-0.0636465477291495
11146	55.73	-0.370588480262086	-0.064936219714582
11147	55.735	-0.371878152247518	-0.064936219714582
11148	55.74	-0.373167824232951	-0.064936219714582
11149	55.745	-0.369298808276653	-0.064936219714582
11150	55.75	-0.368009136291221	-0.064936219714582
11151	55.755	-0.358981432393193	-0.064936219714582
11152	55.76	-0.362850448349491	-0.064936219714582
11153	55.765	-0.368009136291221	-0.064936219714582
11154	55.77	-0.377036840189248	-0.064936219714582
11155	55.775	-0.373167824232951	-0.064936219714582
11156	55.78	-0.377036840189248	-0.064936219714582
11157	55.785	-0.373167824232951	-0.064936219714582
11158	55.79	-0.377036840189248	-0.0662258917000145
11159	55.795	-0.369298808276653	-0.0662258917000145
11160	55.8	-0.375747168203816	-0.0662258917000145
11161	55.805	-0.371878152247518	-0.0662258917000145
11162	55.81	-0.370588480262086	-0.0662258917000145
11163	55.815	-0.377036840189248	-0.0662258917000145
11164	55.82	-0.373167824232951	-0.0662258917000145
11165	55.825	-0.378326512174681	-0.0662258917000145
11166	55.83	-0.384774872101843	-0.067515563685447
11167	55.835	-0.384774872101843	-0.0662258917000145
11168	55.84	-0.382195528130978	-0.067515563685447
11169	55.845	-0.383485200116411	-0.067515563685447
11170	55.85	-0.384774872101843	-0.067515563685447
11171	55.855	-0.375747168203816	-0.0662258917000145
11172	55.86	-0.380905856145546	-0.067515563685447
11173	55.865	-0.389933560043573	-0.067515563685447
11174	55.87	-0.393802575999871	-0.067515563685447
11175	55.875	-0.393802575999871	-0.067515563685447
11176	55.88	-0.398961263941601	-0.067515563685447
11177	55.885	-0.396381919970736	-0.067515563685447
11178	55.89	-0.400250935927033	-0.067515563685447
11179	55.895	-0.396381919970736	-0.067515563685447
11180	55.9	-0.405409623868763	-0.067515563685447
11181	55.905	-0.405409623868763	-0.0688052356708795
11182	55.91	-0.406699295854196	-0.0688052356708795
11183	55.915	-0.407988967839628	-0.0688052356708795
11184	55.92	-0.404119951883331	-0.0688052356708795
11185	55.925	-0.411857983795926	-0.0688052356708795
11186	55.93	-0.417016671737656	-0.0688052356708795
11187	55.935	-0.422175359679386	-0.0688052356708795
11188	55.94	-0.422175359679386	-0.070094907656312
11189	55.945	-0.414437327766791	-0.0688052356708795
11190	55.95	-0.418306343723089	-0.070094907656312
11191	55.955	-0.429913391591981	-0.070094907656312
11192	55.96	-0.423465031664819	-0.070094907656312
11193	55.965	-0.426044375635684	-0.070094907656312
11194	55.97	-0.424754703650251	-0.070094907656312
11195	55.975	-0.436361751519144	-0.070094907656312
11196	55.98	-0.428623719606549	-0.070094907656312
11197	55.985	-0.431203063577414	-0.0713845796417445
11198	55.99	-0.432492735562846	-0.070094907656312
11199	55.995	-0.437651423504576	-0.070094907656312
11200	56	-0.438941095490009	-0.0713845796417445
11201	56.005	-0.449258471373469	-0.070094907656312
11202	56.01	-0.437651423504576	-0.0713845796417445
11203	56.015	-0.444099783431739	-0.0713845796417445
11204	56.02	-0.445389455417171	-0.0713845796417445
11205	56.025	-0.445389455417171	-0.0713845796417445
11206	56.03	-0.444099783431739	-0.0713845796417445
11207	56.035	-0.458286175271496	-0.0713845796417445
11208	56.04	-0.449258471373469	-0.0713845796417445
11209	56.045	-0.450548143358901	-0.072674251627177
11210	56.05	-0.450548143358901	-0.072674251627177
11211	56.055	-0.451837815344334	-0.072674251627177
11212	56.06	-0.456996503286064	-0.072674251627177
11213	56.065	-0.458286175271496	-0.072674251627177
11214	56.07	-0.456996503286064	-0.072674251627177
11215	56.075	-0.460865519242361	-0.072674251627177
11216	56.08	-0.446679127402604	-0.072674251627177
11217	56.085	-0.455706831300631	-0.072674251627177
11218	56.09	-0.455706831300631	-0.0739639236126095
11219	56.095	-0.450548143358901	-0.0739639236126095
11220	56.1	-0.437651423504576	-0.0739639236126095
11221	56.105	-0.446679127402604	-0.0739639236126095
11222	56.11	-0.446679127402604	-0.0739639236126095
11223	56.115	-0.450548143358901	-0.0739639236126095
11224	56.12	-0.449258471373469	-0.0739639236126095
11225	56.125	-0.445389455417171	-0.0739639236126095
11226	56.13	-0.438941095490009	-0.0739639236126095
11227	56.135	-0.445389455417171	-0.0739639236126095
11228	56.14	-0.447968799388036	-0.0739639236126095
11229	56.145	-0.441520439460874	-0.075253595598042
11230	56.15	-0.437651423504576	-0.075253595598042
11231	56.155	-0.446679127402604	-0.075253595598042
11232	56.16	-0.442810111446306	-0.075253595598042
11233	56.165	-0.446679127402604	-0.075253595598042
11234	56.17	-0.438941095490009	-0.0739639236126095
11235	56.175	-0.453127487329766	-0.075253595598042
11236	56.18	-0.441520439460874	-0.075253595598042
11237	56.185	-0.436361751519144	-0.075253595598042
11238	56.19	-0.427334047621116	-0.075253595598042
11239	56.195	-0.426044375635684	-0.075253595598042
11240	56.2	-0.432492735562846	-0.0765432675834745
11241	56.205	-0.427334047621116	-0.075253595598042
11242	56.21	-0.420885687693954	-0.075253595598042
11243	56.215	-0.429913391591981	-0.0765432675834745
11244	56.22	-0.410568311810493	-0.0765432675834745
11245	56.225	-0.411857983795926	-0.075253595598042
11246	56.23	-0.415726999752223	-0.0765432675834745
11247	56.235	-0.406699295854196	-0.0765432675834745
11248	56.24	-0.389933560043573	-0.0765432675834745
11249	56.245	-0.395092247985303	-0.0765432675834745
11250	56.25	-0.391223232029006	-0.0765432675834745
11251	56.255	-0.392512904014438	-0.0765432675834745
11252	56.26	-0.382195528130978	-0.0765432675834745
11253	56.265	-0.371878152247518	-0.0765432675834745
11254	56.27	-0.378326512174681	-0.0765432675834745
11255	56.275	-0.375747168203816	-0.077832939568907
11256	56.28	-0.374457496218383	-0.077832939568907
11257	56.285	-0.380905856145546	-0.077832939568907
11258	56.29	-0.366719464305788	-0.077832939568907
11259	56.295	-0.375747168203816	-0.0765432675834745
11260	56.3	-0.368009136291221	-0.077832939568907
11261	56.305	-0.369298808276653	-0.077832939568907
11262	56.31	-0.371878152247518	-0.077832939568907
11263	56.315	-0.374457496218383	-0.077832939568907
11264	56.32	-0.368009136291221	-0.077832939568907
11265	56.325	-0.368009136291221	-0.077832939568907
11266	56.33	-0.361560776364058	-0.077832939568907
11267	56.335	-0.360271104378626	-0.0791226115543395
11268	56.34	-0.352533072466031	-0.077832939568907
11269	56.345	-0.356402088422328	-0.077832939568907
11270	56.35	-0.352533072466031	-0.0791226115543395
11271	56.355	-0.355112416436896	-0.0791226115543395
11272	56.36	-0.343505368568003	-0.0791226115543395
11273	56.365	-0.338346680626273	-0.0791226115543395
11274	56.37	-0.333187992684543	-0.0791226115543395
11275	56.375	-0.326739632757381	-0.0791226115543395
11276	56.38	-0.317711928859353	-0.0791226115543395
11277	56.385	-0.316422256873921	-0.0791226115543395
11278	56.39	-0.303525537019596	-0.0791226115543395
11279	56.395	-0.308684224961326	-0.080412283539772
11280	56.4	-0.30094619304873	-0.080412283539772
11281	56.405	-0.299656521063298	-0.080412283539772
11282	56.41	-0.30094619304873	-0.080412283539772
11283	56.415	-0.289339145179838	-0.080412283539772
11284	56.42	-0.291918489150703	-0.080412283539772
11285	56.425	-0.295787505107	-0.080412283539772
11286	56.43	-0.289339145179838	-0.080412283539772
11287	56.435	-0.28031144128181	-0.080412283539772
11288	56.44	-0.282890785252675	-0.0817019555252045
11289	56.445	-0.28547012922354	-0.0817019555252045
11290	56.45	-0.28547012922354	-0.0817019555252045
11291	56.455	-0.291918489150703	-0.080412283539772
11292	56.46	-0.284180457238108	-0.0817019555252045
11293	56.465	-0.286759801208973	-0.0817019555252045
11294	56.47	-0.281601113267243	-0.0817019555252045
11295	56.475	-0.279021769296378	-0.0817019555252045
11296	56.48	-0.27515275334008	-0.0817019555252045
11297	56.485	-0.272573409369215	-0.0817019555252045
11298	56.49	-0.279021769296378	-0.0817019555252045
11299	56.495	-0.272573409369215	-0.0817019555252045
11300	56.5	-0.257097345544025	-0.082991627510637
11301	56.505	-0.25451800157316	-0.082991627510637
11302	56.51	-0.25451800157316	-0.082991627510637
11303	56.515	-0.253228329587728	-0.082991627510637
11304	56.52	-0.241621281718835	-0.082991627510637
11305	56.525	-0.23904193774797	-0.0817019555252045
11306	56.53	-0.232593577820808	-0.082991627510637
11307	56.535	-0.23388324980624	-0.082991627510637
11308	56.54	-0.231303905835375	-0.082991627510637
11309	56.545	-0.224855545908213	-0.082991627510637
11310	56.55	-0.226145217893645	-0.082991627510637
11311	56.555	-0.22356587392278	-0.082991627510637
11312	56.56	-0.217117513995618	-0.082991627510637
11313	56.565	-0.222276201937348	-0.082991627510637
11314	56.57	-0.226145217893645	-0.082991627510637
11315	56.575	-0.22356587392278	-0.082991627510637
11316	56.58	-0.222276201937348	-0.0842812994960696
11317	56.585	-0.211958826053888	-0.082991627510637
11318	56.59	-0.214538170024753	-0.0842812994960696
11319	56.595	-0.215827842010185	-0.0842812994960696
11320	56.6	-0.210669154068455	-0.0842812994960696
11321	56.605	-0.214538170024753	-0.0842812994960696
11322	56.61	-0.219696857966483	-0.0842812994960696
11323	56.615	-0.217117513995618	-0.0842812994960696
11324	56.62	-0.219696857966483	-0.0842812994960696
11325	56.625	-0.219696857966483	-0.0842812994960696
11326	56.63	-0.222276201937348	-0.0842812994960696
11327	56.635	-0.22356587392278	-0.0842812994960696
11328	56.64	-0.219696857966483	-0.0855709714815021
11329	56.645	-0.224855545908213	-0.0855709714815021
11330	56.65	-0.22872456186451	-0.0855709714815021
11331	56.655	-0.227434889879078	-0.0855709714815021
11332	56.66	-0.231303905835375	-0.0855709714815021
11333	56.665	-0.241621281718835	-0.0855709714815021
11334	56.67	-0.242910953704268	-0.0855709714815021
11335	56.675	-0.245490297675133	-0.0855709714815021
11336	56.68	-0.250648985616863	-0.0855709714815021
11337	56.685	-0.248069641645998	-0.0868606434669346
11338	56.69	-0.257097345544025	-0.0868606434669346
11339	56.695	-0.260966361500323	-0.0868606434669346
11340	56.7	-0.26483537745662	-0.0855709714815021
11341	56.705	-0.263545705471188	-0.0855709714815021
11342	56.71	-0.273863081354648	-0.0868606434669346
11343	56.715	-0.28547012922354	-0.0868606434669346
11344	56.72	-0.288049473194405	-0.0868606434669346
11345	56.725	-0.291918489150703	-0.0868606434669346
11346	56.73	-0.30094619304873	-0.0868606434669346
11347	56.735	-0.311263568932191	-0.0868606434669346
11348	56.74	-0.312553240917623	-0.0881503154523671
11349	56.745	-0.317711928859353	-0.0868606434669346
11350	56.75	-0.328029304742813	-0.0868606434669346
11351	56.755	-0.340926024597138	-0.0881503154523671
11352	56.76	-0.349953728495166	-0.0881503154523671
11353	56.765	-0.369298808276653	-0.0881503154523671
11354	56.77	-0.377036840189248	-0.0881503154523671
11355	56.775	-0.387354216072708	-0.0881503154523671
11356	56.78	-0.405409623868763	-0.0881503154523671
11357	56.785	-0.415726999752223	-0.0881503154523671
11358	56.79	-0.423465031664819	-0.0881503154523671
11359	56.795	-0.432492735562846	-0.0894399874377996
11360	56.8	-0.438941095490009	-0.0881503154523671
11361	56.805	-0.449258471373469	-0.0894399874377996
11362	56.81	-0.471182895125821	-0.0881503154523671
11363	56.815	-0.481500271009281	-0.0894399874377996
11364	56.82	-0.487948630936444	-0.0894399874377996
11365	56.825	-0.494396990863606	-0.0894399874377996
11366	56.83	-0.502135022776201	-0.0894399874377996
11367	56.835	-0.508583382703364	-0.0894399874377996
11368	56.84	-0.521480102557689	-0.0907296594232321
11369	56.845	-0.527928462484851	-0.0907296594232321
11370	56.85	-0.535666494397447	-0.0907296594232321
11371	56.855	-0.543404526310042	-0.0894399874377996
11372	56.86	-0.551142558222637	-0.0894399874377996
11373	56.865	-0.562749606091529	-0.0907296594232321
11374	56.87	-0.565328950062394	-0.0907296594232321
11375	56.875	-0.571777309989557	-0.0907296594232321
11376	56.88	-0.582094685873017	-0.0907296594232321
11377	56.885	-0.584674029843882	-0.0907296594232321
11378	56.89	-0.596281077712774	-0.0907296594232321
11379	56.895	-0.597570749698207	-0.0920193314086646
11380	56.9	-0.602729437639937	-0.0907296594232321
11381	56.905	-0.610467469552532	-0.0920193314086646
11382	56.91	-0.607888125581667	-0.0907296594232321
11383	56.915	-0.606598453596234	-0.0920193314086646
11384	56.92	-0.610467469552532	-0.0920193314086646
11385	56.925	-0.624653861392289	-0.0920193314086646
11386	56.93	-0.622074517421424	-0.0920193314086646
11387	56.935	-0.628522877348587	-0.0920193314086646
11388	56.94	-0.634971237275749	-0.0920193314086646
11389	56.945	-0.638840253232047	-0.0920193314086646
11390	56.95	-0.65044730110094	-0.0920193314086646
11391	56.955	-0.654316317057237	-0.0920193314086646
11392	56.96	-0.65560598904267	-0.0920193314086646
11393	56.965	-0.669792380882427	-0.0920193314086646
11394	56.97	-0.667213036911562	-0.0920193314086646
11395	56.975	-0.673661396838725	-0.0920193314086646
11396	56.98	-0.680109756765887	-0.0933090033940971
11397	56.985	-0.689137460663915	-0.0933090033940971
11398	56.99	-0.690427132649347	-0.0933090033940971
11399	56.995	-0.695585820591077	-0.0933090033940971
11400	57	-0.704613524489105	-0.0933090033940971
11401	57.005	-0.703323852503672	-0.0933090033940971
11402	57.01	-0.7123515564017	-0.0933090033940971
11403	57.015	-0.705903196474537	-0.0933090033940971
11404	57.02	-0.70719286845997	-0.0933090033940971
11405	57.025	-0.72266893228516	-0.0933090033940971
11406	57.03	-0.726537948241457	-0.0933090033940971
11407	57.035	-0.718799916328862	-0.0933090033940971
11408	57.04	-0.716220572357997	-0.0933090033940971
11409	57.045	-0.71751024434343	-0.0945986753795296
11410	57.05	-0.725248276256025	-0.0945986753795296
11411	57.055	-0.713641228387132	-0.0933090033940971
11412	57.06	-0.709772212430835	-0.0945986753795296
11413	57.065	-0.720089588314295	-0.0945986753795296
11414	57.07	-0.725248276256025	-0.0945986753795296
11415	57.075	-0.739434668095782	-0.0945986753795296
11416	57.08	-0.72782762022689	-0.0945986753795296
11417	57.085	-0.734275980154052	-0.0945986753795296
11418	57.09	-0.744593356037512	-0.0945986753795296
11419	57.095	-0.745883028022945	-0.0945986753795296
11420	57.1	-0.752331387950107	-0.0945986753795296
11421	57.105	-0.76909712376073	-0.0945986753795296
11422	57.11	-0.783283515600488	-0.0958883473649621
11423	57.115	-0.776835155673325	-0.0945986753795296
11424	57.12	-0.783283515600488	-0.0958883473649621
11425	57.125	-0.792311219498515	-0.0958883473649621
11426	57.13	-0.806497611338273	-0.0945986753795296
11427	57.135	-0.792311219498515	-0.0958883473649621
11428	57.14	-0.803918267367408	-0.0958883473649621
11429	57.145	-0.811656299280003	-0.0958883473649621
11430	57.15	-0.811656299280003	-0.0958883473649621
11431	57.155	-0.824553019134328	-0.0958883473649621
11432	57.16	-0.821973675163463	-0.0958883473649621
11433	57.165	-0.823263347148895	-0.0958883473649621
11434	57.17	-0.828422035090625	-0.0958883473649621
11435	57.175	-0.819394331192598	-0.0971780193503946
11436	57.18	-0.824553019134328	-0.0971780193503946
11437	57.185	-0.821973675163463	-0.0971780193503946
11438	57.19	-0.83100137906149	-0.0971780193503946
11439	57.195	-0.842608426930383	-0.0971780193503946
11440	57.2	-0.828422035090625	-0.0971780193503946
11441	57.205	-0.834870395017788	-0.0971780193503946
11442	57.21	-0.837449738988653	-0.0971780193503946
11443	57.215	-0.829711707076058	-0.0958883473649621
11444	57.22	-0.823263347148895	-0.0971780193503946
11445	57.225	-0.834870395017788	-0.0971780193503946
11446	57.23	-0.834870395017788	-0.0971780193503946
11447	57.235	-0.837449738988653	-0.0971780193503946
11448	57.24	-0.834870395017788	-0.0984676913358271
11449	57.245	-0.84647744288668	-0.0971780193503946
11450	57.25	-0.84131875494495	-0.0984676913358271
11451	57.255	-0.845187770901248	-0.0971780193503946
11452	57.26	-0.852925802813843	-0.0984676913358271
11453	57.265	-0.83616006700322	-0.0984676913358271
11454	57.27	-0.860663834726438	-0.0984676913358271
11455	57.275	-0.85163613082841	-0.0984676913358271
11456	57.28	-0.843898098915815	-0.0984676913358271
11457	57.285	-0.849056786857545	-0.0984676913358271
11458	57.29	-0.852925802813843	-0.0984676913358271
11459	57.295	-0.852925802813843	-0.0984676913358271
11460	57.3	-0.847767114872113	-0.0984676913358271
11461	57.305	-0.845187770901248	-0.0984676913358271
11462	57.31	-0.838739410974085	-0.0984676913358271
11463	57.315	-0.842608426930383	-0.0984676913358271
11464	57.32	-0.83616006700322	-0.0984676913358271
11465	57.325	-0.84131875494495	-0.0984676913358271
11466	57.33	-0.83616006700322	-0.0997573633212596
11467	57.335	-0.854215474799275	-0.0984676913358271
11468	57.34	-0.85163613082841	-0.0997573633212596
11469	57.345	-0.83616006700322	-0.0997573633212596
11470	57.35	-0.838739410974085	-0.0997573633212596
11471	57.355	-0.845187770901248	-0.0984676913358271
11472	57.36	-0.850346458842978	-0.0984676913358271
11473	57.365	-0.843898098915815	-0.0997573633212596
11474	57.37	-0.84131875494495	-0.0997573633212596
11475	57.375	-0.845187770901248	-0.0997573633212596
11476	57.38	-0.845187770901248	-0.0997573633212596
11477	57.385	-0.843898098915815	-0.0997573633212596
11478	57.39	-0.84647744288668	-0.0997573633212596
11479	57.395	-0.847767114872113	-0.101047035306692
11480	57.4	-0.84131875494495	-0.0997573633212596
11481	57.405	-0.845187770901248	-0.0997573633212596
11482	57.41	-0.85163613082841	-0.0997573633212596
11483	57.415	-0.847767114872113	-0.0997573633212596
11484	57.42	-0.849056786857545	-0.0997573633212596
11485	57.425	-0.845187770901248	-0.101047035306692
11486	57.43	-0.838739410974085	-0.0997573633212596
11487	57.435	-0.84131875494495	-0.101047035306692
11488	57.44	-0.842608426930383	-0.0997573633212596
11489	57.445	-0.838739410974085	-0.0997573633212596
11490	57.45	-0.850346458842978	-0.101047035306692
11491	57.455	-0.842608426930383	-0.101047035306692
11492	57.46	-0.847767114872113	-0.101047035306692
11493	57.465	-0.837449738988653	-0.0997573633212596
11494	57.47	-0.849056786857545	-0.101047035306692
11495	57.475	-0.85163613082841	-0.101047035306692
11496	57.48	-0.84647744288668	-0.101047035306692
11497	57.485	-0.849056786857545	-0.101047035306692
11498	57.49	-0.84647744288668	-0.101047035306692
11499	57.495	-0.85163613082841	-0.101047035306692
11500	57.5	-0.85163613082841	-0.101047035306692
11501	57.505	-0.85163613082841	-0.101047035306692
11502	57.51	-0.859374162741005	-0.102336707292125
11503	57.515	-0.864532850682735	-0.101047035306692
11504	57.52	-0.86195350671187	-0.101047035306692
11505	57.525	-0.8671121946536	-0.101047035306692
11506	57.53	-0.882588258478791	-0.101047035306692
11507	57.535	-0.882588258478791	-0.101047035306692
11508	57.54	-0.878719242522493	-0.101047035306692
11509	57.545	-0.87227088259533	-0.101047035306692
11510	57.55	-0.870981210609898	-0.101047035306692
11511	57.555	-0.87742957053706	-0.101047035306692
11512	57.56	-0.863243178697303	-0.102336707292125
11513	57.565	-0.86195350671187	-0.102336707292125
11514	57.57	-0.864532850682735	-0.101047035306692
11515	57.575	-0.864532850682735	-0.102336707292125
11516	57.58	-0.852925802813843	-0.102336707292125
11517	57.585	-0.828422035090625	-0.102336707292125
11518	57.59	-0.832291051046923	-0.101047035306692
11519	57.595	-0.809076955309138	-0.102336707292125
11520	57.6	-0.801338923396543	-0.102336707292125
11521	57.605	-0.775545483687893	-0.102336707292125
11522	57.61	-0.767807451775298	-0.102336707292125
11523	57.615	-0.739434668095782	-0.102336707292125
11524	57.62	-0.72782762022689	-0.102336707292125
11525	57.625	-0.704613524489105	-0.102336707292125
11526	57.63	-0.682689100736752	-0.102336707292125
11527	57.635	-0.66592336492613	-0.102336707292125
11528	57.64	-0.640129925217479	-0.102336707292125
11529	57.645	-0.614336485508829	-0.103626379277557
11530	57.65	-0.605308781610802	-0.103626379277557
11531	57.655	-0.582094685873017	-0.102336707292125
11532	57.66	-0.571777309989557	-0.103626379277557
11533	57.665	-0.549852886237204	-0.103626379277557
11534	57.67	-0.543404526310042	-0.103626379277557
11535	57.675	-0.533087150426582	-0.103626379277557
11536	57.68	-0.530507806455716	-0.103626379277557
11537	57.685	-0.522769774543121	-0.103626379277557
11538	57.69	-0.517611086601391	-0.103626379277557
11539	57.695	-0.515031742630526	-0.10491605126299
11540	57.7	-0.509873054688796	-0.103626379277557
11541	57.705	-0.503424694761634	-0.10491605126299
11542	57.71	-0.499555678805336	-0.103626379277557
11543	57.715	-0.489238302921876	-0.103626379277557
11544	57.72	-0.487948630936444	-0.103626379277557
11545	57.725	-0.480210599023849	-0.10491605126299
11546	57.73	-0.468603551154956	-0.10491605126299
11547	57.735	-0.455706831300631	-0.10491605126299
11548	57.74	-0.451837815344334	-0.10491605126299
11549	57.745	-0.446679127402604	-0.10491605126299
11550	57.75	-0.428623719606549	-0.10491605126299
11551	57.755	-0.415726999752223	-0.10491605126299
11552	57.76	-0.402830279897898	-0.10491605126299
11553	57.765	-0.386064544087276	-0.106205723248422
11554	57.77	-0.386064544087276	-0.106205723248422
11555	57.775	-0.366719464305788	-0.106205723248422
11556	57.78	-0.351243400480598	-0.106205723248422
11557	57.785	-0.338346680626273	-0.10491605126299
11558	57.79	-0.335767336655408	-0.106205723248422
11559	57.795	-0.325449960771948	-0.106205723248422
11560	57.8	-0.308684224961326	-0.106205723248422
11561	57.805	-0.297077177092433	-0.106205723248422
11562	57.81	-0.298366849077865	-0.106205723248422
11563	57.815	-0.291918489150703	-0.106205723248422
11564	57.82	-0.284180457238108	-0.106205723248422
11565	57.825	-0.272573409369215	-0.106205723248422
11566	57.83	-0.273863081354648	-0.107495395233855
11567	57.835	-0.267414721427485	-0.107495395233855
11568	57.84	-0.26999406539835	-0.106205723248422
11569	57.845	-0.25967668951489	-0.106205723248422
11570	57.85	-0.26483537745662	-0.107495395233855
11571	57.855	-0.257097345544025	-0.107495395233855
11572	57.86	-0.250648985616863	-0.107495395233855
11573	57.865	-0.250648985616863	-0.107495395233855
11574	57.87	-0.257097345544025	-0.107495395233855
11575	57.875	-0.250648985616863	-0.108785067219287
11576	57.88	-0.242910953704268	-0.108785067219287
11577	57.885	-0.240331609733403	-0.107495395233855
11578	57.89	-0.23388324980624	-0.107495395233855
11579	57.895	-0.23388324980624	-0.108785067219287
11580	57.9	-0.231303905835375	-0.108785067219287
11581	57.905	-0.22356587392278	-0.108785067219287
11582	57.91	-0.22356587392278	-0.108785067219287
11583	57.915	-0.21840718598105	-0.108785067219287
11584	57.92	-0.215827842010185	-0.108785067219287
11585	57.925	-0.21324849803932	-0.108785067219287
11586	57.93	-0.210669154068455	-0.108785067219287
11587	57.935	-0.206800138112158	-0.108785067219287
11588	57.94	-0.209379482083023	-0.108785067219287
11589	57.945	-0.204220794141293	-0.108785067219287
11590	57.95	-0.20293112215586	-0.108785067219287
11591	57.955	-0.199062106199563	-0.108785067219287
11592	57.96	-0.200351778184995	-0.11007473920472
11593	57.965	-0.204220794141293	-0.11007473920472
11594	57.97	-0.199062106199563	-0.11007473920472
11595	57.975	-0.199062106199563	-0.11007473920472
11596	57.98	-0.193903418257833	-0.11007473920472
11597	57.985	-0.195193090243265	-0.11007473920472
11598	57.99	-0.196482762228698	-0.11007473920472
11599	57.995	-0.19777243421413	-0.11007473920472
11600	58	-0.190034402301535	-0.11007473920472
11601	58.005	-0.1926137462724	-0.11007473920472
11602	58.01	-0.1926137462724	-0.11007473920472
11603	58.015	-0.1926137462724	-0.11007473920472
11604	58.02	-0.188744730316103	-0.111364411190152
11605	58.025	-0.190034402301535	-0.111364411190152
11606	58.03	-0.1926137462724	-0.11007473920472
11607	58.035	-0.188744730316103	-0.11007473920472
11608	58.04	-0.188744730316103	-0.111364411190152
11609	58.045	-0.186165386345237	-0.111364411190152
11610	58.05	-0.1926137462724	-0.111364411190152
11611	58.055	-0.1926137462724	-0.111364411190152
11612	58.06	-0.18745505833067	-0.11007473920472
11613	58.065	-0.18745505833067	-0.111364411190152
11614	58.07	-0.195193090243265	-0.112654083175585
11615	58.075	-0.196482762228698	-0.111364411190152
11616	58.08	-0.190034402301535	-0.111364411190152
11617	58.085	-0.195193090243265	-0.112654083175585
11618	58.09	-0.201641450170428	-0.112654083175585
11619	58.095	-0.201641450170428	-0.112654083175585
11620	58.1	-0.200351778184995	-0.112654083175585
11621	58.105	-0.206800138112158	-0.111364411190152
11622	58.11	-0.211958826053888	-0.112654083175585
11623	58.115	-0.215827842010185	-0.112654083175585
11624	58.12	-0.222276201937348	-0.112654083175585
11625	58.125	-0.220986529951915	-0.112654083175585
11626	58.13	-0.22872456186451	-0.112654083175585
11627	58.135	-0.231303905835375	-0.112654083175585
11628	58.14	-0.232593577820808	-0.112654083175585
11629	58.145	-0.241621281718835	-0.112654083175585
11630	58.15	-0.248069641645998	-0.112654083175585
11631	58.155	-0.255807673558593	-0.113943755161017
11632	58.16	-0.255807673558593	-0.113943755161017
11633	58.165	-0.26483537745662	-0.113943755161017
11634	58.17	-0.27515275334008	-0.113943755161017
11635	58.175	-0.272573409369215	-0.113943755161017
11636	58.18	-0.277732097310945	-0.113943755161017
11637	58.185	-0.284180457238108	-0.113943755161017
11638	58.19	-0.29062881716527	-0.11523342714645
11639	58.195	-0.294497833121568	-0.113943755161017
11640	58.2	-0.299656521063298	-0.113943755161017
11641	58.205	-0.303525537019596	-0.11523342714645
11642	58.21	-0.309973896946758	-0.113943755161017
11643	58.215	-0.317711928859353	-0.113943755161017
11644	58.22	-0.316422256873921	-0.11523342714645
11645	58.225	-0.316422256873921	-0.11523342714645
11646	58.23	-0.322870616801083	-0.11523342714645
11647	58.235	-0.329318976728246	-0.11523342714645
11648	58.24	-0.325449960771948	-0.11523342714645
11649	58.245	-0.331898320699111	-0.11523342714645
11650	58.25	-0.331898320699111	-0.11523342714645
11651	58.255	-0.343505368568003	-0.11523342714645
11652	58.26	-0.340926024597138	-0.11523342714645
11653	58.265	-0.340926024597138	-0.11523342714645
11654	58.27	-0.344795040553436	-0.116523099131882
11655	58.275	-0.340926024597138	-0.116523099131882
11656	58.28	-0.346084712538868	-0.116523099131882
11657	58.285	-0.353822744451463	-0.116523099131882
11658	58.29	-0.349953728495166	-0.116523099131882
11659	58.295	-0.356402088422328	-0.116523099131882
11660	58.3	-0.353822744451463	-0.116523099131882
11661	58.305	-0.356402088422328	-0.116523099131882
11662	58.31	-0.361560776364058	-0.116523099131882
11663	58.315	-0.360271104378626	-0.116523099131882
11664	58.32	-0.364140120334923	-0.116523099131882
11665	58.325	-0.361560776364058	-0.116523099131882
11666	58.33	-0.366719464305788	-0.116523099131882
11667	58.335	-0.365429792320356	-0.117812771117315
11668	58.34	-0.368009136291221	-0.116523099131882
11669	58.345	-0.368009136291221	-0.117812771117315
11670	58.35	-0.375747168203816	-0.117812771117315
11671	58.355	-0.374457496218383	-0.117812771117315
11672	58.36	-0.380905856145546	-0.117812771117315
11673	58.365	-0.383485200116411	-0.117812771117315
11674	58.37	-0.383485200116411	-0.117812771117315
11675	58.375	-0.388643888058141	-0.117812771117315
11676	58.38	-0.383485200116411	-0.117812771117315
11677	58.385	-0.383485200116411	-0.117812771117315
11678	58.39	-0.388643888058141	-0.119102443102747
11679	58.395	-0.393802575999871	-0.119102443102747
11680	58.4	-0.396381919970736	-0.119102443102747
11681	58.405	-0.391223232029006	-0.117812771117315
11682	58.41	-0.401540607912466	-0.117812771117315
11683	58.415	-0.400250935927033	-0.119102443102747
11684	58.42	-0.396381919970736	-0.119102443102747
11685	58.425	-0.409278639825061	-0.119102443102747
11686	58.43	-0.405409623868763	-0.119102443102747
11687	58.435	-0.406699295854196	-0.119102443102747
11688	58.44	-0.406699295854196	-0.119102443102747
11689	58.445	-0.414437327766791	-0.119102443102747
11690	58.45	-0.415726999752223	-0.119102443102747
11691	58.455	-0.419596015708521	-0.119102443102747
11692	58.46	-0.423465031664819	-0.12039211508818
11693	58.465	-0.429913391591981	-0.12039211508818
11694	58.47	-0.428623719606549	-0.119102443102747
11695	58.475	-0.427334047621116	-0.12039211508818
11696	58.48	-0.431203063577414	-0.119102443102747
11697	58.485	-0.428623719606549	-0.12039211508818
11698	58.49	-0.435072079533711	-0.12039211508818
11699	58.495	-0.436361751519144	-0.12039211508818
11700	58.5	-0.431203063577414	-0.12039211508818
11701	58.505	-0.433782407548279	-0.12039211508818
11702	58.51	-0.441520439460874	-0.12039211508818
11703	58.515	-0.433782407548279	-0.12039211508818
11704	58.52	-0.444099783431739	-0.12039211508818
11705	58.525	-0.438941095490009	-0.12039211508818
11706	58.53	-0.442810111446306	-0.12039211508818
11707	58.535	-0.442810111446306	-0.121681787073612
11708	58.54	-0.449258471373469	-0.121681787073612
11709	58.545	-0.451837815344334	-0.12039211508818
11710	58.55	-0.444099783431739	-0.121681787073612
11711	58.555	-0.447968799388036	-0.121681787073612
11712	58.56	-0.445389455417171	-0.12039211508818
11713	58.565	-0.436361751519144	-0.121681787073612
11714	58.57	-0.438941095490009	-0.121681787073612
11715	58.575	-0.441520439460874	-0.121681787073612
11716	58.58	-0.440230767475441	-0.121681787073612
11717	58.585	-0.442810111446306	-0.121681787073612
11718	58.59	-0.441520439460874	-0.121681787073612
11719	58.595	-0.441520439460874	-0.122971459059045
11720	58.6	-0.441520439460874	-0.121681787073612
11721	58.605	-0.444099783431739	-0.121681787073612
11722	58.61	-0.447968799388036	-0.122971459059045
11723	58.615	-0.441520439460874	-0.122971459059045
11724	58.62	-0.447968799388036	-0.122971459059045
11725	58.625	-0.438941095490009	-0.121681787073612
11726	58.63	-0.440230767475441	-0.122971459059045
11727	58.635	-0.435072079533711	-0.122971459059045
11728	58.64	-0.429913391591981	-0.122971459059045
11729	58.645	-0.431203063577414	-0.122971459059045
11730	58.65	-0.429913391591981	-0.122971459059045
11731	58.655	-0.427334047621116	-0.122971459059045
11732	58.66	-0.419596015708521	-0.122971459059045
11733	58.665	-0.428623719606549	-0.124261131044477
11734	58.67	-0.424754703650251	-0.122971459059045
11735	58.675	-0.419596015708521	-0.124261131044477
11736	58.68	-0.415726999752223	-0.122971459059045
11737	58.685	-0.415726999752223	-0.124261131044477
11738	58.69	-0.418306343723089	-0.124261131044477
11739	58.695	-0.409278639825061	-0.124261131044477
11740	58.7	-0.407988967839628	-0.124261131044477
11741	58.705	-0.400250935927033	-0.124261131044477
11742	58.71	-0.398961263941601	-0.12555080302991
11743	58.715	-0.407988967839628	-0.124261131044477
11744	58.72	-0.397671591956168	-0.124261131044477
11745	58.725	-0.400250935927033	-0.12555080302991
11746	58.73	-0.396381919970736	-0.12555080302991
11747	58.735	-0.404119951883331	-0.12555080302991
11748	58.74	-0.402830279897898	-0.124261131044477
11749	58.745	-0.401540607912466	-0.124261131044477
11750	58.75	-0.392512904014438	-0.12555080302991
11751	58.755	-0.402830279897898	-0.12555080302991
11752	58.76	-0.396381919970736	-0.12555080302991
11753	58.765	-0.397671591956168	-0.12555080302991
11754	58.77	-0.405409623868763	-0.12555080302991
11755	58.775	-0.402830279897898	-0.12555080302991
11756	58.78	-0.417016671737656	-0.12555080302991
11757	58.785	-0.414437327766791	-0.12555080302991
11758	58.79	-0.411857983795926	-0.12555080302991
11759	58.795	-0.407988967839628	-0.12555080302991
11760	58.8	-0.409278639825061	-0.12555080302991
11761	58.805	-0.410568311810493	-0.12555080302991
11762	58.81	-0.413147655781358	-0.12555080302991
11763	58.815	-0.413147655781358	-0.12555080302991
11764	58.82	-0.405409623868763	-0.12555080302991
11765	58.825	-0.402830279897898	-0.126840475015342
11766	58.83	-0.410568311810493	-0.126840475015342
11767	58.835	-0.400250935927033	-0.126840475015342
11768	58.84	-0.400250935927033	-0.12555080302991
11769	58.845	-0.402830279897898	-0.126840475015342
11770	58.85	-0.406699295854196	-0.12555080302991
11771	58.855	-0.398961263941601	-0.126840475015342
11772	58.86	-0.405409623868763	-0.126840475015342
11773	58.865	-0.404119951883331	-0.126840475015342
11774	58.87	-0.407988967839628	-0.126840475015342
11775	58.875	-0.398961263941601	-0.126840475015342
11776	58.88	-0.398961263941601	-0.126840475015342
11777	58.885	-0.395092247985303	-0.126840475015342
11778	58.89	-0.407988967839628	-0.126840475015342
11779	58.895	-0.397671591956168	-0.126840475015342
11780	58.9	-0.389933560043573	-0.126840475015342
11781	58.905	-0.383485200116411	-0.126840475015342
11782	58.91	-0.383485200116411	-0.126840475015342
11783	58.915	-0.369298808276653	-0.126840475015342
11784	58.92	-0.361560776364058	-0.128130147000775
11785	58.925	-0.346084712538868	-0.128130147000775
11786	58.93	-0.337057008640841	-0.128130147000775
11787	58.935	-0.322870616801083	-0.128130147000775
11788	58.94	-0.30094619304873	-0.126840475015342
11789	58.945	-0.289339145179838	-0.128130147000775
11790	58.95	-0.276442425325513	-0.128130147000775
11791	58.955	-0.25967668951489	-0.128130147000775
11792	58.96	-0.248069641645998	-0.128130147000775
11793	58.965	-0.241621281718835	-0.128130147000775
11794	58.97	-0.230014233849943	-0.128130147000775
11795	58.975	-0.222276201937348	-0.128130147000775
11796	58.98	-0.215827842010185	-0.128130147000775
11797	58.985	-0.217117513995618	-0.128130147000775
11798	58.99	-0.209379482083023	-0.129419818986207
11799	58.995	-0.211958826053888	-0.129419818986207
11800	59	-0.20808981009759	-0.129419818986207
11801	59.005	-0.20293112215586	-0.129419818986207
11802	59.01	-0.206800138112158	-0.129419818986207
11803	59.015	-0.20808981009759	-0.129419818986207
11804	59.02	-0.204220794141293	-0.129419818986207
11805	59.025	-0.210669154068455	-0.129419818986207
11806	59.03	-0.21324849803932	-0.129419818986207
11807	59.035	-0.217117513995618	-0.129419818986207
11808	59.04	-0.209379482083023	-0.129419818986207
11809	59.045	-0.214538170024753	-0.13070949097164
11810	59.05	-0.214538170024753	-0.129419818986207
11811	59.055	-0.222276201937348	-0.129419818986207
11812	59.06	-0.220986529951915	-0.13070949097164
11813	59.065	-0.211958826053888	-0.13070949097164
11814	59.07	-0.211958826053888	-0.13070949097164
11815	59.075	-0.211958826053888	-0.13070949097164
11816	59.08	-0.20808981009759	-0.13070949097164
11817	59.085	-0.201641450170428	-0.13070949097164
11818	59.09	-0.204220794141293	-0.13070949097164
11819	59.095	-0.199062106199563	-0.13070949097164
11820	59.1	-0.199062106199563	-0.131999162957072
11821	59.105	-0.19777243421413	-0.13070949097164
11822	59.11	-0.199062106199563	-0.13070949097164
11823	59.115	-0.193903418257833	-0.13070949097164
11824	59.12	-0.188744730316103	-0.131999162957072
11825	59.125	-0.1926137462724	-0.131999162957072
11826	59.13	-0.19777243421413	-0.131999162957072
11827	59.135	-0.190034402301535	-0.131999162957072
11828	59.14	-0.188744730316103	-0.131999162957072
11829	59.145	-0.1926137462724	-0.131999162957072
11830	59.15	-0.190034402301535	-0.133288834942505
11831	59.155	-0.190034402301535	-0.131999162957072
11832	59.16	-0.183586042374372	-0.133288834942505
11833	59.165	-0.190034402301535	-0.133288834942505
11834	59.17	-0.190034402301535	-0.133288834942505
11835	59.175	-0.1926137462724	-0.133288834942505
11836	59.18	-0.184875714359805	-0.133288834942505
11837	59.185	-0.190034402301535	-0.133288834942505
11838	59.19	-0.1926137462724	-0.133288834942505
11839	59.195	-0.1926137462724	-0.133288834942505
11840	59.2	-0.18745505833067	-0.133288834942505
11841	59.205	-0.183586042374372	-0.133288834942505
11842	59.21	-0.179717026418075	-0.133288834942505
11843	59.215	-0.184875714359805	-0.134578506927937
11844	59.22	-0.181006698403507	-0.133288834942505
11845	59.225	-0.181006698403507	-0.134578506927937
11846	59.23	-0.181006698403507	-0.134578506927937
11847	59.235	-0.188744730316103	-0.134578506927937
11848	59.24	-0.183586042374372	-0.134578506927937
11849	59.245	-0.184875714359805	-0.134578506927937
11850	59.25	-0.183586042374372	-0.134578506927937
11851	59.255	-0.190034402301535	-0.134578506927937
11852	59.26	-0.178427354432642	-0.13586817891337
11853	59.265	-0.174558338476345	-0.13586817891337
11854	59.27	-0.175848010461777	-0.13586817891337
11855	59.275	-0.173268666490912	-0.13586817891337
11856	59.28	-0.165530634578317	-0.13586817891337
11857	59.285	-0.17713768244721	-0.13586817891337
11858	59.29	-0.168109978549182	-0.13586817891337
11859	59.295	-0.168109978549182	-0.13586817891337
11860	59.3	-0.162951290607452	-0.13586817891337
11861	59.305	-0.164240962592885	-0.13586817891337
11862	59.31	-0.164240962592885	-0.13586817891337
11863	59.315	-0.162951290607452	-0.137157850898802
11864	59.32	-0.16166161862202	-0.137157850898802
11865	59.325	-0.165530634578317	-0.137157850898802
11866	59.33	-0.162951290607452	-0.137157850898802
11867	59.335	-0.16682030656375	-0.137157850898802
11868	59.34	-0.159082274651155	-0.137157850898802
11869	59.345	-0.160371946636587	-0.137157850898802
11870	59.35	-0.165530634578317	-0.137157850898802
11871	59.355	-0.165530634578317	-0.137157850898802
11872	59.36	-0.157792602665722	-0.137157850898802
11873	59.365	-0.155213258694857	-0.138447522884235
11874	59.37	-0.157792602665722	-0.137157850898802
11875	59.375	-0.159082274651155	-0.138447522884235
11876	59.38	-0.15650293068029	-0.138447522884235
11877	59.385	-0.15650293068029	-0.138447522884235
11878	59.39	-0.155213258694857	-0.138447522884235
11879	59.395	-0.153923586709425	-0.138447522884235
11880	59.4	-0.152633914723992	-0.138447522884235
11881	59.405	-0.15134424273856	-0.138447522884235
11882	59.41	-0.147475226782262	-0.138447522884235
11883	59.415	-0.150054570753127	-0.138447522884235
11884	59.42	-0.148764898767695	-0.139737194869667
11885	59.425	-0.14618555479683	-0.139737194869667
11886	59.43	-0.147475226782262	-0.139737194869667
11887	59.435	-0.148764898767695	-0.139737194869667
11888	59.44	-0.144895882811397	-0.139737194869667
11889	59.445	-0.142316538840532	-0.139737194869667
11890	59.45	-0.143606210825965	-0.139737194869667
11891	59.455	-0.144895882811397	-0.1410268668551
11892	59.46	-0.139737194869667	-0.1410268668551
11893	59.465	-0.1410268668551	-0.1410268668551
11894	59.47	-0.142316538840532	-0.1410268668551
11895	59.475	-0.139737194869667	-0.1410268668551
11896	59.48	-0.139737194869667	-0.1410268668551
11897	59.485	-0.138447522884235	-0.1410268668551
11898	59.49	-0.142316538840532	-0.1410268668551
11899	59.495	-0.144895882811397	-0.1410268668551
11900	59.5	-0.139737194869667	-0.142316538840532
11901	59.505	-0.137157850898802	-0.1410268668551
11902	59.51	-0.139737194869667	-0.1410268668551
11903	59.515	-0.1410268668551	-0.1410268668551
11904	59.52	-0.13586817891337	-0.142316538840532
11905	59.525	-0.137157850898802	-0.142316538840532
11906	59.53	-0.138447522884235	-0.142316538840532
11907	59.535	-0.137157850898802	-0.142316538840532
11908	59.54	-0.133288834942505	-0.142316538840532
11909	59.545	-0.137157850898802	-0.142316538840532
11910	59.55	-0.13586817891337	-0.142316538840532
11911	59.555	-0.1410268668551	-0.142316538840532
11912	59.56	-0.138447522884235	-0.142316538840532
11913	59.565	-0.138447522884235	-0.142316538840532
11914	59.57	-0.1410268668551	-0.143606210825965
11915	59.575	-0.138447522884235	-0.143606210825965
11916	59.58	-0.13586817891337	-0.143606210825965
11917	59.585	-0.143606210825965	-0.143606210825965
11918	59.59	-0.142316538840532	-0.143606210825965
11919	59.595	-0.139737194869667	-0.143606210825965
11920	59.6	-0.1410268668551	-0.143606210825965
11921	59.605	-0.142316538840532	-0.143606210825965
11922	59.61	-0.14618555479683	-0.143606210825965
11923	59.615	-0.14618555479683	-0.143606210825965
11924	59.62	-0.147475226782262	-0.143606210825965
11925	59.625	-0.144895882811397	-0.143606210825965
11926	59.63	-0.15134424273856	-0.143606210825965
11927	59.635	-0.147475226782262	-0.144895882811397
11928	59.64	-0.147475226782262	-0.144895882811397
11929	59.645	-0.15134424273856	-0.144895882811397
11930	59.65	-0.152633914723992	-0.144895882811397
11931	59.655	-0.15134424273856	-0.144895882811397
11932	59.66	-0.157792602665722	-0.144895882811397
11933	59.665	-0.155213258694857	-0.144895882811397
11934	59.67	-0.164240962592885	-0.144895882811397
11935	59.675	-0.16682030656375	-0.14618555479683
11936	59.68	-0.168109978549182	-0.14618555479683
11937	59.685	-0.169399650534615	-0.144895882811397
11938	59.69	-0.17197899450548	-0.144895882811397
11939	59.695	-0.17713768244721	-0.14618555479683
11940	59.7	-0.179717026418075	-0.14618555479683
11941	59.705	-0.174558338476345	-0.14618555479683
11942	59.71	-0.178427354432642	-0.14618555479683
11943	59.715	-0.184875714359805	-0.14618555479683
11944	59.72	-0.184875714359805	-0.147475226782262
11945	59.725	-0.184875714359805	-0.147475226782262
11946	59.73	-0.190034402301535	-0.14618555479683
11947	59.735	-0.186165386345237	-0.147475226782262
11948	59.74	-0.188744730316103	-0.147475226782262
11949	59.745	-0.191324074286968	-0.147475226782262
11950	59.75	-0.190034402301535	-0.147475226782262
11951	59.755	-0.188744730316103	-0.147475226782262
11952	59.76	-0.195193090243265	-0.147475226782262
11953	59.765	-0.196482762228698	-0.147475226782262
11954	59.77	-0.19777243421413	-0.147475226782262
11955	59.775	-0.199062106199563	-0.148764898767695
11956	59.78	-0.199062106199563	-0.148764898767695
11957	59.785	-0.20293112215586	-0.148764898767695
11958	59.79	-0.210669154068455	-0.148764898767695
11959	59.795	-0.206800138112158	-0.148764898767695
11960	59.8	-0.204220794141293	-0.148764898767695
11961	59.805	-0.20293112215586	-0.148764898767695
11962	59.81	-0.20808981009759	-0.148764898767695
11963	59.815	-0.206800138112158	-0.148764898767695
11964	59.82	-0.205510466126725	-0.150054570753127
11965	59.825	-0.205510466126725	-0.150054570753127
11966	59.83	-0.211958826053888	-0.150054570753127
11967	59.835	-0.211958826053888	-0.150054570753127
11968	59.84	-0.206800138112158	-0.150054570753127
11969	59.845	-0.210669154068455	-0.150054570753127
11970	59.85	-0.21324849803932	-0.150054570753127
11971	59.855	-0.211958826053888	-0.150054570753127
11972	59.86	-0.206800138112158	-0.150054570753127
11973	59.865	-0.210669154068455	-0.150054570753127
11974	59.87	-0.211958826053888	-0.150054570753127
11975	59.875	-0.214538170024753	-0.150054570753127
11976	59.88	-0.210669154068455	-0.15134424273856
11977	59.885	-0.20808981009759	-0.15134424273856
11978	59.89	-0.211958826053888	-0.15134424273856
11979	59.895	-0.21324849803932	-0.15134424273856
11980	59.9	-0.210669154068455	-0.15134424273856
11981	59.905	-0.209379482083023	-0.15134424273856
11982	59.91	-0.211958826053888	-0.15134424273856
11983	59.915	-0.217117513995618	-0.152633914723992
11984	59.92	-0.215827842010185	-0.152633914723992
11985	59.925	-0.211958826053888	-0.15134424273856
11986	59.93	-0.211958826053888	-0.15134424273856
11987	59.935	-0.21324849803932	-0.152633914723992
11988	59.94	-0.209379482083023	-0.152633914723992
11989	59.945	-0.206800138112158	-0.152633914723992
11990	59.95	-0.20293112215586	-0.152633914723992
11991	59.955	-0.209379482083023	-0.152633914723992
11992	59.96	-0.209379482083023	-0.152633914723992
11993	59.965	-0.204220794141293	-0.152633914723992
11994	59.97	-0.206800138112158	-0.152633914723992
11995	59.975	-0.20293112215586	-0.152633914723992
11996	59.98	-0.205510466126725	-0.152633914723992
11997	59.985	-0.209379482083023	-0.152633914723992
11998	59.99	-0.206800138112158	-0.153923586709425
11999	59.995	-0.206800138112158	-0.153923586709425
12000	60	-0.200351778184995	-0.153923586709425
12001	60.005	-0.201641450170428	-0.153923586709425
12002	60.01	-0.20293112215586	-0.153923586709425
12003	60.015	-0.19777243421413	-0.153923586709425
12004	60.02	-0.196482762228698	-0.153923586709425
12005	60.025	-0.19777243421413	-0.153923586709425
12006	60.03	-0.19777243421413	-0.153923586709425
12007	60.035	-0.193903418257833	-0.153923586709425
12008	60.04	-0.19777243421413	-0.155213258694857
12009	60.045	-0.195193090243265	-0.155213258694857
12010	60.05	-0.193903418257833	-0.155213258694857
12011	60.055	-0.193903418257833	-0.155213258694857
12012	60.06	-0.191324074286968	-0.155213258694857
12013	60.065	-0.18745505833067	-0.155213258694857
12014	60.07	-0.191324074286968	-0.155213258694857
12015	60.075	-0.18745505833067	-0.155213258694857
12016	60.08	-0.184875714359805	-0.155213258694857
12017	60.085	-0.179717026418075	-0.155213258694857
12018	60.09	-0.183586042374372	-0.155213258694857
12019	60.095	-0.183586042374372	-0.15650293068029
12020	60.1	-0.17713768244721	-0.15650293068029
12021	60.105	-0.178427354432642	-0.15650293068029
12022	60.11	-0.17713768244721	-0.155213258694857
12023	60.115	-0.17713768244721	-0.15650293068029
12024	60.12	-0.181006698403507	-0.15650293068029
12025	60.125	-0.17713768244721	-0.15650293068029
12026	60.13	-0.178427354432642	-0.15650293068029
12027	60.135	-0.175848010461777	-0.15650293068029
12028	60.14	-0.174558338476345	-0.15650293068029
12029	60.145	-0.175848010461777	-0.15650293068029
12030	60.15	-0.175848010461777	-0.15650293068029
12031	60.155	-0.17713768244721	-0.157792602665722
12032	60.16	-0.17197899450548	-0.15650293068029
12033	60.165	-0.174558338476345	-0.157792602665722
12034	60.17	-0.174558338476345	-0.15650293068029
12035	60.175	-0.17713768244721	-0.157792602665722
12036	60.18	-0.17197899450548	-0.157792602665722
12037	60.185	-0.17197899450548	-0.157792602665722
12038	60.19	-0.169399650534615	-0.157792602665722
12039	60.195	-0.168109978549182	-0.157792602665722
12040	60.2	-0.165530634578317	-0.157792602665722
12041	60.205	-0.16682030656375	-0.157792602665722
12042	60.21	-0.17713768244721	-0.157792602665722
12043	60.215	-0.170689322520047	-0.157792602665722
12044	60.22	-0.165530634578317	-0.159082274651155
12045	60.225	-0.174558338476345	-0.157792602665722
12046	60.23	-0.173268666490912	-0.159082274651155
12047	60.235	-0.174558338476345	-0.157792602665722
12048	60.24	-0.17197899450548	-0.159082274651155
12049	60.245	-0.174558338476345	-0.159082274651155
12050	60.25	-0.173268666490912	-0.159082274651155
12051	60.255	-0.173268666490912	-0.159082274651155
12052	60.26	-0.170689322520047	-0.159082274651155
12053	60.265	-0.169399650534615	-0.159082274651155
12054	60.27	-0.169399650534615	-0.159082274651155
12055	60.275	-0.17713768244721	-0.159082274651155
12056	60.28	-0.17197899450548	-0.159082274651155
12057	60.285	-0.173268666490912	-0.159082274651155
12058	60.29	-0.174558338476345	-0.160371946636587
12059	60.295	-0.17713768244721	-0.160371946636587
12060	60.3	-0.173268666490912	-0.159082274651155
12061	60.305	-0.181006698403507	-0.160371946636587
12062	60.31	-0.184875714359805	-0.160371946636587
12063	60.315	-0.184875714359805	-0.160371946636587
12064	60.32	-0.18229637038894	-0.160371946636587
12065	60.325	-0.190034402301535	-0.160371946636587
12066	60.33	-0.191324074286968	-0.160371946636587
12067	60.335	-0.191324074286968	-0.160371946636587
12068	60.34	-0.1926137462724	-0.160371946636587
12069	60.345	-0.193903418257833	-0.160371946636587
12070	60.35	-0.19777243421413	-0.160371946636587
12071	60.355	-0.199062106199563	-0.160371946636587
12072	60.36	-0.20293112215586	-0.160371946636587
12073	60.365	-0.205510466126725	-0.160371946636587
12074	60.37	-0.211958826053888	-0.16166161862202
12075	60.375	-0.211958826053888	-0.160371946636587
12076	60.38	-0.214538170024753	-0.160371946636587
12077	60.385	-0.209379482083023	-0.160371946636587
12078	60.39	-0.21324849803932	-0.16166161862202
12079	60.395	-0.219696857966483	-0.16166161862202
12080	60.4	-0.219696857966483	-0.16166161862202
12081	60.405	-0.22356587392278	-0.160371946636587
12082	60.41	-0.226145217893645	-0.16166161862202
12083	60.415	-0.22872456186451	-0.16166161862202
12084	60.42	-0.22356587392278	-0.16166161862202
12085	60.425	-0.231303905835375	-0.16166161862202
12086	60.43	-0.232593577820808	-0.16166161862202
12087	60.435	-0.235172921791673	-0.162951290607452
12088	60.44	-0.231303905835375	-0.162951290607452
12089	60.445	-0.232593577820808	-0.162951290607452
12090	60.45	-0.235172921791673	-0.162951290607452
12091	60.455	-0.241621281718835	-0.162951290607452
12092	60.46	-0.250648985616863	-0.162951290607452
12093	60.465	-0.258387017529458	-0.162951290607452
12094	60.47	-0.251938657602295	-0.16166161862202
12095	60.475	-0.257097345544025	-0.162951290607452
12096	60.48	-0.262256033485755	-0.162951290607452
12097	60.485	-0.266125049442053	-0.16166161862202
12098	60.49	-0.273863081354648	-0.162951290607452
12099	60.495	-0.28031144128181	-0.162951290607452
12100	60.5	-0.276442425325513	-0.162951290607452
12101	60.505	-0.279021769296378	-0.162951290607452
12102	60.51	-0.282890785252675	-0.162951290607452
12103	60.515	-0.291918489150703	-0.162951290607452
12104	60.52	-0.297077177092433	-0.164240962592885
12105	60.525	-0.295787505107	-0.162951290607452
12106	60.53	-0.303525537019596	-0.162951290607452
12107	60.535	-0.307394552975893	-0.164240962592885
12108	60.54	-0.30094619304873	-0.162951290607452
12109	60.545	-0.313842912903056	-0.162951290607452
12110	60.55	-0.313842912903056	-0.162951290607452
12111	60.555	-0.312553240917623	-0.164240962592885
12112	60.56	-0.322870616801083	-0.164240962592885
12113	60.565	-0.324160288786516	-0.164240962592885
12114	60.57	-0.329318976728246	-0.164240962592885
12115	60.575	-0.333187992684543	-0.164240962592885
12116	60.58	-0.340926024597138	-0.164240962592885
12117	60.585	-0.347374384524301	-0.164240962592885
12118	60.59	-0.349953728495166	-0.164240962592885
12119	60.595	-0.352533072466031	-0.164240962592885
12120	60.6	-0.358981432393193	-0.164240962592885
12121	60.605	-0.365429792320356	-0.164240962592885
12122	60.61	-0.369298808276653	-0.164240962592885
12123	60.615	-0.373167824232951	-0.164240962592885
12124	60.62	-0.375747168203816	-0.165530634578317
12125	60.625	-0.384774872101843	-0.165530634578317
12126	60.63	-0.392512904014438	-0.165530634578317
12127	60.635	-0.405409623868763	-0.165530634578317
12128	60.64	-0.401540607912466	-0.164240962592885
12129	60.645	-0.406699295854196	-0.165530634578317
12130	60.65	-0.417016671737656	-0.164240962592885
12131	60.655	-0.418306343723089	-0.165530634578317
12132	60.66	-0.423465031664819	-0.165530634578317
12133	60.665	-0.438941095490009	-0.165530634578317
12134	60.67	-0.442810111446306	-0.164240962592885
12135	60.675	-0.444099783431739	-0.165530634578317
12136	60.68	-0.446679127402604	-0.165530634578317
12137	60.685	-0.454417159315199	-0.165530634578317
12138	60.69	-0.455706831300631	-0.165530634578317
12139	60.695	-0.462155191227794	-0.165530634578317
12140	60.7	-0.460865519242361	-0.165530634578317
12141	60.705	-0.464734535198659	-0.165530634578317
12142	60.71	-0.476341583067551	-0.16682030656375
12143	60.715	-0.472472567111254	-0.16682030656375
12144	60.72	-0.481500271009281	-0.16682030656375
12145	60.725	-0.489238302921876	-0.16682030656375
12146	60.73	-0.496976334834471	-0.16682030656375
12147	60.735	-0.502135022776201	-0.165530634578317
12148	60.74	-0.504714366747066	-0.16682030656375
12149	60.745	-0.508583382703364	-0.16682030656375
12150	60.75	-0.513742070645094	-0.16682030656375
12151	60.755	-0.520190430572256	-0.168109978549182
12152	60.76	-0.521480102557689	-0.16682030656375
12153	60.765	-0.525349118513986	-0.168109978549182
12154	60.77	-0.530507806455716	-0.168109978549182
12155	60.775	-0.538245838368312	-0.168109978549182
12156	60.78	-0.544694198295474	-0.168109978549182
12157	60.785	-0.540825182339177	-0.168109978549182
12158	60.79	-0.556301246164367	-0.168109978549182
12159	60.795	-0.558880590135232	-0.168109978549182
12160	60.8	-0.566618622047827	-0.168109978549182
12161	60.805	-0.570487638004124	-0.168109978549182
12162	60.81	-0.576935997931287	-0.168109978549182
12163	60.815	-0.591122389771044	-0.169399650534615
12164	60.82	-0.584674029843882	-0.168109978549182
12165	60.825	-0.580805013887584	-0.168109978549182
12166	60.83	-0.601439765654504	-0.169399650534615
12167	60.835	-0.597570749698207	-0.168109978549182
12168	60.84	-0.610467469552532	-0.169399650534615
12169	60.845	-0.607888125581667	-0.169399650534615
12170	60.85	-0.614336485508829	-0.169399650534615
12171	60.855	-0.607888125581667	-0.169399650534615
12172	60.86	-0.610467469552532	-0.169399650534615
12173	60.865	-0.619495173450559	-0.169399650534615
12174	60.87	-0.611757141537964	-0.169399650534615
12175	60.875	-0.615626157494262	-0.169399650534615
12176	60.88	-0.616915829479694	-0.169399650534615
12177	60.885	-0.624653861392289	-0.169399650534615
12178	60.89	-0.623364189406857	-0.170689322520047
12179	60.895	-0.622074517421424	-0.170689322520047
12180	60.9	-0.616915829479694	-0.170689322520047
12181	60.905	-0.615626157494262	-0.170689322520047
12182	60.91	-0.614336485508829	-0.169399650534615
12183	60.915	-0.606598453596234	-0.170689322520047
12184	60.92	-0.593701733741909	-0.170689322520047
12185	60.925	-0.602729437639937	-0.170689322520047
12186	60.93	-0.591122389771044	-0.170689322520047
12187	60.935	-0.585963701829314	-0.170689322520047
12188	60.94	-0.578225669916719	-0.17197899450548
12189	60.945	-0.569197966018692	-0.170689322520047
12190	60.95	-0.565328950062394	-0.17197899450548
12191	60.955	-0.565328950062394	-0.17197899450548
12192	60.96	-0.557590918149799	-0.17197899450548
12193	60.965	-0.545983870280907	-0.17197899450548
12194	60.97	-0.542114854324609	-0.17197899450548
12195	60.975	-0.542114854324609	-0.17197899450548
12196	60.98	-0.527928462484851	-0.17197899450548
12197	60.985	-0.527928462484851	-0.17197899450548
12198	60.99	-0.518900758586824	-0.17197899450548
12199	60.995	-0.525349118513986	-0.17197899450548
12200	61	-0.522769774543121	-0.17197899450548
12201	61.005	-0.515031742630526	-0.17197899450548
12202	61.01	-0.517611086601391	-0.17197899450548
12203	61.015	-0.511162726674229	-0.17197899450548
12204	61.02	-0.512452398659661	-0.173268666490912
12205	61.025	-0.520190430572256	-0.173268666490912
12206	61.03	-0.509873054688796	-0.173268666490912
12207	61.035	-0.507293710717931	-0.173268666490912
12208	61.04	-0.502135022776201	-0.173268666490912
12209	61.045	-0.493107318878174	-0.173268666490912
12210	61.05	-0.494396990863606	-0.173268666490912
12211	61.055	-0.489238302921876	-0.173268666490912
12212	61.06	-0.481500271009281	-0.173268666490912
12213	61.065	-0.486658958951011	-0.173268666490912
12214	61.07	-0.468603551154956	-0.174558338476345
12215	61.075	-0.467313879169524	-0.174558338476345
12216	61.08	-0.464734535198659	-0.174558338476345
12217	61.085	-0.455706831300631	-0.174558338476345
12218	61.09	-0.450548143358901	-0.174558338476345
12219	61.095	-0.455706831300631	-0.174558338476345
12220	61.1	-0.440230767475441	-0.174558338476345
12221	61.105	-0.447968799388036	-0.174558338476345
12222	61.11	-0.441520439460874	-0.174558338476345
12223	61.115	-0.436361751519144	-0.174558338476345
12224	61.12	-0.435072079533711	-0.174558338476345
12225	61.125	-0.426044375635684	-0.174558338476345
12226	61.13	-0.436361751519144	-0.175848010461777
12227	61.135	-0.436361751519144	-0.174558338476345
12228	61.14	-0.431203063577414	-0.175848010461777
12229	61.145	-0.428623719606549	-0.175848010461777
12230	61.15	-0.426044375635684	-0.175848010461777
12231	61.155	-0.426044375635684	-0.175848010461777
12232	61.16	-0.420885687693954	-0.175848010461777
12233	61.165	-0.419596015708521	-0.175848010461777
12234	61.17	-0.417016671737656	-0.17713768244721
12235	61.175	-0.415726999752223	-0.175848010461777
12236	61.18	-0.404119951883331	-0.17713768244721
12237	61.185	-0.397671591956168	-0.17713768244721
12238	61.19	-0.393802575999871	-0.17713768244721
12239	61.195	-0.392512904014438	-0.17713768244721
12240	61.2	-0.374457496218383	-0.17713768244721
12241	61.205	-0.377036840189248	-0.17713768244721
12242	61.21	-0.373167824232951	-0.17713768244721
12243	61.215	-0.360271104378626	-0.17713768244721
12244	61.22	-0.352533072466031	-0.17713768244721
12245	61.225	-0.346084712538868	-0.17713768244721
12246	61.23	-0.344795040553436	-0.17713768244721
12247	61.235	-0.337057008640841	-0.17713768244721
12248	61.24	-0.328029304742813	-0.17713768244721
12249	61.245	-0.315132584888488	-0.17713768244721
12250	61.25	-0.312553240917623	-0.17713768244721
12251	61.255	-0.307394552975893	-0.17713768244721
12252	61.26	-0.304815209005028	-0.17713768244721
12253	61.265	-0.30094619304873	-0.178427354432642
12254	61.27	-0.293208161136135	-0.17713768244721
12255	61.275	-0.288049473194405	-0.178427354432642
12256	61.28	-0.284180457238108	-0.178427354432642
12257	61.285	-0.28031144128181	-0.178427354432642
12258	61.29	-0.27515275334008	-0.178427354432642
12259	61.295	-0.273863081354648	-0.178427354432642
12260	61.3	-0.263545705471188	-0.178427354432642
12261	61.305	-0.255807673558593	-0.178427354432642
12262	61.31	-0.24935931363143	-0.178427354432642
12263	61.315	-0.248069641645998	-0.178427354432642
12264	61.32	-0.23904193774797	-0.179717026418075
12265	61.325	-0.230014233849943	-0.178427354432642
12266	61.33	-0.227434889879078	-0.178427354432642
12267	61.335	-0.226145217893645	-0.178427354432642
12268	61.34	-0.214538170024753	-0.179717026418075
12269	61.345	-0.214538170024753	-0.178427354432642
12270	61.35	-0.209379482083023	-0.179717026418075
12271	61.355	-0.205510466126725	-0.179717026418075
12272	61.36	-0.199062106199563	-0.179717026418075
12273	61.365	-0.19777243421413	-0.179717026418075
12274	61.37	-0.1926137462724	-0.179717026418075
12275	61.375	-0.190034402301535	-0.179717026418075
12276	61.38	-0.184875714359805	-0.179717026418075
12277	61.385	-0.186165386345237	-0.179717026418075
12278	61.39	-0.183586042374372	-0.179717026418075
12279	61.395	-0.179717026418075	-0.181006698403507
12280	61.4	-0.175848010461777	-0.179717026418075
12281	61.405	-0.173268666490912	-0.179717026418075
12282	61.41	-0.170689322520047	-0.179717026418075
12283	61.415	-0.169399650534615	-0.179717026418075
12284	61.42	-0.169399650534615	-0.181006698403507
12285	61.425	-0.168109978549182	-0.181006698403507
12286	61.43	-0.170689322520047	-0.181006698403507
12287	61.435	-0.17197899450548	-0.181006698403507
12288	61.44	-0.162951290607452	-0.181006698403507
12289	61.445	-0.160371946636587	-0.181006698403507
12290	61.45	-0.170689322520047	-0.181006698403507
12291	61.455	-0.165530634578317	-0.18229637038894
12292	61.46	-0.168109978549182	-0.181006698403507
12293	61.465	-0.169399650534615	-0.181006698403507
12294	61.47	-0.17713768244721	-0.18229637038894
12295	61.475	-0.175848010461777	-0.181006698403507
12296	61.48	-0.179717026418075	-0.181006698403507
12297	61.485	-0.174558338476345	-0.18229637038894
12298	61.49	-0.183586042374372	-0.18229637038894
12299	61.495	-0.186165386345237	-0.18229637038894
12300	61.5	-0.184875714359805	-0.18229637038894
12301	61.505	-0.18745505833067	-0.18229637038894
12302	61.51	-0.195193090243265	-0.18229637038894
12303	61.515	-0.19777243421413	-0.18229637038894
12304	61.52	-0.195193090243265	-0.18229637038894
12305	61.525	-0.195193090243265	-0.18229637038894
12306	61.53	-0.206800138112158	-0.18229637038894
12307	61.535	-0.209379482083023	-0.183586042374372
12308	61.54	-0.214538170024753	-0.183586042374372
12309	61.545	-0.217117513995618	-0.183586042374372
12310	61.55	-0.21840718598105	-0.183586042374372
12311	61.555	-0.230014233849943	-0.183586042374372
12312	61.56	-0.23388324980624	-0.183586042374372
12313	61.565	-0.237752265762538	-0.183586042374372
12314	61.57	-0.240331609733403	-0.183586042374372
12315	61.575	-0.242910953704268	-0.183586042374372
12316	61.58	-0.250648985616863	-0.183586042374372
12317	61.585	-0.25451800157316	-0.184875714359805
12318	61.59	-0.262256033485755	-0.184875714359805
12319	61.595	-0.257097345544025	-0.184875714359805
12320	61.6	-0.25967668951489	-0.184875714359805
12321	61.605	-0.273863081354648	-0.184875714359805
12322	61.61	-0.276442425325513	-0.184875714359805
12323	61.615	-0.279021769296378	-0.184875714359805
12324	61.62	-0.279021769296378	-0.186165386345237
12325	61.625	-0.281601113267243	-0.186165386345237
12326	61.63	-0.289339145179838	-0.186165386345237
12327	61.635	-0.286759801208973	-0.184875714359805
12328	61.64	-0.293208161136135	-0.184875714359805
12329	61.645	-0.29062881716527	-0.186165386345237
12330	61.65	-0.299656521063298	-0.186165386345237
12331	61.655	-0.30094619304873	-0.186165386345237
12332	61.66	-0.30094619304873	-0.186165386345237
12333	61.665	-0.303525537019596	-0.186165386345237
12334	61.67	-0.307394552975893	-0.186165386345237
12335	61.675	-0.307394552975893	-0.186165386345237
12336	61.68	-0.311263568932191	-0.186165386345237
12337	61.685	-0.308684224961326	-0.186165386345237
12338	61.69	-0.317711928859353	-0.18745505833067
12339	61.695	-0.312553240917623	-0.18745505833067
12340	61.7	-0.328029304742813	-0.18745505833067
12341	61.705	-0.325449960771948	-0.18745505833067
12342	61.71	-0.326739632757381	-0.18745505833067
12343	61.715	-0.325449960771948	-0.18745505833067
12344	61.72	-0.333187992684543	-0.18745505833067
12345	61.725	-0.338346680626273	-0.18745505833067
12346	61.73	-0.334477664669976	-0.18745505833067
12347	61.735	-0.335767336655408	-0.18745505833067
12348	61.74	-0.337057008640841	-0.18745505833067
12349	61.745	-0.344795040553436	-0.18745505833067
12350	61.75	-0.343505368568003	-0.18745505833067
12351	61.755	-0.352533072466031	-0.188744730316103
12352	61.76	-0.344795040553436	-0.18745505833067
12353	61.765	-0.344795040553436	-0.18745505833067
12354	61.77	-0.355112416436896	-0.188744730316103
12355	61.775	-0.349953728495166	-0.188744730316103
12356	61.78	-0.360271104378626	-0.188744730316103
12357	61.785	-0.357691760407761	-0.188744730316103
12358	61.79	-0.362850448349491	-0.188744730316103
12359	61.795	-0.361560776364058	-0.188744730316103
12360	61.8	-0.360271104378626	-0.190034402301535
12361	61.805	-0.365429792320356	-0.188744730316103
12362	61.81	-0.360271104378626	-0.188744730316103
12363	61.815	-0.368009136291221	-0.188744730316103
12364	61.82	-0.365429792320356	-0.188744730316103
12365	61.825	-0.368009136291221	-0.188744730316103
12366	61.83	-0.373167824232951	-0.190034402301535
12367	61.835	-0.373167824232951	-0.188744730316103
12368	61.84	-0.373167824232951	-0.190034402301535
12369	61.845	-0.370588480262086	-0.190034402301535
12370	61.85	-0.378326512174681	-0.190034402301535
12371	61.855	-0.379616184160113	-0.190034402301535
12372	61.86	-0.382195528130978	-0.190034402301535
12373	61.865	-0.379616184160113	-0.188744730316103
12374	61.87	-0.384774872101843	-0.190034402301535
12375	61.875	-0.380905856145546	-0.190034402301535
12376	61.88	-0.382195528130978	-0.190034402301535
12377	61.885	-0.379616184160113	-0.191324074286968
12378	61.89	-0.388643888058141	-0.190034402301535
12379	61.895	-0.382195528130978	-0.190034402301535
12380	61.9	-0.378326512174681	-0.191324074286968
12381	61.905	-0.388643888058141	-0.190034402301535
12382	61.91	-0.387354216072708	-0.191324074286968
12383	61.915	-0.388643888058141	-0.190034402301535
12384	61.92	-0.378326512174681	-0.191324074286968
12385	61.925	-0.382195528130978	-0.191324074286968
12386	61.93	-0.380905856145546	-0.191324074286968
12387	61.935	-0.375747168203816	-0.191324074286968
12388	61.94	-0.374457496218383	-0.191324074286968
12389	61.945	-0.379616184160113	-0.191324074286968
12390	61.95	-0.378326512174681	-0.191324074286968
12391	61.955	-0.379616184160113	-0.191324074286968
12392	61.96	-0.375747168203816	-0.191324074286968
12393	61.965	-0.371878152247518	-0.191324074286968
12394	61.97	-0.371878152247518	-0.191324074286968
12395	61.975	-0.364140120334923	-0.191324074286968
12396	61.98	-0.361560776364058	-0.1926137462724
12397	61.985	-0.358981432393193	-0.1926137462724
12398	61.99	-0.357691760407761	-0.1926137462724
12399	61.995	-0.358981432393193	-0.1926137462724
12400	62	-0.349953728495166	-0.1926137462724
12401	62.005	-0.349953728495166	-0.1926137462724
12402	62.01	-0.347374384524301	-0.193903418257833
12403	62.015	-0.347374384524301	-0.1926137462724
12404	62.02	-0.344795040553436	-0.193903418257833
12405	62.025	-0.331898320699111	-0.193903418257833
12406	62.03	-0.329318976728246	-0.193903418257833
12407	62.035	-0.330608648713678	-0.193903418257833
12408	62.04	-0.326739632757381	-0.193903418257833
12409	62.045	-0.322870616801083	-0.193903418257833
12410	62.05	-0.325449960771948	-0.193903418257833
12411	62.055	-0.324160288786516	-0.193903418257833
12412	62.06	-0.320291272830218	-0.193903418257833
12413	62.065	-0.316422256873921	-0.193903418257833
12414	62.07	-0.311263568932191	-0.195193090243265
12415	62.075	-0.311263568932191	-0.195193090243265
12416	62.08	-0.307394552975893	-0.195193090243265
12417	62.085	-0.308684224961326	-0.195193090243265
12418	62.09	-0.304815209005028	-0.195193090243265
12419	62.095	-0.303525537019596	-0.195193090243265
12420	62.1	-0.299656521063298	-0.195193090243265
12421	62.105	-0.297077177092433	-0.195193090243265
12422	62.11	-0.297077177092433	-0.195193090243265
12423	62.115	-0.30094619304873	-0.195193090243265
12424	62.12	-0.294497833121568	-0.195193090243265
12425	62.125	-0.297077177092433	-0.196482762228698
12426	62.13	-0.298366849077865	-0.196482762228698
12427	62.135	-0.298366849077865	-0.195193090243265
12428	62.14	-0.295787505107	-0.195193090243265
12429	62.145	-0.294497833121568	-0.196482762228698
12430	62.15	-0.291918489150703	-0.196482762228698
12431	62.155	-0.291918489150703	-0.196482762228698
12432	62.16	-0.294497833121568	-0.196482762228698
12433	62.165	-0.295787505107	-0.196482762228698
12434	62.17	-0.288049473194405	-0.196482762228698
12435	62.175	-0.291918489150703	-0.196482762228698
12436	62.18	-0.291918489150703	-0.196482762228698
12437	62.185	-0.28547012922354	-0.196482762228698
12438	62.19	-0.286759801208973	-0.196482762228698
12439	62.195	-0.294497833121568	-0.196482762228698
12440	62.2	-0.289339145179838	-0.196482762228698
12441	62.205	-0.286759801208973	-0.196482762228698
12442	62.21	-0.281601113267243	-0.196482762228698
12443	62.215	-0.286759801208973	-0.19777243421413
12444	62.22	-0.277732097310945	-0.19777243421413
12445	62.225	-0.279021769296378	-0.19777243421413
12446	62.23	-0.281601113267243	-0.19777243421413
12447	62.235	-0.272573409369215	-0.19777243421413
12448	62.24	-0.272573409369215	-0.19777243421413
12449	62.245	-0.27515275334008	-0.196482762228698
12450	62.25	-0.267414721427485	-0.19777243421413
12451	62.255	-0.26483537745662	-0.199062106199563
12452	62.26	-0.258387017529458	-0.19777243421413
12453	62.265	-0.263545705471188	-0.19777243421413
12454	62.27	-0.262256033485755	-0.199062106199563
12455	62.275	-0.25967668951489	-0.19777243421413
12456	62.28	-0.253228329587728	-0.19777243421413
12457	62.285	-0.251938657602295	-0.199062106199563
12458	62.29	-0.24935931363143	-0.199062106199563
12459	62.295	-0.24935931363143	-0.199062106199563
12460	62.3	-0.241621281718835	-0.199062106199563
12461	62.305	-0.235172921791673	-0.199062106199563
12462	62.31	-0.23388324980624	-0.199062106199563
12463	62.315	-0.236462593777105	-0.199062106199563
12464	62.32	-0.22872456186451	-0.199062106199563
12465	62.325	-0.22356587392278	-0.199062106199563
12466	62.33	-0.222276201937348	-0.199062106199563
12467	62.335	-0.219696857966483	-0.199062106199563
12468	62.34	-0.219696857966483	-0.200351778184995
12469	62.345	-0.217117513995618	-0.199062106199563
12470	62.35	-0.214538170024753	-0.199062106199563
12471	62.355	-0.210669154068455	-0.199062106199563
12472	62.36	-0.210669154068455	-0.199062106199563
12473	62.365	-0.206800138112158	-0.200351778184995
12474	62.37	-0.205510466126725	-0.200351778184995
12475	62.375	-0.206800138112158	-0.200351778184995
12476	62.38	-0.20293112215586	-0.200351778184995
12477	62.385	-0.200351778184995	-0.200351778184995
12478	62.39	-0.201641450170428	-0.200351778184995
12479	62.395	-0.20293112215586	-0.200351778184995
12480	62.4	-0.19777243421413	-0.200351778184995
12481	62.405	-0.200351778184995	-0.200351778184995
12482	62.41	-0.19777243421413	-0.200351778184995
12483	62.415	-0.193903418257833	-0.200351778184995
12484	62.42	-0.1926137462724	-0.200351778184995
12485	62.425	-0.190034402301535	-0.200351778184995
12486	62.43	-0.190034402301535	-0.200351778184995
12487	62.435	-0.195193090243265	-0.201641450170428
12488	62.44	-0.190034402301535	-0.201641450170428
12489	62.445	-0.191324074286968	-0.201641450170428
12490	62.45	-0.1926137462724	-0.201641450170428
12491	62.455	-0.184875714359805	-0.201641450170428
12492	62.46	-0.184875714359805	-0.201641450170428
12493	62.465	-0.183586042374372	-0.201641450170428
12494	62.47	-0.181006698403507	-0.201641450170428
12495	62.475	-0.17713768244721	-0.201641450170428
12496	62.48	-0.175848010461777	-0.201641450170428
12497	62.485	-0.174558338476345	-0.20293112215586
12498	62.49	-0.175848010461777	-0.20293112215586
12499	62.495	-0.173268666490912	-0.20293112215586
12500	62.5	-0.175848010461777	-0.20293112215586
12501	62.505	-0.169399650534615	-0.20293112215586
12502	62.51	-0.168109978549182	-0.20293112215586
12503	62.515	-0.169399650534615	-0.20293112215586
12504	62.52	-0.16682030656375	-0.20293112215586
12505	62.525	-0.16682030656375	-0.20293112215586
12506	62.53	-0.16682030656375	-0.20293112215586
12507	62.535	-0.16166161862202	-0.20293112215586
12508	62.54	-0.165530634578317	-0.20293112215586
12509	62.545	-0.159082274651155	-0.204220794141293
12510	62.55	-0.160371946636587	-0.204220794141293
12511	62.555	-0.160371946636587	-0.204220794141293
12512	62.56	-0.155213258694857	-0.20293112215586
12513	62.565	-0.15650293068029	-0.204220794141293
12514	62.57	-0.157792602665722	-0.20293112215586
12515	62.575	-0.157792602665722	-0.20293112215586
12516	62.58	-0.152633914723992	-0.204220794141293
12517	62.585	-0.152633914723992	-0.20293112215586
12518	62.59	-0.153923586709425	-0.204220794141293
12519	62.595	-0.153923586709425	-0.204220794141293
12520	62.6	-0.150054570753127	-0.204220794141293
12521	62.605	-0.15134424273856	-0.204220794141293
12522	62.61	-0.153923586709425	-0.204220794141293
12523	62.615	-0.15134424273856	-0.204220794141293
12524	62.62	-0.148764898767695	-0.205510466126725
12525	62.625	-0.150054570753127	-0.204220794141293
12526	62.63	-0.153923586709425	-0.205510466126725
12527	62.635	-0.147475226782262	-0.204220794141293
12528	62.64	-0.143606210825965	-0.205510466126725
12529	62.645	-0.148764898767695	-0.205510466126725
12530	62.65	-0.143606210825965	-0.205510466126725
12531	62.655	-0.148764898767695	-0.205510466126725
12532	62.66	-0.143606210825965	-0.205510466126725
12533	62.665	-0.147475226782262	-0.205510466126725
12534	62.67	-0.144895882811397	-0.205510466126725
12535	62.675	-0.1410268668551	-0.205510466126725
12536	62.68	-0.139737194869667	-0.205510466126725
12537	62.685	-0.1410268668551	-0.205510466126725
12538	62.69	-0.1410268668551	-0.205510466126725
12539	62.695	-0.137157850898802	-0.206800138112158
12540	62.7	-0.133288834942505	-0.206800138112158
12541	62.705	-0.138447522884235	-0.205510466126725
12542	62.71	-0.138447522884235	-0.206800138112158
12543	62.715	-0.137157850898802	-0.206800138112158
12544	62.72	-0.131999162957072	-0.206800138112158
12545	62.725	-0.137157850898802	-0.205510466126725
12546	62.73	-0.134578506927937	-0.206800138112158
12547	62.735	-0.134578506927937	-0.206800138112158
12548	62.74	-0.13070949097164	-0.206800138112158
12549	62.745	-0.133288834942505	-0.206800138112158
12550	62.75	-0.133288834942505	-0.206800138112158
12551	62.755	-0.13586817891337	-0.206800138112158
12552	62.76	-0.131999162957072	-0.20808981009759
12553	62.765	-0.131999162957072	-0.206800138112158
12554	62.77	-0.126840475015342	-0.20808981009759
12555	62.775	-0.133288834942505	-0.20808981009759
12556	62.78	-0.133288834942505	-0.20808981009759
12557	62.785	-0.126840475015342	-0.20808981009759
12558	62.79	-0.126840475015342	-0.20808981009759
12559	62.795	-0.129419818986207	-0.20808981009759
12560	62.8	-0.128130147000775	-0.20808981009759
12561	62.805	-0.124261131044477	-0.20808981009759
12562	62.81	-0.129419818986207	-0.20808981009759
12563	62.815	-0.12555080302991	-0.209379482083023
12564	62.82	-0.129419818986207	-0.209379482083023
12565	62.825	-0.126840475015342	-0.209379482083023
12566	62.83	-0.121681787073612	-0.209379482083023
12567	62.835	-0.122971459059045	-0.209379482083023
12568	62.84	-0.12039211508818	-0.209379482083023
12569	62.845	-0.117812771117315	-0.209379482083023
12570	62.85	-0.122971459059045	-0.209379482083023
12571	62.855	-0.121681787073612	-0.209379482083023
12572	62.86	-0.117812771117315	-0.209379482083023
12573	62.865	-0.11523342714645	-0.209379482083023
12574	62.87	-0.113943755161017	-0.210669154068455
12575	62.875	-0.116523099131882	-0.209379482083023
12576	62.88	-0.11523342714645	-0.210669154068455
12577	62.885	-0.113943755161017	-0.210669154068455
12578	62.89	-0.116523099131882	-0.210669154068455
12579	62.895	-0.113943755161017	-0.210669154068455
12580	62.9	-0.112654083175585	-0.210669154068455
12581	62.905	-0.113943755161017	-0.210669154068455
12582	62.91	-0.11007473920472	-0.210669154068455
12583	62.915	-0.11007473920472	-0.211958826053888
12584	62.92	-0.11007473920472	-0.210669154068455
12585	62.925	-0.11007473920472	-0.210669154068455
12586	62.93	-0.11007473920472	-0.210669154068455
12587	62.935	-0.108785067219287	-0.211958826053888
12588	62.94	-0.106205723248422	-0.211958826053888
12589	62.945	-0.106205723248422	-0.211958826053888
12590	62.95	-0.107495395233855	-0.211958826053888
12591	62.955	-0.108785067219287	-0.211958826053888
12592	62.96	-0.108785067219287	-0.211958826053888
12593	62.965	-0.106205723248422	-0.211958826053888
12594	62.97	-0.103626379277557	-0.211958826053888
12595	62.975	-0.106205723248422	-0.211958826053888
12596	62.98	-0.106205723248422	-0.211958826053888
12597	62.985	-0.10491605126299	-0.211958826053888
12598	62.99	-0.106205723248422	-0.211958826053888
12599	62.995	-0.108785067219287	-0.211958826053888
12600	63	-0.107495395233855	-0.21324849803932
12601	63.005	-0.10491605126299	-0.21324849803932
12602	63.01	-0.107495395233855	-0.21324849803932
12603	63.015	-0.106205723248422	-0.21324849803932
12604	63.02	-0.106205723248422	-0.211958826053888
12605	63.025	-0.11007473920472	-0.21324849803932
12606	63.03	-0.11007473920472	-0.21324849803932
12607	63.035	-0.103626379277557	-0.21324849803932
12608	63.04	-0.106205723248422	-0.21324849803932
12609	63.045	-0.106205723248422	-0.21324849803932
12610	63.05	-0.108785067219287	-0.21324849803932
12611	63.055	-0.107495395233855	-0.214538170024753
12612	63.06	-0.103626379277557	-0.21324849803932
12613	63.065	-0.106205723248422	-0.21324849803932
12614	63.07	-0.108785067219287	-0.21324849803932
12615	63.075	-0.106205723248422	-0.214538170024753
12616	63.08	-0.103626379277557	-0.214538170024753
12617	63.085	-0.107495395233855	-0.21324849803932
12618	63.09	-0.10491605126299	-0.214538170024753
12619	63.095	-0.11007473920472	-0.214538170024753
12620	63.1	-0.102336707292125	-0.214538170024753
12621	63.105	-0.103626379277557	-0.214538170024753
12622	63.11	-0.106205723248422	-0.214538170024753
12623	63.115	-0.103626379277557	-0.214538170024753
12624	63.12	-0.106205723248422	-0.215827842010185
12625	63.125	-0.10491605126299	-0.214538170024753
12626	63.13	-0.106205723248422	-0.215827842010185
12627	63.135	-0.103626379277557	-0.214538170024753
12628	63.14	-0.102336707292125	-0.214538170024753
12629	63.145	-0.106205723248422	-0.214538170024753
12630	63.15	-0.10491605126299	-0.214538170024753
12631	63.155	-0.103626379277557	-0.215827842010185
12632	63.16	-0.103626379277557	-0.214538170024753
12633	63.165	-0.106205723248422	-0.215827842010185
12634	63.17	-0.106205723248422	-0.215827842010185
12635	63.175	-0.106205723248422	-0.215827842010185
12636	63.18	-0.106205723248422	-0.214538170024753
12637	63.185	-0.103626379277557	-0.215827842010185
12638	63.19	-0.10491605126299	-0.215827842010185
12639	63.195	-0.11007473920472	-0.214538170024753
12640	63.2	-0.106205723248422	-0.215827842010185
12641	63.205	-0.10491605126299	-0.215827842010185
12642	63.21	-0.107495395233855	-0.215827842010185
12643	63.215	-0.108785067219287	-0.215827842010185
12644	63.22	-0.10491605126299	-0.215827842010185
12645	63.225	-0.102336707292125	-0.215827842010185
12646	63.23	-0.10491605126299	-0.215827842010185
12647	63.235	-0.107495395233855	-0.217117513995618
12648	63.24	-0.0997573633212596	-0.215827842010185
12649	63.245	-0.106205723248422	-0.217117513995618
12650	63.25	-0.10491605126299	-0.215827842010185
12651	63.255	-0.107495395233855	-0.217117513995618
12652	63.26	-0.107495395233855	-0.215827842010185
12653	63.265	-0.103626379277557	-0.217117513995618
12654	63.27	-0.108785067219287	-0.215827842010185
12655	63.275	-0.107495395233855	-0.215827842010185
12656	63.28	-0.102336707292125	-0.217117513995618
12657	63.285	-0.107495395233855	-0.217117513995618
12658	63.29	-0.106205723248422	-0.217117513995618
12659	63.295	-0.101047035306692	-0.217117513995618
12660	63.3	-0.106205723248422	-0.217117513995618
12661	63.305	-0.102336707292125	-0.217117513995618
12662	63.31	-0.11007473920472	-0.217117513995618
12663	63.315	-0.10491605126299	-0.217117513995618
12664	63.32	-0.106205723248422	-0.217117513995618
12665	63.325	-0.107495395233855	-0.217117513995618
12666	63.33	-0.10491605126299	-0.217117513995618
12667	63.335	-0.106205723248422	-0.217117513995618
12668	63.34	-0.102336707292125	-0.217117513995618
12669	63.345	-0.103626379277557	-0.217117513995618
12670	63.35	-0.108785067219287	-0.217117513995618
12671	63.355	-0.106205723248422	-0.217117513995618
12672	63.36	-0.103626379277557	-0.217117513995618
12673	63.365	-0.103626379277557	-0.217117513995618
12674	63.37	-0.10491605126299	-0.21840718598105
12675	63.375	-0.106205723248422	-0.217117513995618
12676	63.38	-0.106205723248422	-0.217117513995618
12677	63.385	-0.10491605126299	-0.217117513995618
12678	63.39	-0.106205723248422	-0.217117513995618
12679	63.395	-0.108785067219287	-0.217117513995618
12680	63.4	-0.10491605126299	-0.217117513995618
12681	63.405	-0.10491605126299	-0.21840718598105
12682	63.41	-0.107495395233855	-0.21840718598105
12683	63.415	-0.103626379277557	-0.21840718598105
12684	63.42	-0.107495395233855	-0.217117513995618
12685	63.425	-0.106205723248422	-0.217117513995618
12686	63.43	-0.106205723248422	-0.217117513995618
12687	63.435	-0.108785067219287	-0.21840718598105
12688	63.44	-0.102336707292125	-0.21840718598105
12689	63.445	-0.106205723248422	-0.217117513995618
12690	63.45	-0.106205723248422	-0.21840718598105
12691	63.455	-0.103626379277557	-0.21840718598105
12692	63.46	-0.106205723248422	-0.21840718598105
12693	63.465	-0.101047035306692	-0.21840718598105
12694	63.47	-0.10491605126299	-0.21840718598105
12695	63.475	-0.106205723248422	-0.21840718598105
12696	63.48	-0.108785067219287	-0.21840718598105
12697	63.485	-0.10491605126299	-0.21840718598105
12698	63.49	-0.10491605126299	-0.21840718598105
12699	63.495	-0.10491605126299	-0.21840718598105
12700	63.5	-0.106205723248422	-0.21840718598105
12701	63.505	-0.106205723248422	-0.21840718598105
12702	63.51	-0.10491605126299	-0.21840718598105
12703	63.515	-0.106205723248422	-0.21840718598105
12704	63.52	-0.101047035306692	-0.21840718598105
12705	63.525	-0.101047035306692	-0.21840718598105
12706	63.53	-0.10491605126299	-0.21840718598105
12707	63.535	-0.106205723248422	-0.21840718598105
12708	63.54	-0.108785067219287	-0.21840718598105
12709	63.545	-0.103626379277557	-0.21840718598105
12710	63.55	-0.10491605126299	-0.21840718598105
12711	63.555	-0.10491605126299	-0.21840718598105
12712	63.56	-0.10491605126299	-0.21840718598105
12713	63.565	-0.103626379277557	-0.21840718598105
12714	63.57	-0.106205723248422	-0.21840718598105
12715	63.575	-0.103626379277557	-0.21840718598105
12716	63.58	-0.101047035306692	-0.21840718598105
12717	63.585	-0.102336707292125	-0.21840718598105
12718	63.59	-0.103626379277557	-0.21840718598105
12719	63.595	-0.101047035306692	-0.219696857966483
12720	63.6	-0.103626379277557	-0.21840718598105
12721	63.605	-0.102336707292125	-0.21840718598105
12722	63.61	-0.103626379277557	-0.21840718598105
12723	63.615	-0.101047035306692	-0.21840718598105
12724	63.62	-0.0997573633212596	-0.219696857966483
12725	63.625	-0.102336707292125	-0.219696857966483
12726	63.63	-0.101047035306692	-0.219696857966483
12727	63.635	-0.0997573633212596	-0.219696857966483
12728	63.64	-0.0997573633212596	-0.219696857966483
12729	63.645	-0.103626379277557	-0.219696857966483
12730	63.65	-0.101047035306692	-0.219696857966483
12731	63.655	-0.103626379277557	-0.219696857966483
12732	63.66	-0.0958883473649621	-0.21840718598105
12733	63.665	-0.101047035306692	-0.219696857966483
12734	63.67	-0.101047035306692	-0.21840718598105
12735	63.675	-0.0997573633212596	-0.219696857966483
12736	63.68	-0.103626379277557	-0.21840718598105
12737	63.685	-0.0997573633212596	-0.219696857966483
12738	63.69	-0.10491605126299	-0.219696857966483
12739	63.695	-0.101047035306692	-0.219696857966483
12740	63.7	-0.0997573633212596	-0.219696857966483
12741	63.705	-0.102336707292125	-0.21840718598105
12742	63.71	-0.102336707292125	-0.21840718598105
12743	63.715	-0.0997573633212596	-0.219696857966483
12744	63.72	-0.102336707292125	-0.21840718598105
12745	63.725	-0.10491605126299	-0.21840718598105
12746	63.73	-0.103626379277557	-0.219696857966483
12747	63.735	-0.106205723248422	-0.219696857966483
12748	63.74	-0.101047035306692	-0.219696857966483
12749	63.745	-0.103626379277557	-0.219696857966483
12750	63.75	-0.10491605126299	-0.219696857966483
12751	63.755	-0.102336707292125	-0.219696857966483
12752	63.76	-0.103626379277557	-0.219696857966483
12753	63.765	-0.102336707292125	-0.219696857966483
12754	63.77	-0.102336707292125	-0.219696857966483
12755	63.775	-0.10491605126299	-0.219696857966483
12756	63.78	-0.101047035306692	-0.219696857966483
12757	63.785	-0.102336707292125	-0.21840718598105
12758	63.79	-0.10491605126299	-0.219696857966483
12759	63.795	-0.10491605126299	-0.219696857966483
12760	63.8	-0.107495395233855	-0.219696857966483
12761	63.805	-0.107495395233855	-0.219696857966483
12762	63.81	-0.10491605126299	-0.219696857966483
12763	63.815	-0.10491605126299	-0.219696857966483
12764	63.82	-0.0997573633212596	-0.219696857966483
12765	63.825	-0.102336707292125	-0.219696857966483
12766	63.83	-0.106205723248422	-0.219696857966483
12767	63.835	-0.106205723248422	-0.219696857966483
12768	63.84	-0.102336707292125	-0.219696857966483
12769	63.845	-0.10491605126299	-0.219696857966483
12770	63.85	-0.106205723248422	-0.219696857966483
12771	63.855	-0.106205723248422	-0.219696857966483
12772	63.86	-0.103626379277557	-0.219696857966483
12773	63.865	-0.106205723248422	-0.219696857966483
12774	63.87	-0.107495395233855	-0.219696857966483
12775	63.875	-0.106205723248422	-0.219696857966483
12776	63.88	-0.103626379277557	-0.219696857966483
12777	63.885	-0.106205723248422	-0.219696857966483
12778	63.89	-0.106205723248422	-0.219696857966483
12779	63.895	-0.102336707292125	-0.219696857966483
12780	63.9	-0.103626379277557	-0.219696857966483
12781	63.905	-0.10491605126299	-0.219696857966483
12782	63.91	-0.103626379277557	-0.219696857966483
12783	63.915	-0.10491605126299	-0.219696857966483
12784	63.92	-0.106205723248422	-0.219696857966483
12785	63.925	-0.102336707292125	-0.219696857966483
12786	63.93	-0.107495395233855	-0.219696857966483
12787	63.935	-0.103626379277557	-0.219696857966483
12788	63.94	-0.102336707292125	-0.219696857966483
12789	63.945	-0.106205723248422	-0.219696857966483
12790	63.95	-0.10491605126299	-0.219696857966483
12791	63.955	-0.10491605126299	-0.219696857966483
12792	63.96	-0.103626379277557	-0.219696857966483
12793	63.965	-0.106205723248422	-0.219696857966483
12794	63.97	-0.10491605126299	-0.219696857966483
12795	63.975	-0.103626379277557	-0.219696857966483
12796	63.98	-0.102336707292125	-0.219696857966483
12797	63.985	-0.10491605126299	-0.219696857966483
12798	63.99	-0.106205723248422	-0.219696857966483
12799	63.995	-0.103626379277557	-0.219696857966483
12800	64	-0.102336707292125	-0.220986529951915
12801	64.005	-0.101047035306692	-0.219696857966483
12802	64.01	-0.108785067219287	-0.219696857966483
12803	64.015	-0.103626379277557	-0.219696857966483
12804	64.02	-0.101047035306692	-0.219696857966483
12805	64.025	-0.10491605126299	-0.219696857966483
12806	64.03	-0.10491605126299	-0.219696857966483
12807	64.035	-0.103626379277557	-0.219696857966483
12808	64.04	-0.103626379277557	-0.220986529951915
12809	64.045	-0.102336707292125	-0.219696857966483
12810	64.05	-0.10491605126299	-0.220986529951915
12811	64.055	-0.10491605126299	-0.219696857966483
12812	64.06	-0.101047035306692	-0.219696857966483
12813	64.065	-0.101047035306692	-0.219696857966483
12814	64.07	-0.107495395233855	-0.219696857966483
12815	64.075	-0.106205723248422	-0.219696857966483
12816	64.08	-0.103626379277557	-0.219696857966483
12817	64.085	-0.102336707292125	-0.219696857966483
12818	64.09	-0.107495395233855	-0.219696857966483
12819	64.095	-0.103626379277557	-0.219696857966483
12820	64.1	-0.10491605126299	-0.219696857966483
12821	64.105	-0.107495395233855	-0.219696857966483
12822	64.11	-0.10491605126299	-0.219696857966483
12823	64.115	-0.107495395233855	-0.219696857966483
12824	64.12	-0.106205723248422	-0.219696857966483
12825	64.125	-0.10491605126299	-0.219696857966483
12826	64.13	-0.10491605126299	-0.220986529951915
12827	64.135	-0.102336707292125	-0.219696857966483
12828	64.14	-0.103626379277557	-0.219696857966483
12829	64.145	-0.10491605126299	-0.219696857966483
12830	64.15	-0.108785067219287	-0.220986529951915
12831	64.155	-0.10491605126299	-0.219696857966483
12832	64.16	-0.106205723248422	-0.220986529951915
12833	64.165	-0.102336707292125	-0.219696857966483
12834	64.17	-0.11007473920472	-0.219696857966483
12835	64.175	-0.107495395233855	-0.220986529951915
12836	64.18	-0.103626379277557	-0.219696857966483
12837	64.185	-0.10491605126299	-0.219696857966483
12838	64.19	-0.10491605126299	-0.220986529951915
12839	64.195	-0.106205723248422	-0.220986529951915
12840	64.2	-0.106205723248422	-0.219696857966483
12841	64.205	-0.10491605126299	-0.219696857966483
12842	64.21	-0.108785067219287	-0.219696857966483
12843	64.215	-0.103626379277557	-0.219696857966483
12844	64.22	-0.102336707292125	-0.220986529951915
12845	64.225	-0.106205723248422	-0.219696857966483
12846	64.23	-0.107495395233855	-0.219696857966483
12847	64.235	-0.102336707292125	-0.220986529951915
12848	64.24	-0.10491605126299	-0.219696857966483
12849	64.245	-0.103626379277557	-0.219696857966483
12850	64.25	-0.106205723248422	-0.219696857966483
12851	64.255	-0.106205723248422	-0.220986529951915
12852	64.26	-0.10491605126299	-0.219696857966483
12853	64.265	-0.10491605126299	-0.219696857966483
12854	64.27	-0.102336707292125	-0.219696857966483
12855	64.275	-0.10491605126299	-0.220986529951915
12856	64.28	-0.106205723248422	-0.219696857966483
12857	64.285	-0.106205723248422	-0.220986529951915
12858	64.29	-0.106205723248422	-0.220986529951915
12859	64.295	-0.102336707292125	-0.219696857966483
12860	64.3	-0.102336707292125	-0.219696857966483
12861	64.305	-0.107495395233855	-0.220986529951915
12862	64.31	-0.10491605126299	-0.219696857966483
12863	64.315	-0.10491605126299	-0.220986529951915
12864	64.32	-0.102336707292125	-0.219696857966483
12865	64.325	-0.102336707292125	-0.220986529951915
12866	64.33	-0.103626379277557	-0.219696857966483
12867	64.335	-0.107495395233855	-0.219696857966483
12868	64.34	-0.10491605126299	-0.220986529951915
12869	64.345	-0.103626379277557	-0.219696857966483
12870	64.35	-0.107495395233855	-0.219696857966483
12871	64.355	-0.106205723248422	-0.220986529951915
12872	64.36	-0.102336707292125	-0.220986529951915
12873	64.365	-0.106205723248422	-0.220986529951915
12874	64.37	-0.107495395233855	-0.220986529951915
12875	64.375	-0.10491605126299	-0.219696857966483
12876	64.38	-0.102336707292125	-0.220986529951915
12877	64.385	-0.102336707292125	-0.220986529951915
12878	64.39	-0.107495395233855	-0.220986529951915
12879	64.395	-0.10491605126299	-0.219696857966483
12880	64.4	-0.102336707292125	-0.220986529951915
12881	64.405	-0.106205723248422	-0.220986529951915
12882	64.41	-0.106205723248422	-0.220986529951915
12883	64.415	-0.102336707292125	-0.220986529951915
12884	64.42	-0.103626379277557	-0.219696857966483
12885	64.425	-0.106205723248422	-0.220986529951915
12886	64.43	-0.107495395233855	-0.219696857966483
12887	64.435	-0.102336707292125	-0.220986529951915
12888	64.44	-0.106205723248422	-0.220986529951915
12889	64.445	-0.106205723248422	-0.219696857966483
12890	64.45	-0.10491605126299	-0.219696857966483
12891	64.455	-0.101047035306692	-0.219696857966483
12892	64.46	-0.10491605126299	-0.220986529951915
12893	64.465	-0.102336707292125	-0.220986529951915
12894	64.47	-0.106205723248422	-0.220986529951915
12895	64.475	-0.10491605126299	-0.220986529951915
12896	64.48	-0.10491605126299	-0.220986529951915
12897	64.485	-0.10491605126299	-0.219696857966483
12898	64.49	-0.108785067219287	-0.219696857966483
12899	64.495	-0.103626379277557	-0.220986529951915
12900	64.5	-0.103626379277557	-0.220986529951915
12901	64.505	-0.102336707292125	-0.219696857966483
12902	64.51	-0.106205723248422	-0.220986529951915
12903	64.515	-0.106205723248422	-0.219696857966483
12904	64.52	-0.103626379277557	-0.219696857966483
12905	64.525	-0.102336707292125	-0.220986529951915
12906	64.53	-0.108785067219287	-0.219696857966483
12907	64.535	-0.106205723248422	-0.220986529951915
12908	64.54	-0.102336707292125	-0.220986529951915
12909	64.545	-0.106205723248422	-0.219696857966483
12910	64.55	-0.107495395233855	-0.219696857966483
12911	64.555	-0.102336707292125	-0.220986529951915
12912	64.56	-0.102336707292125	-0.219696857966483
12913	64.565	-0.106205723248422	-0.220986529951915
12914	64.57	-0.103626379277557	-0.220986529951915
12915	64.575	-0.10491605126299	-0.220986529951915
12916	64.58	-0.10491605126299	-0.219696857966483
12917	64.585	-0.10491605126299	-0.220986529951915
12918	64.59	-0.107495395233855	-0.219696857966483
12919	64.595	-0.103626379277557	-0.220986529951915
12920	64.6	-0.10491605126299	-0.220986529951915
12921	64.605	-0.106205723248422	-0.219696857966483
12922	64.61	-0.10491605126299	-0.220986529951915
12923	64.615	-0.103626379277557	-0.220986529951915
12924	64.62	-0.103626379277557	-0.220986529951915
12925	64.625	-0.106205723248422	-0.220986529951915
12926	64.63	-0.106205723248422	-0.220986529951915
12927	64.635	-0.102336707292125	-0.219696857966483
12928	64.64	-0.10491605126299	-0.220986529951915
12929	64.645	-0.103626379277557	-0.219696857966483
12930	64.65	-0.106205723248422	-0.220986529951915
12931	64.655	-0.106205723248422	-0.219696857966483
12932	64.66	-0.103626379277557	-0.220986529951915
12933	64.665	-0.106205723248422	-0.220986529951915
12934	64.67	-0.106205723248422	-0.219696857966483
12935	64.675	-0.102336707292125	-0.220986529951915
12936	64.68	-0.10491605126299	-0.220986529951915
12937	64.685	-0.10491605126299	-0.220986529951915
12938	64.69	-0.106205723248422	-0.220986529951915
12939	64.695	-0.103626379277557	-0.220986529951915
12940	64.7	-0.0997573633212596	-0.219696857966483
12941	64.705	-0.102336707292125	-0.220986529951915
12942	64.71	-0.10491605126299	-0.219696857966483
12943	64.715	-0.106205723248422	-0.220986529951915
12944	64.72	-0.101047035306692	-0.220986529951915
12945	64.725	-0.102336707292125	-0.220986529951915
12946	64.73	-0.106205723248422	-0.219696857966483
12947	64.735	-0.102336707292125	-0.220986529951915
12948	64.74	-0.103626379277557	-0.219696857966483
12949	64.745	-0.10491605126299	-0.219696857966483
12950	64.75	-0.106205723248422	-0.219696857966483
12951	64.755	-0.106205723248422	-0.219696857966483
12952	64.76	-0.106205723248422	-0.219696857966483
12953	64.765	-0.10491605126299	-0.220986529951915
12954	64.77	-0.106205723248422	-0.219696857966483
12955	64.775	-0.106205723248422	-0.219696857966483
12956	64.78	-0.103626379277557	-0.220986529951915
12957	64.785	-0.103626379277557	-0.219696857966483
12958	64.79	-0.10491605126299	-0.220986529951915
12959	64.795	-0.0997573633212596	-0.220986529951915
12960	64.8	-0.103626379277557	-0.220986529951915
12961	64.805	-0.106205723248422	-0.220986529951915
12962	64.81	-0.107495395233855	-0.219696857966483
12963	64.815	-0.102336707292125	-0.220986529951915
12964	64.82	-0.103626379277557	-0.220986529951915
12965	64.825	-0.106205723248422	-0.219696857966483
12966	64.83	-0.10491605126299	-0.219696857966483
12967	64.835	-0.107495395233855	-0.219696857966483
12968	64.84	-0.103626379277557	-0.220986529951915
12969	64.845	-0.106205723248422	-0.220986529951915
12970	64.85	-0.10491605126299	-0.219696857966483
12971	64.855	-0.103626379277557	-0.220986529951915
12972	64.86	-0.103626379277557	-0.219696857966483
12973	64.865	-0.103626379277557	-0.220986529951915
12974	64.87	-0.106205723248422	-0.220986529951915
12975	64.875	-0.106205723248422	-0.220986529951915
12976	64.88	-0.102336707292125	-0.219696857966483
12977	64.885	-0.10491605126299	-0.219696857966483
12978	64.89	-0.102336707292125	-0.220986529951915
12979	64.895	-0.102336707292125	-0.220986529951915
12980	64.9	-0.102336707292125	-0.220986529951915
12981	64.905	-0.103626379277557	-0.220986529951915
12982	64.91	-0.10491605126299	-0.220986529951915
12983	64.915	-0.101047035306692	-0.220986529951915
12984	64.92	-0.106205723248422	-0.220986529951915
12985	64.925	-0.102336707292125	-0.220986529951915
12986	64.93	-0.107495395233855	-0.219696857966483
12987	64.935	-0.107495395233855	-0.220986529951915
12988	64.94	-0.102336707292125	-0.220986529951915
12989	64.945	-0.102336707292125	-0.220986529951915
12990	64.95	-0.107495395233855	-0.220986529951915
12991	64.955	-0.10491605126299	-0.220986529951915
12992	64.96	-0.10491605126299	-0.220986529951915
12993	64.965	-0.103626379277557	-0.219696857966483
12994	64.97	-0.102336707292125	-0.220986529951915
12995	64.975	-0.101047035306692	-0.220986529951915
12996	64.98	-0.102336707292125	-0.220986529951915
12997	64.985	-0.0997573633212596	-0.220986529951915
12998	64.99	-0.101047035306692	-0.220986529951915
12999	64.995	-0.102336707292125	-0.219696857966483
13000	65	-0.102336707292125	-0.220986529951915
13001	65.005	-0.101047035306692	-0.219696857966483
13002	65.01	-0.101047035306692	-0.220986529951915
