Number of measurement points: 6423
Sample Rate (Hz): 200
Low limit Ch0 (V): -10
Upper limit Ch0 (V): 10
Low limit Ch1 (V): -10
Upper limit Ch1 (V): 10

Index	Time[s]	Ch0[V]	Ch1[V]
0	0	-0.0133493402972817	0.520574861671776
1	0.005	-0.0326944200787693	0.520574861671776
2	0.01	-0.0326944200787693	0.520574861671776
3	0.015	-0.0314047480933368	0.520574861671776
4	0.02	-0.0314047480933368	0.520574861671776
5	0.025	-0.0326944200787693	0.519285189686343
6	0.03	-0.0314047480933368	0.519285189686343
7	0.035	-0.0301150761079043	0.520574861671776
8	0.04	-0.0314047480933368	0.520574861671776
9	0.045	-0.0339840920642018	0.520574861671776
10	0.05	-0.0314047480933368	0.520574861671776
11	0.055	-0.0301150761079043	0.520574861671776
12	0.06	-0.0314047480933368	0.520574861671776
13	0.065	-0.0339840920642018	0.520574861671776
14	0.07	-0.0314047480933368	0.520574861671776
15	0.075	-0.0314047480933368	0.520574861671776
16	0.08	-0.0314047480933368	0.520574861671776
17	0.085	-0.0326944200787693	0.520574861671776
18	0.09	-0.0314047480933368	0.520574861671776
19	0.095	-0.0301150761079043	0.520574861671776
20	0.1	-0.0301150761079043	0.520574861671776
21	0.105	-0.0314047480933368	0.520574861671776
22	0.11	-0.0314047480933368	0.520574861671776
23	0.115	-0.0301150761079043	0.520574861671776
24	0.12	-0.0301150761079043	0.520574861671776
25	0.125	-0.0326944200787693	0.520574861671776
26	0.13	-0.0314047480933368	0.520574861671776
27	0.135	-0.0314047480933368	0.520574861671776
28	0.14	-0.0314047480933368	0.520574861671776
29	0.145	-0.0314047480933368	0.520574861671776
30	0.15	-0.0314047480933368	0.520574861671776
31	0.155	-0.0301150761079043	0.520574861671776
32	0.16	-0.0314047480933368	0.520574861671776
33	0.165	-0.0326944200787693	0.520574861671776
34	0.17	-0.0314047480933368	0.520574861671776
35	0.175	-0.0314047480933368	0.520574861671776
36	0.18	-0.0301150761079043	0.520574861671776
37	0.185	-0.0326944200787693	0.520574861671776
38	0.19	-0.0339840920642018	0.520574861671776
39	0.195	-0.0314047480933368	0.520574861671776
40	0.2	-0.0314047480933368	0.520574861671776
41	0.205	-0.0339840920642018	0.520574861671776
42	0.21	-0.0339840920642018	0.520574861671776
43	0.215	-0.0301150761079043	0.520574861671776
44	0.22	-0.0314047480933368	0.520574861671776
45	0.225	-0.0326944200787693	0.520574861671776
46	0.23	-0.0326944200787693	0.520574861671776
47	0.235	-0.0301150761079043	0.520574861671776
48	0.24	-0.0314047480933368	0.520574861671776
49	0.245	-0.0314047480933368	0.520574861671776
50	0.25	-0.0314047480933368	0.520574861671776
51	0.255	-0.0301150761079043	0.520574861671776
52	0.26	-0.0301150761079043	0.520574861671776
53	0.265	-0.0326944200787693	0.520574861671776
54	0.27	-0.0326944200787693	0.519285189686343
55	0.275	-0.0301150761079043	0.520574861671776
56	0.28	-0.0301150761079043	0.520574861671776
57	0.285	-0.0326944200787693	0.520574861671776
58	0.29	-0.0326944200787693	0.520574861671776
59	0.295	-0.0301150761079043	0.520574861671776
60	0.3	-0.0301150761079043	0.520574861671776
61	0.305	-0.0326944200787693	0.520574861671776
62	0.31	-0.0314047480933368	0.520574861671776
63	0.315	-0.0301150761079043	0.520574861671776
64	0.32	-0.0301150761079043	0.520574861671776
65	0.325	-0.0326944200787693	0.520574861671776
66	0.33	-0.0301150761079043	0.520574861671776
67	0.335	-0.0301150761079043	0.520574861671776
68	0.34	-0.0301150761079043	0.520574861671776
69	0.345	-0.0314047480933368	0.520574861671776
70	0.35	-0.0314047480933368	0.520574861671776
71	0.355	-0.0301150761079043	0.520574861671776
72	0.36	-0.0314047480933368	0.520574861671776
73	0.365	-0.0326944200787693	0.520574861671776
74	0.37	-0.0326944200787693	0.520574861671776
75	0.375	-0.0314047480933368	0.520574861671776
76	0.38	-0.0314047480933368	0.520574861671776
77	0.385	-0.0314047480933368	0.520574861671776
78	0.39	-0.0326944200787693	0.520574861671776
79	0.395	-0.0288254041224718	0.520574861671776
80	0.4	-0.0314047480933368	0.520574861671776
81	0.405	-0.0326944200787693	0.520574861671776
82	0.41	-0.0314047480933368	0.520574861671776
83	0.415	-0.0314047480933368	0.520574861671776
84	0.42	-0.0301150761079043	0.519285189686343
85	0.425	-0.0326944200787693	0.520574861671776
86	0.43	-0.0314047480933368	0.520574861671776
87	0.435	-0.0314047480933368	0.520574861671776
88	0.44	-0.0314047480933368	0.520574861671776
89	0.445	-0.0326944200787693	0.520574861671776
90	0.45	-0.0326944200787693	0.520574861671776
91	0.455	-0.0326944200787693	0.520574861671776
92	0.46	-0.0326944200787693	0.520574861671776
93	0.465	-0.0339840920642018	0.520574861671776
94	0.47	-0.0326944200787693	0.519285189686343
95	0.475	-0.0314047480933368	0.520574861671776
96	0.48	-0.0314047480933368	0.520574861671776
97	0.485	-0.0326944200787693	0.520574861671776
98	0.49	-0.0339840920642018	0.519285189686343
99	0.495	-0.0301150761079043	0.520574861671776
100	0.5	-0.0301150761079043	0.520574861671776
101	0.505	-0.0326944200787693	0.520574861671776
102	0.51	-0.0326944200787693	0.520574861671776
103	0.515	-0.0301150761079043	0.520574861671776
104	0.52	-0.0301150761079043	0.519285189686343
105	0.525	-0.0326944200787693	0.520574861671776
106	0.53	-0.0314047480933368	0.520574861671776
107	0.535	-0.0301150761079043	0.520574861671776
108	0.54	-0.0314047480933368	0.520574861671776
109	0.545	-0.0326944200787693	0.520574861671776
110	0.55	-0.0314047480933368	0.520574861671776
111	0.555	-0.0301150761079043	0.520574861671776
112	0.56	-0.0314047480933368	0.520574861671776
113	0.565	-0.0314047480933368	0.519285189686343
114	0.57	-0.0314047480933368	0.520574861671776
115	0.575	-0.0301150761079043	0.520574861671776
116	0.58	-0.0301150761079043	0.519285189686343
117	0.585	-0.0339840920642018	0.519285189686343
118	0.59	-0.0326944200787693	0.520574861671776
119	0.595	-0.0301150761079043	0.520574861671776
120	0.6	-0.0314047480933368	0.520574861671776
121	0.605	-0.0326944200787693	0.520574861671776
122	0.61	-0.0314047480933368	0.520574861671776
123	0.615	-0.0301150761079043	0.519285189686343
124	0.62	-0.0301150761079043	0.520574861671776
125	0.625	-0.0326944200787693	0.520574861671776
126	0.63	-0.0326944200787693	0.520574861671776
127	0.635	-0.0301150761079043	0.520574861671776
128	0.64	-0.0301150761079043	0.520574861671776
129	0.645	-0.0314047480933368	0.520574861671776
130	0.65	-0.0314047480933368	0.519285189686343
131	0.655	-0.0301150761079043	0.520574861671776
132	0.66	-0.0326944200787693	0.520574861671776
133	0.665	-0.0326944200787693	0.519285189686343
134	0.67	-0.0326944200787693	0.519285189686343
135	0.675	-0.0326944200787693	0.520574861671776
136	0.68	-0.0314047480933368	0.520574861671776
137	0.685	-0.0314047480933368	0.520574861671776
138	0.69	-0.0326944200787693	0.519285189686343
139	0.695	-0.0301150761079043	0.520574861671776
140	0.7	-0.0288254041224718	0.520574861671776
141	0.705	-0.0326944200787693	0.520574861671776
142	0.71	-0.0314047480933368	0.520574861671776
143	0.715	-0.0301150761079043	0.520574861671776
144	0.72	-0.0301150761079043	0.520574861671776
145	0.725	-0.0314047480933368	0.520574861671776
146	0.73	-0.0326944200787693	0.520574861671776
147	0.735	-0.0301150761079043	0.520574861671776
148	0.74	-0.0314047480933368	0.520574861671776
149	0.745	-0.0314047480933368	0.520574861671776
150	0.75	-0.0326944200787693	0.520574861671776
151	0.755	-0.0314047480933368	0.520574861671776
152	0.76	-0.0326944200787693	0.520574861671776
153	0.765	-0.0326944200787693	0.520574861671776
154	0.77	-0.0314047480933368	0.520574861671776
155	0.775	-0.0288254041224718	0.520574861671776
156	0.78	-0.0326944200787693	0.520574861671776
157	0.785	-0.0326944200787693	0.520574861671776
158	0.79	-0.0326944200787693	0.520574861671776
159	0.795	-0.0314047480933368	0.520574861671776
160	0.8	-0.0326944200787693	0.520574861671776
161	0.805	-0.0326944200787693	0.520574861671776
162	0.81	-0.0326944200787693	0.519285189686343
163	0.815	-0.0314047480933368	0.520574861671776
164	0.82	-0.0326944200787693	0.520574861671776
165	0.825	-0.0326944200787693	0.520574861671776
166	0.83	-0.0314047480933368	0.520574861671776
167	0.835	-0.0326944200787693	0.519285189686343
168	0.84	-0.0314047480933368	0.520574861671776
169	0.845	-0.0314047480933368	0.520574861671776
170	0.85	-0.0339840920642018	0.520574861671776
171	0.855	-0.0301150761079043	0.520574861671776
172	0.86	-0.0314047480933368	0.520574861671776
173	0.865	-0.0314047480933368	0.520574861671776
174	0.87	-0.0314047480933368	0.520574861671776
175	0.875	-0.0301150761079043	0.520574861671776
176	0.88	-0.0301150761079043	0.520574861671776
177	0.885	-0.0314047480933368	0.520574861671776
178	0.89	-0.0326944200787693	0.520574861671776
179	0.895	-0.0326944200787693	0.520574861671776
180	0.9	-0.0301150761079043	0.519285189686343
181	0.905	-0.0326944200787693	0.519285189686343
182	0.91	-0.0339840920642018	0.520574861671776
183	0.915	-0.0301150761079043	0.520574861671776
184	0.92	-0.0314047480933368	0.520574861671776
185	0.925	-0.0326944200787693	0.520574861671776
186	0.93	-0.0339840920642018	0.519285189686343
187	0.935	-0.0314047480933368	0.520574861671776
188	0.94	-0.0314047480933368	0.520574861671776
189	0.945	-0.0352737640496343	0.520574861671776
190	0.95	-0.0314047480933368	0.520574861671776
191	0.955	-0.0301150761079043	0.520574861671776
192	0.96	-0.0288254041224718	0.519285189686343
193	0.965	-0.0326944200787693	0.519285189686343
194	0.97	-0.0326944200787693	0.520574861671776
195	0.975	-0.0301150761079043	0.520574861671776
196	0.98	-0.0314047480933368	0.520574861671776
197	0.985	-0.0326944200787693	0.520574861671776
198	0.99	-0.0326944200787693	0.520574861671776
199	0.995	-0.0339840920642018	0.520574861671776
200	1	-0.0314047480933368	0.520574861671776
201	1.005	-0.0326944200787693	0.520574861671776
202	1.01	-0.0326944200787693	0.520574861671776
203	1.015	-0.0314047480933368	0.520574861671776
204	1.02	-0.0326944200787693	0.520574861671776
205	1.025	-0.0339840920642018	0.520574861671776
206	1.03	-0.0326944200787693	0.519285189686343
207	1.035	-0.0301150761079043	0.520574861671776
208	1.04	-0.0314047480933368	0.519285189686343
209	1.045	-0.0339840920642018	0.520574861671776
210	1.05	-0.0326944200787693	0.520574861671776
211	1.055	-0.0314047480933368	0.520574861671776
212	1.06	-0.0314047480933368	0.520574861671776
213	1.065	-0.0339840920642018	0.520574861671776
214	1.07	-0.0326944200787693	0.520574861671776
215	1.075	-0.0326944200787693	0.519285189686343
216	1.08	-0.0314047480933368	0.520574861671776
217	1.085	-0.0326944200787693	0.520574861671776
218	1.09	-0.0326944200787693	0.520574861671776
219	1.095	-0.0314047480933368	0.520574861671776
220	1.1	-0.0326944200787693	0.519285189686343
221	1.105	-0.0314047480933368	0.520574861671776
222	1.11	-0.0314047480933368	0.520574861671776
223	1.115	-0.0314047480933368	0.520574861671776
224	1.12	-0.0326944200787693	0.519285189686343
225	1.125	-0.0326944200787693	0.520574861671776
226	1.13	-0.0339840920642018	0.520574861671776
227	1.135	-0.0314047480933368	0.520574861671776
228	1.14	-0.0314047480933368	0.520574861671776
229	1.145	-0.0326944200787693	0.520574861671776
230	1.15	-0.0326944200787693	0.519285189686343
231	1.155	-0.0301150761079043	0.520574861671776
232	1.16	-0.0314047480933368	0.520574861671776
233	1.165	-0.0339840920642018	0.520574861671776
234	1.17	-0.0339840920642018	0.520574861671776
235	1.175	-0.0314047480933368	0.520574861671776
236	1.18	-0.0314047480933368	0.519285189686343
237	1.185	-0.0339840920642018	0.519285189686343
238	1.19	-0.0326944200787693	0.520574861671776
239	1.195	-0.0314047480933368	0.519285189686343
240	1.2	-0.0314047480933368	0.520574861671776
241	1.205	-0.0326944200787693	0.520574861671776
242	1.21	-0.0339840920642018	0.520574861671776
243	1.215	-0.0301150761079043	0.520574861671776
244	1.22	-0.0301150761079043	0.519285189686343
245	1.225	-0.0352737640496343	0.520574861671776
246	1.23	-0.0339840920642018	0.520574861671776
247	1.235	-0.0301150761079043	0.520574861671776
248	1.24	-0.0314047480933368	0.520574861671776
249	1.245	-0.0339840920642018	0.520574861671776
250	1.25	-0.0314047480933368	0.520574861671776
251	1.255	-0.0326944200787693	0.520574861671776
252	1.26	-0.0314047480933368	0.520574861671776
253	1.265	-0.0339840920642018	0.520574861671776
254	1.27	-0.0326944200787693	0.519285189686343
255	1.275	-0.0301150761079043	0.520574861671776
256	1.28	-0.0326944200787693	0.520574861671776
257	1.285	-0.0326944200787693	0.520574861671776
258	1.29	-0.0352737640496343	0.519285189686343
259	1.295	-0.0326944200787693	0.520574861671776
260	1.3	-0.0314047480933368	0.520574861671776
261	1.305	-0.0339840920642018	0.519285189686343
262	1.31	-0.0352737640496343	0.520574861671776
263	1.315	-0.0301150761079043	0.519285189686343
264	1.32	-0.0339840920642018	0.520574861671776
265	1.325	-0.0339840920642018	0.519285189686343
266	1.33	-0.0339840920642018	0.520574861671776
267	1.335	-0.0326944200787693	0.520574861671776
268	1.34	-0.0326944200787693	0.520574861671776
269	1.345	-0.0314047480933368	0.520574861671776
270	1.35	-0.0326944200787693	0.520574861671776
271	1.355	-0.0326944200787693	0.519285189686343
272	1.36	-0.0326944200787693	0.520574861671776
273	1.365	-0.0339840920642018	0.520574861671776
274	1.37	-0.0339840920642018	0.519285189686343
275	1.375	-0.0326944200787693	0.520574861671776
276	1.38	-0.0326944200787693	0.519285189686343
277	1.385	-0.0326944200787693	0.520574861671776
278	1.39	-0.0326944200787693	0.520574861671776
279	1.395	-0.0301150761079043	0.519285189686343
280	1.4	-0.0314047480933368	0.520574861671776
281	1.405	-0.0326944200787693	0.520574861671776
282	1.41	-0.0339840920642018	0.520574861671776
283	1.415	-0.0326944200787693	0.519285189686343
284	1.42	-0.0314047480933368	0.519285189686343
285	1.425	-0.0326944200787693	0.520574861671776
286	1.43	-0.0326944200787693	0.520574861671776
287	1.435	-0.0314047480933368	0.519285189686343
288	1.44	-0.0314047480933368	0.520574861671776
289	1.445	-0.0339840920642018	0.519285189686343
290	1.45	-0.0339840920642018	0.520574861671776
291	1.455	-0.0326944200787693	0.520574861671776
292	1.46	-0.0314047480933368	0.520574861671776
293	1.465	-0.0339840920642018	0.520574861671776
294	1.47	-0.0314047480933368	0.519285189686343
295	1.475	-0.0326944200787693	0.519285189686343
296	1.48	-0.0326944200787693	0.520574861671776
297	1.485	-0.0326944200787693	0.519285189686343
298	1.49	-0.0339840920642018	0.520574861671776
299	1.495	-0.0314047480933368	0.520574861671776
300	1.5	-0.0326944200787693	0.519285189686343
301	1.505	-0.0352737640496343	0.520574861671776
302	1.51	-0.0326944200787693	0.520574861671776
303	1.515	-0.0314047480933368	0.520574861671776
304	1.52	-0.0339840920642018	0.520574861671776
305	1.525	-0.0339840920642018	0.519285189686343
306	1.53	-0.0326944200787693	0.520574861671776
307	1.535	-0.0326944200787693	0.519285189686343
308	1.54	-0.0314047480933368	0.519285189686343
309	1.545	-0.0314047480933368	0.519285189686343
310	1.55	-0.0326944200787693	0.520574861671776
311	1.555	-0.0314047480933368	0.520574861671776
312	1.56	-0.0326944200787693	0.519285189686343
313	1.565	-0.0352737640496343	0.519285189686343
314	1.57	-0.0314047480933368	0.520574861671776
315	1.575	-0.0314047480933368	0.520574861671776
316	1.58	-0.0339840920642018	0.520574861671776
317	1.585	-0.0339840920642018	0.519285189686343
318	1.59	-0.0352737640496343	0.520574861671776
319	1.595	-0.0326944200787693	0.519285189686343
320	1.6	-0.0326944200787693	0.519285189686343
321	1.605	-0.0339840920642018	0.520574861671776
322	1.61	-0.0326944200787693	0.520574861671776
323	1.615	-0.0326944200787693	0.519285189686343
324	1.62	-0.0314047480933368	0.520574861671776
325	1.625	-0.0326944200787693	0.520574861671776
326	1.63	-0.0339840920642018	0.519285189686343
327	1.635	-0.0326944200787693	0.520574861671776
328	1.64	-0.0326944200787693	0.519285189686343
329	1.645	-0.0339840920642018	0.519285189686343
330	1.65	-0.0339840920642018	0.519285189686343
331	1.655	-0.0314047480933368	0.519285189686343
332	1.66	-0.0326944200787693	0.519285189686343
333	1.665	-0.0339840920642018	0.519285189686343
334	1.67	-0.0326944200787693	0.519285189686343
335	1.675	-0.0326944200787693	0.519285189686343
336	1.68	-0.0314047480933368	0.519285189686343
337	1.685	-0.0339840920642018	0.520574861671776
338	1.69	-0.0365634360350668	0.519285189686343
339	1.695	-0.0326944200787693	0.519285189686343
340	1.7	-0.0339840920642018	0.519285189686343
341	1.705	-0.0365634360350668	0.519285189686343
342	1.71	-0.0365634360350668	0.519285189686343
343	1.715	-0.0326944200787693	0.519285189686343
344	1.72	-0.0326944200787693	0.519285189686343
345	1.725	-0.0339840920642018	0.519285189686343
346	1.73	-0.0339840920642018	0.519285189686343
347	1.735	-0.0326944200787693	0.519285189686343
348	1.74	-0.0339840920642018	0.519285189686343
349	1.745	-0.0339840920642018	0.519285189686343
350	1.75	-0.0352737640496343	0.519285189686343
351	1.755	-0.0326944200787693	0.519285189686343
352	1.76	-0.0314047480933368	0.519285189686343
353	1.765	-0.0339840920642018	0.519285189686343
354	1.77	-0.0365634360350668	0.519285189686343
355	1.775	-0.0339840920642018	0.519285189686343
356	1.78	-0.0326944200787693	0.519285189686343
357	1.785	-0.0339840920642018	0.517995517700911
358	1.79	-0.0339840920642018	0.517995517700911
359	1.795	-0.0326944200787693	0.517995517700911
360	1.8	-0.0326944200787693	0.517995517700911
361	1.805	-0.0339840920642018	0.517995517700911
362	1.81	-0.0365634360350668	0.517995517700911
363	1.815	-0.0339840920642018	0.517995517700911
364	1.82	-0.0339840920642018	0.517995517700911
365	1.825	-0.0352737640496343	0.517995517700911
366	1.83	-0.0352737640496343	0.517995517700911
367	1.835	-0.0326944200787693	0.517995517700911
368	1.84	-0.0339840920642018	0.517995517700911
369	1.845	-0.0365634360350668	0.517995517700911
370	1.85	-0.0339840920642018	0.517995517700911
371	1.855	-0.0339840920642018	0.517995517700911
372	1.86	-0.0326944200787693	0.516705845715478
373	1.865	-0.0365634360350668	0.516705845715478
374	1.87	-0.0352737640496343	0.516705845715478
375	1.875	-0.0352737640496343	0.517995517700911
376	1.88	-0.0352737640496343	0.516705845715478
377	1.885	-0.0365634360350668	0.517995517700911
378	1.89	-0.0352737640496343	0.517995517700911
379	1.895	-0.0326944200787693	0.516705845715478
380	1.9	-0.0339840920642018	0.516705845715478
381	1.905	-0.0365634360350668	0.516705845715478
382	1.91	-0.0365634360350668	0.516705845715478
383	1.915	-0.0352737640496343	0.516705845715478
384	1.92	-0.0339840920642018	0.516705845715478
385	1.925	-0.0352737640496343	0.516705845715478
386	1.93	-0.0365634360350668	0.516705845715478
387	1.935	-0.0352737640496343	0.516705845715478
388	1.94	-0.0352737640496343	0.516705845715478
389	1.945	-0.0378531080204993	0.515416173730046
390	1.95	-0.0365634360350668	0.516705845715478
391	1.955	-0.0352737640496343	0.515416173730046
392	1.96	-0.0352737640496343	0.515416173730046
393	1.965	-0.0365634360350668	0.515416173730046
394	1.97	-0.0365634360350668	0.515416173730046
395	1.975	-0.0365634360350668	0.515416173730046
396	1.98	-0.0339840920642018	0.515416173730046
397	1.985	-0.0378531080204993	0.515416173730046
398	1.99	-0.0365634360350668	0.515416173730046
399	1.995	-0.0352737640496343	0.515416173730046
400	2	-0.0352737640496343	0.515416173730046
401	2.005	-0.0352737640496343	0.515416173730046
402	2.01	-0.0365634360350668	0.515416173730046
403	2.015	-0.0352737640496343	0.514126501744613
404	2.02	-0.0352737640496343	0.514126501744613
405	2.025	-0.0378531080204993	0.514126501744613
406	2.03	-0.0365634360350668	0.514126501744613
407	2.035	-0.0339840920642018	0.514126501744613
408	2.04	-0.0365634360350668	0.514126501744613
409	2.045	-0.0378531080204993	0.514126501744613
410	2.05	-0.0378531080204993	0.514126501744613
411	2.055	-0.0339840920642018	0.514126501744613
412	2.06	-0.0339840920642018	0.514126501744613
413	2.065	-0.0352737640496343	0.514126501744613
414	2.07	-0.0378531080204993	0.512836829759181
415	2.075	-0.0365634360350668	0.512836829759181
416	2.08	-0.0352737640496343	0.512836829759181
417	2.085	-0.0365634360350668	0.514126501744613
418	2.09	-0.0352737640496343	0.512836829759181
419	2.095	-0.0352737640496343	0.512836829759181
420	2.1	-0.0352737640496343	0.512836829759181
421	2.105	-0.0365634360350668	0.512836829759181
422	2.11	-0.0365634360350668	0.512836829759181
423	2.115	-0.0339840920642018	0.511547157773748
424	2.12	-0.0352737640496343	0.511547157773748
425	2.125	-0.0352737640496343	0.512836829759181
426	2.13	-0.0365634360350668	0.511547157773748
427	2.135	-0.0339840920642018	0.511547157773748
428	2.14	-0.0339840920642018	0.511547157773748
429	2.145	-0.0352737640496343	0.511547157773748
430	2.15	-0.0352737640496343	0.511547157773748
431	2.155	-0.0352737640496343	0.511547157773748
432	2.16	-0.0339840920642018	0.511547157773748
433	2.165	-0.0352737640496343	0.510257485788316
434	2.17	-0.0352737640496343	0.510257485788316
435	2.175	-0.0339840920642018	0.510257485788316
436	2.18	-0.0365634360350668	0.510257485788316
437	2.185	-0.0339840920642018	0.510257485788316
438	2.19	-0.0352737640496343	0.510257485788316
439	2.195	-0.0326944200787693	0.510257485788316
440	2.2	-0.0326944200787693	0.508967813802883
441	2.205	-0.0352737640496343	0.508967813802883
442	2.21	-0.0352737640496343	0.508967813802883
443	2.215	-0.0326944200787693	0.510257485788316
444	2.22	-0.0339840920642018	0.508967813802883
445	2.225	-0.0339840920642018	0.508967813802883
446	2.23	-0.0352737640496343	0.508967813802883
447	2.235	-0.0339840920642018	0.508967813802883
448	2.24	-0.0326944200787693	0.508967813802883
449	2.245	-0.0352737640496343	0.507678141817451
450	2.25	-0.0339840920642018	0.507678141817451
451	2.255	-0.0339840920642018	0.507678141817451
452	2.26	-0.0326944200787693	0.507678141817451
453	2.265	-0.0365634360350668	0.507678141817451
454	2.27	-0.0352737640496343	0.506388469832018
455	2.275	-0.0326944200787693	0.506388469832018
456	2.28	-0.0339840920642018	0.506388469832018
457	2.285	-0.0352737640496343	0.506388469832018
458	2.29	-0.0365634360350668	0.506388469832018
459	2.295	-0.0352737640496343	0.506388469832018
460	2.3	-0.0339840920642018	0.505098797846586
461	2.305	-0.0352737640496343	0.505098797846586
462	2.31	-0.0365634360350668	0.505098797846586
463	2.315	-0.0352737640496343	0.505098797846586
464	2.32	-0.0339840920642018	0.505098797846586
465	2.325	-0.0339840920642018	0.505098797846586
466	2.33	-0.0352737640496343	0.505098797846586
467	2.335	-0.0352737640496343	0.503809125861153
468	2.34	-0.0339840920642018	0.503809125861153
469	2.345	-0.0352737640496343	0.503809125861153
470	2.35	-0.0365634360350668	0.502519453875721
471	2.355	-0.0352737640496343	0.503809125861153
472	2.36	-0.0339840920642018	0.502519453875721
473	2.365	-0.0378531080204993	0.503809125861153
474	2.37	-0.0352737640496343	0.502519453875721
475	2.375	-0.0339840920642018	0.503809125861153
476	2.38	-0.0352737640496343	0.502519453875721
477	2.385	-0.0365634360350668	0.502519453875721
478	2.39	-0.0365634360350668	0.502519453875721
479	2.395	-0.0352737640496343	0.501229781890288
480	2.4	-0.0352737640496343	0.502519453875721
481	2.405	-0.0365634360350668	0.502519453875721
482	2.41	-0.0352737640496343	0.501229781890288
483	2.415	-0.0352737640496343	0.501229781890288
484	2.42	-0.0339840920642018	0.501229781890288
485	2.425	-0.0352737640496343	0.501229781890288
486	2.43	-0.0365634360350668	0.501229781890288
487	2.435	-0.0339840920642018	0.501229781890288
488	2.44	-0.0339840920642018	0.499940109904855
489	2.445	-0.0365634360350668	0.499940109904855
490	2.45	-0.0365634360350668	0.499940109904855
491	2.455	-0.0365634360350668	0.499940109904855
492	2.46	-0.0339840920642018	0.499940109904855
493	2.465	-0.0352737640496343	0.499940109904855
494	2.47	-0.0391427800059319	0.499940109904855
495	2.475	-0.0352737640496343	0.499940109904855
496	2.48	-0.0339840920642018	0.499940109904855
497	2.485	-0.0365634360350668	0.499940109904855
498	2.49	-0.0378531080204993	0.498650437919423
499	2.495	-0.0352737640496343	0.498650437919423
500	2.5	-0.0339840920642018	0.498650437919423
501	2.505	-0.0378531080204993	0.498650437919423
502	2.51	-0.0352737640496343	0.498650437919423
503	2.515	-0.0352737640496343	0.49736076593399
504	2.52	-0.0352737640496343	0.49736076593399
505	2.525	-0.0365634360350668	0.49736076593399
506	2.53	-0.0352737640496343	0.49736076593399
507	2.535	-0.0352737640496343	0.49736076593399
508	2.54	-0.0352737640496343	0.49736076593399
509	2.545	-0.0365634360350668	0.496071093948558
510	2.55	-0.0365634360350668	0.496071093948558
511	2.555	-0.0339840920642018	0.496071093948558
512	2.56	-0.0365634360350668	0.496071093948558
513	2.565	-0.0365634360350668	0.496071093948558
514	2.57	-0.0352737640496343	0.496071093948558
515	2.575	-0.0352737640496343	0.496071093948558
516	2.58	-0.0352737640496343	0.496071093948558
517	2.585	-0.0378531080204993	0.494781421963125
518	2.59	-0.0352737640496343	0.494781421963125
519	2.595	-0.0352737640496343	0.494781421963125
520	2.6	-0.0352737640496343	0.494781421963125
521	2.605	-0.0352737640496343	0.494781421963125
522	2.61	-0.0365634360350668	0.494781421963125
523	2.615	-0.0352737640496343	0.493491749977693
524	2.62	-0.0365634360350668	0.494781421963125
525	2.625	-0.0365634360350668	0.494781421963125
526	2.63	-0.0365634360350668	0.493491749977693
527	2.635	-0.0352737640496343	0.493491749977693
528	2.64	-0.0339840920642018	0.493491749977693
529	2.645	-0.0352737640496343	0.493491749977693
530	2.65	-0.0365634360350668	0.493491749977693
531	2.655	-0.0365634360350668	0.49220207799226
532	2.66	-0.0339840920642018	0.49220207799226
533	2.665	-0.0365634360350668	0.49220207799226
534	2.67	-0.0352737640496343	0.49220207799226
535	2.675	-0.0339840920642018	0.49220207799226
536	2.68	-0.0339840920642018	0.49220207799226
537	2.685	-0.0352737640496343	0.49220207799226
538	2.69	-0.0365634360350668	0.49220207799226
539	2.695	-0.0339840920642018	0.490912406006828
540	2.7	-0.0314047480933368	0.490912406006828
541	2.705	-0.0352737640496343	0.490912406006828
542	2.71	-0.0365634360350668	0.490912406006828
543	2.715	-0.0365634360350668	0.490912406006828
544	2.72	-0.0339840920642018	0.490912406006828
545	2.725	-0.0352737640496343	0.490912406006828
546	2.73	-0.0352737640496343	0.490912406006828
547	2.735	-0.0352737640496343	0.490912406006828
548	2.74	-0.0326944200787693	0.489622734021395
549	2.745	-0.0352737640496343	0.489622734021395
550	2.75	-0.0326944200787693	0.489622734021395
551	2.755	-0.0352737640496343	0.489622734021395
552	2.76	-0.0339840920642018	0.488333062035963
553	2.765	-0.0352737640496343	0.488333062035963
554	2.77	-0.0352737640496343	0.488333062035963
555	2.775	-0.0339840920642018	0.488333062035963
556	2.78	-0.0326944200787693	0.488333062035963
557	2.785	-0.0339840920642018	0.488333062035963
558	2.79	-0.0339840920642018	0.488333062035963
559	2.795	-0.0326944200787693	0.48704339005053
560	2.8	-0.0352737640496343	0.48704339005053
561	2.805	-0.0352737640496343	0.48704339005053
562	2.81	-0.0339840920642018	0.48704339005053
563	2.815	-0.0339840920642018	0.48704339005053
564	2.82	-0.0339840920642018	0.48704339005053
565	2.825	-0.0339840920642018	0.48704339005053
566	2.83	-0.0326944200787693	0.48704339005053
567	2.835	-0.0314047480933368	0.48704339005053
568	2.84	-0.0314047480933368	0.485753718065098
569	2.845	-0.0352737640496343	0.485753718065098
570	2.85	-0.0339840920642018	0.485753718065098
571	2.855	-0.0314047480933368	0.485753718065098
572	2.86	-0.0326944200787693	0.484464046079665
573	2.865	-0.0326944200787693	0.484464046079665
574	2.87	-0.0326944200787693	0.484464046079665
575	2.875	-0.0326944200787693	0.484464046079665
576	2.88	-0.0314047480933368	0.484464046079665
577	2.885	-0.0326944200787693	0.484464046079665
578	2.89	-0.0339840920642018	0.484464046079665
579	2.895	-0.0314047480933368	0.483174374094233
580	2.9	-0.0339840920642018	0.483174374094233
581	2.905	-0.0339840920642018	0.483174374094233
582	2.91	-0.0339840920642018	0.483174374094233
583	2.915	-0.0326944200787693	0.483174374094233
584	2.92	-0.0326944200787693	0.483174374094233
585	2.925	-0.0339840920642018	0.4818847021088
586	2.93	-0.0339840920642018	0.4818847021088
587	2.935	-0.0339840920642018	0.483174374094233
588	2.94	-0.0339840920642018	0.483174374094233
589	2.945	-0.0339840920642018	0.4818847021088
590	2.95	-0.0339840920642018	0.4818847021088
591	2.955	-0.0314047480933368	0.4818847021088
592	2.96	-0.0314047480933368	0.4818847021088
593	2.965	-0.0326944200787693	0.4818847021088
594	2.97	-0.0339840920642018	0.480595030123368
595	2.975	-0.0314047480933368	0.4818847021088
596	2.98	-0.0339840920642018	0.480595030123368
597	2.985	-0.0339840920642018	0.480595030123368
598	2.99	-0.0326944200787693	0.480595030123368
599	2.995	-0.0326944200787693	0.480595030123368
600	3	-0.0326944200787693	0.479305358137935
601	3.005	-0.0326944200787693	0.479305358137935
602	3.01	-0.0339840920642018	0.479305358137935
603	3.015	-0.0314047480933368	0.480595030123368
604	3.02	-0.0326944200787693	0.479305358137935
605	3.025	-0.0326944200787693	0.479305358137935
606	3.03	-0.0326944200787693	0.479305358137935
607	3.035	-0.0314047480933368	0.479305358137935
608	3.04	-0.0326944200787693	0.478015686152503
609	3.045	-0.0326944200787693	0.478015686152503
610	3.05	-0.0326944200787693	0.478015686152503
611	3.055	-0.0339840920642018	0.478015686152503
612	3.06	-0.0339840920642018	0.478015686152503
613	3.065	-0.0326944200787693	0.478015686152503
614	3.07	-0.0326944200787693	0.47672601416707
615	3.075	-0.0326944200787693	0.47672601416707
616	3.08	-0.0326944200787693	0.47672601416707
617	3.085	-0.0326944200787693	0.47672601416707
618	3.09	-0.0339840920642018	0.47672601416707
619	3.095	-0.0326944200787693	0.475436342181638
620	3.1	-0.0314047480933368	0.47672601416707
621	3.105	-0.0326944200787693	0.475436342181638
622	3.11	-0.0326944200787693	0.475436342181638
623	3.115	-0.0314047480933368	0.475436342181638
624	3.12	-0.0326944200787693	0.475436342181638
625	3.125	-0.0326944200787693	0.475436342181638
626	3.13	-0.0326944200787693	0.475436342181638
627	3.135	-0.0314047480933368	0.475436342181638
628	3.14	-0.0326944200787693	0.475436342181638
629	3.145	-0.0339840920642018	0.474146670196205
630	3.15	-0.0339840920642018	0.474146670196205
631	3.155	-0.0326944200787693	0.474146670196205
632	3.16	-0.0326944200787693	0.474146670196205
633	3.165	-0.0314047480933368	0.474146670196205
634	3.17	-0.0326944200787693	0.474146670196205
635	3.175	-0.0314047480933368	0.474146670196205
636	3.18	-0.0326944200787693	0.472856998210773
637	3.185	-0.0326944200787693	0.472856998210773
638	3.19	-0.0339840920642018	0.472856998210773
639	3.195	-0.0326944200787693	0.472856998210773
640	3.2	-0.0314047480933368	0.472856998210773
641	3.205	-0.0314047480933368	0.472856998210773
642	3.21	-0.0339840920642018	0.47156732622534
643	3.215	-0.0326944200787693	0.47156732622534
644	3.22	-0.0314047480933368	0.47156732622534
645	3.225	-0.0314047480933368	0.47156732622534
646	3.23	-0.0326944200787693	0.47156732622534
647	3.235	-0.0314047480933368	0.470277654239908
648	3.24	-0.0314047480933368	0.47156732622534
649	3.245	-0.0314047480933368	0.47156732622534
650	3.25	-0.0314047480933368	0.470277654239908
651	3.255	-0.0314047480933368	0.470277654239908
652	3.26	-0.0301150761079043	0.470277654239908
653	3.265	-0.0314047480933368	0.470277654239908
654	3.27	-0.0326944200787693	0.470277654239908
655	3.275	-0.0314047480933368	0.468987982254475
656	3.28	-0.0314047480933368	0.468987982254475
657	3.285	-0.0314047480933368	0.468987982254475
658	3.29	-0.0326944200787693	0.468987982254475
659	3.295	-0.0301150761079043	0.468987982254475
660	3.3	-0.0301150761079043	0.467698310269043
661	3.305	-0.0326944200787693	0.467698310269043
662	3.31	-0.0314047480933368	0.467698310269043
663	3.315	-0.0314047480933368	0.467698310269043
664	3.32	-0.0288254041224718	0.46640863828361
665	3.325	-0.0301150761079043	0.467698310269043
666	3.33	-0.0326944200787693	0.467698310269043
667	3.335	-0.0314047480933368	0.46640863828361
668	3.34	-0.0326944200787693	0.467698310269043
669	3.345	-0.0301150761079043	0.46640863828361
670	3.35	-0.0314047480933368	0.46640863828361
671	3.355	-0.0314047480933368	0.46640863828361
672	3.36	-0.0288254041224718	0.46640863828361
673	3.365	-0.0301150761079043	0.46640863828361
674	3.37	-0.0314047480933368	0.465118966298178
675	3.375	-0.0301150761079043	0.465118966298178
676	3.38	-0.0301150761079043	0.465118966298178
677	3.385	-0.0301150761079043	0.465118966298178
678	3.39	-0.0314047480933368	0.465118966298178
679	3.395	-0.0314047480933368	0.465118966298178
680	3.4	-0.0301150761079043	0.465118966298178
681	3.405	-0.0314047480933368	0.463829294312745
682	3.41	-0.0314047480933368	0.463829294312745
683	3.415	-0.0301150761079043	0.463829294312745
684	3.42	-0.0301150761079043	0.463829294312745
685	3.425	-0.0301150761079043	0.463829294312745
686	3.43	-0.0314047480933368	0.463829294312745
687	3.435	-0.0301150761079043	0.462539622327313
688	3.44	-0.0288254041224718	0.462539622327313
689	3.445	-0.0314047480933368	0.462539622327313
690	3.45	-0.0314047480933368	0.46124995034188
691	3.455	-0.0301150761079043	0.462539622327313
692	3.46	-0.0288254041224718	0.462539622327313
693	3.465	-0.0301150761079043	0.46124995034188
694	3.47	-0.0326944200787693	0.462539622327313
695	3.475	-0.0301150761079043	0.46124995034188
696	3.48	-0.0288254041224718	0.46124995034188
697	3.485	-0.0314047480933368	0.46124995034188
698	3.49	-0.0326944200787693	0.459960278356448
699	3.495	-0.0288254041224718	0.459960278356448
700	3.5	-0.0288254041224718	0.459960278356448
701	3.505	-0.0314047480933368	0.459960278356448
702	3.51	-0.0314047480933368	0.459960278356448
703	3.515	-0.0314047480933368	0.459960278356448
704	3.52	-0.0288254041224718	0.458670606371015
705	3.525	-0.0314047480933368	0.458670606371015
706	3.53	-0.0301150761079043	0.458670606371015
707	3.535	-0.0301150761079043	0.458670606371015
708	3.54	-0.0301150761079043	0.458670606371015
709	3.545	-0.0326944200787693	0.458670606371015
710	3.55	-0.0314047480933368	0.458670606371015
711	3.555	-0.0301150761079043	0.457380934385583
712	3.56	-0.0288254041224718	0.457380934385583
713	3.565	-0.0301150761079043	0.457380934385583
714	3.57	-0.0314047480933368	0.457380934385583
715	3.575	-0.0288254041224718	0.457380934385583
716	3.58	-0.0301150761079043	0.45609126240015
717	3.585	-0.0314047480933368	0.45609126240015
718	3.59	-0.0314047480933368	0.45609126240015
719	3.595	-0.0314047480933368	0.45609126240015
720	3.6	-0.0288254041224718	0.45609126240015
721	3.605	-0.0314047480933368	0.45609126240015
722	3.61	-0.0301150761079043	0.45609126240015
723	3.615	-0.0314047480933368	0.454801590414718
724	3.62	-0.0301150761079043	0.454801590414718
725	3.625	-0.0288254041224718	0.454801590414718
726	3.63	-0.0314047480933368	0.454801590414718
727	3.635	-0.0288254041224718	0.453511918429285
728	3.64	-0.0288254041224718	0.453511918429285
729	3.645	-0.0314047480933368	0.453511918429285
730	3.65	-0.0301150761079043	0.453511918429285
731	3.655	-0.0301150761079043	0.453511918429285
732	3.66	-0.0301150761079043	0.453511918429285
733	3.665	-0.0301150761079043	0.453511918429285
734	3.67	-0.0314047480933368	0.452222246443853
735	3.675	-0.0288254041224718	0.452222246443853
736	3.68	-0.0301150761079043	0.452222246443853
737	3.685	-0.0301150761079043	0.452222246443853
738	3.69	-0.0301150761079043	0.452222246443853
739	3.695	-0.0301150761079043	0.45093257445842
740	3.7	-0.0288254041224718	0.452222246443853
741	3.705	-0.0314047480933368	0.45093257445842
742	3.71	-0.0314047480933368	0.45093257445842
743	3.715	-0.0288254041224718	0.45093257445842
744	3.72	-0.0288254041224718	0.45093257445842
745	3.725	-0.0301150761079043	0.449642902472988
746	3.73	-0.0301150761079043	0.449642902472988
747	3.735	-0.0314047480933368	0.45093257445842
748	3.74	-0.0314047480933368	0.449642902472988
749	3.745	-0.0301150761079043	0.449642902472988
750	3.75	-0.0301150761079043	0.449642902472988
751	3.755	-0.0288254041224718	0.449642902472988
752	3.76	-0.0301150761079043	0.449642902472988
753	3.765	-0.0314047480933368	0.448353230487555
754	3.77	-0.0288254041224718	0.448353230487555
755	3.775	-0.0301150761079043	0.448353230487555
756	3.78	-0.0275357321370393	0.447063558502123
757	3.785	-0.0301150761079043	0.447063558502123
758	3.79	-0.0314047480933368	0.447063558502123
759	3.795	-0.0314047480933368	0.447063558502123
760	3.8	-0.0288254041224718	0.447063558502123
761	3.805	-0.0301150761079043	0.447063558502123
762	3.81	-0.0314047480933368	0.44577388651669
763	3.815	-0.0288254041224718	0.44577388651669
764	3.82	-0.0301150761079043	0.44577388651669
765	3.825	-0.0301150761079043	0.447063558502123
766	3.83	-0.0301150761079043	0.44577388651669
767	3.835	-0.0288254041224718	0.44577388651669
768	3.84	-0.0275357321370393	0.444484214531258
769	3.845	-0.0288254041224718	0.44577388651669
770	3.85	-0.0301150761079043	0.444484214531258
771	3.855	-0.0288254041224718	0.444484214531258
772	3.86	-0.0288254041224718	0.444484214531258
773	3.865	-0.0314047480933368	0.444484214531258
774	3.87	-0.0301150761079043	0.443194542545825
775	3.875	-0.0301150761079043	0.444484214531258
776	3.88	-0.0288254041224718	0.443194542545825
777	3.885	-0.0301150761079043	0.443194542545825
778	3.89	-0.0301150761079043	0.443194542545825
779	3.895	-0.0288254041224718	0.443194542545825
780	3.9	-0.0275357321370393	0.443194542545825
781	3.905	-0.0288254041224718	0.443194542545825
782	3.91	-0.0314047480933368	0.441904870560393
783	3.915	-0.0301150761079043	0.441904870560393
784	3.92	-0.0288254041224718	0.441904870560393
785	3.925	-0.0301150761079043	0.441904870560393
786	3.93	-0.0301150761079043	0.44061519857496
787	3.935	-0.0301150761079043	0.44061519857496
788	3.94	-0.0288254041224718	0.44061519857496
789	3.945	-0.0301150761079043	0.441904870560393
790	3.95	-0.0301150761079043	0.44061519857496
791	3.955	-0.0288254041224718	0.44061519857496
792	3.96	-0.0301150761079043	0.44061519857496
793	3.965	-0.0314047480933368	0.44061519857496
794	3.97	-0.0314047480933368	0.44061519857496
795	3.975	-0.0301150761079043	0.439325526589528
796	3.98	-0.0301150761079043	0.439325526589528
797	3.985	-0.0301150761079043	0.439325526589528
798	3.99	-0.0326944200787693	0.438035854604095
799	3.995	-0.0301150761079043	0.439325526589528
800	4	-0.0301150761079043	0.438035854604095
801	4.005	-0.0314047480933368	0.438035854604095
802	4.01	-0.0314047480933368	0.438035854604095
803	4.015	-0.0301150761079043	0.438035854604095
804	4.02	-0.0288254041224718	0.438035854604095
805	4.025	-0.0301150761079043	0.438035854604095
806	4.03	-0.0326944200787693	0.438035854604095
807	4.035	-0.0301150761079043	0.436746182618663
808	4.04	-0.0288254041224718	0.436746182618663
809	4.045	-0.0301150761079043	0.436746182618663
810	4.05	-0.0326944200787693	0.43545651063323
811	4.055	-0.0301150761079043	0.43545651063323
812	4.06	-0.0301150761079043	0.43545651063323
813	4.065	-0.0314047480933368	0.43545651063323
814	4.07	-0.0314047480933368	0.434166838647798
815	4.075	-0.0301150761079043	0.43545651063323
816	4.08	-0.0301150761079043	0.43545651063323
817	4.085	-0.0326944200787693	0.434166838647798
818	4.09	-0.0314047480933368	0.434166838647798
819	4.095	-0.0301150761079043	0.434166838647798
820	4.1	-0.0314047480933368	0.434166838647798
821	4.105	-0.0326944200787693	0.434166838647798
822	4.11	-0.0326944200787693	0.434166838647798
823	4.115	-0.0301150761079043	0.434166838647798
824	4.12	-0.0301150761079043	0.432877166662365
825	4.125	-0.0314047480933368	0.432877166662365
826	4.13	-0.0326944200787693	0.431587494676933
827	4.135	-0.0314047480933368	0.432877166662365
828	4.14	-0.0301150761079043	0.432877166662365
829	4.145	-0.0326944200787693	0.432877166662365
830	4.15	-0.0314047480933368	0.431587494676933
831	4.155	-0.0314047480933368	0.431587494676933
832	4.16	-0.0301150761079043	0.431587494676933
833	4.165	-0.0326944200787693	0.431587494676933
834	4.17	-0.0314047480933368	0.431587494676933
835	4.175	-0.0314047480933368	0.4302978226915
836	4.18	-0.0288254041224718	0.431587494676933
837	4.185	-0.0314047480933368	0.4302978226915
838	4.19	-0.0314047480933368	0.4302978226915
839	4.195	-0.0301150761079043	0.429008150706068
840	4.2	-0.0275357321370393	0.4302978226915
841	4.205	-0.0275357321370393	0.4302978226915
842	4.21	-0.0314047480933368	0.429008150706068
843	4.215	-0.0301150761079043	0.429008150706068
844	4.22	-0.0288254041224718	0.429008150706068
845	4.225	-0.0301150761079043	0.429008150706068
846	4.23	-0.0314047480933368	0.429008150706068
847	4.235	-0.0288254041224718	0.429008150706068
848	4.24	-0.0314047480933368	0.429008150706068
849	4.245	-0.0301150761079043	0.429008150706068
850	4.25	-0.0326944200787693	0.427718478720635
851	4.255	-0.0326944200787693	0.427718478720635
852	4.26	-0.0314047480933368	0.426428806735203
853	4.265	-0.0314047480933368	0.427718478720635
854	4.27	-0.0314047480933368	0.426428806735203
855	4.275	-0.0301150761079043	0.427718478720635
856	4.28	-0.0301150761079043	0.427718478720635
857	4.285	-0.0301150761079043	0.426428806735203
858	4.29	-0.0301150761079043	0.426428806735203
859	4.295	-0.0275357321370393	0.426428806735203
860	4.3	-0.0249563881661743	0.426428806735203
861	4.305	-0.0288254041224718	0.42513913474977
862	4.31	-0.0288254041224718	0.42513913474977
863	4.315	-0.0288254041224718	0.42513913474977
864	4.32	-0.0275357321370393	0.42513913474977
865	4.325	-0.0288254041224718	0.42513913474977
866	4.33	-0.0314047480933368	0.42513913474977
867	4.335	-0.0301150761079043	0.423849462764338
868	4.34	-0.0301150761079043	0.423849462764338
869	4.345	-0.0314047480933368	0.423849462764338
870	4.35	-0.0314047480933368	0.423849462764338
871	4.355	-0.0339840920642018	0.423849462764338
872	4.36	-0.0301150761079043	0.423849462764338
873	4.365	-0.0339840920642018	0.423849462764338
874	4.37	-0.0352737640496343	0.423849462764338
875	4.375	-0.0314047480933368	0.422559790778905
876	4.38	-0.0326944200787693	0.422559790778905
877	4.385	-0.0314047480933368	0.422559790778905
878	4.39	-0.0326944200787693	0.422559790778905
879	4.395	-0.0326944200787693	0.422559790778905
880	4.4	-0.0326944200787693	0.421270118793473
881	4.405	-0.0326944200787693	0.421270118793473
882	4.41	-0.0339840920642018	0.421270118793473
883	4.415	-0.0326944200787693	0.421270118793473
884	4.42	-0.0314047480933368	0.421270118793473
885	4.425	-0.0326944200787693	0.421270118793473
886	4.43	-0.0339840920642018	0.41998044680804
887	4.435	-0.0326944200787693	0.421270118793473
888	4.44	-0.0326944200787693	0.41998044680804
889	4.445	-0.0339840920642018	0.41998044680804
890	4.45	-0.0339840920642018	0.41998044680804
891	4.455	-0.0339840920642018	0.41998044680804
892	4.46	-0.0326944200787693	0.41998044680804
893	4.465	-0.0339840920642018	0.418690774822608
894	4.47	-0.0365634360350668	0.418690774822608
895	4.475	-0.0326944200787693	0.418690774822608
896	4.48	-0.0339840920642018	0.418690774822608
897	4.485	-0.0326944200787693	0.418690774822608
898	4.49	-0.0365634360350668	0.417401102837175
899	4.495	-0.0326944200787693	0.417401102837175
900	4.5	-0.0326944200787693	0.417401102837175
901	4.505	-0.0352737640496343	0.417401102837175
902	4.51	-0.0352737640496343	0.417401102837175
903	4.515	-0.0339840920642018	0.416111430851743
904	4.52	-0.0339840920642018	0.417401102837175
905	4.525	-0.0352737640496343	0.416111430851743
906	4.53	-0.0352737640496343	0.416111430851743
907	4.535	-0.0352737640496343	0.416111430851743
908	4.54	-0.0326944200787693	0.416111430851743
909	4.545	-0.0352737640496343	0.416111430851743
910	4.55	-0.0378531080204993	0.41482175886631
911	4.555	-0.0365634360350668	0.41482175886631
912	4.56	-0.0352737640496343	0.41482175886631
913	4.565	-0.0365634360350668	0.41482175886631
914	4.57	-0.0352737640496343	0.416111430851743
915	4.575	-0.0352737640496343	0.413532086880878
916	4.58	-0.0339840920642018	0.41482175886631
917	4.585	-0.0339840920642018	0.413532086880878
918	4.59	-0.0391427800059319	0.413532086880878
919	4.595	-0.0365634360350668	0.413532086880878
920	4.6	-0.0378531080204993	0.413532086880878
921	4.605	-0.0365634360350668	0.413532086880878
922	4.61	-0.0378531080204993	0.413532086880878
923	4.615	-0.0378531080204993	0.413532086880878
924	4.62	-0.0378531080204993	0.412242414895445
925	4.625	-0.0378531080204993	0.412242414895445
926	4.63	-0.0378531080204993	0.412242414895445
927	4.635	-0.0378531080204993	0.412242414895445
928	4.64	-0.0339840920642018	0.412242414895445
929	4.645	-0.0378531080204993	0.410952742910013
930	4.65	-0.0391427800059319	0.410952742910013
931	4.655	-0.0365634360350668	0.412242414895445
932	4.66	-0.0378531080204993	0.410952742910013
933	4.665	-0.0378531080204993	0.410952742910013
934	4.67	-0.0391427800059319	0.40966307092458
935	4.675	-0.0365634360350668	0.40966307092458
936	4.68	-0.0378531080204993	0.40966307092458
937	4.685	-0.0391427800059319	0.40966307092458
938	4.69	-0.0404324519913644	0.40966307092458
939	4.695	-0.0391427800059319	0.40966307092458
940	4.7	-0.0378531080204993	0.40966307092458
941	4.705	-0.0391427800059319	0.40966307092458
942	4.71	-0.0417221239767969	0.408373398939148
943	4.715	-0.0417221239767969	0.408373398939148
944	4.72	-0.0404324519913644	0.408373398939148
945	4.725	-0.0404324519913644	0.408373398939148
946	4.73	-0.0404324519913644	0.408373398939148
947	4.735	-0.0391427800059319	0.407083726953715
948	4.74	-0.0391427800059319	0.408373398939148
949	4.745	-0.0404324519913644	0.407083726953715
950	4.75	-0.0404324519913644	0.407083726953715
951	4.755	-0.0430117959622294	0.407083726953715
952	4.76	-0.0378531080204993	0.407083726953715
953	4.765	-0.0391427800059319	0.407083726953715
954	4.77	-0.0404324519913644	0.405794054968283
955	4.775	-0.0417221239767969	0.405794054968283
956	4.78	-0.0404324519913644	0.405794054968283
957	4.785	-0.0404324519913644	0.405794054968283
958	4.79	-0.0417221239767969	0.405794054968283
959	4.795	-0.0404324519913644	0.405794054968283
960	4.8	-0.0391427800059319	0.405794054968283
961	4.805	-0.0404324519913644	0.40450438298285
962	4.81	-0.0417221239767969	0.40450438298285
963	4.815	-0.0430117959622294	0.40450438298285
964	4.82	-0.0391427800059319	0.40450438298285
965	4.825	-0.0404324519913644	0.40450438298285
966	4.83	-0.0417221239767969	0.40450438298285
967	4.835	-0.0391427800059319	0.40450438298285
968	4.84	-0.0378531080204993	0.403214710997418
969	4.845	-0.0404324519913644	0.403214710997418
970	4.85	-0.0404324519913644	0.403214710997418
971	4.855	-0.0404324519913644	0.401925039011985
972	4.86	-0.0391427800059319	0.403214710997418
973	4.865	-0.0404324519913644	0.401925039011985
974	4.87	-0.0417221239767969	0.401925039011985
975	4.875	-0.0430117959622294	0.401925039011985
976	4.88	-0.0391427800059319	0.401925039011985
977	4.885	-0.0404324519913644	0.401925039011985
978	4.89	-0.0404324519913644	0.400635367026553
979	4.895	-0.0404324519913644	0.400635367026553
980	4.9	-0.0391427800059319	0.400635367026553
981	4.905	-0.0404324519913644	0.400635367026553
982	4.91	-0.0404324519913644	0.400635367026553
983	4.915	-0.0417221239767969	0.39934569504112
984	4.92	-0.0404324519913644	0.400635367026553
985	4.925	-0.0404324519913644	0.39934569504112
986	4.93	-0.0404324519913644	0.39934569504112
987	4.935	-0.0404324519913644	0.39934569504112
988	4.94	-0.0391427800059319	0.39934569504112
989	4.945	-0.0417221239767969	0.398056023055688
990	4.95	-0.0404324519913644	0.398056023055688
991	4.955	-0.0391427800059319	0.398056023055688
992	4.96	-0.0378531080204993	0.398056023055688
993	4.965	-0.0404324519913644	0.398056023055688
994	4.97	-0.0417221239767969	0.398056023055688
995	4.975	-0.0404324519913644	0.398056023055688
996	4.98	-0.0404324519913644	0.398056023055688
997	4.985	-0.0391427800059319	0.396766351070255
998	4.99	-0.0404324519913644	0.396766351070255
999	4.995	-0.0417221239767969	0.396766351070255
1000	5	-0.0391427800059319	0.396766351070255
1001	5.005	-0.0417221239767969	0.395476679084823
1002	5.01	-0.0417221239767969	0.396766351070255
1003	5.015	-0.0391427800059319	0.396766351070255
1004	5.02	-0.0391427800059319	0.396766351070255
1005	5.025	-0.0391427800059319	0.395476679084823
1006	5.03	-0.0404324519913644	0.395476679084823
1007	5.035	-0.0417221239767969	0.395476679084823
1008	5.04	-0.0378531080204993	0.395476679084823
1009	5.045	-0.0404324519913644	0.39418700709939
1010	5.05	-0.0417221239767969	0.39418700709939
1011	5.055	-0.0404324519913644	0.395476679084823
1012	5.06	-0.0391427800059319	0.39418700709939
1013	5.065	-0.0417221239767969	0.39418700709939
1014	5.07	-0.0443014679476619	0.392897335113958
1015	5.075	-0.0404324519913644	0.39418700709939
1016	5.08	-0.0417221239767969	0.39418700709939
1017	5.085	-0.0443014679476619	0.392897335113958
1018	5.09	-0.0417221239767969	0.392897335113958
1019	5.095	-0.0417221239767969	0.392897335113958
1020	5.1	-0.0430117959622294	0.392897335113958
1021	5.105	-0.0430117959622294	0.391607663128525
1022	5.11	-0.0430117959622294	0.391607663128525
1023	5.115	-0.0430117959622294	0.391607663128525
1024	5.12	-0.0404324519913644	0.391607663128525
1025	5.125	-0.0430117959622294	0.391607663128525
1026	5.13	-0.0443014679476619	0.391607663128525
1027	5.135	-0.0443014679476619	0.391607663128525
1028	5.14	-0.0430117959622294	0.391607663128525
1029	5.145	-0.0443014679476619	0.390317991143093
1030	5.15	-0.0443014679476619	0.390317991143093
1031	5.155	-0.0430117959622294	0.390317991143093
1032	5.16	-0.0430117959622294	0.390317991143093
1033	5.165	-0.0455911399330944	0.390317991143093
1034	5.17	-0.0455911399330944	0.390317991143093
1035	5.175	-0.0443014679476619	0.390317991143093
1036	5.18	-0.0443014679476619	0.38902831915766
1037	5.185	-0.0455911399330944	0.38902831915766
1038	5.19	-0.0481704839039594	0.387738647172228
1039	5.195	-0.0468808119185269	0.38902831915766
1040	5.2	-0.0443014679476619	0.38902831915766
1041	5.205	-0.0481704839039594	0.387738647172228
1042	5.21	-0.0468808119185269	0.387738647172228
1043	5.215	-0.0494601558893919	0.387738647172228
1044	5.22	-0.0481704839039594	0.387738647172228
1045	5.225	-0.0468808119185269	0.387738647172228
1046	5.23	-0.0494601558893919	0.387738647172228
1047	5.235	-0.0468808119185269	0.386448975186795
1048	5.24	-0.0494601558893919	0.387738647172228
1049	5.245	-0.0481704839039594	0.386448975186795
1050	5.25	-0.0494601558893919	0.386448975186795
1051	5.255	-0.0481704839039594	0.386448975186795
1052	5.26	-0.0468808119185269	0.386448975186795
1053	5.265	-0.0455911399330944	0.385159303201362
1054	5.27	-0.0507498278748244	0.385159303201362
1055	5.275	-0.0481704839039594	0.385159303201362
1056	5.28	-0.0481704839039594	0.385159303201362
1057	5.285	-0.0481704839039594	0.385159303201362
1058	5.29	-0.0481704839039594	0.385159303201362
1059	5.295	-0.0481704839039594	0.38386963121593
1060	5.3	-0.0468808119185269	0.38386963121593
1061	5.305	-0.0494601558893919	0.38386963121593
1062	5.31	-0.0507498278748244	0.38386963121593
1063	5.315	-0.0494601558893919	0.38386963121593
1064	5.32	-0.0494601558893919	0.38386963121593
1065	5.325	-0.0494601558893919	0.38386963121593
1066	5.33	-0.0481704839039594	0.38386963121593
1067	5.335	-0.0494601558893919	0.382579959230497
1068	5.34	-0.0494601558893919	0.382579959230497
1069	5.345	-0.0468808119185269	0.382579959230497
1070	5.35	-0.0481704839039594	0.382579959230497
1071	5.355	-0.0507498278748244	0.381290287245065
1072	5.36	-0.0481704839039594	0.381290287245065
1073	5.365	-0.0494601558893919	0.381290287245065
1074	5.37	-0.0507498278748244	0.381290287245065
1075	5.375	-0.0507498278748244	0.381290287245065
1076	5.38	-0.0455911399330944	0.381290287245065
1077	5.385	-0.0481704839039594	0.381290287245065
1078	5.39	-0.0481704839039594	0.381290287245065
1079	5.395	-0.0468808119185269	0.380000615259632
1080	5.4	-0.0468808119185269	0.380000615259632
1081	5.405	-0.0468808119185269	0.380000615259632
1082	5.41	-0.0494601558893919	0.380000615259632
1083	5.415	-0.0455911399330944	0.3787109432742
1084	5.42	-0.0455911399330944	0.380000615259632
1085	5.425	-0.0481704839039594	0.3787109432742
1086	5.43	-0.0481704839039594	0.380000615259632
1087	5.435	-0.0468808119185269	0.3787109432742
1088	5.44	-0.0455911399330944	0.3787109432742
1089	5.445	-0.0468808119185269	0.3787109432742
1090	5.45	-0.0455911399330944	0.3787109432742
1091	5.455	-0.0455911399330944	0.377421271288767
1092	5.46	-0.0455911399330944	0.377421271288767
1093	5.465	-0.0455911399330944	0.377421271288767
1094	5.47	-0.0468808119185269	0.377421271288767
1095	5.475	-0.0468808119185269	0.377421271288767
1096	5.48	-0.0443014679476619	0.376131599303335
1097	5.485	-0.0468808119185269	0.376131599303335
1098	5.49	-0.0455911399330944	0.376131599303335
1099	5.495	-0.0455911399330944	0.376131599303335
1100	5.5	-0.0430117959622294	0.376131599303335
1101	5.505	-0.0443014679476619	0.376131599303335
1102	5.51	-0.0481704839039594	0.374841927317902
1103	5.515	-0.0443014679476619	0.374841927317902
1104	5.52	-0.0430117959622294	0.374841927317902
1105	5.525	-0.0430117959622294	0.374841927317902
1106	5.53	-0.0443014679476619	0.374841927317902
1107	5.535	-0.0443014679476619	0.374841927317902
1108	5.54	-0.0430117959622294	0.37355225533247
1109	5.545	-0.0455911399330944	0.37355225533247
1110	5.55	-0.0468808119185269	0.37355225533247
1111	5.555	-0.0430117959622294	0.37355225533247
1112	5.56	-0.0417221239767969	0.37355225533247
1113	5.565	-0.0443014679476619	0.37355225533247
1114	5.57	-0.0443014679476619	0.372262583347037
1115	5.575	-0.0455911399330944	0.372262583347037
1116	5.58	-0.0443014679476619	0.37355225533247
1117	5.585	-0.0455911399330944	0.372262583347037
1118	5.59	-0.0455911399330944	0.372262583347037
1119	5.595	-0.0468808119185269	0.372262583347037
1120	5.6	-0.0443014679476619	0.372262583347037
1121	5.605	-0.0443014679476619	0.370972911361605
1122	5.61	-0.0481704839039594	0.370972911361605
1123	5.615	-0.0455911399330944	0.370972911361605
1124	5.62	-0.0455911399330944	0.370972911361605
1125	5.625	-0.0455911399330944	0.370972911361605
1126	5.63	-0.0455911399330944	0.370972911361605
1127	5.635	-0.0443014679476619	0.370972911361605
1128	5.64	-0.0430117959622294	0.370972911361605
1129	5.645	-0.0468808119185269	0.369683239376172
1130	5.65	-0.0468808119185269	0.369683239376172
1131	5.655	-0.0455911399330944	0.369683239376172
1132	5.66	-0.0455911399330944	0.369683239376172
1133	5.665	-0.0468808119185269	0.36839356739074
1134	5.67	-0.0481704839039594	0.369683239376172
1135	5.675	-0.0481704839039594	0.36839356739074
1136	5.68	-0.0455911399330944	0.36839356739074
1137	5.685	-0.0443014679476619	0.36839356739074
1138	5.69	-0.0455911399330944	0.367103895405307
1139	5.695	-0.0468808119185269	0.36839356739074
1140	5.7	-0.0468808119185269	0.367103895405307
1141	5.705	-0.0481704839039594	0.367103895405307
1142	5.71	-0.0468808119185269	0.367103895405307
1143	5.715	-0.0481704839039594	0.367103895405307
1144	5.72	-0.0455911399330944	0.367103895405307
1145	5.725	-0.0468808119185269	0.367103895405307
1146	5.73	-0.0481704839039594	0.365814223419875
1147	5.735	-0.0481704839039594	0.367103895405307
1148	5.74	-0.0455911399330944	0.365814223419875
1149	5.745	-0.0481704839039594	0.365814223419875
1150	5.75	-0.0507498278748244	0.365814223419875
1151	5.755	-0.0481704839039594	0.364524551434442
1152	5.76	-0.0468808119185269	0.364524551434442
1153	5.765	-0.0481704839039594	0.364524551434442
1154	5.77	-0.0494601558893919	0.364524551434442
1155	5.775	-0.0520394998602569	0.364524551434442
1156	5.78	-0.0481704839039594	0.364524551434442
1157	5.785	-0.0494601558893919	0.364524551434442
1158	5.79	-0.0507498278748244	0.364524551434442
1159	5.795	-0.0481704839039594	0.36323487944901
1160	5.8	-0.0494601558893919	0.36323487944901
1161	5.805	-0.0507498278748244	0.36323487944901
1162	5.81	-0.0494601558893919	0.36323487944901
1163	5.815	-0.0520394998602569	0.36323487944901
1164	5.82	-0.0507498278748244	0.36323487944901
1165	5.825	-0.0520394998602569	0.361945207463577
1166	5.83	-0.0507498278748244	0.36323487944901
1167	5.835	-0.0533291718456894	0.361945207463577
1168	5.84	-0.0494601558893919	0.361945207463577
1169	5.845	-0.0494601558893919	0.361945207463577
1170	5.85	-0.0520394998602569	0.361945207463577
1171	5.855	-0.0507498278748244	0.360655535478145
1172	5.86	-0.0507498278748244	0.360655535478145
1173	5.865	-0.0507498278748244	0.360655535478145
1174	5.87	-0.0520394998602569	0.360655535478145
1175	5.875	-0.0507498278748244	0.360655535478145
1176	5.88	-0.0494601558893919	0.360655535478145
1177	5.885	-0.0494601558893919	0.360655535478145
1178	5.89	-0.0520394998602569	0.360655535478145
1179	5.895	-0.0507498278748244	0.360655535478145
1180	5.9	-0.0507498278748244	0.360655535478145
1181	5.905	-0.0507498278748244	0.359365863492712
1182	5.91	-0.0520394998602569	0.359365863492712
1183	5.915	-0.0520394998602569	0.359365863492712
1184	5.92	-0.0494601558893919	0.359365863492712
1185	5.925	-0.0520394998602569	0.359365863492712
1186	5.93	-0.0520394998602569	0.359365863492712
1187	5.935	-0.0520394998602569	0.359365863492712
1188	5.94	-0.0494601558893919	0.359365863492712
1189	5.945	-0.0507498278748244	0.359365863492712
1190	5.95	-0.0533291718456894	0.359365863492712
1191	5.955	-0.0507498278748244	0.35807619150728
1192	5.96	-0.0481704839039594	0.35807619150728
1193	5.965	-0.0507498278748244	0.35807619150728
1194	5.97	-0.0507498278748244	0.35807619150728
1195	5.975	-0.0533291718456894	0.35807619150728
1196	5.98	-0.0507498278748244	0.35807619150728
1197	5.985	-0.0507498278748244	0.35807619150728
1198	5.99	-0.0507498278748244	0.35807619150728
1199	5.995	-0.0507498278748244	0.356786519521847
1200	6	-0.0507498278748244	0.356786519521847
1201	6.005	-0.0494601558893919	0.356786519521847
1202	6.01	-0.0520394998602569	0.356786519521847
1203	6.015	-0.0520394998602569	0.35807619150728
1204	6.02	-0.0494601558893919	0.356786519521847
1205	6.025	-0.0507498278748244	0.356786519521847
1206	6.03	-0.0533291718456894	0.356786519521847
1207	6.035	-0.0520394998602569	0.356786519521847
1208	6.04	-0.0507498278748244	0.356786519521847
1209	6.045	-0.0507498278748244	0.356786519521847
1210	6.05	-0.0533291718456894	0.356786519521847
1211	6.055	-0.0533291718456894	0.355496847536415
1212	6.06	-0.0481704839039594	0.355496847536415
1213	6.065	-0.0520394998602569	0.355496847536415
1214	6.07	-0.0533291718456894	0.355496847536415
1215	6.075	-0.0546188438311219	0.355496847536415
1216	6.08	-0.0520394998602569	0.355496847536415
1217	6.085	-0.0520394998602569	0.355496847536415
1218	6.09	-0.0533291718456894	0.354207175550982
1219	6.095	-0.0546188438311219	0.354207175550982
1220	6.1	-0.0494601558893919	0.355496847536415
1221	6.105	-0.0494601558893919	0.354207175550982
1222	6.11	-0.0533291718456894	0.354207175550982
1223	6.115	-0.0520394998602569	0.355496847536415
1224	6.12	-0.0520394998602569	0.354207175550982
1225	6.125	-0.0507498278748244	0.354207175550982
1226	6.13	-0.0533291718456894	0.354207175550982
1227	6.135	-0.0520394998602569	0.354207175550982
1228	6.14	-0.0507498278748244	0.354207175550982
1229	6.145	-0.0507498278748244	0.354207175550982
1230	6.15	-0.0520394998602569	0.354207175550982
1231	6.155	-0.0520394998602569	0.354207175550982
1232	6.16	-0.0494601558893919	0.35291750356555
1233	6.165	-0.0507498278748244	0.35291750356555
1234	6.17	-0.0520394998602569	0.351627831580117
1235	6.175	-0.0494601558893919	0.35291750356555
1236	6.18	-0.0494601558893919	0.35291750356555
1237	6.185	-0.0494601558893919	0.35291750356555
1238	6.19	-0.0507498278748244	0.351627831580117
1239	6.195	-0.0494601558893919	0.35291750356555
1240	6.2	-0.0481704839039594	0.35291750356555
1241	6.205	-0.0494601558893919	0.35291750356555
1242	6.21	-0.0481704839039594	0.35291750356555
1243	6.215	-0.0494601558893919	0.351627831580117
1244	6.22	-0.0468808119185269	0.351627831580117
1245	6.225	-0.0494601558893919	0.351627831580117
1246	6.23	-0.0481704839039594	0.351627831580117
1247	6.235	-0.0494601558893919	0.351627831580117
1248	6.24	-0.0481704839039594	0.351627831580117
1249	6.245	-0.0468808119185269	0.351627831580117
1250	6.25	-0.0494601558893919	0.351627831580117
1251	6.255	-0.0481704839039594	0.350338159594685
1252	6.26	-0.0455911399330944	0.350338159594685
1253	6.265	-0.0468808119185269	0.351627831580117
1254	6.27	-0.0494601558893919	0.350338159594685
1255	6.275	-0.0481704839039594	0.350338159594685
1256	6.28	-0.0455911399330944	0.350338159594685
1257	6.285	-0.0455911399330944	0.350338159594685
1258	6.29	-0.0481704839039594	0.349048487609252
1259	6.295	-0.0468808119185269	0.350338159594685
1260	6.3	-0.0430117959622294	0.349048487609252
1261	6.305	-0.0443014679476619	0.349048487609252
1262	6.31	-0.0468808119185269	0.350338159594685
1263	6.315	-0.0443014679476619	0.349048487609252
1264	6.32	-0.0430117959622294	0.349048487609252
1265	6.325	-0.0455911399330944	0.349048487609252
1266	6.33	-0.0455911399330944	0.34775881562382
1267	6.335	-0.0455911399330944	0.34775881562382
1268	6.34	-0.0455911399330944	0.349048487609252
1269	6.345	-0.0430117959622294	0.349048487609252
1270	6.35	-0.0468808119185269	0.34775881562382
1271	6.355	-0.0455911399330944	0.34775881562382
1272	6.36	-0.0455911399330944	0.34775881562382
1273	6.365	-0.0417221239767969	0.34775881562382
1274	6.37	-0.0443014679476619	0.34775881562382
1275	6.375	-0.0443014679476619	0.346469143638387
1276	6.38	-0.0417221239767969	0.34775881562382
1277	6.385	-0.0417221239767969	0.346469143638387
1278	6.39	-0.0455911399330944	0.346469143638387
1279	6.395	-0.0430117959622294	0.346469143638387
1280	6.4	-0.0430117959622294	0.345179471652955
1281	6.405	-0.0443014679476619	0.346469143638387
1282	6.41	-0.0455911399330944	0.346469143638387
1283	6.415	-0.0417221239767969	0.345179471652955
1284	6.42	-0.0430117959622294	0.345179471652955
1285	6.425	-0.0430117959622294	0.345179471652955
1286	6.43	-0.0455911399330944	0.345179471652955
1287	6.435	-0.0455911399330944	0.345179471652955
1288	6.44	-0.0430117959622294	0.345179471652955
1289	6.445	-0.0430117959622294	0.345179471652955
1290	6.45	-0.0455911399330944	0.345179471652955
1291	6.455	-0.0443014679476619	0.343889799667522
1292	6.46	-0.0455911399330944	0.345179471652955
1293	6.465	-0.0443014679476619	0.343889799667522
1294	6.47	-0.0455911399330944	0.343889799667522
1295	6.475	-0.0455911399330944	0.343889799667522
1296	6.48	-0.0443014679476619	0.343889799667522
1297	6.485	-0.0468808119185269	0.343889799667522
1298	6.49	-0.0455911399330944	0.34260012768209
1299	6.495	-0.0468808119185269	0.34260012768209
1300	6.5	-0.0417221239767969	0.34260012768209
1301	6.505	-0.0455911399330944	0.34260012768209
1302	6.51	-0.0443014679476619	0.34260012768209
1303	6.515	-0.0455911399330944	0.34260012768209
1304	6.52	-0.0430117959622294	0.34260012768209
1305	6.525	-0.0443014679476619	0.341310455696657
1306	6.53	-0.0443014679476619	0.341310455696657
1307	6.535	-0.0468808119185269	0.341310455696657
1308	6.54	-0.0404324519913644	0.341310455696657
1309	6.545	-0.0430117959622294	0.341310455696657
1310	6.55	-0.0455911399330944	0.341310455696657
1311	6.555	-0.0455911399330944	0.341310455696657
1312	6.56	-0.0430117959622294	0.340020783711225
1313	6.565	-0.0468808119185269	0.341310455696657
1314	6.57	-0.0455911399330944	0.340020783711225
1315	6.575	-0.0455911399330944	0.340020783711225
1316	6.58	-0.0443014679476619	0.340020783711225
1317	6.585	-0.0455911399330944	0.340020783711225
1318	6.59	-0.0443014679476619	0.340020783711225
1319	6.595	-0.0455911399330944	0.340020783711225
1320	6.6	-0.0430117959622294	0.340020783711225
1321	6.605	-0.0430117959622294	0.338731111725792
1322	6.61	-0.0468808119185269	0.338731111725792
1323	6.615	-0.0455911399330944	0.338731111725792
1324	6.62	-0.0430117959622294	0.338731111725792
1325	6.625	-0.0443014679476619	0.338731111725792
1326	6.63	-0.0455911399330944	0.33744143974036
1327	6.635	-0.0443014679476619	0.33744143974036
1328	6.64	-0.0430117959622294	0.33744143974036
1329	6.645	-0.0455911399330944	0.33744143974036
1330	6.65	-0.0468808119185269	0.33744143974036
1331	6.655	-0.0430117959622294	0.33744143974036
1332	6.66	-0.0430117959622294	0.33744143974036
1333	6.665	-0.0430117959622294	0.33744143974036
1334	6.67	-0.0455911399330944	0.336151767754927
1335	6.675	-0.0455911399330944	0.336151767754927
1336	6.68	-0.0430117959622294	0.336151767754927
1337	6.685	-0.0455911399330944	0.336151767754927
1338	6.69	-0.0455911399330944	0.336151767754927
1339	6.695	-0.0430117959622294	0.336151767754927
1340	6.7	-0.0430117959622294	0.336151767754927
1341	6.705	-0.0417221239767969	0.334862095769495
1342	6.71	-0.0455911399330944	0.334862095769495
1343	6.715	-0.0430117959622294	0.334862095769495
1344	6.72	-0.0430117959622294	0.334862095769495
1345	6.725	-0.0455911399330944	0.334862095769495
1346	6.73	-0.0443014679476619	0.333572423784062
1347	6.735	-0.0443014679476619	0.333572423784062
1348	6.74	-0.0430117959622294	0.334862095769495
1349	6.745	-0.0430117959622294	0.333572423784062
1350	6.75	-0.0443014679476619	0.333572423784062
1351	6.755	-0.0443014679476619	0.333572423784062
1352	6.76	-0.0417221239767969	0.333572423784062
1353	6.765	-0.0417221239767969	0.33228275179863
1354	6.77	-0.0430117959622294	0.333572423784062
1355	6.775	-0.0430117959622294	0.333572423784062
1356	6.78	-0.0404324519913644	0.33228275179863
1357	6.785	-0.0430117959622294	0.33228275179863
1358	6.79	-0.0455911399330944	0.33228275179863
1359	6.795	-0.0443014679476619	0.33228275179863
1360	6.8	-0.0404324519913644	0.330993079813197
1361	6.805	-0.0404324519913644	0.33228275179863
1362	6.81	-0.0417221239767969	0.33228275179863
1363	6.815	-0.0417221239767969	0.330993079813197
1364	6.82	-0.0417221239767969	0.330993079813197
1365	6.825	-0.0404324519913644	0.330993079813197
1366	6.83	-0.0417221239767969	0.330993079813197
1367	6.835	-0.0417221239767969	0.330993079813197
1368	6.84	-0.0378531080204993	0.330993079813197
1369	6.845	-0.0365634360350668	0.329703407827765
1370	6.85	-0.0417221239767969	0.329703407827765
1371	6.855	-0.0404324519913644	0.329703407827765
1372	6.86	-0.0391427800059319	0.329703407827765
1373	6.865	-0.0378531080204993	0.329703407827765
1374	6.87	-0.0404324519913644	0.329703407827765
1375	6.875	-0.0417221239767969	0.328413735842332
1376	6.88	-0.0404324519913644	0.328413735842332
1377	6.885	-0.0378531080204993	0.328413735842332
1378	6.89	-0.0404324519913644	0.328413735842332
1379	6.895	-0.0378531080204993	0.328413735842332
1380	6.9	-0.0352737640496343	0.328413735842332
1381	6.905	-0.0378531080204993	0.3271240638569
1382	6.91	-0.0391427800059319	0.328413735842332
1383	6.915	-0.0404324519913644	0.3271240638569
1384	6.92	-0.0365634360350668	0.3271240638569
1385	6.925	-0.0352737640496343	0.3271240638569
1386	6.93	-0.0391427800059319	0.3271240638569
1387	6.935	-0.0378531080204993	0.3271240638569
1388	6.94	-0.0378531080204993	0.3271240638569
1389	6.945	-0.0365634360350668	0.325834391871467
1390	6.95	-0.0365634360350668	0.325834391871467
1391	6.955	-0.0352737640496343	0.325834391871467
1392	6.96	-0.0378531080204993	0.325834391871467
1393	6.965	-0.0378531080204993	0.325834391871467
1394	6.97	-0.0391427800059319	0.324544719886035
1395	6.975	-0.0378531080204993	0.324544719886035
1396	6.98	-0.0352737640496343	0.324544719886035
1397	6.985	-0.0352737640496343	0.324544719886035
1398	6.99	-0.0365634360350668	0.324544719886035
1399	6.995	-0.0352737640496343	0.324544719886035
1400	7	-0.0365634360350668	0.324544719886035
1401	7.005	-0.0352737640496343	0.324544719886035
1402	7.01	-0.0365634360350668	0.323255047900602
1403	7.015	-0.0378531080204993	0.323255047900602
1404	7.02	-0.0352737640496343	0.323255047900602
1405	7.025	-0.0339840920642018	0.323255047900602
1406	7.03	-0.0378531080204993	0.323255047900602
1407	7.035	-0.0365634360350668	0.32196537591517
1408	7.04	-0.0365634360350668	0.32196537591517
1409	7.045	-0.0365634360350668	0.32196537591517
1410	7.05	-0.0365634360350668	0.32196537591517
1411	7.055	-0.0365634360350668	0.32196537591517
1412	7.06	-0.0339840920642018	0.32196537591517
1413	7.065	-0.0326944200787693	0.32196537591517
1414	7.07	-0.0365634360350668	0.320675703929737
1415	7.075	-0.0352737640496343	0.320675703929737
1416	7.08	-0.0339840920642018	0.320675703929737
1417	7.085	-0.0339840920642018	0.320675703929737
1418	7.09	-0.0365634360350668	0.320675703929737
1419	7.095	-0.0352737640496343	0.319386031944305
1420	7.1	-0.0326944200787693	0.320675703929737
1421	7.105	-0.0352737640496343	0.319386031944305
1422	7.11	-0.0352737640496343	0.319386031944305
1423	7.115	-0.0352737640496343	0.319386031944305
1424	7.12	-0.0352737640496343	0.319386031944305
1425	7.125	-0.0352737640496343	0.319386031944305
1426	7.13	-0.0352737640496343	0.318096359958872
1427	7.135	-0.0352737640496343	0.318096359958872
1428	7.14	-0.0339840920642018	0.318096359958872
1429	7.145	-0.0339840920642018	0.31680668797344
1430	7.15	-0.0352737640496343	0.31680668797344
1431	7.155	-0.0365634360350668	0.31680668797344
1432	7.16	-0.0326944200787693	0.31680668797344
1433	7.165	-0.0339840920642018	0.31680668797344
1434	7.17	-0.0339840920642018	0.31680668797344
1435	7.175	-0.0365634360350668	0.315517015988007
1436	7.18	-0.0339840920642018	0.315517015988007
1437	7.185	-0.0314047480933368	0.315517015988007
1438	7.19	-0.0352737640496343	0.315517015988007
1439	7.195	-0.0326944200787693	0.315517015988007
1440	7.2	-0.0326944200787693	0.315517015988007
1441	7.205	-0.0314047480933368	0.314227344002575
1442	7.21	-0.0339840920642018	0.314227344002575
1443	7.215	-0.0352737640496343	0.314227344002575
1444	7.22	-0.0339840920642018	0.314227344002575
1445	7.225	-0.0314047480933368	0.312937672017142
1446	7.23	-0.0339840920642018	0.312937672017142
1447	7.235	-0.0339840920642018	0.314227344002575
1448	7.24	-0.0339840920642018	0.312937672017142
1449	7.245	-0.0326944200787693	0.312937672017142
1450	7.25	-0.0339840920642018	0.312937672017142
1451	7.255	-0.0339840920642018	0.312937672017142
1452	7.26	-0.0339840920642018	0.31164800003171
1453	7.265	-0.0339840920642018	0.31164800003171
1454	7.27	-0.0339840920642018	0.312937672017142
1455	7.275	-0.0352737640496343	0.31164800003171
1456	7.28	-0.0314047480933368	0.31164800003171
1457	7.285	-0.0326944200787693	0.310358328046277
1458	7.29	-0.0339840920642018	0.31164800003171
1459	7.295	-0.0352737640496343	0.310358328046277
1460	7.3	-0.0339840920642018	0.310358328046277
1461	7.305	-0.0326944200787693	0.310358328046277
1462	7.31	-0.0326944200787693	0.310358328046277
1463	7.315	-0.0339840920642018	0.310358328046277
1464	7.32	-0.0326944200787693	0.310358328046277
1465	7.325	-0.0326944200787693	0.310358328046277
1466	7.33	-0.0339840920642018	0.309068656060845
1467	7.335	-0.0339840920642018	0.309068656060845
1468	7.34	-0.0314047480933368	0.309068656060845
1469	7.345	-0.0314047480933368	0.307778984075412
1470	7.35	-0.0326944200787693	0.307778984075412
1471	7.355	-0.0339840920642018	0.307778984075412
1472	7.36	-0.0339840920642018	0.307778984075412
1473	7.365	-0.0326944200787693	0.30648931208998
1474	7.37	-0.0339840920642018	0.307778984075412
1475	7.375	-0.0339840920642018	0.307778984075412
1476	7.38	-0.0326944200787693	0.307778984075412
1477	7.385	-0.0326944200787693	0.30648931208998
1478	7.39	-0.0326944200787693	0.30648931208998
1479	7.395	-0.0352737640496343	0.30648931208998
1480	7.4	-0.0339840920642018	0.30648931208998
1481	7.405	-0.0339840920642018	0.305199640104547
1482	7.41	-0.0339840920642018	0.305199640104547
1483	7.415	-0.0339840920642018	0.305199640104547
1484	7.42	-0.0326944200787693	0.305199640104547
1485	7.425	-0.0339840920642018	0.305199640104547
1486	7.43	-0.0352737640496343	0.305199640104547
1487	7.435	-0.0326944200787693	0.305199640104547
1488	7.44	-0.0352737640496343	0.303909968119115
1489	7.445	-0.0352737640496343	0.303909968119115
1490	7.45	-0.0339840920642018	0.303909968119115
1491	7.455	-0.0352737640496343	0.303909968119115
1492	7.46	-0.0339840920642018	0.303909968119115
1493	7.465	-0.0339840920642018	0.303909968119115
1494	7.47	-0.0339840920642018	0.302620296133682
1495	7.475	-0.0314047480933368	0.302620296133682
1496	7.48	-0.0339840920642018	0.302620296133682
1497	7.485	-0.0326944200787693	0.302620296133682
1498	7.49	-0.0339840920642018	0.302620296133682
1499	7.495	-0.0378531080204993	0.302620296133682
1500	7.5	-0.0326944200787693	0.302620296133682
1501	7.505	-0.0352737640496343	0.30133062414825
1502	7.51	-0.0365634360350668	0.30133062414825
1503	7.515	-0.0352737640496343	0.30133062414825
1504	7.52	-0.0339840920642018	0.30133062414825
1505	7.525	-0.0326944200787693	0.30133062414825
1506	7.53	-0.0352737640496343	0.30133062414825
1507	7.535	-0.0365634360350668	0.30133062414825
1508	7.54	-0.0339840920642018	0.30133062414825
1509	7.545	-0.0339840920642018	0.300040952162817
1510	7.55	-0.0352737640496343	0.300040952162817
1511	7.555	-0.0352737640496343	0.300040952162817
1512	7.56	-0.0339840920642018	0.300040952162817
1513	7.565	-0.0339840920642018	0.300040952162817
1514	7.57	-0.0365634360350668	0.300040952162817
1515	7.575	-0.0352737640496343	0.298751280177385
1516	7.58	-0.0352737640496343	0.298751280177385
1517	7.585	-0.0352737640496343	0.298751280177385
1518	7.59	-0.0365634360350668	0.297461608191952
1519	7.595	-0.0352737640496343	0.298751280177385
1520	7.6	-0.0365634360350668	0.298751280177385
1521	7.605	-0.0352737640496343	0.297461608191952
1522	7.61	-0.0365634360350668	0.297461608191952
1523	7.615	-0.0378531080204993	0.297461608191952
1524	7.62	-0.0352737640496343	0.297461608191952
1525	7.625	-0.0352737640496343	0.297461608191952
1526	7.63	-0.0352737640496343	0.297461608191952
1527	7.635	-0.0365634360350668	0.29617193620652
1528	7.64	-0.0339840920642018	0.29617193620652
1529	7.645	-0.0352737640496343	0.29617193620652
1530	7.65	-0.0378531080204993	0.29617193620652
1531	7.655	-0.0365634360350668	0.29617193620652
1532	7.66	-0.0352737640496343	0.294882264221087
1533	7.665	-0.0365634360350668	0.294882264221087
1534	7.67	-0.0378531080204993	0.294882264221087
1535	7.675	-0.0365634360350668	0.294882264221087
1536	7.68	-0.0365634360350668	0.294882264221087
1537	7.685	-0.0365634360350668	0.294882264221087
1538	7.69	-0.0365634360350668	0.293592592235655
1539	7.695	-0.0365634360350668	0.293592592235655
1540	7.7	-0.0378531080204993	0.293592592235655
1541	7.705	-0.0378531080204993	0.293592592235655
1542	7.71	-0.0391427800059319	0.292302920250222
1543	7.715	-0.0391427800059319	0.292302920250222
1544	7.72	-0.0365634360350668	0.292302920250222
1545	7.725	-0.0378531080204993	0.292302920250222
1546	7.73	-0.0391427800059319	0.292302920250222
1547	7.735	-0.0430117959622294	0.292302920250222
1548	7.74	-0.0404324519913644	0.29101324826479
1549	7.745	-0.0391427800059319	0.292302920250222
1550	7.75	-0.0404324519913644	0.29101324826479
1551	7.755	-0.0391427800059319	0.29101324826479
1552	7.76	-0.0404324519913644	0.29101324826479
1553	7.765	-0.0391427800059319	0.289723576279357
1554	7.77	-0.0404324519913644	0.289723576279357
1555	7.775	-0.0404324519913644	0.289723576279357
1556	7.78	-0.0417221239767969	0.289723576279357
1557	7.785	-0.0417221239767969	0.289723576279357
1558	7.79	-0.0443014679476619	0.289723576279357
1559	7.795	-0.0430117959622294	0.288433904293925
1560	7.8	-0.0417221239767969	0.288433904293925
1561	7.805	-0.0430117959622294	0.288433904293925
1562	7.81	-0.0430117959622294	0.288433904293925
1563	7.815	-0.0443014679476619	0.288433904293925
1564	7.82	-0.0443014679476619	0.288433904293925
1565	7.825	-0.0430117959622294	0.288433904293925
1566	7.83	-0.0443014679476619	0.287144232308492
1567	7.835	-0.0455911399330944	0.287144232308492
1568	7.84	-0.0455911399330944	0.287144232308492
1569	7.845	-0.0443014679476619	0.287144232308492
1570	7.85	-0.0468808119185269	0.287144232308492
1571	7.855	-0.0443014679476619	0.287144232308492
1572	7.86	-0.0481704839039594	0.28585456032306
1573	7.865	-0.0430117959622294	0.28585456032306
1574	7.87	-0.0481704839039594	0.28585456032306
1575	7.875	-0.0468808119185269	0.28585456032306
1576	7.88	-0.0468808119185269	0.284564888337627
1577	7.885	-0.0468808119185269	0.284564888337627
1578	7.89	-0.0481704839039594	0.284564888337627
1579	7.895	-0.0481704839039594	0.284564888337627
1580	7.9	-0.0481704839039594	0.284564888337627
1581	7.905	-0.0468808119185269	0.284564888337627
1582	7.91	-0.0507498278748244	0.283275216352195
1583	7.915	-0.0481704839039594	0.283275216352195
1584	7.92	-0.0455911399330944	0.283275216352195
1585	7.925	-0.0494601558893919	0.283275216352195
1586	7.93	-0.0481704839039594	0.281985544366762
1587	7.935	-0.0507498278748244	0.281985544366762
1588	7.94	-0.0494601558893919	0.281985544366762
1589	7.945	-0.0468808119185269	0.281985544366762
1590	7.95	-0.0481704839039594	0.281985544366762
1591	7.955	-0.0520394998602569	0.281985544366762
1592	7.96	-0.0494601558893919	0.28069587238133
1593	7.965	-0.0494601558893919	0.28069587238133
1594	7.97	-0.0520394998602569	0.28069587238133
1595	7.975	-0.0533291718456894	0.28069587238133
1596	7.98	-0.0507498278748244	0.28069587238133
1597	7.985	-0.0533291718456894	0.279406200395897
1598	7.99	-0.0520394998602569	0.28069587238133
1599	7.995	-0.0507498278748244	0.279406200395897
1600	8	-0.0520394998602569	0.279406200395897
1601	8.005	-0.0520394998602569	0.278116528410465
1602	8.01	-0.0546188438311219	0.279406200395897
1603	8.015	-0.0546188438311219	0.278116528410465
1604	8.02	-0.0533291718456894	0.278116528410465
1605	8.025	-0.0494601558893919	0.278116528410465
1606	8.03	-0.0533291718456894	0.278116528410465
1607	8.035	-0.0571981878019869	0.276826856425032
1608	8.04	-0.0520394998602569	0.278116528410465
1609	8.045	-0.0559085158165544	0.278116528410465
1610	8.05	-0.0571981878019869	0.276826856425032
1611	8.055	-0.0559085158165544	0.278116528410465
1612	8.06	-0.0559085158165544	0.276826856425032
1613	8.065	-0.0571981878019869	0.276826856425032
1614	8.07	-0.0584878597874194	0.276826856425032
1615	8.075	-0.0597775317728519	0.2755371844396
1616	8.08	-0.0571981878019869	0.2755371844396
1617	8.085	-0.0571981878019869	0.2755371844396
1618	8.09	-0.0610672037582844	0.2755371844396
1619	8.095	-0.0610672037582844	0.2755371844396
1620	8.1	-0.0610672037582844	0.274247512454167
1621	8.105	-0.064936219714582	0.274247512454167
1622	8.11	-0.0610672037582844	0.274247512454167
1623	8.115	-0.064936219714582	0.274247512454167
1624	8.12	-0.064936219714582	0.274247512454167
1625	8.125	-0.0662258917000145	0.272957840468735
1626	8.13	-0.067515563685447	0.272957840468735
1627	8.135	-0.067515563685447	0.272957840468735
1628	8.14	-0.067515563685447	0.272957840468735
1629	8.145	-0.067515563685447	0.272957840468735
1630	8.15	-0.0688052356708795	0.271668168483302
1631	8.155	-0.067515563685447	0.271668168483302
1632	8.16	-0.0713845796417445	0.271668168483302
1633	8.165	-0.0688052356708795	0.271668168483302
1634	8.17	-0.072674251627177	0.270378496497869
1635	8.175	-0.0713845796417445	0.270378496497869
1636	8.18	-0.072674251627177	0.270378496497869
1637	8.185	-0.075253595598042	0.270378496497869
1638	8.19	-0.0765432675834745	0.270378496497869
1639	8.195	-0.077832939568907	0.270378496497869
1640	8.2	-0.077832939568907	0.269088824512437
1641	8.205	-0.0765432675834745	0.269088824512437
1642	8.21	-0.0817019555252045	0.269088824512437
1643	8.215	-0.082991627510637	0.269088824512437
1644	8.22	-0.0791226115543395	0.269088824512437
1645	8.225	-0.080412283539772	0.267799152527004
1646	8.23	-0.0842812994960696	0.267799152527004
1647	8.235	-0.082991627510637	0.269088824512437
1648	8.24	-0.0855709714815021	0.267799152527004
1649	8.245	-0.0817019555252045	0.267799152527004
1650	8.25	-0.0817019555252045	0.267799152527004
1651	8.255	-0.0855709714815021	0.266509480541572
1652	8.26	-0.0842812994960696	0.266509480541572
1653	8.265	-0.0817019555252045	0.266509480541572
1654	8.27	-0.0855709714815021	0.266509480541572
1655	8.275	-0.0855709714815021	0.265219808556139
1656	8.28	-0.0868606434669346	0.265219808556139
1657	8.285	-0.0881503154523671	0.266509480541572
1658	8.29	-0.0894399874377996	0.265219808556139
1659	8.295	-0.0855709714815021	0.265219808556139
1660	8.3	-0.0881503154523671	0.265219808556139
1661	8.305	-0.0881503154523671	0.263930136570707
1662	8.31	-0.0920193314086646	0.263930136570707
1663	8.315	-0.0894399874377996	0.263930136570707
1664	8.32	-0.0920193314086646	0.263930136570707
1665	8.325	-0.0855709714815021	0.263930136570707
1666	8.33	-0.0933090033940971	0.262640464585274
1667	8.335	-0.0945986753795296	0.262640464585274
1668	8.34	-0.0920193314086646	0.262640464585274
1669	8.345	-0.0894399874377996	0.262640464585274
1670	8.35	-0.0920193314086646	0.262640464585274
1671	8.355	-0.0920193314086646	0.262640464585274
1672	8.36	-0.0907296594232321	0.261350792599842
1673	8.365	-0.0920193314086646	0.261350792599842
1674	8.37	-0.0933090033940971	0.261350792599842
1675	8.375	-0.0933090033940971	0.261350792599842
1676	8.38	-0.0933090033940971	0.260061120614409
1677	8.385	-0.0945986753795296	0.260061120614409
1678	8.39	-0.0933090033940971	0.260061120614409
1679	8.395	-0.0920193314086646	0.260061120614409
1680	8.4	-0.0920193314086646	0.258771448628977
1681	8.405	-0.0933090033940971	0.260061120614409
1682	8.41	-0.0920193314086646	0.258771448628977
1683	8.415	-0.0945986753795296	0.258771448628977
1684	8.42	-0.0920193314086646	0.258771448628977
1685	8.425	-0.0958883473649621	0.258771448628977
1686	8.43	-0.0958883473649621	0.258771448628977
1687	8.435	-0.0933090033940971	0.258771448628977
1688	8.44	-0.0933090033940971	0.258771448628977
1689	8.445	-0.0920193314086646	0.257481776643544
1690	8.45	-0.0971780193503946	0.257481776643544
1691	8.455	-0.0971780193503946	0.257481776643544
1692	8.46	-0.0933090033940971	0.257481776643544
1693	8.465	-0.0945986753795296	0.256192104658112
1694	8.47	-0.0971780193503946	0.256192104658112
1695	8.475	-0.0945986753795296	0.256192104658112
1696	8.48	-0.0984676913358271	0.256192104658112
1697	8.485	-0.0971780193503946	0.256192104658112
1698	8.49	-0.0997573633212596	0.256192104658112
1699	8.495	-0.0971780193503946	0.254902432672679
1700	8.5	-0.0984676913358271	0.254902432672679
1701	8.505	-0.0984676913358271	0.254902432672679
1702	8.51	-0.102336707292125	0.254902432672679
1703	8.515	-0.0984676913358271	0.254902432672679
1704	8.52	-0.0997573633212596	0.254902432672679
1705	8.525	-0.0984676913358271	0.254902432672679
1706	8.53	-0.101047035306692	0.253612760687247
1707	8.535	-0.103626379277557	0.253612760687247
1708	8.54	-0.101047035306692	0.253612760687247
1709	8.545	-0.102336707292125	0.253612760687247
1710	8.55	-0.102336707292125	0.253612760687247
1711	8.555	-0.103626379277557	0.253612760687247
1712	8.56	-0.106205723248422	0.253612760687247
1713	8.565	-0.107495395233855	0.253612760687247
1714	8.57	-0.108785067219287	0.252323088701814
1715	8.575	-0.112654083175585	0.252323088701814
1716	8.58	-0.112654083175585	0.252323088701814
1717	8.585	-0.117812771117315	0.252323088701814
1718	8.59	-0.11523342714645	0.252323088701814
1719	8.595	-0.116523099131882	0.251033416716382
1720	8.6	-0.113943755161017	0.251033416716382
1721	8.605	-0.113943755161017	0.251033416716382
1722	8.61	-0.117812771117315	0.251033416716382
1723	8.615	-0.12039211508818	0.251033416716382
1724	8.62	-0.124261131044477	0.251033416716382
1725	8.625	-0.122971459059045	0.249743744730949
1726	8.63	-0.124261131044477	0.249743744730949
1727	8.635	-0.122971459059045	0.249743744730949
1728	8.64	-0.128130147000775	0.249743744730949
1729	8.645	-0.129419818986207	0.249743744730949
1730	8.65	-0.129419818986207	0.249743744730949
1731	8.655	-0.134578506927937	0.248454072745517
1732	8.66	-0.131999162957072	0.248454072745517
1733	8.665	-0.129419818986207	0.248454072745517
1734	8.67	-0.131999162957072	0.248454072745517
1735	8.675	-0.137157850898802	0.248454072745517
1736	8.68	-0.143606210825965	0.248454072745517
1737	8.685	-0.144895882811397	0.247164400760084
1738	8.69	-0.142316538840532	0.247164400760084
1739	8.695	-0.144895882811397	0.247164400760084
1740	8.7	-0.143606210825965	0.247164400760084
1741	8.705	-0.15134424273856	0.247164400760084
1742	8.71	-0.15134424273856	0.247164400760084
1743	8.715	-0.160371946636587	0.247164400760084
1744	8.72	-0.159082274651155	0.247164400760084
1745	8.725	-0.15650293068029	0.247164400760084
1746	8.73	-0.15650293068029	0.245874728774652
1747	8.735	-0.16166161862202	0.245874728774652
1748	8.74	-0.162951290607452	0.245874728774652
1749	8.745	-0.164240962592885	0.244585056789219
1750	8.75	-0.170689322520047	0.244585056789219
1751	8.755	-0.169399650534615	0.244585056789219
1752	8.76	-0.162951290607452	0.244585056789219
1753	8.765	-0.162951290607452	0.244585056789219
1754	8.77	-0.169399650534615	0.244585056789219
1755	8.775	-0.17197899450548	0.243295384803787
1756	8.78	-0.174558338476345	0.244585056789219
1757	8.785	-0.173268666490912	0.243295384803787
1758	8.79	-0.174558338476345	0.243295384803787
1759	8.795	-0.17197899450548	0.243295384803787
1760	8.8	-0.17197899450548	0.243295384803787
1761	8.805	-0.174558338476345	0.243295384803787
1762	8.81	-0.175848010461777	0.243295384803787
1763	8.815	-0.173268666490912	0.242005712818354
1764	8.82	-0.17197899450548	0.242005712818354
1765	8.825	-0.170689322520047	0.242005712818354
1766	8.83	-0.174558338476345	0.242005712818354
1767	8.835	-0.174558338476345	0.242005712818354
1768	8.84	-0.17713768244721	0.240716040832922
1769	8.845	-0.174558338476345	0.240716040832922
1770	8.85	-0.183586042374372	0.240716040832922
1771	8.855	-0.17713768244721	0.240716040832922
1772	8.86	-0.174558338476345	0.240716040832922
1773	8.865	-0.181006698403507	0.240716040832922
1774	8.87	-0.178427354432642	0.239426368847489
1775	8.875	-0.18229637038894	0.239426368847489
1776	8.88	-0.17713768244721	0.239426368847489
1777	8.885	-0.17713768244721	0.239426368847489
1778	8.89	-0.179717026418075	0.239426368847489
1779	8.895	-0.181006698403507	0.238136696862057
1780	8.9	-0.179717026418075	0.239426368847489
1781	8.905	-0.178427354432642	0.239426368847489
1782	8.91	-0.17197899450548	0.238136696862057
1783	8.915	-0.174558338476345	0.238136696862057
1784	8.92	-0.17713768244721	0.238136696862057
1785	8.925	-0.181006698403507	0.238136696862057
1786	8.93	-0.18745505833067	0.238136696862057
1787	8.935	-0.183586042374372	0.236847024876624
1788	8.94	-0.179717026418075	0.236847024876624
1789	8.945	-0.17197899450548	0.236847024876624
1790	8.95	-0.174558338476345	0.236847024876624
1791	8.955	-0.179717026418075	0.236847024876624
1792	8.96	-0.179717026418075	0.236847024876624
1793	8.965	-0.179717026418075	0.236847024876624
1794	8.97	-0.17713768244721	0.235557352891192
1795	8.975	-0.181006698403507	0.235557352891192
1796	8.98	-0.18229637038894	0.235557352891192
1797	8.985	-0.179717026418075	0.235557352891192
1798	8.99	-0.181006698403507	0.235557352891192
1799	8.995	-0.175848010461777	0.234267680905759
1800	9	-0.17713768244721	0.234267680905759
1801	9.005	-0.178427354432642	0.234267680905759
1802	9.01	-0.178427354432642	0.234267680905759
1803	9.015	-0.178427354432642	0.234267680905759
1804	9.02	-0.181006698403507	0.234267680905759
1805	9.025	-0.181006698403507	0.234267680905759
1806	9.03	-0.181006698403507	0.232978008920327
1807	9.035	-0.17197899450548	0.234267680905759
1808	9.04	-0.17713768244721	0.234267680905759
1809	9.045	-0.173268666490912	0.232978008920327
1810	9.05	-0.174558338476345	0.232978008920327
1811	9.055	-0.178427354432642	0.231688336934894
1812	9.06	-0.17713768244721	0.232978008920327
1813	9.065	-0.179717026418075	0.231688336934894
1814	9.07	-0.181006698403507	0.231688336934894
1815	9.075	-0.178427354432642	0.231688336934894
1816	9.08	-0.175848010461777	0.231688336934894
1817	9.085	-0.178427354432642	0.231688336934894
1818	9.09	-0.17713768244721	0.230398664949462
1819	9.095	-0.17713768244721	0.231688336934894
1820	9.1	-0.17713768244721	0.230398664949462
1821	9.105	-0.178427354432642	0.231688336934894
1822	9.11	-0.18229637038894	0.230398664949462
1823	9.115	-0.18229637038894	0.230398664949462
1824	9.12	-0.18229637038894	0.230398664949462
1825	9.125	-0.17713768244721	0.230398664949462
1826	9.13	-0.181006698403507	0.230398664949462
1827	9.135	-0.183586042374372	0.229108992964029
1828	9.14	-0.181006698403507	0.230398664949462
1829	9.145	-0.183586042374372	0.229108992964029
1830	9.15	-0.18229637038894	0.229108992964029
1831	9.155	-0.184875714359805	0.229108992964029
1832	9.16	-0.18229637038894	0.229108992964029
1833	9.165	-0.17713768244721	0.229108992964029
1834	9.17	-0.183586042374372	0.227819320978597
1835	9.175	-0.18745505833067	0.227819320978597
1836	9.18	-0.190034402301535	0.227819320978597
1837	9.185	-0.183586042374372	0.227819320978597
1838	9.19	-0.186165386345237	0.226529648993164
1839	9.195	-0.184875714359805	0.226529648993164
1840	9.2	-0.190034402301535	0.227819320978597
1841	9.205	-0.186165386345237	0.226529648993164
1842	9.21	-0.191324074286968	0.226529648993164
1843	9.215	-0.1926137462724	0.226529648993164
1844	9.22	-0.193903418257833	0.226529648993164
1845	9.225	-0.196482762228698	0.226529648993164
1846	9.23	-0.196482762228698	0.226529648993164
1847	9.235	-0.201641450170428	0.225239977007732
1848	9.24	-0.199062106199563	0.225239977007732
1849	9.245	-0.199062106199563	0.225239977007732
1850	9.25	-0.204220794141293	0.225239977007732
1851	9.255	-0.206800138112158	0.225239977007732
1852	9.26	-0.210669154068455	0.225239977007732
1853	9.265	-0.21324849803932	0.225239977007732
1854	9.27	-0.219696857966483	0.225239977007732
1855	9.275	-0.220986529951915	0.223950305022299
1856	9.28	-0.22356587392278	0.225239977007732
1857	9.285	-0.226145217893645	0.223950305022299
1858	9.29	-0.232593577820808	0.223950305022299
1859	9.295	-0.236462593777105	0.223950305022299
1860	9.3	-0.235172921791673	0.222660633036867
1861	9.305	-0.235172921791673	0.222660633036867
1862	9.31	-0.240331609733403	0.222660633036867
1863	9.315	-0.248069641645998	0.222660633036867
1864	9.32	-0.248069641645998	0.221370961051434
1865	9.325	-0.242910953704268	0.222660633036867
1866	9.33	-0.248069641645998	0.222660633036867
1867	9.335	-0.240331609733403	0.222660633036867
1868	9.34	-0.250648985616863	0.222660633036867
1869	9.345	-0.25967668951489	0.221370961051434
1870	9.35	-0.257097345544025	0.221370961051434
1871	9.355	-0.257097345544025	0.221370961051434
1872	9.36	-0.266125049442053	0.221370961051434
1873	9.365	-0.258387017529458	0.221370961051434
1874	9.37	-0.26999406539835	0.220081289066002
1875	9.375	-0.271283737383783	0.220081289066002
1876	9.38	-0.272573409369215	0.220081289066002
1877	9.385	-0.279021769296378	0.220081289066002
1878	9.39	-0.267414721427485	0.220081289066002
1879	9.395	-0.267414721427485	0.218791617080569
1880	9.4	-0.279021769296378	0.218791617080569
1881	9.405	-0.281601113267243	0.220081289066002
1882	9.41	-0.279021769296378	0.217501945095137
1883	9.415	-0.28547012922354	0.218791617080569
1884	9.42	-0.29062881716527	0.217501945095137
1885	9.425	-0.284180457238108	0.218791617080569
1886	9.43	-0.286759801208973	0.217501945095137
1887	9.435	-0.289339145179838	0.217501945095137
1888	9.44	-0.288049473194405	0.217501945095137
1889	9.445	-0.28547012922354	0.216212273109704
1890	9.45	-0.295787505107	0.217501945095137
1891	9.455	-0.29062881716527	0.216212273109704
1892	9.46	-0.295787505107	0.216212273109704
1893	9.465	-0.289339145179838	0.216212273109704
1894	9.47	-0.288049473194405	0.216212273109704
1895	9.475	-0.288049473194405	0.216212273109704
1896	9.48	-0.28547012922354	0.216212273109704
1897	9.485	-0.282890785252675	0.214922601124272
1898	9.49	-0.281601113267243	0.214922601124272
1899	9.495	-0.284180457238108	0.214922601124272
1900	9.5	-0.284180457238108	0.214922601124272
1901	9.505	-0.28547012922354	0.214922601124272
1902	9.51	-0.284180457238108	0.213632929138839
1903	9.515	-0.281601113267243	0.213632929138839
1904	9.52	-0.284180457238108	0.213632929138839
1905	9.525	-0.284180457238108	0.213632929138839
1906	9.53	-0.279021769296378	0.213632929138839
1907	9.535	-0.282890785252675	0.212343257153407
1908	9.54	-0.276442425325513	0.212343257153407
1909	9.545	-0.279021769296378	0.212343257153407
1910	9.55	-0.284180457238108	0.212343257153407
1911	9.555	-0.279021769296378	0.212343257153407
1912	9.56	-0.276442425325513	0.212343257153407
1913	9.565	-0.27515275334008	0.212343257153407
1914	9.57	-0.273863081354648	0.212343257153407
1915	9.575	-0.272573409369215	0.211053585167974
1916	9.58	-0.272573409369215	0.211053585167974
1917	9.585	-0.273863081354648	0.211053585167974
1918	9.59	-0.271283737383783	0.209763913182542
1919	9.595	-0.273863081354648	0.209763913182542
1920	9.6	-0.272573409369215	0.209763913182542
1921	9.605	-0.273863081354648	0.209763913182542
1922	9.61	-0.26999406539835	0.209763913182542
1923	9.615	-0.277732097310945	0.208474241197109
1924	9.62	-0.272573409369215	0.208474241197109
1925	9.625	-0.271283737383783	0.208474241197109
1926	9.63	-0.27515275334008	0.208474241197109
1927	9.635	-0.272573409369215	0.208474241197109
1928	9.64	-0.271283737383783	0.208474241197109
1929	9.645	-0.272573409369215	0.207184569211677
1930	9.65	-0.276442425325513	0.207184569211677
1931	9.655	-0.279021769296378	0.207184569211677
1932	9.66	-0.277732097310945	0.207184569211677
1933	9.665	-0.27515275334008	0.207184569211677
1934	9.67	-0.276442425325513	0.207184569211677
1935	9.675	-0.282890785252675	0.205894897226244
1936	9.68	-0.286759801208973	0.205894897226244
1937	9.685	-0.291918489150703	0.205894897226244
1938	9.69	-0.289339145179838	0.205894897226244
1939	9.695	-0.294497833121568	0.204605225240812
1940	9.7	-0.291918489150703	0.205894897226244
1941	9.705	-0.298366849077865	0.204605225240812
1942	9.71	-0.304815209005028	0.204605225240812
1943	9.715	-0.298366849077865	0.204605225240812
1944	9.72	-0.312553240917623	0.204605225240812
1945	9.725	-0.30094619304873	0.204605225240812
1946	9.73	-0.308684224961326	0.203315553255379
1947	9.735	-0.315132584888488	0.203315553255379
1948	9.74	-0.315132584888488	0.203315553255379
1949	9.745	-0.321580944815651	0.203315553255379
1950	9.75	-0.324160288786516	0.203315553255379
1951	9.755	-0.326739632757381	0.202025881269947
1952	9.76	-0.326739632757381	0.202025881269947
1953	9.765	-0.325449960771948	0.202025881269947
1954	9.77	-0.329318976728246	0.202025881269947
1955	9.775	-0.330608648713678	0.202025881269947
1956	9.78	-0.347374384524301	0.200736209284514
1957	9.785	-0.339636352611706	0.200736209284514
1958	9.79	-0.343505368568003	0.200736209284514
1959	9.795	-0.348664056509733	0.200736209284514
1960	9.8	-0.347374384524301	0.200736209284514
1961	9.805	-0.340926024597138	0.200736209284514
1962	9.81	-0.357691760407761	0.199446537299082
1963	9.815	-0.364140120334923	0.199446537299082
1964	9.82	-0.361560776364058	0.199446537299082
1965	9.825	-0.373167824232951	0.199446537299082
1966	9.83	-0.374457496218383	0.199446537299082
1967	9.835	-0.373167824232951	0.199446537299082
1968	9.84	-0.373167824232951	0.198156865313649
1969	9.845	-0.383485200116411	0.198156865313649
1970	9.85	-0.383485200116411	0.198156865313649
1971	9.855	-0.389933560043573	0.198156865313649
1972	9.86	-0.388643888058141	0.196867193328217
1973	9.865	-0.395092247985303	0.198156865313649
1974	9.87	-0.393802575999871	0.196867193328217
1975	9.875	-0.396381919970736	0.196867193328217
1976	9.88	-0.405409623868763	0.196867193328217
1977	9.885	-0.397671591956168	0.195577521342784
1978	9.89	-0.398961263941601	0.195577521342784
1979	9.895	-0.404119951883331	0.195577521342784
1980	9.9	-0.404119951883331	0.195577521342784
1981	9.905	-0.411857983795926	0.195577521342784
1982	9.91	-0.424754703650251	0.194287849357352
1983	9.915	-0.407988967839628	0.194287849357352
1984	9.92	-0.409278639825061	0.194287849357352
1985	9.925	-0.406699295854196	0.194287849357352
1986	9.93	-0.418306343723089	0.194287849357352
1987	9.935	-0.427334047621116	0.192998177371919
1988	9.94	-0.426044375635684	0.192998177371919
1989	9.945	-0.417016671737656	0.192998177371919
1990	9.95	-0.417016671737656	0.192998177371919
1991	9.955	-0.420885687693954	0.191708505386487
1992	9.96	-0.420885687693954	0.192998177371919
1993	9.965	-0.420885687693954	0.192998177371919
1994	9.97	-0.423465031664819	0.191708505386487
1995	9.975	-0.423465031664819	0.191708505386487
1996	9.98	-0.418306343723089	0.191708505386487
1997	9.985	-0.426044375635684	0.191708505386487
1998	9.99	-0.419596015708521	0.190418833401054
1999	9.995	-0.420885687693954	0.190418833401054
2000	10	-0.417016671737656	0.190418833401054
2001	10.005	-0.411857983795926	0.191708505386487
2002	10.01	-0.409278639825061	0.190418833401054
2003	10.015	-0.411857983795926	0.190418833401054
2004	10.02	-0.406699295854196	0.189129161415622
2005	10.025	-0.402830279897898	0.189129161415622
2006	10.03	-0.407988967839628	0.189129161415622
2007	10.035	-0.400250935927033	0.189129161415622
2008	10.04	-0.395092247985303	0.189129161415622
2009	10.045	-0.402830279897898	0.189129161415622
2010	10.05	-0.393802575999871	0.187839489430189
2011	10.055	-0.397671591956168	0.187839489430189
2012	10.06	-0.391223232029006	0.187839489430189
2013	10.065	-0.383485200116411	0.187839489430189
2014	10.07	-0.392512904014438	0.187839489430189
2015	10.075	-0.392512904014438	0.187839489430189
2016	10.08	-0.391223232029006	0.186549817444757
2017	10.085	-0.388643888058141	0.186549817444757
2018	10.09	-0.383485200116411	0.186549817444757
2019	10.095	-0.386064544087276	0.186549817444757
2020	10.1	-0.387354216072708	0.186549817444757
2021	10.105	-0.387354216072708	0.185260145459324
2022	10.11	-0.380905856145546	0.185260145459324
2023	10.115	-0.380905856145546	0.185260145459324
2024	10.12	-0.377036840189248	0.185260145459324
2025	10.125	-0.377036840189248	0.185260145459324
2026	10.13	-0.374457496218383	0.185260145459324
2027	10.135	-0.377036840189248	0.183970473473892
2028	10.14	-0.365429792320356	0.183970473473892
2029	10.145	-0.379616184160113	0.183970473473892
2030	10.15	-0.371878152247518	0.182680801488459
2031	10.155	-0.365429792320356	0.183970473473892
2032	10.16	-0.370588480262086	0.183970473473892
2033	10.165	-0.369298808276653	0.182680801488459
2034	10.17	-0.362850448349491	0.182680801488459
2035	10.175	-0.358981432393193	0.182680801488459
2036	10.18	-0.361560776364058	0.181391129503027
2037	10.185	-0.366719464305788	0.181391129503027
2038	10.19	-0.362850448349491	0.181391129503027
2039	10.195	-0.358981432393193	0.181391129503027
2040	10.2	-0.352533072466031	0.181391129503027
2041	10.205	-0.357691760407761	0.181391129503027
2042	10.21	-0.360271104378626	0.181391129503027
2043	10.215	-0.356402088422328	0.181391129503027
2044	10.22	-0.355112416436896	0.181391129503027
2045	10.225	-0.356402088422328	0.180101457517594
2046	10.23	-0.351243400480598	0.180101457517594
2047	10.235	-0.357691760407761	0.180101457517594
2048	10.24	-0.361560776364058	0.180101457517594
2049	10.245	-0.365429792320356	0.180101457517594
2050	10.25	-0.364140120334923	0.180101457517594
2051	10.255	-0.368009136291221	0.178811785532162
2052	10.26	-0.366719464305788	0.178811785532162
2053	10.265	-0.365429792320356	0.178811785532162
2054	10.27	-0.364140120334923	0.178811785532162
2055	10.275	-0.374457496218383	0.178811785532162
2056	10.28	-0.378326512174681	0.177522113546729
2057	10.285	-0.369298808276653	0.177522113546729
2058	10.29	-0.378326512174681	0.177522113546729
2059	10.295	-0.382195528130978	0.177522113546729
2060	10.3	-0.382195528130978	0.177522113546729
2061	10.305	-0.378326512174681	0.177522113546729
2062	10.31	-0.384774872101843	0.176232441561297
2063	10.315	-0.393802575999871	0.176232441561297
2064	10.32	-0.401540607912466	0.176232441561297
2065	10.325	-0.392512904014438	0.176232441561297
2066	10.33	-0.407988967839628	0.176232441561297
2067	10.335	-0.409278639825061	0.174942769575864
2068	10.34	-0.407988967839628	0.176232441561297
2069	10.345	-0.406699295854196	0.174942769575864
2070	10.35	-0.418306343723089	0.174942769575864
2071	10.355	-0.427334047621116	0.173653097590432
2072	10.36	-0.432492735562846	0.173653097590432
2073	10.365	-0.435072079533711	0.173653097590432
2074	10.37	-0.428623719606549	0.173653097590432
2075	10.375	-0.436361751519144	0.173653097590432
2076	10.38	-0.442810111446306	0.173653097590432
2077	10.385	-0.446679127402604	0.173653097590432
2078	10.39	-0.447968799388036	0.173653097590432
2079	10.395	-0.458286175271496	0.172363425604999
2080	10.4	-0.447968799388036	0.172363425604999
2081	10.405	-0.454417159315199	0.172363425604999
2082	10.41	-0.471182895125821	0.171073753619567
2083	10.415	-0.468603551154956	0.171073753619567
2084	10.42	-0.475051911082119	0.171073753619567
2085	10.425	-0.480210599023849	0.171073753619567
2086	10.43	-0.484079614980146	0.171073753619567
2087	10.435	-0.480210599023849	0.171073753619567
2088	10.44	-0.484079614980146	0.171073753619567
2089	10.445	-0.477631255052984	0.171073753619567
2090	10.45	-0.484079614980146	0.169784081634134
2091	10.455	-0.493107318878174	0.169784081634134
2092	10.46	-0.489238302921876	0.169784081634134
2093	10.465	-0.487948630936444	0.169784081634134
2094	10.47	-0.490527974907309	0.168494409648702
2095	10.475	-0.485369286965579	0.168494409648702
2096	10.48	-0.491817646892741	0.168494409648702
2097	10.485	-0.490527974907309	0.167204737663269
2098	10.49	-0.489238302921876	0.168494409648702
2099	10.495	-0.489238302921876	0.168494409648702
2100	10.5	-0.489238302921876	0.167204737663269
2101	10.505	-0.495686662849039	0.167204737663269
2102	10.51	-0.486658958951011	0.167204737663269
2103	10.515	-0.493107318878174	0.167204737663269
2104	10.52	-0.484079614980146	0.165915065677837
2105	10.525	-0.473762239096686	0.165915065677837
2106	10.53	-0.482789942994714	0.165915065677837
2107	10.535	-0.475051911082119	0.165915065677837
2108	10.54	-0.480210599023849	0.165915065677837
2109	10.545	-0.467313879169524	0.165915065677837
2110	10.55	-0.471182895125821	0.165915065677837
2111	10.555	-0.466024207184091	0.164625393692404
2112	10.56	-0.456996503286064	0.165915065677837
2113	10.565	-0.463444863213226	0.164625393692404
2114	10.57	-0.456996503286064	0.164625393692404
2115	10.575	-0.463444863213226	0.164625393692404
2116	10.58	-0.462155191227794	0.164625393692404
2117	10.585	-0.451837815344334	0.163335721706972
2118	10.59	-0.455706831300631	0.163335721706972
2119	10.595	-0.458286175271496	0.163335721706972
2120	10.6	-0.444099783431739	0.163335721706972
2121	10.605	-0.445389455417171	0.163335721706972
2122	10.61	-0.450548143358901	0.162046049721539
2123	10.615	-0.447968799388036	0.162046049721539
2124	10.62	-0.431203063577414	0.162046049721539
2125	10.625	-0.440230767475441	0.162046049721539
2126	10.63	-0.432492735562846	0.162046049721539
2127	10.635	-0.433782407548279	0.162046049721539
2128	10.64	-0.424754703650251	0.160756377736107
2129	10.645	-0.424754703650251	0.160756377736107
2130	10.65	-0.423465031664819	0.160756377736107
2131	10.655	-0.420885687693954	0.160756377736107
2132	10.66	-0.420885687693954	0.160756377736107
2133	10.665	-0.423465031664819	0.160756377736107
2134	10.67	-0.418306343723089	0.159466705750674
2135	10.675	-0.422175359679386	0.159466705750674
2136	10.68	-0.419596015708521	0.159466705750674
2137	10.685	-0.417016671737656	0.159466705750674
2138	10.69	-0.411857983795926	0.159466705750674
2139	10.695	-0.410568311810493	0.159466705750674
2140	10.7	-0.406699295854196	0.158177033765242
2141	10.705	-0.414437327766791	0.159466705750674
2142	10.71	-0.411857983795926	0.158177033765242
2143	10.715	-0.420885687693954	0.158177033765242
2144	10.72	-0.419596015708521	0.156887361779809
2145	10.725	-0.406699295854196	0.158177033765242
2146	10.73	-0.410568311810493	0.158177033765242
2147	10.735	-0.409278639825061	0.156887361779809
2148	10.74	-0.410568311810493	0.156887361779809
2149	10.745	-0.396381919970736	0.156887361779809
2150	10.75	-0.406699295854196	0.156887361779809
2151	10.755	-0.406699295854196	0.156887361779809
2152	10.76	-0.402830279897898	0.155597689794376
2153	10.765	-0.402830279897898	0.155597689794376
2154	10.77	-0.396381919970736	0.156887361779809
2155	10.775	-0.392512904014438	0.155597689794376
2156	10.78	-0.400250935927033	0.155597689794376
2157	10.785	-0.384774872101843	0.155597689794376
2158	10.79	-0.388643888058141	0.155597689794376
2159	10.795	-0.401540607912466	0.155597689794376
2160	10.8	-0.396381919970736	0.154308017808944
2161	10.805	-0.392512904014438	0.154308017808944
2162	10.81	-0.398961263941601	0.154308017808944
2163	10.815	-0.393802575999871	0.154308017808944
2164	10.82	-0.389933560043573	0.154308017808944
2165	10.825	-0.404119951883331	0.154308017808944
2166	10.83	-0.400250935927033	0.153018345823511
2167	10.835	-0.389933560043573	0.153018345823511
2168	10.84	-0.395092247985303	0.153018345823511
2169	10.845	-0.391223232029006	0.153018345823511
2170	10.85	-0.396381919970736	0.153018345823511
2171	10.855	-0.393802575999871	0.153018345823511
2172	10.86	-0.391223232029006	0.153018345823511
2173	10.865	-0.389933560043573	0.153018345823511
2174	10.87	-0.395092247985303	0.153018345823511
2175	10.875	-0.397671591956168	0.151728673838079
2176	10.88	-0.382195528130978	0.153018345823511
2177	10.885	-0.387354216072708	0.151728673838079
2178	10.89	-0.393802575999871	0.151728673838079
2179	10.895	-0.395092247985303	0.151728673838079
2180	10.9	-0.398961263941601	0.151728673838079
2181	10.905	-0.404119951883331	0.151728673838079
2182	10.91	-0.398961263941601	0.151728673838079
2183	10.915	-0.407988967839628	0.151728673838079
2184	10.92	-0.398961263941601	0.150439001852646
2185	10.925	-0.397671591956168	0.150439001852646
2186	10.93	-0.406699295854196	0.150439001852646
2187	10.935	-0.402830279897898	0.149149329867214
2188	10.94	-0.397671591956168	0.150439001852646
2189	10.945	-0.405409623868763	0.149149329867214
2190	10.95	-0.409278639825061	0.149149329867214
2191	10.955	-0.396381919970736	0.149149329867214
2192	10.96	-0.404119951883331	0.149149329867214
2193	10.965	-0.409278639825061	0.149149329867214
2194	10.97	-0.409278639825061	0.149149329867214
2195	10.975	-0.415726999752223	0.149149329867214
2196	10.98	-0.409278639825061	0.149149329867214
2197	10.985	-0.411857983795926	0.149149329867214
2198	10.99	-0.413147655781358	0.149149329867214
2199	10.995	-0.423465031664819	0.147859657881781
2200	11	-0.427334047621116	0.147859657881781
2201	11.005	-0.431203063577414	0.147859657881781
2202	11.01	-0.418306343723089	0.147859657881781
2203	11.015	-0.431203063577414	0.147859657881781
2204	11.02	-0.444099783431739	0.147859657881781
2205	11.025	-0.449258471373469	0.147859657881781
2206	11.03	-0.449258471373469	0.146569985896349
2207	11.035	-0.447968799388036	0.146569985896349
2208	11.04	-0.444099783431739	0.146569985896349
2209	11.045	-0.449258471373469	0.146569985896349
2210	11.05	-0.454417159315199	0.146569985896349
2211	11.055	-0.462155191227794	0.146569985896349
2212	11.06	-0.466024207184091	0.146569985896349
2213	11.065	-0.466024207184091	0.145280313910916
2214	11.07	-0.464734535198659	0.146569985896349
2215	11.075	-0.468603551154956	0.145280313910916
2216	11.08	-0.473762239096686	0.145280313910916
2217	11.085	-0.463444863213226	0.145280313910916
2218	11.09	-0.480210599023849	0.145280313910916
2219	11.095	-0.476341583067551	0.145280313910916
2220	11.1	-0.471182895125821	0.143990641925484
2221	11.105	-0.480210599023849	0.145280313910916
2222	11.11	-0.473762239096686	0.145280313910916
2223	11.115	-0.490527974907309	0.145280313910916
2224	11.12	-0.487948630936444	0.143990641925484
2225	11.125	-0.475051911082119	0.143990641925484
2226	11.13	-0.490527974907309	0.143990641925484
2227	11.135	-0.489238302921876	0.143990641925484
2228	11.14	-0.486658958951011	0.143990641925484
2229	11.145	-0.498266006819904	0.142700969940051
2230	11.15	-0.511162726674229	0.142700969940051
2231	11.155	-0.504714366747066	0.142700969940051
2232	11.16	-0.498266006819904	0.142700969940051
2233	11.165	-0.496976334834471	0.142700969940051
2234	11.17	-0.504714366747066	0.142700969940051
2235	11.175	-0.520190430572256	0.142700969940051
2236	11.18	-0.513742070645094	0.142700969940051
2237	11.185	-0.515031742630526	0.142700969940051
2238	11.19	-0.504714366747066	0.141411297954619
2239	11.195	-0.509873054688796	0.141411297954619
2240	11.2	-0.504714366747066	0.141411297954619
2241	11.205	-0.517611086601391	0.141411297954619
2242	11.21	-0.524059446528554	0.141411297954619
2243	11.215	-0.516321414615959	0.141411297954619
2244	11.22	-0.529218134470284	0.141411297954619
2245	11.225	-0.509873054688796	0.141411297954619
2246	11.23	-0.511162726674229	0.140121625969186
2247	11.235	-0.512452398659661	0.140121625969186
2248	11.24	-0.524059446528554	0.140121625969186
2249	11.245	-0.513742070645094	0.140121625969186
2250	11.25	-0.502135022776201	0.140121625969186
2251	11.255	-0.511162726674229	0.140121625969186
2252	11.26	-0.509873054688796	0.140121625969186
2253	11.265	-0.509873054688796	0.138831953983754
2254	11.27	-0.515031742630526	0.140121625969186
2255	11.275	-0.502135022776201	0.138831953983754
2256	11.28	-0.496976334834471	0.138831953983754
2257	11.285	-0.502135022776201	0.138831953983754
2258	11.29	-0.494396990863606	0.138831953983754
2259	11.295	-0.500845350790769	0.137542281998321
2260	11.3	-0.503424694761634	0.138831953983754
2261	11.305	-0.490527974907309	0.138831953983754
2262	11.31	-0.489238302921876	0.137542281998321
2263	11.315	-0.487948630936444	0.137542281998321
2264	11.32	-0.478920927038416	0.137542281998321
2265	11.325	-0.477631255052984	0.137542281998321
2266	11.33	-0.487948630936444	0.136252610012889
2267	11.335	-0.475051911082119	0.136252610012889
2268	11.34	-0.475051911082119	0.137542281998321
2269	11.345	-0.480210599023849	0.136252610012889
2270	11.35	-0.476341583067551	0.136252610012889
2271	11.355	-0.471182895125821	0.136252610012889
2272	11.36	-0.460865519242361	0.136252610012889
2273	11.365	-0.449258471373469	0.134962938027456
2274	11.37	-0.450548143358901	0.136252610012889
2275	11.375	-0.456996503286064	0.136252610012889
2276	11.38	-0.453127487329766	0.134962938027456
2277	11.385	-0.450548143358901	0.134962938027456
2278	11.39	-0.440230767475441	0.134962938027456
2279	11.395	-0.431203063577414	0.134962938027456
2280	11.4	-0.429913391591981	0.134962938027456
2281	11.405	-0.429913391591981	0.134962938027456
2282	11.41	-0.423465031664819	0.133673266042024
2283	11.415	-0.423465031664819	0.133673266042024
2284	11.42	-0.415726999752223	0.133673266042024
2285	11.425	-0.405409623868763	0.133673266042024
2286	11.43	-0.417016671737656	0.133673266042024
2287	11.435	-0.407988967839628	0.133673266042024
2288	11.44	-0.402830279897898	0.132383594056591
2289	11.445	-0.395092247985303	0.133673266042024
2290	11.45	-0.395092247985303	0.132383594056591
2291	11.455	-0.398961263941601	0.132383594056591
2292	11.46	-0.395092247985303	0.132383594056591
2293	11.465	-0.386064544087276	0.132383594056591
2294	11.47	-0.383485200116411	0.132383594056591
2295	11.475	-0.392512904014438	0.131093922071159
2296	11.48	-0.383485200116411	0.131093922071159
2297	11.485	-0.375747168203816	0.131093922071159
2298	11.49	-0.375747168203816	0.131093922071159
2299	11.495	-0.382195528130978	0.131093922071159
2300	11.5	-0.369298808276653	0.131093922071159
2301	11.505	-0.375747168203816	0.131093922071159
2302	11.51	-0.377036840189248	0.131093922071159
2303	11.515	-0.377036840189248	0.129804250085726
2304	11.52	-0.386064544087276	0.131093922071159
2305	11.525	-0.370588480262086	0.129804250085726
2306	11.53	-0.377036840189248	0.129804250085726
2307	11.535	-0.378326512174681	0.129804250085726
2308	11.54	-0.380905856145546	0.128514578100294
2309	11.545	-0.378326512174681	0.128514578100294
2310	11.55	-0.383485200116411	0.128514578100294
2311	11.555	-0.395092247985303	0.128514578100294
2312	11.56	-0.377036840189248	0.129804250085726
2313	11.565	-0.379616184160113	0.128514578100294
2314	11.57	-0.379616184160113	0.128514578100294
2315	11.575	-0.392512904014438	0.127224906114861
2316	11.58	-0.383485200116411	0.128514578100294
2317	11.585	-0.380905856145546	0.127224906114861
2318	11.59	-0.375747168203816	0.127224906114861
2319	11.595	-0.391223232029006	0.127224906114861
2320	11.6	-0.386064544087276	0.127224906114861
2321	11.605	-0.386064544087276	0.125935234129429
2322	11.61	-0.392512904014438	0.125935234129429
2323	11.615	-0.386064544087276	0.125935234129429
2324	11.62	-0.398961263941601	0.125935234129429
2325	11.625	-0.386064544087276	0.125935234129429
2326	11.63	-0.392512904014438	0.125935234129429
2327	11.635	-0.402830279897898	0.124645562143996
2328	11.64	-0.397671591956168	0.124645562143996
2329	11.645	-0.397671591956168	0.125935234129429
2330	11.65	-0.398961263941601	0.124645562143996
2331	11.655	-0.400250935927033	0.124645562143996
2332	11.66	-0.402830279897898	0.124645562143996
2333	11.665	-0.398961263941601	0.124645562143996
2334	11.67	-0.406699295854196	0.124645562143996
2335	11.675	-0.400250935927033	0.124645562143996
2336	11.68	-0.400250935927033	0.123355890158564
2337	11.685	-0.396381919970736	0.123355890158564
2338	11.69	-0.402830279897898	0.123355890158564
2339	11.695	-0.405409623868763	0.123355890158564
2340	11.7	-0.402830279897898	0.123355890158564
2341	11.705	-0.400250935927033	0.123355890158564
2342	11.71	-0.397671591956168	0.122066218173131
2343	11.715	-0.401540607912466	0.123355890158564
2344	11.72	-0.411857983795926	0.122066218173131
2345	11.725	-0.407988967839628	0.122066218173131
2346	11.73	-0.427334047621116	0.122066218173131
2347	11.735	-0.418306343723089	0.122066218173131
2348	11.74	-0.420885687693954	0.122066218173131
2349	11.745	-0.428623719606549	0.122066218173131
2350	11.75	-0.435072079533711	0.120776546187699
2351	11.755	-0.433782407548279	0.120776546187699
2352	11.76	-0.432492735562846	0.120776546187699
2353	11.765	-0.436361751519144	0.120776546187699
2354	11.77	-0.442810111446306	0.120776546187699
2355	11.775	-0.456996503286064	0.120776546187699
2356	11.78	-0.449258471373469	0.120776546187699
2357	11.785	-0.447968799388036	0.119486874202266
2358	11.79	-0.444099783431739	0.119486874202266
2359	11.795	-0.442810111446306	0.119486874202266
2360	11.8	-0.450548143358901	0.119486874202266
2361	11.805	-0.445389455417171	0.119486874202266
2362	11.81	-0.445389455417171	0.119486874202266
2363	11.815	-0.454417159315199	0.118197202216834
2364	11.82	-0.459575847256929	0.118197202216834
2365	11.825	-0.462155191227794	0.119486874202266
2366	11.83	-0.450548143358901	0.118197202216834
2367	11.835	-0.455706831300631	0.118197202216834
2368	11.84	-0.456996503286064	0.118197202216834
2369	11.845	-0.459575847256929	0.118197202216834
2370	11.85	-0.458286175271496	0.118197202216834
2371	11.855	-0.451837815344334	0.118197202216834
2372	11.86	-0.446679127402604	0.118197202216834
2373	11.865	-0.450548143358901	0.116907530231401
2374	11.87	-0.453127487329766	0.116907530231401
2375	11.875	-0.460865519242361	0.116907530231401
2376	11.88	-0.460865519242361	0.116907530231401
2377	11.885	-0.453127487329766	0.116907530231401
2378	11.89	-0.456996503286064	0.116907530231401
2379	11.895	-0.445389455417171	0.116907530231401
2380	11.9	-0.446679127402604	0.115617858245969
2381	11.905	-0.463444863213226	0.115617858245969
2382	11.91	-0.451837815344334	0.115617858245969
2383	11.915	-0.454417159315199	0.115617858245969
2384	11.92	-0.441520439460874	0.115617858245969
2385	11.925	-0.432492735562846	0.115617858245969
2386	11.93	-0.442810111446306	0.115617858245969
2387	11.935	-0.447968799388036	0.115617858245969
2388	11.94	-0.445389455417171	0.114328186260536
2389	11.945	-0.433782407548279	0.114328186260536
2390	11.95	-0.436361751519144	0.114328186260536
2391	11.955	-0.436361751519144	0.114328186260536
2392	11.96	-0.436361751519144	0.114328186260536
2393	11.965	-0.431203063577414	0.114328186260536
2394	11.97	-0.429913391591981	0.114328186260536
2395	11.975	-0.414437327766791	0.113038514275104
2396	11.98	-0.420885687693954	0.114328186260536
2397	11.985	-0.422175359679386	0.113038514275104
2398	11.99	-0.417016671737656	0.113038514275104
2399	11.995	-0.423465031664819	0.113038514275104
2400	12	-0.417016671737656	0.113038514275104
2401	12.005	-0.404119951883331	0.113038514275104
2402	12.01	-0.397671591956168	0.113038514275104
2403	12.015	-0.401540607912466	0.111748842289671
2404	12.02	-0.393802575999871	0.111748842289671
2405	12.025	-0.383485200116411	0.111748842289671
2406	12.03	-0.382195528130978	0.111748842289671
2407	12.035	-0.375747168203816	0.111748842289671
2408	12.04	-0.374457496218383	0.111748842289671
2409	12.045	-0.365429792320356	0.110459170304239
2410	12.05	-0.373167824232951	0.110459170304239
2411	12.055	-0.369298808276653	0.110459170304239
2412	12.06	-0.361560776364058	0.110459170304239
2413	12.065	-0.355112416436896	0.110459170304239
2414	12.07	-0.355112416436896	0.110459170304239
2415	12.075	-0.352533072466031	0.109169498318806
2416	12.08	-0.349953728495166	0.110459170304239
2417	12.085	-0.343505368568003	0.109169498318806
2418	12.09	-0.343505368568003	0.109169498318806
2419	12.095	-0.346084712538868	0.109169498318806
2420	12.1	-0.339636352611706	0.109169498318806
2421	12.105	-0.335767336655408	0.109169498318806
2422	12.11	-0.338346680626273	0.107879826333374
2423	12.115	-0.331898320699111	0.109169498318806
2424	12.12	-0.330608648713678	0.107879826333374
2425	12.125	-0.325449960771948	0.107879826333374
2426	12.13	-0.319001600844786	0.107879826333374
2427	12.135	-0.320291272830218	0.107879826333374
2428	12.14	-0.331898320699111	0.107879826333374
2429	12.145	-0.317711928859353	0.106590154347941
2430	12.15	-0.315132584888488	0.107879826333374
2431	12.155	-0.317711928859353	0.106590154347941
2432	12.16	-0.308684224961326	0.106590154347941
2433	12.165	-0.313842912903056	0.106590154347941
2434	12.17	-0.311263568932191	0.105300482362509
2435	12.175	-0.309973896946758	0.105300482362509
2436	12.18	-0.313842912903056	0.105300482362509
2437	12.185	-0.315132584888488	0.105300482362509
2438	12.19	-0.307394552975893	0.105300482362509
2439	12.195	-0.315132584888488	0.105300482362509
2440	12.2	-0.309973896946758	0.104010810377076
2441	12.205	-0.312553240917623	0.104010810377076
2442	12.21	-0.303525537019596	0.105300482362509
2443	12.215	-0.316422256873921	0.104010810377076
2444	12.22	-0.317711928859353	0.104010810377076
2445	12.225	-0.311263568932191	0.104010810377076
2446	12.23	-0.313842912903056	0.104010810377076
2447	12.235	-0.313842912903056	0.102721138391644
2448	12.24	-0.317711928859353	0.104010810377076
2449	12.245	-0.315132584888488	0.102721138391644
2450	12.25	-0.313842912903056	0.102721138391644
2451	12.255	-0.315132584888488	0.104010810377076
2452	12.26	-0.326739632757381	0.102721138391644
2453	12.265	-0.324160288786516	0.102721138391644
2454	12.27	-0.319001600844786	0.101431466406211
2455	12.275	-0.320291272830218	0.101431466406211
2456	12.28	-0.325449960771948	0.101431466406211
2457	12.285	-0.317711928859353	0.101431466406211
2458	12.29	-0.325449960771948	0.101431466406211
2459	12.295	-0.319001600844786	0.101431466406211
2460	12.3	-0.330608648713678	0.101431466406211
2461	12.305	-0.324160288786516	0.100141794420779
2462	12.31	-0.321580944815651	0.100141794420779
2463	12.315	-0.337057008640841	0.100141794420779
2464	12.32	-0.329318976728246	0.100141794420779
2465	12.325	-0.326739632757381	0.100141794420779
2466	12.33	-0.329318976728246	0.100141794420779
2467	12.335	-0.328029304742813	0.100141794420779
2468	12.34	-0.328029304742813	0.100141794420779
2469	12.345	-0.330608648713678	0.100141794420779
2470	12.35	-0.334477664669976	0.0988521224353462
2471	12.355	-0.331898320699111	0.0988521224353462
2472	12.36	-0.340926024597138	0.0988521224353462
2473	12.365	-0.331898320699111	0.0988521224353462
2474	12.37	-0.334477664669976	0.0988521224353462
2475	12.375	-0.338346680626273	0.0975624504499137
2476	12.38	-0.330608648713678	0.0975624504499137
2477	12.385	-0.324160288786516	0.0975624504499137
2478	12.39	-0.340926024597138	0.0975624504499137
2479	12.395	-0.344795040553436	0.0975624504499137
2480	12.4	-0.334477664669976	0.0962727784644812
2481	12.405	-0.335767336655408	0.0975624504499137
2482	12.41	-0.334477664669976	0.0975624504499137
2483	12.415	-0.342215696582571	0.0962727784644812
2484	12.42	-0.346084712538868	0.0962727784644812
2485	12.425	-0.334477664669976	0.0962727784644812
2486	12.43	-0.338346680626273	0.0975624504499137
2487	12.435	-0.343505368568003	0.0962727784644812
2488	12.44	-0.352533072466031	0.0962727784644812
2489	12.445	-0.348664056509733	0.0962727784644812
2490	12.45	-0.348664056509733	0.0962727784644812
2491	12.455	-0.349953728495166	0.0962727784644812
2492	12.46	-0.349953728495166	0.0962727784644812
2493	12.465	-0.348664056509733	0.0962727784644812
2494	12.47	-0.344795040553436	0.0962727784644812
2495	12.475	-0.347374384524301	0.0949831064790487
2496	12.48	-0.355112416436896	0.0949831064790487
2497	12.485	-0.361560776364058	0.0949831064790487
2498	12.49	-0.348664056509733	0.0949831064790487
2499	12.495	-0.351243400480598	0.0949831064790487
2500	12.5	-0.358981432393193	0.0949831064790487
2501	12.505	-0.355112416436896	0.0936934344936162
2502	12.51	-0.361560776364058	0.0936934344936162
2503	12.515	-0.357691760407761	0.0936934344936162
2504	12.52	-0.353822744451463	0.0936934344936162
2505	12.525	-0.352533072466031	0.0936934344936162
2506	12.53	-0.356402088422328	0.0924037625081837
2507	12.535	-0.368009136291221	0.0936934344936162
2508	12.54	-0.364140120334923	0.0924037625081837
2509	12.545	-0.366719464305788	0.0924037625081837
2510	12.55	-0.358981432393193	0.0924037625081837
2511	12.555	-0.346084712538868	0.0924037625081837
2512	12.56	-0.357691760407761	0.0924037625081837
2513	12.565	-0.355112416436896	0.0924037625081837
2514	12.57	-0.360271104378626	0.0911140905227512
2515	12.575	-0.358981432393193	0.0924037625081837
2516	12.58	-0.351243400480598	0.0911140905227512
2517	12.585	-0.357691760407761	0.0911140905227512
2518	12.59	-0.344795040553436	0.0911140905227512
2519	12.595	-0.351243400480598	0.0911140905227512
2520	12.6	-0.348664056509733	0.0898244185373187
2521	12.605	-0.348664056509733	0.0911140905227512
2522	12.61	-0.342215696582571	0.0898244185373187
2523	12.615	-0.335767336655408	0.0898244185373187
2524	12.62	-0.343505368568003	0.0911140905227512
2525	12.625	-0.339636352611706	0.0898244185373187
2526	12.63	-0.338346680626273	0.0898244185373187
2527	12.635	-0.333187992684543	0.0898244185373187
2528	12.64	-0.328029304742813	0.0898244185373187
2529	12.645	-0.328029304742813	0.0898244185373187
2530	12.65	-0.324160288786516	0.0885347465518862
2531	12.655	-0.324160288786516	0.0885347465518862
2532	12.66	-0.321580944815651	0.0885347465518862
2533	12.665	-0.325449960771948	0.0885347465518862
2534	12.67	-0.316422256873921	0.0885347465518862
2535	12.675	-0.308684224961326	0.0872450745664537
2536	12.68	-0.307394552975893	0.0885347465518862
2537	12.685	-0.306104880990461	0.0885347465518862
2538	12.69	-0.307394552975893	0.0872450745664537
2539	12.695	-0.304815209005028	0.0872450745664537
2540	12.7	-0.303525537019596	0.0872450745664537
2541	12.705	-0.294497833121568	0.0872450745664537
2542	12.71	-0.288049473194405	0.0872450745664537
2543	12.715	-0.29062881716527	0.0859554025810212
2544	12.72	-0.297077177092433	0.0859554025810212
2545	12.725	-0.291918489150703	0.0859554025810212
2546	12.73	-0.281601113267243	0.0872450745664537
2547	12.735	-0.286759801208973	0.0859554025810212
2548	12.74	-0.277732097310945	0.0859554025810212
2549	12.745	-0.282890785252675	0.0859554025810212
2550	12.75	-0.276442425325513	0.0859554025810212
2551	12.755	-0.273863081354648	0.0846657305955887
2552	12.76	-0.268704393412918	0.0846657305955887
2553	12.765	-0.26483537745662	0.0846657305955887
2554	12.77	-0.26483537745662	0.0846657305955887
2555	12.775	-0.25967668951489	0.0846657305955887
2556	12.78	-0.26483537745662	0.0846657305955887
2557	12.785	-0.258387017529458	0.0846657305955887
2558	12.79	-0.257097345544025	0.0846657305955887
2559	12.795	-0.24935931363143	0.0833760586101562
2560	12.8	-0.24935931363143	0.0833760586101562
2561	12.805	-0.246779969660565	0.0833760586101562
2562	12.81	-0.245490297675133	0.0833760586101562
2563	12.815	-0.246779969660565	0.0833760586101562
2564	12.82	-0.241621281718835	0.0820863866247237
2565	12.825	-0.236462593777105	0.0820863866247237
2566	12.83	-0.23904193774797	0.0820863866247237
2567	12.835	-0.240331609733403	0.0820863866247237
2568	12.84	-0.240331609733403	0.0820863866247237
2569	12.845	-0.241621281718835	0.0820863866247237
2570	12.85	-0.23388324980624	0.0820863866247237
2571	12.855	-0.237752265762538	0.0807967146392912
2572	12.86	-0.227434889879078	0.0807967146392912
2573	12.865	-0.22872456186451	0.0807967146392912
2574	12.87	-0.230014233849943	0.0807967146392912
2575	12.875	-0.224855545908213	0.0807967146392912
2576	12.88	-0.230014233849943	0.0807967146392912
2577	12.885	-0.224855545908213	0.0807967146392912
2578	12.89	-0.227434889879078	0.0807967146392912
2579	12.895	-0.224855545908213	0.0795070426538587
2580	12.9	-0.230014233849943	0.0807967146392912
2581	12.905	-0.222276201937348	0.0795070426538587
2582	12.91	-0.226145217893645	0.0807967146392912
2583	12.915	-0.226145217893645	0.0795070426538587
2584	12.92	-0.22356587392278	0.0795070426538587
2585	12.925	-0.220986529951915	0.0782173706684262
2586	12.93	-0.21840718598105	0.0782173706684262
2587	12.935	-0.22356587392278	0.0782173706684262
2588	12.94	-0.222276201937348	0.0782173706684262
2589	12.945	-0.217117513995618	0.0782173706684262
2590	12.95	-0.220986529951915	0.0782173706684262
2591	12.955	-0.21840718598105	0.0782173706684262
2592	12.96	-0.222276201937348	0.0769276986829937
2593	12.965	-0.217117513995618	0.0769276986829937
2594	12.97	-0.215827842010185	0.0769276986829937
2595	12.975	-0.222276201937348	0.0769276986829937
2596	12.98	-0.222276201937348	0.0769276986829937
2597	12.985	-0.219696857966483	0.0769276986829937
2598	12.99	-0.219696857966483	0.0769276986829937
2599	12.995	-0.22356587392278	0.0756380266975611
2600	13	-0.230014233849943	0.0769276986829937
2601	13.005	-0.219696857966483	0.0769276986829937
2602	13.01	-0.220986529951915	0.0756380266975611
2603	13.015	-0.224855545908213	0.0756380266975611
2604	13.02	-0.227434889879078	0.0756380266975611
2605	13.025	-0.22872456186451	0.0756380266975611
2606	13.03	-0.22356587392278	0.0756380266975611
2607	13.035	-0.227434889879078	0.0743483547121286
2608	13.04	-0.226145217893645	0.0743483547121286
2609	13.045	-0.227434889879078	0.0756380266975611
2610	13.05	-0.22872456186451	0.0756380266975611
2611	13.055	-0.232593577820808	0.0743483547121286
2612	13.06	-0.224855545908213	0.0743483547121286
2613	13.065	-0.22872456186451	0.0743483547121286
2614	13.07	-0.227434889879078	0.0743483547121286
2615	13.075	-0.231303905835375	0.0743483547121286
2616	13.08	-0.236462593777105	0.0730586827266961
2617	13.085	-0.231303905835375	0.0730586827266961
2618	13.09	-0.231303905835375	0.0730586827266961
2619	13.095	-0.236462593777105	0.0730586827266961
2620	13.1	-0.23388324980624	0.0730586827266961
2621	13.105	-0.23388324980624	0.0730586827266961
2622	13.11	-0.230014233849943	0.0730586827266961
2623	13.115	-0.237752265762538	0.0730586827266961
2624	13.12	-0.23388324980624	0.0730586827266961
2625	13.125	-0.237752265762538	0.0730586827266961
2626	13.13	-0.23388324980624	0.0717690107412636
2627	13.135	-0.235172921791673	0.0717690107412636
2628	13.14	-0.236462593777105	0.0704793387558311
2629	13.145	-0.230014233849943	0.0717690107412636
2630	13.15	-0.227434889879078	0.0717690107412636
2631	13.155	-0.232593577820808	0.0704793387558311
2632	13.16	-0.236462593777105	0.0704793387558311
2633	13.165	-0.237752265762538	0.0704793387558311
2634	13.17	-0.227434889879078	0.0704793387558311
2635	13.175	-0.232593577820808	0.0704793387558311
2636	13.18	-0.236462593777105	0.0704793387558311
2637	13.185	-0.230014233849943	0.0691896667703986
2638	13.19	-0.224855545908213	0.0704793387558311
2639	13.195	-0.226145217893645	0.0704793387558311
2640	13.2	-0.227434889879078	0.0691896667703986
2641	13.205	-0.224855545908213	0.0691896667703986
2642	13.21	-0.227434889879078	0.0691896667703986
2643	13.215	-0.226145217893645	0.0691896667703986
2644	13.22	-0.224855545908213	0.0678999947849661
2645	13.225	-0.22356587392278	0.0691896667703986
2646	13.23	-0.222276201937348	0.0678999947849661
2647	13.235	-0.219696857966483	0.0678999947849661
2648	13.24	-0.227434889879078	0.0678999947849661
2649	13.245	-0.219696857966483	0.0678999947849661
2650	13.25	-0.217117513995618	0.0678999947849661
2651	13.255	-0.22356587392278	0.0678999947849661
2652	13.26	-0.219696857966483	0.0678999947849661
2653	13.265	-0.21840718598105	0.0666103227995336
2654	13.27	-0.21840718598105	0.0666103227995336
2655	13.275	-0.215827842010185	0.0666103227995336
2656	13.28	-0.214538170024753	0.0666103227995336
2657	13.285	-0.20808981009759	0.0666103227995336
2658	13.29	-0.211958826053888	0.0653206508141011
2659	13.295	-0.210669154068455	0.0666103227995336
2660	13.3	-0.209379482083023	0.0666103227995336
2661	13.305	-0.204220794141293	0.0666103227995336
2662	13.31	-0.200351778184995	0.0653206508141011
2663	13.315	-0.20293112215586	0.0653206508141011
2664	13.32	-0.19777243421413	0.0640309788286686
2665	13.325	-0.200351778184995	0.0653206508141011
2666	13.33	-0.199062106199563	0.0640309788286686
2667	13.335	-0.196482762228698	0.0640309788286686
2668	13.34	-0.193903418257833	0.0640309788286686
2669	13.345	-0.196482762228698	0.0640309788286686
2670	13.35	-0.190034402301535	0.0640309788286686
2671	13.355	-0.1926137462724	0.0640309788286686
2672	13.36	-0.188744730316103	0.0640309788286686
2673	13.365	-0.179717026418075	0.0640309788286686
2674	13.37	-0.178427354432642	0.0627413068432361
2675	13.375	-0.179717026418075	0.0627413068432361
2676	13.38	-0.174558338476345	0.0627413068432361
2677	13.385	-0.179717026418075	0.0627413068432361
2678	13.39	-0.170689322520047	0.0627413068432361
2679	13.395	-0.170689322520047	0.0627413068432361
2680	13.4	-0.170689322520047	0.0614516348578036
2681	13.405	-0.169399650534615	0.0614516348578036
2682	13.41	-0.165530634578317	0.0614516348578036
2683	13.415	-0.165530634578317	0.0614516348578036
2684	13.42	-0.168109978549182	0.0627413068432361
2685	13.425	-0.159082274651155	0.0614516348578036
2686	13.43	-0.15650293068029	0.0614516348578036
2687	13.435	-0.160371946636587	0.0601619628723711
2688	13.44	-0.15650293068029	0.0614516348578036
2689	13.445	-0.15134424273856	0.0614516348578036
2690	13.45	-0.153923586709425	0.0601619628723711
2691	13.455	-0.147475226782262	0.0601619628723711
2692	13.46	-0.153923586709425	0.0601619628723711
2693	13.465	-0.15134424273856	0.0601619628723711
2694	13.47	-0.143606210825965	0.0601619628723711
2695	13.475	-0.14618555479683	0.0588722908869386
2696	13.48	-0.144895882811397	0.0601619628723711
2697	13.485	-0.143606210825965	0.0601619628723711
2698	13.49	-0.143606210825965	0.0588722908869386
2699	13.495	-0.143606210825965	0.0588722908869386
2700	13.5	-0.143606210825965	0.0588722908869386
2701	13.505	-0.139737194869667	0.0588722908869386
2702	13.51	-0.139737194869667	0.0588722908869386
2703	13.515	-0.142316538840532	0.0575826189015061
2704	13.52	-0.1410268668551	0.0575826189015061
2705	13.525	-0.133288834942505	0.0575826189015061
2706	13.53	-0.134578506927937	0.0575826189015061
2707	13.535	-0.137157850898802	0.0575826189015061
2708	13.54	-0.133288834942505	0.0575826189015061
2709	13.545	-0.131999162957072	0.0575826189015061
2710	13.55	-0.134578506927937	0.0575826189015061
2711	13.555	-0.13586817891337	0.0562929469160736
2712	13.56	-0.134578506927937	0.0562929469160736
2713	13.565	-0.131999162957072	0.0562929469160736
2714	13.57	-0.129419818986207	0.0562929469160736
2715	13.575	-0.131999162957072	0.0562929469160736
2716	13.58	-0.131999162957072	0.0562929469160736
2717	13.585	-0.12555080302991	0.0562929469160736
2718	13.59	-0.13070949097164	0.0550032749306411
2719	13.595	-0.13070949097164	0.0550032749306411
2720	13.6	-0.128130147000775	0.0550032749306411
2721	13.605	-0.129419818986207	0.0550032749306411
2722	13.61	-0.13070949097164	0.0550032749306411
2723	13.615	-0.134578506927937	0.0550032749306411
2724	13.62	-0.13070949097164	0.0550032749306411
2725	13.625	-0.128130147000775	0.0550032749306411
2726	13.63	-0.128130147000775	0.0537136029452085
2727	13.635	-0.122971459059045	0.0537136029452085
2728	13.64	-0.126840475015342	0.0537136029452085
2729	13.645	-0.128130147000775	0.0537136029452085
2730	13.65	-0.129419818986207	0.0537136029452085
2731	13.655	-0.129419818986207	0.052423930959776
2732	13.66	-0.126840475015342	0.0537136029452085
2733	13.665	-0.128130147000775	0.052423930959776
2734	13.67	-0.124261131044477	0.0537136029452085
2735	13.675	-0.13070949097164	0.052423930959776
2736	13.68	-0.13070949097164	0.052423930959776
2737	13.685	-0.128130147000775	0.052423930959776
2738	13.69	-0.128130147000775	0.052423930959776
2739	13.695	-0.12555080302991	0.052423930959776
2740	13.7	-0.129419818986207	0.052423930959776
2741	13.705	-0.128130147000775	0.0511342589743435
2742	13.71	-0.12555080302991	0.0511342589743435
2743	13.715	-0.128130147000775	0.0511342589743435
2744	13.72	-0.128130147000775	0.0511342589743435
2745	13.725	-0.128130147000775	0.0511342589743435
2746	13.73	-0.128130147000775	0.0511342589743435
2747	13.735	-0.12555080302991	0.049844586988911
2748	13.74	-0.126840475015342	0.0511342589743435
2749	13.745	-0.12555080302991	0.0511342589743435
2750	13.75	-0.12555080302991	0.0511342589743435
2751	13.755	-0.124261131044477	0.0511342589743435
2752	13.76	-0.126840475015342	0.049844586988911
2753	13.765	-0.126840475015342	0.0511342589743435
2754	13.77	-0.126840475015342	0.049844586988911
2755	13.775	-0.12555080302991	0.049844586988911
2756	13.78	-0.13070949097164	0.0511342589743435
2757	13.785	-0.128130147000775	0.0485549150034785
2758	13.79	-0.126840475015342	0.049844586988911
2759	13.795	-0.12555080302991	0.0485549150034785
2760	13.8	-0.126840475015342	0.0485549150034785
2761	13.805	-0.128130147000775	0.0485549150034785
2762	13.81	-0.126840475015342	0.0485549150034785
2763	13.815	-0.128130147000775	0.0485549150034785
2764	13.82	-0.12555080302991	0.049844586988911
2765	13.825	-0.126840475015342	0.047265243018046
2766	13.83	-0.12555080302991	0.0485549150034785
2767	13.835	-0.129419818986207	0.049844586988911
2768	13.84	-0.12555080302991	0.0485549150034785
2769	13.845	-0.12555080302991	0.0485549150034785
2770	13.85	-0.122971459059045	0.047265243018046
2771	13.855	-0.124261131044477	0.0485549150034785
2772	13.86	-0.128130147000775	0.0485549150034785
2773	13.865	-0.128130147000775	0.0485549150034785
2774	13.87	-0.13070949097164	0.047265243018046
2775	13.875	-0.126840475015342	0.047265243018046
2776	13.88	-0.13070949097164	0.047265243018046
2777	13.885	-0.124261131044477	0.047265243018046
2778	13.89	-0.129419818986207	0.047265243018046
2779	13.895	-0.126840475015342	0.047265243018046
2780	13.9	-0.126840475015342	0.047265243018046
2781	13.905	-0.129419818986207	0.047265243018046
2782	13.91	-0.129419818986207	0.0459755710326135
2783	13.915	-0.12555080302991	0.047265243018046
2784	13.92	-0.128130147000775	0.0459755710326135
2785	13.925	-0.129419818986207	0.0459755710326135
2786	13.93	-0.121681787073612	0.0459755710326135
2787	13.935	-0.129419818986207	0.047265243018046
2788	13.94	-0.131999162957072	0.047265243018046
2789	13.945	-0.128130147000775	0.0459755710326135
2790	13.95	-0.128130147000775	0.0459755710326135
2791	13.955	-0.13070949097164	0.0459755710326135
2792	13.96	-0.128130147000775	0.044685899047181
2793	13.965	-0.128130147000775	0.0459755710326135
2794	13.97	-0.128130147000775	0.0459755710326135
2795	13.975	-0.129419818986207	0.0459755710326135
2796	13.98	-0.122971459059045	0.0459755710326135
2797	13.985	-0.126840475015342	0.0459755710326135
2798	13.99	-0.124261131044477	0.0459755710326135
2799	13.995	-0.124261131044477	0.044685899047181
2800	14	-0.12555080302991	0.044685899047181
2801	14.005	-0.12555080302991	0.044685899047181
2802	14.01	-0.124261131044477	0.0459755710326135
2803	14.015	-0.124261131044477	0.0459755710326135
2804	14.02	-0.129419818986207	0.044685899047181
2805	14.025	-0.126840475015342	0.044685899047181
2806	14.03	-0.124261131044477	0.044685899047181
2807	14.035	-0.129419818986207	0.044685899047181
2808	14.04	-0.126840475015342	0.044685899047181
2809	14.045	-0.124261131044477	0.044685899047181
2810	14.05	-0.129419818986207	0.044685899047181
2811	14.055	-0.126840475015342	0.0433962270617485
2812	14.06	-0.129419818986207	0.0433962270617485
2813	14.065	-0.124261131044477	0.0433962270617485
2814	14.07	-0.12555080302991	0.0433962270617485
2815	14.075	-0.126840475015342	0.0433962270617485
2816	14.08	-0.129419818986207	0.0433962270617485
2817	14.085	-0.13070949097164	0.0433962270617485
2818	14.09	-0.13070949097164	0.0433962270617485
2819	14.095	-0.122971459059045	0.0433962270617485
2820	14.1	-0.128130147000775	0.042106555076316
2821	14.105	-0.129419818986207	0.0433962270617485
2822	14.11	-0.124261131044477	0.0433962270617485
2823	14.115	-0.128130147000775	0.042106555076316
2824	14.12	-0.128130147000775	0.042106555076316
2825	14.125	-0.13070949097164	0.042106555076316
2826	14.13	-0.13070949097164	0.042106555076316
2827	14.135	-0.12555080302991	0.042106555076316
2828	14.14	-0.129419818986207	0.042106555076316
2829	14.145	-0.124261131044477	0.042106555076316
2830	14.15	-0.126840475015342	0.042106555076316
2831	14.155	-0.129419818986207	0.042106555076316
2832	14.16	-0.128130147000775	0.042106555076316
2833	14.165	-0.128130147000775	0.0408168830908835
2834	14.17	-0.12555080302991	0.042106555076316
2835	14.175	-0.128130147000775	0.042106555076316
2836	14.18	-0.129419818986207	0.0408168830908835
2837	14.185	-0.13070949097164	0.042106555076316
2838	14.19	-0.126840475015342	0.042106555076316
2839	14.195	-0.128130147000775	0.0408168830908835
2840	14.2	-0.12555080302991	0.0408168830908835
2841	14.205	-0.12555080302991	0.0408168830908835
2842	14.21	-0.124261131044477	0.0408168830908835
2843	14.215	-0.12555080302991	0.0408168830908835
2844	14.22	-0.126840475015342	0.039527211105451
2845	14.225	-0.124261131044477	0.0408168830908835
2846	14.23	-0.12555080302991	0.039527211105451
2847	14.235	-0.122971459059045	0.039527211105451
2848	14.24	-0.12555080302991	0.039527211105451
2849	14.245	-0.124261131044477	0.039527211105451
2850	14.25	-0.12555080302991	0.039527211105451
2851	14.255	-0.12555080302991	0.039527211105451
2852	14.26	-0.122971459059045	0.039527211105451
2853	14.265	-0.121681787073612	0.039527211105451
2854	14.27	-0.124261131044477	0.039527211105451
2855	14.275	-0.124261131044477	0.039527211105451
2856	14.28	-0.126840475015342	0.039527211105451
2857	14.285	-0.124261131044477	0.039527211105451
2858	14.29	-0.122971459059045	0.039527211105451
2859	14.295	-0.121681787073612	0.039527211105451
2860	14.3	-0.122971459059045	0.039527211105451
2861	14.305	-0.121681787073612	0.0382375391200185
2862	14.31	-0.116523099131882	0.0382375391200185
2863	14.315	-0.117812771117315	0.0382375391200185
2864	14.32	-0.119102443102747	0.0382375391200185
2865	14.325	-0.116523099131882	0.0382375391200185
2866	14.33	-0.117812771117315	0.0382375391200185
2867	14.335	-0.11523342714645	0.0382375391200185
2868	14.34	-0.111364411190152	0.036947867134586
2869	14.345	-0.111364411190152	0.0382375391200185
2870	14.35	-0.111364411190152	0.036947867134586
2871	14.355	-0.113943755161017	0.036947867134586
2872	14.36	-0.113943755161017	0.036947867134586
2873	14.365	-0.108785067219287	0.036947867134586
2874	14.37	-0.10491605126299	0.036947867134586
2875	14.375	-0.106205723248422	0.036947867134586
2876	14.38	-0.108785067219287	0.0356581951491535
2877	14.385	-0.103626379277557	0.036947867134586
2878	14.39	-0.106205723248422	0.036947867134586
2879	14.395	-0.106205723248422	0.0356581951491535
2880	14.4	-0.102336707292125	0.036947867134586
2881	14.405	-0.102336707292125	0.036947867134586
2882	14.41	-0.0997573633212596	0.036947867134586
2883	14.415	-0.102336707292125	0.0356581951491535
2884	14.42	-0.101047035306692	0.0356581951491535
2885	14.425	-0.0971780193503946	0.0356581951491535
2886	14.43	-0.101047035306692	0.0356581951491535
2887	14.435	-0.0971780193503946	0.0356581951491535
2888	14.44	-0.0945986753795296	0.0356581951491535
2889	14.445	-0.0984676913358271	0.0356581951491535
2890	14.45	-0.0945986753795296	0.034368523163721
2891	14.455	-0.0958883473649621	0.034368523163721
2892	14.46	-0.0907296594232321	0.034368523163721
2893	14.465	-0.0894399874377996	0.034368523163721
2894	14.47	-0.0933090033940971	0.034368523163721
2895	14.475	-0.0933090033940971	0.034368523163721
2896	14.48	-0.0907296594232321	0.034368523163721
2897	14.485	-0.0881503154523671	0.034368523163721
2898	14.49	-0.0881503154523671	0.034368523163721
2899	14.495	-0.0868606434669346	0.034368523163721
2900	14.5	-0.0894399874377996	0.0330788511782885
2901	14.505	-0.0842812994960696	0.0330788511782885
2902	14.51	-0.0817019555252045	0.0330788511782885
2903	14.515	-0.082991627510637	0.0330788511782885
2904	14.52	-0.0842812994960696	0.0330788511782885
2905	14.525	-0.082991627510637	0.0330788511782885
2906	14.53	-0.080412283539772	0.0330788511782885
2907	14.535	-0.0791226115543395	0.0330788511782885
2908	14.54	-0.0817019555252045	0.0330788511782885
2909	14.545	-0.075253595598042	0.031789179192856
2910	14.55	-0.080412283539772	0.031789179192856
2911	14.555	-0.0739639236126095	0.031789179192856
2912	14.56	-0.0791226115543395	0.031789179192856
2913	14.565	-0.075253595598042	0.031789179192856
2914	14.57	-0.0713845796417445	0.031789179192856
2915	14.575	-0.0739639236126095	0.031789179192856
2916	14.58	-0.077832939568907	0.031789179192856
2917	14.585	-0.075253595598042	0.031789179192856
2918	14.59	-0.072674251627177	0.031789179192856
2919	14.595	-0.072674251627177	0.031789179192856
2920	14.6	-0.075253595598042	0.031789179192856
2921	14.605	-0.075253595598042	0.0304995072074234
2922	14.61	-0.072674251627177	0.0304995072074234
2923	14.615	-0.0739639236126095	0.0304995072074234
2924	14.62	-0.075253595598042	0.0304995072074234
2925	14.625	-0.0713845796417445	0.0304995072074234
2926	14.63	-0.070094907656312	0.0292098352219909
2927	14.635	-0.0713845796417445	0.0292098352219909
2928	14.64	-0.072674251627177	0.0292098352219909
2929	14.645	-0.0739639236126095	0.0292098352219909
2930	14.65	-0.0688052356708795	0.0292098352219909
2931	14.655	-0.0713845796417445	0.0292098352219909
2932	14.66	-0.070094907656312	0.0292098352219909
2933	14.665	-0.0713845796417445	0.0292098352219909
2934	14.67	-0.070094907656312	0.0279201632365584
2935	14.675	-0.067515563685447	0.0292098352219909
2936	14.68	-0.067515563685447	0.0279201632365584
2937	14.685	-0.0688052356708795	0.0279201632365584
2938	14.69	-0.067515563685447	0.0279201632365584
2939	14.695	-0.0713845796417445	0.0279201632365584
2940	14.7	-0.0688052356708795	0.0279201632365584
2941	14.705	-0.070094907656312	0.0279201632365584
2942	14.71	-0.070094907656312	0.0279201632365584
2943	14.715	-0.0688052356708795	0.0279201632365584
2944	14.72	-0.067515563685447	0.0266304912511259
2945	14.725	-0.0688052356708795	0.0266304912511259
2946	14.73	-0.0688052356708795	0.0266304912511259
2947	14.735	-0.070094907656312	0.0266304912511259
2948	14.74	-0.0688052356708795	0.0266304912511259
2949	14.745	-0.067515563685447	0.0266304912511259
2950	14.75	-0.0662258917000145	0.0266304912511259
2951	14.755	-0.070094907656312	0.0266304912511259
2952	14.76	-0.067515563685447	0.0253408192656934
2953	14.765	-0.0662258917000145	0.0266304912511259
2954	14.77	-0.0662258917000145	0.0253408192656934
2955	14.775	-0.0662258917000145	0.0253408192656934
2956	14.78	-0.0688052356708795	0.0253408192656934
2957	14.785	-0.0688052356708795	0.0253408192656934
2958	14.79	-0.0662258917000145	0.0266304912511259
2959	14.795	-0.067515563685447	0.0253408192656934
2960	14.8	-0.067515563685447	0.0253408192656934
2961	14.805	-0.0688052356708795	0.0240511472802609
2962	14.81	-0.064936219714582	0.0253408192656934
2963	14.815	-0.0688052356708795	0.0253408192656934
2964	14.82	-0.067515563685447	0.0240511472802609
2965	14.825	-0.064936219714582	0.0240511472802609
2966	14.83	-0.067515563685447	0.0240511472802609
2967	14.835	-0.067515563685447	0.0227614752948284
2968	14.84	-0.070094907656312	0.0227614752948284
2969	14.845	-0.0636465477291495	0.0240511472802609
2970	14.85	-0.0662258917000145	0.0227614752948284
2971	14.855	-0.064936219714582	0.0227614752948284
2972	14.86	-0.0662258917000145	0.0240511472802609
2973	14.865	-0.064936219714582	0.0227614752948284
2974	14.87	-0.0662258917000145	0.0227614752948284
2975	14.875	-0.064936219714582	0.0214718033093959
2976	14.88	-0.067515563685447	0.0227614752948284
2977	14.885	-0.064936219714582	0.0227614752948284
2978	14.89	-0.0636465477291495	0.0227614752948284
2979	14.895	-0.0636465477291495	0.0227614752948284
2980	14.9	-0.0610672037582844	0.0214718033093959
2981	14.905	-0.0636465477291495	0.0214718033093959
2982	14.91	-0.062356875743717	0.0214718033093959
2983	14.915	-0.0636465477291495	0.0214718033093959
2984	14.92	-0.064936219714582	0.0201821313239634
2985	14.925	-0.0636465477291495	0.0214718033093959
2986	14.93	-0.062356875743717	0.0201821313239634
2987	14.935	-0.062356875743717	0.0214718033093959
2988	14.94	-0.0636465477291495	0.0201821313239634
2989	14.945	-0.062356875743717	0.0201821313239634
2990	14.95	-0.0610672037582844	0.0201821313239634
2991	14.955	-0.0636465477291495	0.0201821313239634
2992	14.96	-0.062356875743717	0.0201821313239634
2993	14.965	-0.0610672037582844	0.0201821313239634
2994	14.97	-0.062356875743717	0.0201821313239634
2995	14.975	-0.0584878597874194	0.0201821313239634
2996	14.98	-0.062356875743717	0.0188924593385309
2997	14.985	-0.0584878597874194	0.0188924593385309
2998	14.99	-0.0571981878019869	0.0188924593385309
2999	14.995	-0.0610672037582844	0.0188924593385309
3000	15	-0.0610672037582844	0.0188924593385309
3001	15.005	-0.0597775317728519	0.0188924593385309
3002	15.01	-0.0584878597874194	0.0188924593385309
3003	15.015	-0.0597775317728519	0.0176027873530984
3004	15.02	-0.0610672037582844	0.0176027873530984
3005	15.025	-0.0597775317728519	0.0176027873530984
3006	15.03	-0.0584878597874194	0.0176027873530984
3007	15.035	-0.0610672037582844	0.0176027873530984
3008	15.04	-0.0584878597874194	0.0176027873530984
3009	15.045	-0.0571981878019869	0.0176027873530984
3010	15.05	-0.0571981878019869	0.0176027873530984
3011	15.055	-0.0584878597874194	0.0163131153676659
3012	15.06	-0.0584878597874194	0.0176027873530984
3013	15.065	-0.0571981878019869	0.0163131153676659
3014	15.07	-0.0546188438311219	0.0176027873530984
3015	15.075	-0.0559085158165544	0.0163131153676659
3016	15.08	-0.0559085158165544	0.0163131153676659
3017	15.085	-0.0559085158165544	0.0163131153676659
3018	15.09	-0.0559085158165544	0.0163131153676659
3019	15.095	-0.0546188438311219	0.0150234433822334
3020	15.1	-0.0584878597874194	0.0163131153676659
3021	15.105	-0.0559085158165544	0.0150234433822334
3022	15.11	-0.0520394998602569	0.0150234433822334
3023	15.115	-0.0546188438311219	0.0150234433822334
3024	15.12	-0.0546188438311219	0.0163131153676659
3025	15.125	-0.0559085158165544	0.0150234433822334
3026	15.13	-0.0533291718456894	0.0150234433822334
3027	15.135	-0.0533291718456894	0.0150234433822334
3028	15.14	-0.0546188438311219	0.0150234433822334
3029	15.145	-0.0533291718456894	0.0137337713968009
3030	15.15	-0.0520394998602569	0.0137337713968009
3031	15.155	-0.0533291718456894	0.0137337713968009
3032	15.16	-0.0520394998602569	0.0137337713968009
3033	15.165	-0.0520394998602569	0.0137337713968009
3034	15.17	-0.0520394998602569	0.0137337713968009
3035	15.175	-0.0533291718456894	0.0137337713968009
3036	15.18	-0.0533291718456894	0.0137337713968009
3037	15.185	-0.0507498278748244	0.0124440994113684
3038	15.19	-0.0494601558893919	0.0124440994113684
3039	15.195	-0.0494601558893919	0.0124440994113684
3040	15.2	-0.0494601558893919	0.0124440994113684
3041	15.205	-0.0520394998602569	0.0124440994113684
3042	15.21	-0.0481704839039594	0.0124440994113684
3043	15.215	-0.0494601558893919	0.0124440994113684
3044	15.22	-0.0494601558893919	0.0124440994113684
3045	15.225	-0.0481704839039594	0.0124440994113684
3046	15.23	-0.0481704839039594	0.0124440994113684
3047	15.235	-0.0455911399330944	0.0111544274259359
3048	15.24	-0.0494601558893919	0.0111544274259359
3049	15.245	-0.0468808119185269	0.0111544274259359
3050	15.25	-0.0455911399330944	0.0111544274259359
3051	15.255	-0.0481704839039594	0.0111544274259359
3052	15.26	-0.0481704839039594	0.0111544274259359
3053	15.265	-0.0468808119185269	0.00986475544050336
3054	15.27	-0.0455911399330944	0.00986475544050336
3055	15.275	-0.0443014679476619	0.00986475544050336
3056	15.28	-0.0455911399330944	0.00986475544050336
3057	15.285	-0.0455911399330944	0.00986475544050336
3058	15.29	-0.0455911399330944	0.00986475544050336
3059	15.295	-0.0468808119185269	0.00986475544050336
3060	15.3	-0.0455911399330944	0.00986475544050336
3061	15.305	-0.0443014679476619	0.00986475544050336
3062	15.31	-0.0430117959622294	0.00986475544050336
3063	15.315	-0.0455911399330944	0.00986475544050336
3064	15.32	-0.0443014679476619	0.00857508345507085
3065	15.325	-0.0455911399330944	0.00857508345507085
3066	15.33	-0.0443014679476619	0.00857508345507085
3067	15.335	-0.0430117959622294	0.00857508345507085
3068	15.34	-0.0443014679476619	0.00857508345507085
3069	15.345	-0.0443014679476619	0.00857508345507085
3070	15.35	-0.0455911399330944	0.00728541146963835
3071	15.355	-0.0430117959622294	0.00857508345507085
3072	15.36	-0.0455911399330944	0.00728541146963835
3073	15.365	-0.0455911399330944	0.00728541146963835
3074	15.37	-0.0417221239767969	0.00728541146963835
3075	15.375	-0.0443014679476619	0.00728541146963835
3076	15.38	-0.0455911399330944	0.00599573948420584
3077	15.385	-0.0443014679476619	0.00728541146963835
3078	15.39	-0.0404324519913644	0.00728541146963835
3079	15.395	-0.0455911399330944	0.00599573948420584
3080	15.4	-0.0443014679476619	0.00599573948420584
3081	15.405	-0.0468808119185269	0.00599573948420584
3082	15.41	-0.0443014679476619	0.00599573948420584
3083	15.415	-0.0430117959622294	0.00470606749877334
3084	15.42	-0.0455911399330944	0.00599573948420584
3085	15.425	-0.0443014679476619	0.00599573948420584
3086	15.43	-0.0443014679476619	0.00470606749877334
3087	15.435	-0.0430117959622294	0.00470606749877334
3088	15.44	-0.0455911399330944	0.00470606749877334
3089	15.445	-0.0443014679476619	0.00470606749877334
3090	15.45	-0.0417221239767969	0.00341639551334083
3091	15.455	-0.0443014679476619	0.00341639551334083
3092	15.46	-0.0455911399330944	0.00470606749877334
3093	15.465	-0.0443014679476619	0.00341639551334083
3094	15.47	-0.0430117959622294	0.00341639551334083
3095	15.475	-0.0417221239767969	0.00341639551334083
3096	15.48	-0.0430117959622294	0.00341639551334083
3097	15.485	-0.0443014679476619	0.00341639551334083
3098	15.49	-0.0443014679476619	0.00341639551334083
3099	15.495	-0.0443014679476619	0.00341639551334083
3100	15.5	-0.0455911399330944	0.00341639551334083
3101	15.505	-0.0430117959622294	0.00341639551334083
3102	15.51	-0.0430117959622294	0.00212672352790833
3103	15.515	-0.0430117959622294	0.00341639551334083
3104	15.52	-0.0443014679476619	0.00212672352790833
3105	15.525	-0.0443014679476619	0.00212672352790833
3106	15.53	-0.0404324519913644	0.00212672352790833
3107	15.535	-0.0417221239767969	0.00212672352790833
3108	15.54	-0.0430117959622294	0.00212672352790833
3109	15.545	-0.0430117959622294	0.00212672352790833
3110	15.55	-0.0404324519913644	0.00212672352790833
3111	15.555	-0.0417221239767969	0.00083705154247582
3112	15.56	-0.0430117959622294	0.00083705154247582
3113	15.565	-0.0430117959622294	0.00083705154247582
3114	15.57	-0.0430117959622294	0.00083705154247582
3115	15.575	-0.0430117959622294	0.00083705154247582
3116	15.58	-0.0455911399330944	0.00083705154247582
3117	15.585	-0.0430117959622294	0.00083705154247582
3118	15.59	-0.0430117959622294	0.00083705154247582
3119	15.595	-0.0430117959622294	0.00083705154247582
3120	15.6	-0.0455911399330944	0.00083705154247582
3121	15.605	-0.0430117959622294	0.00083705154247582
3122	15.61	-0.0417221239767969	-0.000452620442956686
3123	15.615	-0.0430117959622294	-0.000452620442956686
3124	15.62	-0.0443014679476619	-0.000452620442956686
3125	15.625	-0.0443014679476619	-0.000452620442956686
3126	15.63	-0.0417221239767969	-0.000452620442956686
3127	15.635	-0.0430117959622294	-0.000452620442956686
3128	15.64	-0.0455911399330944	-0.00174229242838919
3129	15.645	-0.0443014679476619	-0.000452620442956686
3130	15.65	-0.0404324519913644	-0.00174229242838919
3131	15.655	-0.0430117959622294	-0.000452620442956686
3132	15.66	-0.0443014679476619	-0.00174229242838919
3133	15.665	-0.0443014679476619	-0.00174229242838919
3134	15.67	-0.0430117959622294	-0.00174229242838919
3135	15.675	-0.0430117959622294	-0.00174229242838919
3136	15.68	-0.0455911399330944	-0.000452620442956686
3137	15.685	-0.0417221239767969	-0.00174229242838919
3138	15.69	-0.0430117959622294	-0.00174229242838919
3139	15.695	-0.0443014679476619	-0.0030319644138217
3140	15.7	-0.0455911399330944	-0.00174229242838919
3141	15.705	-0.0455911399330944	-0.00174229242838919
3142	15.71	-0.0404324519913644	-0.0030319644138217
3143	15.715	-0.0417221239767969	-0.0030319644138217
3144	15.72	-0.0443014679476619	-0.0030319644138217
3145	15.725	-0.0430117959622294	-0.00174229242838919
3146	15.73	-0.0430117959622294	-0.0030319644138217
3147	15.735	-0.0417221239767969	-0.0030319644138217
3148	15.74	-0.0443014679476619	-0.0030319644138217
3149	15.745	-0.0430117959622294	-0.0030319644138217
3150	15.75	-0.0430117959622294	-0.0030319644138217
3151	15.755	-0.0404324519913644	-0.0030319644138217
3152	15.76	-0.0468808119185269	-0.0043216363992542
3153	15.765	-0.0430117959622294	-0.0030319644138217
3154	15.77	-0.0417221239767969	-0.0030319644138217
3155	15.775	-0.0404324519913644	-0.0043216363992542
3156	15.78	-0.0455911399330944	-0.0043216363992542
3157	15.785	-0.0455911399330944	-0.0043216363992542
3158	15.79	-0.0404324519913644	-0.0043216363992542
3159	15.795	-0.0430117959622294	-0.0043216363992542
3160	15.8	-0.0443014679476619	-0.0043216363992542
3161	15.805	-0.0430117959622294	-0.00561130838468671
3162	15.81	-0.0430117959622294	-0.0043216363992542
3163	15.815	-0.0443014679476619	-0.0043216363992542
3164	15.82	-0.0430117959622294	-0.0043216363992542
3165	15.825	-0.0443014679476619	-0.0043216363992542
3166	15.83	-0.0417221239767969	-0.0043216363992542
3167	15.835	-0.0417221239767969	-0.00561130838468671
3168	15.84	-0.0455911399330944	-0.0043216363992542
3169	15.845	-0.0430117959622294	-0.0043216363992542
3170	15.85	-0.0404324519913644	-0.0043216363992542
3171	15.855	-0.0430117959622294	-0.0043216363992542
3172	15.86	-0.0417221239767969	-0.00561130838468671
3173	15.865	-0.0443014679476619	-0.0043216363992542
3174	15.87	-0.0430117959622294	-0.00561130838468671
3175	15.875	-0.0417221239767969	-0.00561130838468671
3176	15.88	-0.0430117959622294	-0.00561130838468671
3177	15.885	-0.0430117959622294	-0.00561130838468671
3178	15.89	-0.0430117959622294	-0.00561130838468671
3179	15.895	-0.0417221239767969	-0.00561130838468671
3180	15.9	-0.0443014679476619	-0.00561130838468671
3181	15.905	-0.0443014679476619	-0.00561130838468671
3182	15.91	-0.0417221239767969	-0.00561130838468671
3183	15.915	-0.0404324519913644	-0.00561130838468671
3184	15.92	-0.0443014679476619	-0.00561130838468671
3185	15.925	-0.0417221239767969	-0.00561130838468671
3186	15.93	-0.0391427800059319	-0.00690098037011921
3187	15.935	-0.0417221239767969	-0.00690098037011921
3188	15.94	-0.0443014679476619	-0.00690098037011921
3189	15.945	-0.0417221239767969	-0.00690098037011921
3190	15.95	-0.0404324519913644	-0.00690098037011921
3191	15.955	-0.0404324519913644	-0.00690098037011921
3192	15.96	-0.0443014679476619	-0.00690098037011921
3193	15.965	-0.0417221239767969	-0.00690098037011921
3194	15.97	-0.0443014679476619	-0.00690098037011921
3195	15.975	-0.0404324519913644	-0.00690098037011921
3196	15.98	-0.0443014679476619	-0.00690098037011921
3197	15.985	-0.0417221239767969	-0.00690098037011921
3198	15.99	-0.0404324519913644	-0.00819065235555172
3199	15.995	-0.0391427800059319	-0.00819065235555172
3200	16	-0.0417221239767969	-0.00690098037011921
3201	16.005	-0.0430117959622294	-0.00819065235555172
3202	16.01	-0.0404324519913644	-0.00819065235555172
3203	16.015	-0.0430117959622294	-0.00819065235555172
3204	16.02	-0.0417221239767969	-0.00819065235555172
3205	16.025	-0.0430117959622294	-0.00819065235555172
3206	16.03	-0.0404324519913644	-0.00819065235555172
3207	16.035	-0.0404324519913644	-0.00819065235555172
3208	16.04	-0.0443014679476619	-0.00948032434098423
3209	16.045	-0.0430117959622294	-0.00819065235555172
3210	16.05	-0.0417221239767969	-0.00819065235555172
3211	16.055	-0.0417221239767969	-0.00948032434098423
3212	16.06	-0.0430117959622294	-0.00948032434098423
3213	16.065	-0.0443014679476619	-0.00948032434098423
3214	16.07	-0.0417221239767969	-0.00948032434098423
3215	16.075	-0.0404324519913644	-0.00948032434098423
3216	16.08	-0.0417221239767969	-0.00948032434098423
3217	16.085	-0.0443014679476619	-0.00948032434098423
3218	16.09	-0.0404324519913644	-0.00948032434098423
3219	16.095	-0.0404324519913644	-0.0107699963264167
3220	16.1	-0.0417221239767969	-0.0107699963264167
3221	16.105	-0.0430117959622294	-0.00948032434098423
3222	16.11	-0.0404324519913644	-0.0107699963264167
3223	16.115	-0.0404324519913644	-0.0107699963264167
3224	16.12	-0.0455911399330944	-0.0107699963264167
3225	16.125	-0.0430117959622294	-0.0107699963264167
3226	16.13	-0.0404324519913644	-0.0107699963264167
3227	16.135	-0.0391427800059319	-0.0107699963264167
3228	16.14	-0.0417221239767969	-0.0107699963264167
3229	16.145	-0.0430117959622294	-0.0107699963264167
3230	16.15	-0.0417221239767969	-0.0107699963264167
3231	16.155	-0.0417221239767969	-0.0107699963264167
3232	16.16	-0.0430117959622294	-0.0120596683118492
3233	16.165	-0.0430117959622294	-0.0120596683118492
3234	16.17	-0.0391427800059319	-0.0120596683118492
3235	16.175	-0.0404324519913644	-0.0120596683118492
3236	16.18	-0.0430117959622294	-0.0120596683118492
3237	16.185	-0.0417221239767969	-0.0120596683118492
3238	16.19	-0.0378531080204993	-0.0120596683118492
3239	16.195	-0.0417221239767969	-0.0120596683118492
3240	16.2	-0.0443014679476619	-0.0133493402972817
3241	16.205	-0.0417221239767969	-0.0120596683118492
3242	16.21	-0.0430117959622294	-0.0120596683118492
3243	16.215	-0.0430117959622294	-0.0133493402972817
3244	16.22	-0.0430117959622294	-0.0133493402972817
3245	16.225	-0.0430117959622294	-0.0133493402972817
3246	16.23	-0.0417221239767969	-0.0133493402972817
3247	16.235	-0.0430117959622294	-0.0133493402972817
3248	16.24	-0.0443014679476619	-0.0133493402972817
3249	16.245	-0.0417221239767969	-0.0133493402972817
3250	16.25	-0.0417221239767969	-0.0146390122827142
3251	16.255	-0.0417221239767969	-0.0146390122827142
3252	16.26	-0.0417221239767969	-0.0133493402972817
3253	16.265	-0.0430117959622294	-0.0133493402972817
3254	16.27	-0.0404324519913644	-0.0146390122827142
3255	16.275	-0.0417221239767969	-0.0146390122827142
3256	16.28	-0.0417221239767969	-0.0146390122827142
3257	16.285	-0.0417221239767969	-0.0146390122827142
3258	16.29	-0.0417221239767969	-0.0146390122827142
3259	16.295	-0.0404324519913644	-0.0159286842681468
3260	16.3	-0.0443014679476619	-0.0146390122827142
3261	16.305	-0.0417221239767969	-0.0146390122827142
3262	16.31	-0.0404324519913644	-0.0159286842681468
3263	16.315	-0.0417221239767969	-0.0146390122827142
3264	16.32	-0.0430117959622294	-0.0159286842681468
3265	16.325	-0.0417221239767969	-0.0159286842681468
3266	16.33	-0.0404324519913644	-0.0159286842681468
3267	16.335	-0.0430117959622294	-0.0159286842681468
3268	16.34	-0.0455911399330944	-0.0159286842681468
3269	16.345	-0.0417221239767969	-0.0159286842681468
3270	16.35	-0.0404324519913644	-0.0159286842681468
3271	16.355	-0.0430117959622294	-0.0159286842681468
3272	16.36	-0.0417221239767969	-0.0159286842681468
3273	16.365	-0.0417221239767969	-0.0159286842681468
3274	16.37	-0.0404324519913644	-0.0172183562535793
3275	16.375	-0.0417221239767969	-0.0172183562535793
3276	16.38	-0.0443014679476619	-0.0172183562535793
3277	16.385	-0.0443014679476619	-0.0172183562535793
3278	16.39	-0.0404324519913644	-0.0172183562535793
3279	16.395	-0.0404324519913644	-0.0172183562535793
3280	16.4	-0.0455911399330944	-0.0172183562535793
3281	16.405	-0.0443014679476619	-0.0172183562535793
3282	16.41	-0.0430117959622294	-0.0185080282390118
3283	16.415	-0.0417221239767969	-0.0185080282390118
3284	16.42	-0.0430117959622294	-0.0185080282390118
3285	16.425	-0.0430117959622294	-0.0172183562535793
3286	16.43	-0.0430117959622294	-0.0185080282390118
3287	16.435	-0.0443014679476619	-0.0185080282390118
3288	16.44	-0.0455911399330944	-0.0185080282390118
3289	16.445	-0.0443014679476619	-0.0185080282390118
3290	16.45	-0.0443014679476619	-0.0185080282390118
3291	16.455	-0.0430117959622294	-0.0185080282390118
3292	16.46	-0.0455911399330944	-0.0185080282390118
3293	16.465	-0.0455911399330944	-0.0185080282390118
3294	16.47	-0.0417221239767969	-0.0197977002244443
3295	16.475	-0.0430117959622294	-0.0185080282390118
3296	16.48	-0.0455911399330944	-0.0197977002244443
3297	16.485	-0.0443014679476619	-0.0197977002244443
3298	16.49	-0.0430117959622294	-0.0197977002244443
3299	16.495	-0.0455911399330944	-0.0197977002244443
3300	16.5	-0.0455911399330944	-0.0197977002244443
3301	16.505	-0.0468808119185269	-0.0197977002244443
3302	16.51	-0.0443014679476619	-0.0197977002244443
3303	16.515	-0.0455911399330944	-0.0197977002244443
3304	16.52	-0.0468808119185269	-0.0210873722098768
3305	16.525	-0.0455911399330944	-0.0210873722098768
3306	16.53	-0.0443014679476619	-0.0197977002244443
3307	16.535	-0.0455911399330944	-0.0210873722098768
3308	16.54	-0.0468808119185269	-0.0210873722098768
3309	16.545	-0.0468808119185269	-0.0210873722098768
3310	16.55	-0.0455911399330944	-0.0210873722098768
3311	16.555	-0.0443014679476619	-0.0210873722098768
3312	16.56	-0.0455911399330944	-0.0210873722098768
3313	16.565	-0.0443014679476619	-0.0223770441953093
3314	16.57	-0.0443014679476619	-0.0223770441953093
3315	16.575	-0.0455911399330944	-0.0210873722098768
3316	16.58	-0.0481704839039594	-0.0223770441953093
3317	16.585	-0.0468808119185269	-0.0223770441953093
3318	16.59	-0.0455911399330944	-0.0223770441953093
3319	16.595	-0.0455911399330944	-0.0223770441953093
3320	16.6	-0.0468808119185269	-0.0223770441953093
3321	16.605	-0.0481704839039594	-0.0223770441953093
3322	16.61	-0.0417221239767969	-0.0223770441953093
3323	16.615	-0.0455911399330944	-0.0223770441953093
3324	16.62	-0.0455911399330944	-0.0223770441953093
3325	16.625	-0.0468808119185269	-0.0223770441953093
3326	16.63	-0.0443014679476619	-0.0236667161807418
3327	16.635	-0.0443014679476619	-0.0236667161807418
3328	16.64	-0.0481704839039594	-0.0236667161807418
3329	16.645	-0.0455911399330944	-0.0236667161807418
3330	16.65	-0.0468808119185269	-0.0249563881661743
3331	16.655	-0.0468808119185269	-0.0236667161807418
3332	16.66	-0.0481704839039594	-0.0249563881661743
3333	16.665	-0.0481704839039594	-0.0236667161807418
3334	16.67	-0.0455911399330944	-0.0249563881661743
3335	16.675	-0.0468808119185269	-0.0249563881661743
3336	16.68	-0.0468808119185269	-0.0249563881661743
3337	16.685	-0.0481704839039594	-0.0249563881661743
3338	16.69	-0.0455911399330944	-0.0249563881661743
3339	16.695	-0.0468808119185269	-0.0249563881661743
3340	16.7	-0.0468808119185269	-0.0249563881661743
3341	16.705	-0.0455911399330944	-0.0249563881661743
3342	16.71	-0.0468808119185269	-0.0249563881661743
3343	16.715	-0.0468808119185269	-0.0249563881661743
3344	16.72	-0.0481704839039594	-0.0249563881661743
3345	16.725	-0.0494601558893919	-0.0262460601516068
3346	16.73	-0.0455911399330944	-0.0262460601516068
3347	16.735	-0.0468808119185269	-0.0262460601516068
3348	16.74	-0.0481704839039594	-0.0262460601516068
3349	16.745	-0.0507498278748244	-0.0262460601516068
3350	16.75	-0.0468808119185269	-0.0262460601516068
3351	16.755	-0.0455911399330944	-0.0262460601516068
3352	16.76	-0.0481704839039594	-0.0262460601516068
3353	16.765	-0.0494601558893919	-0.0262460601516068
3354	16.77	-0.0481704839039594	-0.0262460601516068
3355	16.775	-0.0468808119185269	-0.0275357321370393
3356	16.78	-0.0481704839039594	-0.0275357321370393
3357	16.785	-0.0494601558893919	-0.0275357321370393
3358	16.79	-0.0468808119185269	-0.0275357321370393
3359	16.795	-0.0481704839039594	-0.0275357321370393
3360	16.8	-0.0494601558893919	-0.0275357321370393
3361	16.805	-0.0494601558893919	-0.0275357321370393
3362	16.81	-0.0481704839039594	-0.0288254041224718
3363	16.815	-0.0468808119185269	-0.0275357321370393
3364	16.82	-0.0481704839039594	-0.0275357321370393
3365	16.825	-0.0481704839039594	-0.0288254041224718
3366	16.83	-0.0468808119185269	-0.0288254041224718
3367	16.835	-0.0468808119185269	-0.0288254041224718
3368	16.84	-0.0481704839039594	-0.0288254041224718
3369	16.845	-0.0494601558893919	-0.0288254041224718
3370	16.85	-0.0481704839039594	-0.0288254041224718
3371	16.855	-0.0481704839039594	-0.0301150761079043
3372	16.86	-0.0520394998602569	-0.0288254041224718
3373	16.865	-0.0481704839039594	-0.0288254041224718
3374	16.87	-0.0455911399330944	-0.0301150761079043
3375	16.875	-0.0481704839039594	-0.0301150761079043
3376	16.88	-0.0481704839039594	-0.0301150761079043
3377	16.885	-0.0494601558893919	-0.0301150761079043
3378	16.89	-0.0494601558893919	-0.0301150761079043
3379	16.895	-0.0468808119185269	-0.0301150761079043
3380	16.9	-0.0494601558893919	-0.0301150761079043
3381	16.905	-0.0494601558893919	-0.0301150761079043
3382	16.91	-0.0468808119185269	-0.0314047480933368
3383	16.915	-0.0494601558893919	-0.0314047480933368
3384	16.92	-0.0494601558893919	-0.0301150761079043
3385	16.925	-0.0507498278748244	-0.0314047480933368
3386	16.93	-0.0494601558893919	-0.0301150761079043
3387	16.935	-0.0481704839039594	-0.0314047480933368
3388	16.94	-0.0481704839039594	-0.0314047480933368
3389	16.945	-0.0481704839039594	-0.0314047480933368
3390	16.95	-0.0481704839039594	-0.0314047480933368
3391	16.955	-0.0481704839039594	-0.0314047480933368
3392	16.96	-0.0494601558893919	-0.0314047480933368
3393	16.965	-0.0494601558893919	-0.0326944200787693
3394	16.97	-0.0481704839039594	-0.0326944200787693
3395	16.975	-0.0481704839039594	-0.0326944200787693
3396	16.98	-0.0494601558893919	-0.0326944200787693
3397	16.985	-0.0494601558893919	-0.0326944200787693
3398	16.99	-0.0481704839039594	-0.0339840920642018
3399	16.995	-0.0481704839039594	-0.0326944200787693
3400	17	-0.0494601558893919	-0.0326944200787693
3401	17.005	-0.0494601558893919	-0.0326944200787693
3402	17.01	-0.0481704839039594	-0.0339840920642018
3403	17.015	-0.0481704839039594	-0.0326944200787693
3404	17.02	-0.0481704839039594	-0.0339840920642018
3405	17.025	-0.0481704839039594	-0.0339840920642018
3406	17.03	-0.0481704839039594	-0.0339840920642018
3407	17.035	-0.0494601558893919	-0.0339840920642018
3408	17.04	-0.0507498278748244	-0.0352737640496343
3409	17.045	-0.0507498278748244	-0.0339840920642018
3410	17.05	-0.0481704839039594	-0.0339840920642018
3411	17.055	-0.0481704839039594	-0.0339840920642018
3412	17.06	-0.0481704839039594	-0.0352737640496343
3413	17.065	-0.0481704839039594	-0.0352737640496343
3414	17.07	-0.0468808119185269	-0.0352737640496343
3415	17.075	-0.0468808119185269	-0.0352737640496343
3416	17.08	-0.0494601558893919	-0.0352737640496343
3417	17.085	-0.0494601558893919	-0.0352737640496343
3418	17.09	-0.0481704839039594	-0.0352737640496343
3419	17.095	-0.0481704839039594	-0.0352737640496343
3420	17.1	-0.0520394998602569	-0.0365634360350668
3421	17.105	-0.0520394998602569	-0.0365634360350668
3422	17.11	-0.0481704839039594	-0.0365634360350668
3423	17.115	-0.0494601558893919	-0.0365634360350668
3424	17.12	-0.0507498278748244	-0.0365634360350668
3425	17.125	-0.0481704839039594	-0.0365634360350668
3426	17.13	-0.0455911399330944	-0.0365634360350668
3427	17.135	-0.0481704839039594	-0.0365634360350668
3428	17.14	-0.0494601558893919	-0.0365634360350668
3429	17.145	-0.0481704839039594	-0.0378531080204993
3430	17.15	-0.0481704839039594	-0.0378531080204993
3431	17.155	-0.0481704839039594	-0.0378531080204993
3432	17.16	-0.0494601558893919	-0.0378531080204993
3433	17.165	-0.0494601558893919	-0.0365634360350668
3434	17.17	-0.0481704839039594	-0.0378531080204993
3435	17.175	-0.0481704839039594	-0.0378531080204993
3436	17.18	-0.0520394998602569	-0.0391427800059319
3437	17.185	-0.0494601558893919	-0.0378531080204993
3438	17.19	-0.0494601558893919	-0.0378531080204993
3439	17.195	-0.0468808119185269	-0.0391427800059319
3440	17.2	-0.0507498278748244	-0.0391427800059319
3441	17.205	-0.0507498278748244	-0.0391427800059319
3442	17.21	-0.0494601558893919	-0.0391427800059319
3443	17.215	-0.0507498278748244	-0.0391427800059319
3444	17.22	-0.0520394998602569	-0.0391427800059319
3445	17.225	-0.0520394998602569	-0.0391427800059319
3446	17.23	-0.0507498278748244	-0.0391427800059319
3447	17.235	-0.0468808119185269	-0.0391427800059319
3448	17.24	-0.0520394998602569	-0.0404324519913644
3449	17.245	-0.0520394998602569	-0.0391427800059319
3450	17.25	-0.0520394998602569	-0.0404324519913644
3451	17.255	-0.0507498278748244	-0.0404324519913644
3452	17.26	-0.0507498278748244	-0.0404324519913644
3453	17.265	-0.0533291718456894	-0.0404324519913644
3454	17.27	-0.0507498278748244	-0.0404324519913644
3455	17.275	-0.0507498278748244	-0.0404324519913644
3456	17.28	-0.0520394998602569	-0.0404324519913644
3457	17.285	-0.0520394998602569	-0.0404324519913644
3458	17.29	-0.0520394998602569	-0.0404324519913644
3459	17.295	-0.0507498278748244	-0.0404324519913644
3460	17.3	-0.0533291718456894	-0.0404324519913644
3461	17.305	-0.0533291718456894	-0.0417221239767969
3462	17.31	-0.0533291718456894	-0.0417221239767969
3463	17.315	-0.0533291718456894	-0.0417221239767969
3464	17.32	-0.0520394998602569	-0.0417221239767969
3465	17.325	-0.0507498278748244	-0.0417221239767969
3466	17.33	-0.0520394998602569	-0.0417221239767969
3467	17.335	-0.0533291718456894	-0.0417221239767969
3468	17.34	-0.0520394998602569	-0.0430117959622294
3469	17.345	-0.0533291718456894	-0.0430117959622294
3470	17.35	-0.0507498278748244	-0.0430117959622294
3471	17.355	-0.0533291718456894	-0.0430117959622294
3472	17.36	-0.0533291718456894	-0.0417221239767969
3473	17.365	-0.0546188438311219	-0.0430117959622294
3474	17.37	-0.0533291718456894	-0.0430117959622294
3475	17.375	-0.0520394998602569	-0.0430117959622294
3476	17.38	-0.0533291718456894	-0.0430117959622294
3477	17.385	-0.0546188438311219	-0.0430117959622294
3478	17.39	-0.0533291718456894	-0.0430117959622294
3479	17.395	-0.0520394998602569	-0.0430117959622294
3480	17.4	-0.0559085158165544	-0.0430117959622294
3481	17.405	-0.0533291718456894	-0.0430117959622294
3482	17.41	-0.0546188438311219	-0.0443014679476619
3483	17.415	-0.0520394998602569	-0.0443014679476619
3484	17.42	-0.0546188438311219	-0.0443014679476619
3485	17.425	-0.0559085158165544	-0.0443014679476619
3486	17.43	-0.0546188438311219	-0.0443014679476619
3487	17.435	-0.0533291718456894	-0.0443014679476619
3488	17.44	-0.0571981878019869	-0.0443014679476619
3489	17.445	-0.0559085158165544	-0.0455911399330944
3490	17.45	-0.0559085158165544	-0.0455911399330944
3491	17.455	-0.0533291718456894	-0.0443014679476619
3492	17.46	-0.0571981878019869	-0.0455911399330944
3493	17.465	-0.0559085158165544	-0.0443014679476619
3494	17.47	-0.0546188438311219	-0.0455911399330944
3495	17.475	-0.0546188438311219	-0.0455911399330944
3496	17.48	-0.0571981878019869	-0.0455911399330944
3497	17.485	-0.0584878597874194	-0.0455911399330944
3498	17.49	-0.0533291718456894	-0.0455911399330944
3499	17.495	-0.0533291718456894	-0.0468808119185269
3500	17.5	-0.0571981878019869	-0.0455911399330944
3501	17.505	-0.0546188438311219	-0.0468808119185269
3502	17.51	-0.0559085158165544	-0.0455911399330944
3503	17.515	-0.0559085158165544	-0.0455911399330944
3504	17.52	-0.0571981878019869	-0.0468808119185269
3505	17.525	-0.0533291718456894	-0.0455911399330944
3506	17.53	-0.0559085158165544	-0.0455911399330944
3507	17.535	-0.0571981878019869	-0.0468808119185269
3508	17.54	-0.0546188438311219	-0.0468808119185269
3509	17.545	-0.0559085158165544	-0.0468808119185269
3510	17.55	-0.0571981878019869	-0.0468808119185269
3511	17.555	-0.0546188438311219	-0.0468808119185269
3512	17.56	-0.0571981878019869	-0.0468808119185269
3513	17.565	-0.0571981878019869	-0.0468808119185269
3514	17.57	-0.0546188438311219	-0.0481704839039594
3515	17.575	-0.0559085158165544	-0.0481704839039594
3516	17.58	-0.0559085158165544	-0.0481704839039594
3517	17.585	-0.0584878597874194	-0.0481704839039594
3518	17.59	-0.0533291718456894	-0.0481704839039594
3519	17.595	-0.0559085158165544	-0.0468808119185269
3520	17.6	-0.0584878597874194	-0.0481704839039594
3521	17.605	-0.0546188438311219	-0.0481704839039594
3522	17.61	-0.0546188438311219	-0.0468808119185269
3523	17.615	-0.0533291718456894	-0.0481704839039594
3524	17.62	-0.0559085158165544	-0.0481704839039594
3525	17.625	-0.0559085158165544	-0.0481704839039594
3526	17.63	-0.0559085158165544	-0.0481704839039594
3527	17.635	-0.0546188438311219	-0.0481704839039594
3528	17.64	-0.0546188438311219	-0.0481704839039594
3529	17.645	-0.0559085158165544	-0.0481704839039594
3530	17.65	-0.0559085158165544	-0.0481704839039594
3531	17.655	-0.0546188438311219	-0.0481704839039594
3532	17.66	-0.0546188438311219	-0.0481704839039594
3533	17.665	-0.0559085158165544	-0.0481704839039594
3534	17.67	-0.0546188438311219	-0.0494601558893919
3535	17.675	-0.0559085158165544	-0.0481704839039594
3536	17.68	-0.0584878597874194	-0.0494601558893919
3537	17.685	-0.0571981878019869	-0.0494601558893919
3538	17.69	-0.0571981878019869	-0.0494601558893919
3539	17.695	-0.0559085158165544	-0.0494601558893919
3540	17.7	-0.0559085158165544	-0.0494601558893919
3541	17.705	-0.0571981878019869	-0.0494601558893919
3542	17.71	-0.0571981878019869	-0.0494601558893919
3543	17.715	-0.0533291718456894	-0.0494601558893919
3544	17.72	-0.0559085158165544	-0.0494601558893919
3545	17.725	-0.0571981878019869	-0.0494601558893919
3546	17.73	-0.0571981878019869	-0.0494601558893919
3547	17.735	-0.0546188438311219	-0.0494601558893919
3548	17.74	-0.0559085158165544	-0.0494601558893919
3549	17.745	-0.0559085158165544	-0.0494601558893919
3550	17.75	-0.0571981878019869	-0.0494601558893919
3551	17.755	-0.0546188438311219	-0.0494601558893919
3552	17.76	-0.0571981878019869	-0.0494601558893919
3553	17.765	-0.0571981878019869	-0.0494601558893919
3554	17.77	-0.0571981878019869	-0.0507498278748244
3555	17.775	-0.0559085158165544	-0.0507498278748244
3556	17.78	-0.0559085158165544	-0.0507498278748244
3557	17.785	-0.0584878597874194	-0.0494601558893919
3558	17.79	-0.0571981878019869	-0.0507498278748244
3559	17.795	-0.0546188438311219	-0.0494601558893919
3560	17.8	-0.0559085158165544	-0.0507498278748244
3561	17.805	-0.0584878597874194	-0.0507498278748244
3562	17.81	-0.0546188438311219	-0.0507498278748244
3563	17.815	-0.0571981878019869	-0.0507498278748244
3564	17.82	-0.0571981878019869	-0.0507498278748244
3565	17.825	-0.0597775317728519	-0.0507498278748244
3566	17.83	-0.0559085158165544	-0.0507498278748244
3567	17.835	-0.0571981878019869	-0.0507498278748244
3568	17.84	-0.0597775317728519	-0.0507498278748244
3569	17.845	-0.0571981878019869	-0.0507498278748244
3570	17.85	-0.0571981878019869	-0.0507498278748244
3571	17.855	-0.0571981878019869	-0.0507498278748244
3572	17.86	-0.0584878597874194	-0.0520394998602569
3573	17.865	-0.0584878597874194	-0.0507498278748244
3574	17.87	-0.0559085158165544	-0.0507498278748244
3575	17.875	-0.0571981878019869	-0.0520394998602569
3576	17.88	-0.0559085158165544	-0.0507498278748244
3577	17.885	-0.0597775317728519	-0.0520394998602569
3578	17.89	-0.0559085158165544	-0.0507498278748244
3579	17.895	-0.0584878597874194	-0.0507498278748244
3580	17.9	-0.0584878597874194	-0.0520394998602569
3581	17.905	-0.062356875743717	-0.0520394998602569
3582	17.91	-0.0597775317728519	-0.0507498278748244
3583	17.915	-0.0584878597874194	-0.0520394998602569
3584	17.92	-0.0597775317728519	-0.0520394998602569
3585	17.925	-0.0584878597874194	-0.0520394998602569
3586	17.93	-0.0559085158165544	-0.0520394998602569
3587	17.935	-0.0571981878019869	-0.0520394998602569
3588	17.94	-0.0584878597874194	-0.0520394998602569
3589	17.945	-0.0597775317728519	-0.0533291718456894
3590	17.95	-0.0584878597874194	-0.0520394998602569
3591	17.955	-0.0571981878019869	-0.0533291718456894
3592	17.96	-0.0610672037582844	-0.0533291718456894
3593	17.965	-0.0610672037582844	-0.0533291718456894
3594	17.97	-0.0571981878019869	-0.0533291718456894
3595	17.975	-0.0571981878019869	-0.0533291718456894
3596	17.98	-0.0597775317728519	-0.0533291718456894
3597	17.985	-0.0597775317728519	-0.0533291718456894
3598	17.99	-0.0571981878019869	-0.0533291718456894
3599	17.995	-0.0571981878019869	-0.0533291718456894
3600	18	-0.0597775317728519	-0.0533291718456894
3601	18.005	-0.0610672037582844	-0.0533291718456894
3602	18.01	-0.0610672037582844	-0.0533291718456894
3603	18.015	-0.0584878597874194	-0.0533291718456894
3604	18.02	-0.0597775317728519	-0.0533291718456894
3605	18.025	-0.0610672037582844	-0.0533291718456894
3606	18.03	-0.0610672037582844	-0.0533291718456894
3607	18.035	-0.0571981878019869	-0.0546188438311219
3608	18.04	-0.0597775317728519	-0.0533291718456894
3609	18.045	-0.0584878597874194	-0.0533291718456894
3610	18.05	-0.0584878597874194	-0.0533291718456894
3611	18.055	-0.0610672037582844	-0.0546188438311219
3612	18.06	-0.0597775317728519	-0.0546188438311219
3613	18.065	-0.0636465477291495	-0.0533291718456894
3614	18.07	-0.0610672037582844	-0.0533291718456894
3615	18.075	-0.0571981878019869	-0.0546188438311219
3616	18.08	-0.0610672037582844	-0.0546188438311219
3617	18.085	-0.062356875743717	-0.0546188438311219
3618	18.09	-0.0597775317728519	-0.0546188438311219
3619	18.095	-0.0571981878019869	-0.0546188438311219
3620	18.1	-0.0610672037582844	-0.0546188438311219
3621	18.105	-0.062356875743717	-0.0546188438311219
3622	18.11	-0.0610672037582844	-0.0546188438311219
3623	18.115	-0.0597775317728519	-0.0559085158165544
3624	18.12	-0.0584878597874194	-0.0546188438311219
3625	18.125	-0.062356875743717	-0.0546188438311219
3626	18.13	-0.0597775317728519	-0.0546188438311219
3627	18.135	-0.0610672037582844	-0.0546188438311219
3628	18.14	-0.0610672037582844	-0.0559085158165544
3629	18.145	-0.0597775317728519	-0.0559085158165544
3630	18.15	-0.0597775317728519	-0.0546188438311219
3631	18.155	-0.0597775317728519	-0.0559085158165544
3632	18.16	-0.0597775317728519	-0.0559085158165544
3633	18.165	-0.0636465477291495	-0.0559085158165544
3634	18.17	-0.0610672037582844	-0.0559085158165544
3635	18.175	-0.0597775317728519	-0.0559085158165544
3636	18.18	-0.062356875743717	-0.0559085158165544
3637	18.185	-0.0636465477291495	-0.0559085158165544
3638	18.19	-0.0610672037582844	-0.0571981878019869
3639	18.195	-0.0610672037582844	-0.0571981878019869
3640	18.2	-0.0584878597874194	-0.0571981878019869
3641	18.205	-0.0610672037582844	-0.0571981878019869
3642	18.21	-0.0597775317728519	-0.0571981878019869
3643	18.215	-0.0597775317728519	-0.0571981878019869
3644	18.22	-0.0597775317728519	-0.0571981878019869
3645	18.225	-0.0610672037582844	-0.0571981878019869
3646	18.23	-0.0597775317728519	-0.0571981878019869
3647	18.235	-0.0610672037582844	-0.0571981878019869
3648	18.24	-0.0597775317728519	-0.0571981878019869
3649	18.245	-0.0597775317728519	-0.0571981878019869
3650	18.25	-0.0597775317728519	-0.0571981878019869
3651	18.255	-0.0584878597874194	-0.0584878597874194
3652	18.26	-0.0584878597874194	-0.0571981878019869
3653	18.265	-0.0610672037582844	-0.0571981878019869
3654	18.27	-0.0597775317728519	-0.0571981878019869
3655	18.275	-0.0584878597874194	-0.0584878597874194
3656	18.28	-0.0597775317728519	-0.0584878597874194
3657	18.285	-0.0597775317728519	-0.0584878597874194
3658	18.29	-0.0584878597874194	-0.0584878597874194
3659	18.295	-0.0584878597874194	-0.0584878597874194
3660	18.3	-0.0610672037582844	-0.0584878597874194
3661	18.305	-0.0610672037582844	-0.0584878597874194
3662	18.31	-0.0584878597874194	-0.0584878597874194
3663	18.315	-0.0559085158165544	-0.0584878597874194
3664	18.32	-0.0559085158165544	-0.0584878597874194
3665	18.325	-0.0571981878019869	-0.0584878597874194
3666	18.33	-0.0584878597874194	-0.0597775317728519
3667	18.335	-0.0559085158165544	-0.0597775317728519
3668	18.34	-0.0571981878019869	-0.0597775317728519
3669	18.345	-0.0597775317728519	-0.0597775317728519
3670	18.35	-0.0584878597874194	-0.0597775317728519
3671	18.355	-0.0559085158165544	-0.0597775317728519
3672	18.36	-0.0597775317728519	-0.0597775317728519
3673	18.365	-0.0584878597874194	-0.0597775317728519
3674	18.37	-0.0571981878019869	-0.0597775317728519
3675	18.375	-0.0571981878019869	-0.0597775317728519
3676	18.38	-0.0584878597874194	-0.0597775317728519
3677	18.385	-0.0571981878019869	-0.0610672037582844
3678	18.39	-0.0571981878019869	-0.0597775317728519
3679	18.395	-0.0597775317728519	-0.0610672037582844
3680	18.4	-0.0584878597874194	-0.0610672037582844
3681	18.405	-0.0584878597874194	-0.0610672037582844
3682	18.41	-0.0584878597874194	-0.0610672037582844
3683	18.415	-0.0559085158165544	-0.0610672037582844
3684	18.42	-0.0559085158165544	-0.0610672037582844
3685	18.425	-0.0584878597874194	-0.062356875743717
3686	18.43	-0.0559085158165544	-0.0610672037582844
3687	18.435	-0.0546188438311219	-0.0610672037582844
3688	18.44	-0.0571981878019869	-0.062356875743717
3689	18.445	-0.0559085158165544	-0.0610672037582844
3690	18.45	-0.0559085158165544	-0.0610672037582844
3691	18.455	-0.0559085158165544	-0.062356875743717
3692	18.46	-0.0584878597874194	-0.062356875743717
3693	18.465	-0.0559085158165544	-0.062356875743717
3694	18.47	-0.0597775317728519	-0.062356875743717
3695	18.475	-0.0571981878019869	-0.062356875743717
3696	18.48	-0.0559085158165544	-0.062356875743717
3697	18.485	-0.0584878597874194	-0.062356875743717
3698	18.49	-0.0584878597874194	-0.0636465477291495
3699	18.495	-0.0559085158165544	-0.062356875743717
3700	18.5	-0.0597775317728519	-0.062356875743717
3701	18.505	-0.0584878597874194	-0.0636465477291495
3702	18.51	-0.0584878597874194	-0.0636465477291495
3703	18.515	-0.0584878597874194	-0.062356875743717
3704	18.52	-0.0584878597874194	-0.0636465477291495
3705	18.525	-0.0597775317728519	-0.0636465477291495
3706	18.53	-0.0584878597874194	-0.0636465477291495
3707	18.535	-0.0584878597874194	-0.0636465477291495
3708	18.54	-0.0597775317728519	-0.0636465477291495
3709	18.545	-0.0597775317728519	-0.0636465477291495
3710	18.55	-0.0584878597874194	-0.0636465477291495
3711	18.555	-0.0546188438311219	-0.0636465477291495
3712	18.56	-0.0597775317728519	-0.0636465477291495
3713	18.565	-0.0610672037582844	-0.064936219714582
3714	18.57	-0.0584878597874194	-0.064936219714582
3715	18.575	-0.0597775317728519	-0.064936219714582
3716	18.58	-0.0610672037582844	-0.064936219714582
3717	18.585	-0.0610672037582844	-0.064936219714582
3718	18.59	-0.0571981878019869	-0.064936219714582
3719	18.595	-0.0584878597874194	-0.064936219714582
3720	18.6	-0.0584878597874194	-0.064936219714582
3721	18.605	-0.0584878597874194	-0.0662258917000145
3722	18.61	-0.0610672037582844	-0.064936219714582
3723	18.615	-0.0610672037582844	-0.064936219714582
3724	18.62	-0.0597775317728519	-0.064936219714582
3725	18.625	-0.0636465477291495	-0.0662258917000145
3726	18.63	-0.0610672037582844	-0.064936219714582
3727	18.635	-0.0584878597874194	-0.0662258917000145
3728	18.64	-0.0597775317728519	-0.0662258917000145
3729	18.645	-0.0597775317728519	-0.0662258917000145
3730	18.65	-0.0597775317728519	-0.0662258917000145
3731	18.655	-0.0597775317728519	-0.0662258917000145
3732	18.66	-0.062356875743717	-0.0662258917000145
3733	18.665	-0.062356875743717	-0.0662258917000145
3734	18.67	-0.0610672037582844	-0.0662258917000145
3735	18.675	-0.062356875743717	-0.0662258917000145
3736	18.68	-0.0610672037582844	-0.0662258917000145
3737	18.685	-0.0610672037582844	-0.067515563685447
3738	18.69	-0.062356875743717	-0.067515563685447
3739	18.695	-0.0610672037582844	-0.067515563685447
3740	18.7	-0.0610672037582844	-0.067515563685447
3741	18.705	-0.062356875743717	-0.067515563685447
3742	18.71	-0.0636465477291495	-0.067515563685447
3743	18.715	-0.062356875743717	-0.067515563685447
3744	18.72	-0.0610672037582844	-0.067515563685447
3745	18.725	-0.0610672037582844	-0.067515563685447
3746	18.73	-0.0610672037582844	-0.067515563685447
3747	18.735	-0.0597775317728519	-0.067515563685447
3748	18.74	-0.062356875743717	-0.0688052356708795
3749	18.745	-0.0636465477291495	-0.0688052356708795
3750	18.75	-0.062356875743717	-0.0688052356708795
3751	18.755	-0.0597775317728519	-0.067515563685447
3752	18.76	-0.0610672037582844	-0.0688052356708795
3753	18.765	-0.062356875743717	-0.067515563685447
3754	18.77	-0.0636465477291495	-0.0688052356708795
3755	18.775	-0.062356875743717	-0.0688052356708795
3756	18.78	-0.0636465477291495	-0.070094907656312
3757	18.785	-0.062356875743717	-0.070094907656312
3758	18.79	-0.062356875743717	-0.070094907656312
3759	18.795	-0.0597775317728519	-0.070094907656312
3760	18.8	-0.0597775317728519	-0.070094907656312
3761	18.805	-0.062356875743717	-0.070094907656312
3762	18.81	-0.062356875743717	-0.070094907656312
3763	18.815	-0.0636465477291495	-0.070094907656312
3764	18.82	-0.062356875743717	-0.070094907656312
3765	18.825	-0.064936219714582	-0.070094907656312
3766	18.83	-0.0636465477291495	-0.0713845796417445
3767	18.835	-0.0610672037582844	-0.0713845796417445
3768	18.84	-0.0597775317728519	-0.0713845796417445
3769	18.845	-0.064936219714582	-0.0713845796417445
3770	18.85	-0.0636465477291495	-0.0713845796417445
3771	18.855	-0.064936219714582	-0.0713845796417445
3772	18.86	-0.0636465477291495	-0.0713845796417445
3773	18.865	-0.062356875743717	-0.072674251627177
3774	18.87	-0.0597775317728519	-0.072674251627177
3775	18.875	-0.062356875743717	-0.072674251627177
3776	18.88	-0.0610672037582844	-0.072674251627177
3777	18.885	-0.0636465477291495	-0.072674251627177
3778	18.89	-0.0636465477291495	-0.072674251627177
3779	18.895	-0.0610672037582844	-0.0739639236126095
3780	18.9	-0.062356875743717	-0.072674251627177
3781	18.905	-0.0610672037582844	-0.072674251627177
3782	18.91	-0.0610672037582844	-0.072674251627177
3783	18.915	-0.0597775317728519	-0.072674251627177
3784	18.92	-0.062356875743717	-0.072674251627177
3785	18.925	-0.0636465477291495	-0.072674251627177
3786	18.93	-0.062356875743717	-0.072674251627177
3787	18.935	-0.062356875743717	-0.0739639236126095
3788	18.94	-0.0636465477291495	-0.0739639236126095
3789	18.945	-0.0610672037582844	-0.0739639236126095
3790	18.95	-0.062356875743717	-0.0739639236126095
3791	18.955	-0.0610672037582844	-0.0739639236126095
3792	18.96	-0.064936219714582	-0.075253595598042
3793	18.965	-0.0636465477291495	-0.075253595598042
3794	18.97	-0.062356875743717	-0.0739639236126095
3795	18.975	-0.0597775317728519	-0.0739639236126095
3796	18.98	-0.0597775317728519	-0.075253595598042
3797	18.985	-0.062356875743717	-0.075253595598042
3798	18.99	-0.0597775317728519	-0.075253595598042
3799	18.995	-0.0584878597874194	-0.075253595598042
3800	19	-0.0636465477291495	-0.075253595598042
3801	19.005	-0.0610672037582844	-0.075253595598042
3802	19.01	-0.0597775317728519	-0.075253595598042
3803	19.015	-0.0597775317728519	-0.0765432675834745
3804	19.02	-0.062356875743717	-0.0765432675834745
3805	19.025	-0.0610672037582844	-0.0765432675834745
3806	19.03	-0.0597775317728519	-0.0765432675834745
3807	19.035	-0.0597775317728519	-0.0765432675834745
3808	19.04	-0.0597775317728519	-0.0765432675834745
3809	19.045	-0.0597775317728519	-0.0765432675834745
3810	19.05	-0.0610672037582844	-0.077832939568907
3811	19.055	-0.0597775317728519	-0.0765432675834745
3812	19.06	-0.0597775317728519	-0.077832939568907
3813	19.065	-0.0584878597874194	-0.077832939568907
3814	19.07	-0.0597775317728519	-0.077832939568907
3815	19.075	-0.0559085158165544	-0.077832939568907
3816	19.08	-0.0559085158165544	-0.077832939568907
3817	19.085	-0.0597775317728519	-0.077832939568907
3818	19.09	-0.0546188438311219	-0.0791226115543395
3819	19.095	-0.0571981878019869	-0.077832939568907
3820	19.1	-0.0571981878019869	-0.0791226115543395
3821	19.105	-0.0571981878019869	-0.0791226115543395
3822	19.11	-0.0559085158165544	-0.0791226115543395
3823	19.115	-0.0546188438311219	-0.0791226115543395
3824	19.12	-0.0559085158165544	-0.0791226115543395
3825	19.125	-0.0571981878019869	-0.0791226115543395
3826	19.13	-0.0533291718456894	-0.080412283539772
3827	19.135	-0.0546188438311219	-0.080412283539772
3828	19.14	-0.0546188438311219	-0.080412283539772
3829	19.145	-0.0546188438311219	-0.080412283539772
3830	19.15	-0.0533291718456894	-0.080412283539772
3831	19.155	-0.0546188438311219	-0.080412283539772
3832	19.16	-0.0571981878019869	-0.080412283539772
3833	19.165	-0.0571981878019869	-0.0817019555252045
3834	19.17	-0.0546188438311219	-0.080412283539772
3835	19.175	-0.0533291718456894	-0.0817019555252045
3836	19.18	-0.0546188438311219	-0.0817019555252045
3837	19.185	-0.0546188438311219	-0.0817019555252045
3838	19.19	-0.0520394998602569	-0.082991627510637
3839	19.195	-0.0546188438311219	-0.0817019555252045
3840	19.2	-0.0546188438311219	-0.0817019555252045
3841	19.205	-0.0546188438311219	-0.082991627510637
3842	19.21	-0.0546188438311219	-0.0817019555252045
3843	19.215	-0.0533291718456894	-0.082991627510637
3844	19.22	-0.0546188438311219	-0.082991627510637
3845	19.225	-0.0546188438311219	-0.082991627510637
3846	19.23	-0.0533291718456894	-0.082991627510637
3847	19.235	-0.0533291718456894	-0.0842812994960696
3848	19.24	-0.0571981878019869	-0.0842812994960696
3849	19.245	-0.0559085158165544	-0.082991627510637
3850	19.25	-0.0546188438311219	-0.082991627510637
3851	19.255	-0.0533291718456894	-0.0842812994960696
3852	19.26	-0.0546188438311219	-0.0842812994960696
3853	19.265	-0.0559085158165544	-0.0842812994960696
3854	19.27	-0.0559085158165544	-0.0842812994960696
3855	19.275	-0.0546188438311219	-0.0842812994960696
3856	19.28	-0.0546188438311219	-0.0842812994960696
3857	19.285	-0.0559085158165544	-0.0842812994960696
3858	19.29	-0.0546188438311219	-0.0855709714815021
3859	19.295	-0.0520394998602569	-0.0855709714815021
3860	19.3	-0.0559085158165544	-0.0855709714815021
3861	19.305	-0.0571981878019869	-0.0855709714815021
3862	19.31	-0.0546188438311219	-0.0855709714815021
3863	19.315	-0.0546188438311219	-0.0855709714815021
3864	19.32	-0.0546188438311219	-0.0855709714815021
3865	19.325	-0.0571981878019869	-0.0868606434669346
3866	19.33	-0.0533291718456894	-0.0855709714815021
3867	19.335	-0.0546188438311219	-0.0868606434669346
3868	19.34	-0.0546188438311219	-0.0868606434669346
3869	19.345	-0.0584878597874194	-0.0868606434669346
3870	19.35	-0.0559085158165544	-0.0881503154523671
3871	19.355	-0.0571981878019869	-0.0868606434669346
3872	19.36	-0.0571981878019869	-0.0881503154523671
3873	19.365	-0.0571981878019869	-0.0881503154523671
3874	19.37	-0.0546188438311219	-0.0881503154523671
3875	19.375	-0.0559085158165544	-0.0881503154523671
3876	19.38	-0.0559085158165544	-0.0881503154523671
3877	19.385	-0.0597775317728519	-0.0894399874377996
3878	19.39	-0.0559085158165544	-0.0881503154523671
3879	19.395	-0.0546188438311219	-0.0881503154523671
3880	19.4	-0.0584878597874194	-0.0894399874377996
3881	19.405	-0.0571981878019869	-0.0894399874377996
3882	19.41	-0.0584878597874194	-0.0894399874377996
3883	19.415	-0.0533291718456894	-0.0894399874377996
3884	19.42	-0.0571981878019869	-0.0894399874377996
3885	19.425	-0.0559085158165544	-0.0907296594232321
3886	19.43	-0.0559085158165544	-0.0907296594232321
3887	19.435	-0.0520394998602569	-0.0907296594232321
3888	19.44	-0.0571981878019869	-0.0907296594232321
3889	19.445	-0.0584878597874194	-0.0907296594232321
3890	19.45	-0.0559085158165544	-0.0907296594232321
3891	19.455	-0.0546188438311219	-0.0907296594232321
3892	19.46	-0.0559085158165544	-0.0920193314086646
3893	19.465	-0.0571981878019869	-0.0920193314086646
3894	19.47	-0.0571981878019869	-0.0920193314086646
3895	19.475	-0.0546188438311219	-0.0920193314086646
3896	19.48	-0.0546188438311219	-0.0920193314086646
3897	19.485	-0.0571981878019869	-0.0920193314086646
3898	19.49	-0.0584878597874194	-0.0933090033940971
3899	19.495	-0.0559085158165544	-0.0933090033940971
3900	19.5	-0.0546188438311219	-0.0933090033940971
3901	19.505	-0.0584878597874194	-0.0933090033940971
3902	19.51	-0.0571981878019869	-0.0933090033940971
3903	19.515	-0.0546188438311219	-0.0933090033940971
3904	19.52	-0.0571981878019869	-0.0933090033940971
3905	19.525	-0.0571981878019869	-0.0945986753795296
3906	19.53	-0.0571981878019869	-0.0945986753795296
3907	19.535	-0.0559085158165544	-0.0933090033940971
3908	19.54	-0.0533291718456894	-0.0945986753795296
3909	19.545	-0.0546188438311219	-0.0945986753795296
3910	19.55	-0.0533291718456894	-0.0958883473649621
3911	19.555	-0.0571981878019869	-0.0945986753795296
3912	19.56	-0.0571981878019869	-0.0945986753795296
3913	19.565	-0.0584878597874194	-0.0958883473649621
3914	19.57	-0.0559085158165544	-0.0958883473649621
3915	19.575	-0.0559085158165544	-0.0958883473649621
3916	19.58	-0.0546188438311219	-0.0958883473649621
3917	19.585	-0.0559085158165544	-0.0958883473649621
3918	19.59	-0.0559085158165544	-0.0958883473649621
3919	19.595	-0.0559085158165544	-0.0971780193503946
3920	19.6	-0.0571981878019869	-0.0971780193503946
3921	19.605	-0.0571981878019869	-0.0971780193503946
3922	19.61	-0.0533291718456894	-0.0971780193503946
3923	19.615	-0.0533291718456894	-0.0971780193503946
3924	19.62	-0.0546188438311219	-0.0971780193503946
3925	19.625	-0.0571981878019869	-0.0971780193503946
3926	19.63	-0.0546188438311219	-0.0984676913358271
3927	19.635	-0.0533291718456894	-0.0971780193503946
3928	19.64	-0.0559085158165544	-0.0984676913358271
3929	19.645	-0.0546188438311219	-0.0984676913358271
3930	19.65	-0.0546188438311219	-0.0984676913358271
3931	19.655	-0.0546188438311219	-0.0984676913358271
3932	19.66	-0.0546188438311219	-0.0984676913358271
3933	19.665	-0.0559085158165544	-0.0997573633212596
3934	19.67	-0.0520394998602569	-0.0984676913358271
3935	19.675	-0.0546188438311219	-0.0984676913358271
3936	19.68	-0.0520394998602569	-0.0997573633212596
3937	19.685	-0.0533291718456894	-0.0997573633212596
3938	19.69	-0.0507498278748244	-0.0997573633212596
3939	19.695	-0.0520394998602569	-0.101047035306692
3940	19.7	-0.0507498278748244	-0.101047035306692
3941	19.705	-0.0520394998602569	-0.101047035306692
3942	19.71	-0.0507498278748244	-0.101047035306692
3943	19.715	-0.0533291718456894	-0.101047035306692
3944	19.72	-0.0507498278748244	-0.101047035306692
3945	19.725	-0.0520394998602569	-0.101047035306692
3946	19.73	-0.0507498278748244	-0.102336707292125
3947	19.735	-0.0481704839039594	-0.102336707292125
3948	19.74	-0.0507498278748244	-0.102336707292125
3949	19.745	-0.0533291718456894	-0.102336707292125
3950	19.75	-0.0507498278748244	-0.102336707292125
3951	19.755	-0.0481704839039594	-0.102336707292125
3952	19.76	-0.0520394998602569	-0.103626379277557
3953	19.765	-0.0494601558893919	-0.102336707292125
3954	19.77	-0.0494601558893919	-0.103626379277557
3955	19.775	-0.0468808119185269	-0.102336707292125
3956	19.78	-0.0494601558893919	-0.103626379277557
3957	19.785	-0.0481704839039594	-0.103626379277557
3958	19.79	-0.0481704839039594	-0.103626379277557
3959	19.795	-0.0494601558893919	-0.103626379277557
3960	19.8	-0.0481704839039594	-0.10491605126299
3961	19.805	-0.0494601558893919	-0.103626379277557
3962	19.81	-0.0468808119185269	-0.10491605126299
3963	19.815	-0.0481704839039594	-0.10491605126299
3964	19.82	-0.0481704839039594	-0.10491605126299
3965	19.825	-0.0494601558893919	-0.10491605126299
3966	19.83	-0.0468808119185269	-0.10491605126299
3967	19.835	-0.0481704839039594	-0.106205723248422
3968	19.84	-0.0455911399330944	-0.106205723248422
3969	19.845	-0.0481704839039594	-0.10491605126299
3970	19.85	-0.0468808119185269	-0.106205723248422
3971	19.855	-0.0481704839039594	-0.106205723248422
3972	19.86	-0.0481704839039594	-0.106205723248422
3973	19.865	-0.0507498278748244	-0.106205723248422
3974	19.87	-0.0481704839039594	-0.106205723248422
3975	19.875	-0.0481704839039594	-0.107495395233855
3976	19.88	-0.0494601558893919	-0.107495395233855
3977	19.885	-0.0507498278748244	-0.107495395233855
3978	19.89	-0.0481704839039594	-0.107495395233855
3979	19.895	-0.0468808119185269	-0.107495395233855
3980	19.9	-0.0481704839039594	-0.107495395233855
3981	19.905	-0.0494601558893919	-0.108785067219287
3982	19.91	-0.0494601558893919	-0.107495395233855
3983	19.915	-0.0494601558893919	-0.108785067219287
3984	19.92	-0.0494601558893919	-0.108785067219287
3985	19.925	-0.0507498278748244	-0.108785067219287
3986	19.93	-0.0481704839039594	-0.108785067219287
3987	19.935	-0.0481704839039594	-0.108785067219287
3988	19.94	-0.0481704839039594	-0.108785067219287
3989	19.945	-0.0481704839039594	-0.108785067219287
3990	19.95	-0.0507498278748244	-0.11007473920472
3991	19.955	-0.0481704839039594	-0.11007473920472
3992	19.96	-0.0507498278748244	-0.11007473920472
3993	19.965	-0.0494601558893919	-0.11007473920472
3994	19.97	-0.0481704839039594	-0.11007473920472
3995	19.975	-0.0481704839039594	-0.11007473920472
3996	19.98	-0.0494601558893919	-0.11007473920472
3997	19.985	-0.0494601558893919	-0.11007473920472
3998	19.99	-0.0481704839039594	-0.111364411190152
3999	19.995	-0.0507498278748244	-0.111364411190152
4000	20	-0.0494601558893919	-0.111364411190152
4001	20.005	-0.0481704839039594	-0.111364411190152
4002	20.01	-0.0481704839039594	-0.111364411190152
4003	20.015	-0.0468808119185269	-0.112654083175585
4004	20.02	-0.0494601558893919	-0.112654083175585
4005	20.025	-0.0494601558893919	-0.112654083175585
4006	20.03	-0.0494601558893919	-0.112654083175585
4007	20.035	-0.0481704839039594	-0.112654083175585
4008	20.04	-0.0494601558893919	-0.112654083175585
4009	20.045	-0.0494601558893919	-0.112654083175585
4010	20.05	-0.0494601558893919	-0.112654083175585
4011	20.055	-0.0481704839039594	-0.113943755161017
4012	20.06	-0.0481704839039594	-0.113943755161017
4013	20.065	-0.0507498278748244	-0.113943755161017
4014	20.07	-0.0494601558893919	-0.113943755161017
4015	20.075	-0.0481704839039594	-0.113943755161017
4016	20.08	-0.0455911399330944	-0.113943755161017
4017	20.085	-0.0494601558893919	-0.113943755161017
4018	20.09	-0.0507498278748244	-0.11523342714645
4019	20.095	-0.0494601558893919	-0.11523342714645
4020	20.1	-0.0481704839039594	-0.11523342714645
4021	20.105	-0.0494601558893919	-0.11523342714645
4022	20.11	-0.0494601558893919	-0.11523342714645
4023	20.115	-0.0481704839039594	-0.11523342714645
4024	20.12	-0.0468808119185269	-0.11523342714645
4025	20.125	-0.0494601558893919	-0.116523099131882
4026	20.13	-0.0468808119185269	-0.11523342714645
4027	20.135	-0.0468808119185269	-0.116523099131882
4028	20.14	-0.0481704839039594	-0.116523099131882
4029	20.145	-0.0494601558893919	-0.116523099131882
4030	20.15	-0.0494601558893919	-0.116523099131882
4031	20.155	-0.0481704839039594	-0.116523099131882
4032	20.16	-0.0481704839039594	-0.116523099131882
4033	20.165	-0.0494601558893919	-0.116523099131882
4034	20.17	-0.0468808119185269	-0.117812771117315
4035	20.175	-0.0468808119185269	-0.117812771117315
4036	20.18	-0.0481704839039594	-0.117812771117315
4037	20.185	-0.0481704839039594	-0.117812771117315
4038	20.19	-0.0481704839039594	-0.117812771117315
4039	20.195	-0.0468808119185269	-0.117812771117315
4040	20.2	-0.0468808119185269	-0.117812771117315
4041	20.205	-0.0468808119185269	-0.117812771117315
4042	20.21	-0.0494601558893919	-0.119102443102747
4043	20.215	-0.0468808119185269	-0.119102443102747
4044	20.22	-0.0481704839039594	-0.117812771117315
4045	20.225	-0.0494601558893919	-0.119102443102747
4046	20.23	-0.0494601558893919	-0.119102443102747
4047	20.235	-0.0481704839039594	-0.119102443102747
4048	20.24	-0.0481704839039594	-0.119102443102747
4049	20.245	-0.0494601558893919	-0.119102443102747
4050	20.25	-0.0481704839039594	-0.119102443102747
4051	20.255	-0.0481704839039594	-0.12039211508818
4052	20.26	-0.0468808119185269	-0.12039211508818
4053	20.265	-0.0494601558893919	-0.12039211508818
4054	20.27	-0.0481704839039594	-0.119102443102747
4055	20.275	-0.0468808119185269	-0.12039211508818
4056	20.28	-0.0455911399330944	-0.12039211508818
4057	20.285	-0.0507498278748244	-0.12039211508818
4058	20.29	-0.0468808119185269	-0.12039211508818
4059	20.295	-0.0481704839039594	-0.121681787073612
4060	20.3	-0.0494601558893919	-0.12039211508818
4061	20.305	-0.0507498278748244	-0.12039211508818
4062	20.31	-0.0468808119185269	-0.121681787073612
4063	20.315	-0.0481704839039594	-0.121681787073612
4064	20.32	-0.0494601558893919	-0.122971459059045
4065	20.325	-0.0468808119185269	-0.121681787073612
4066	20.33	-0.0468808119185269	-0.122971459059045
4067	20.335	-0.0494601558893919	-0.121681787073612
4068	20.34	-0.0468808119185269	-0.122971459059045
4069	20.345	-0.0468808119185269	-0.122971459059045
4070	20.35	-0.0494601558893919	-0.122971459059045
4071	20.355	-0.0481704839039594	-0.122971459059045
4072	20.36	-0.0468808119185269	-0.124261131044477
4073	20.365	-0.0481704839039594	-0.122971459059045
4074	20.37	-0.0455911399330944	-0.122971459059045
4075	20.375	-0.0455911399330944	-0.122971459059045
4076	20.38	-0.0481704839039594	-0.124261131044477
4077	20.385	-0.0507498278748244	-0.122971459059045
4078	20.39	-0.0481704839039594	-0.122971459059045
4079	20.395	-0.0443014679476619	-0.124261131044477
4080	20.4	-0.0455911399330944	-0.124261131044477
4081	20.405	-0.0481704839039594	-0.124261131044477
4082	20.41	-0.0455911399330944	-0.124261131044477
4083	20.415	-0.0468808119185269	-0.12555080302991
4084	20.42	-0.0468808119185269	-0.124261131044477
4085	20.425	-0.0494601558893919	-0.12555080302991
4086	20.43	-0.0468808119185269	-0.12555080302991
4087	20.435	-0.0430117959622294	-0.12555080302991
4088	20.44	-0.0455911399330944	-0.12555080302991
4089	20.445	-0.0468808119185269	-0.12555080302991
4090	20.45	-0.0455911399330944	-0.12555080302991
4091	20.455	-0.0417221239767969	-0.12555080302991
4092	20.46	-0.0455911399330944	-0.12555080302991
4093	20.465	-0.0468808119185269	-0.126840475015342
4094	20.47	-0.0455911399330944	-0.12555080302991
4095	20.475	-0.0455911399330944	-0.12555080302991
4096	20.48	-0.0455911399330944	-0.126840475015342
4097	20.485	-0.0468808119185269	-0.126840475015342
4098	20.49	-0.0443014679476619	-0.126840475015342
4099	20.495	-0.0417221239767969	-0.126840475015342
4100	20.5	-0.0417221239767969	-0.126840475015342
4101	20.505	-0.0443014679476619	-0.126840475015342
4102	20.51	-0.0443014679476619	-0.126840475015342
4103	20.515	-0.0417221239767969	-0.128130147000775
4104	20.52	-0.0430117959622294	-0.128130147000775
4105	20.525	-0.0443014679476619	-0.126840475015342
4106	20.53	-0.0443014679476619	-0.128130147000775
4107	20.535	-0.0430117959622294	-0.128130147000775
4108	20.54	-0.0430117959622294	-0.128130147000775
4109	20.545	-0.0443014679476619	-0.128130147000775
4110	20.55	-0.0443014679476619	-0.128130147000775
4111	20.555	-0.0430117959622294	-0.128130147000775
4112	20.56	-0.0404324519913644	-0.128130147000775
4113	20.565	-0.0455911399330944	-0.129419818986207
4114	20.57	-0.0430117959622294	-0.128130147000775
4115	20.575	-0.0404324519913644	-0.129419818986207
4116	20.58	-0.0417221239767969	-0.129419818986207
4117	20.585	-0.0417221239767969	-0.129419818986207
4118	20.59	-0.0417221239767969	-0.129419818986207
4119	20.595	-0.0417221239767969	-0.13070949097164
4120	20.6	-0.0417221239767969	-0.13070949097164
4121	20.605	-0.0455911399330944	-0.13070949097164
4122	20.61	-0.0443014679476619	-0.129419818986207
4123	20.615	-0.0417221239767969	-0.13070949097164
4124	20.62	-0.0430117959622294	-0.131999162957072
4125	20.625	-0.0430117959622294	-0.13070949097164
4126	20.63	-0.0417221239767969	-0.13070949097164
4127	20.635	-0.0391427800059319	-0.13070949097164
4128	20.64	-0.0417221239767969	-0.131999162957072
4129	20.645	-0.0455911399330944	-0.13070949097164
4130	20.65	-0.0430117959622294	-0.131999162957072
4131	20.655	-0.0417221239767969	-0.131999162957072
4132	20.66	-0.0430117959622294	-0.131999162957072
4133	20.665	-0.0443014679476619	-0.131999162957072
4134	20.67	-0.0417221239767969	-0.131999162957072
4135	20.675	-0.0430117959622294	-0.131999162957072
4136	20.68	-0.0417221239767969	-0.133288834942505
4137	20.685	-0.0430117959622294	-0.133288834942505
4138	20.69	-0.0430117959622294	-0.133288834942505
4139	20.695	-0.0417221239767969	-0.131999162957072
4140	20.7	-0.0430117959622294	-0.133288834942505
4141	20.705	-0.0430117959622294	-0.133288834942505
4142	20.71	-0.0417221239767969	-0.133288834942505
4143	20.715	-0.0404324519913644	-0.133288834942505
4144	20.72	-0.0430117959622294	-0.134578506927937
4145	20.725	-0.0443014679476619	-0.134578506927937
4146	20.73	-0.0430117959622294	-0.134578506927937
4147	20.735	-0.0417221239767969	-0.134578506927937
4148	20.74	-0.0404324519913644	-0.134578506927937
4149	20.745	-0.0430117959622294	-0.13586817891337
4150	20.75	-0.0404324519913644	-0.134578506927937
4151	20.755	-0.0404324519913644	-0.134578506927937
4152	20.76	-0.0417221239767969	-0.134578506927937
4153	20.765	-0.0417221239767969	-0.13586817891337
4154	20.77	-0.0430117959622294	-0.137157850898802
4155	20.775	-0.0404324519913644	-0.13586817891337
4156	20.78	-0.0404324519913644	-0.13586817891337
4157	20.785	-0.0417221239767969	-0.137157850898802
4158	20.79	-0.0430117959622294	-0.13586817891337
4159	20.795	-0.0417221239767969	-0.137157850898802
4160	20.8	-0.0417221239767969	-0.137157850898802
4161	20.805	-0.0430117959622294	-0.137157850898802
4162	20.81	-0.0404324519913644	-0.137157850898802
4163	20.815	-0.0404324519913644	-0.137157850898802
4164	20.82	-0.0417221239767969	-0.137157850898802
4165	20.825	-0.0404324519913644	-0.138447522884235
4166	20.83	-0.0417221239767969	-0.138447522884235
4167	20.835	-0.0404324519913644	-0.138447522884235
4168	20.84	-0.0404324519913644	-0.138447522884235
4169	20.845	-0.0430117959622294	-0.138447522884235
4170	20.85	-0.0417221239767969	-0.138447522884235
4171	20.855	-0.0404324519913644	-0.138447522884235
4172	20.86	-0.0404324519913644	-0.138447522884235
4173	20.865	-0.0430117959622294	-0.139737194869667
4174	20.87	-0.0417221239767969	-0.139737194869667
4175	20.875	-0.0404324519913644	-0.139737194869667
4176	20.88	-0.0391427800059319	-0.139737194869667
4177	20.885	-0.0404324519913644	-0.139737194869667
4178	20.89	-0.0417221239767969	-0.139737194869667
4179	20.895	-0.0417221239767969	-0.1410268668551
4180	20.9	-0.0417221239767969	-0.1410268668551
4181	20.905	-0.0417221239767969	-0.1410268668551
4182	20.91	-0.0417221239767969	-0.1410268668551
4183	20.915	-0.0404324519913644	-0.1410268668551
4184	20.92	-0.0404324519913644	-0.1410268668551
4185	20.925	-0.0404324519913644	-0.1410268668551
4186	20.93	-0.0417221239767969	-0.1410268668551
4187	20.935	-0.0404324519913644	-0.142316538840532
4188	20.94	-0.0391427800059319	-0.142316538840532
4189	20.945	-0.0417221239767969	-0.142316538840532
4190	20.95	-0.0404324519913644	-0.142316538840532
4191	20.955	-0.0391427800059319	-0.142316538840532
4192	20.96	-0.0391427800059319	-0.142316538840532
4193	20.965	-0.0417221239767969	-0.143606210825965
4194	20.97	-0.0417221239767969	-0.143606210825965
4195	20.975	-0.0417221239767969	-0.143606210825965
4196	20.98	-0.0391427800059319	-0.143606210825965
4197	20.985	-0.0443014679476619	-0.143606210825965
4198	20.99	-0.0417221239767969	-0.144895882811397
4199	20.995	-0.0378531080204993	-0.144895882811397
4200	21	-0.0404324519913644	-0.144895882811397
4201	21.005	-0.0417221239767969	-0.144895882811397
4202	21.01	-0.0430117959622294	-0.144895882811397
4203	21.015	-0.0404324519913644	-0.144895882811397
4204	21.02	-0.0391427800059319	-0.14618555479683
4205	21.025	-0.0417221239767969	-0.14618555479683
4206	21.03	-0.0404324519913644	-0.144895882811397
4207	21.035	-0.0391427800059319	-0.14618555479683
4208	21.04	-0.0378531080204993	-0.14618555479683
4209	21.045	-0.0417221239767969	-0.14618555479683
4210	21.05	-0.0404324519913644	-0.147475226782262
4211	21.055	-0.0404324519913644	-0.14618555479683
4212	21.06	-0.0391427800059319	-0.14618555479683
4213	21.065	-0.0417221239767969	-0.147475226782262
4214	21.07	-0.0404324519913644	-0.147475226782262
4215	21.075	-0.0404324519913644	-0.147475226782262
4216	21.08	-0.0391427800059319	-0.147475226782262
4217	21.085	-0.0417221239767969	-0.147475226782262
4218	21.09	-0.0404324519913644	-0.148764898767695
4219	21.095	-0.0378531080204993	-0.147475226782262
4220	21.1	-0.0365634360350668	-0.148764898767695
4221	21.105	-0.0404324519913644	-0.148764898767695
4222	21.11	-0.0417221239767969	-0.148764898767695
4223	21.115	-0.0391427800059319	-0.148764898767695
4224	21.12	-0.0404324519913644	-0.148764898767695
4225	21.125	-0.0404324519913644	-0.150054570753127
4226	21.13	-0.0404324519913644	-0.148764898767695
4227	21.135	-0.0391427800059319	-0.150054570753127
4228	21.14	-0.0404324519913644	-0.150054570753127
4229	21.145	-0.0417221239767969	-0.150054570753127
4230	21.15	-0.0404324519913644	-0.150054570753127
4231	21.155	-0.0391427800059319	-0.150054570753127
4232	21.16	-0.0404324519913644	-0.15134424273856
4233	21.165	-0.0404324519913644	-0.150054570753127
4234	21.17	-0.0404324519913644	-0.150054570753127
4235	21.175	-0.0391427800059319	-0.15134424273856
4236	21.18	-0.0378531080204993	-0.150054570753127
4237	21.185	-0.0417221239767969	-0.15134424273856
4238	21.19	-0.0417221239767969	-0.15134424273856
4239	21.195	-0.0378531080204993	-0.15134424273856
4240	21.2	-0.0391427800059319	-0.15134424273856
4241	21.205	-0.0417221239767969	-0.152633914723992
4242	21.21	-0.0417221239767969	-0.152633914723992
4243	21.215	-0.0404324519913644	-0.152633914723992
4244	21.22	-0.0378531080204993	-0.152633914723992
4245	21.225	-0.0391427800059319	-0.152633914723992
4246	21.23	-0.0417221239767969	-0.152633914723992
4247	21.235	-0.0391427800059319	-0.153923586709425
4248	21.24	-0.0391427800059319	-0.152633914723992
4249	21.245	-0.0404324519913644	-0.153923586709425
4250	21.25	-0.0391427800059319	-0.153923586709425
4251	21.255	-0.0391427800059319	-0.153923586709425
4252	21.26	-0.0404324519913644	-0.153923586709425
4253	21.265	-0.0404324519913644	-0.153923586709425
4254	21.27	-0.0404324519913644	-0.153923586709425
4255	21.275	-0.0404324519913644	-0.153923586709425
4256	21.28	-0.0391427800059319	-0.155213258694857
4257	21.285	-0.0391427800059319	-0.153923586709425
4258	21.29	-0.0404324519913644	-0.153923586709425
4259	21.295	-0.0404324519913644	-0.153923586709425
4260	21.3	-0.0404324519913644	-0.155213258694857
4261	21.305	-0.0391427800059319	-0.155213258694857
4262	21.31	-0.0417221239767969	-0.155213258694857
4263	21.315	-0.0391427800059319	-0.155213258694857
4264	21.32	-0.0378531080204993	-0.155213258694857
4265	21.325	-0.0404324519913644	-0.15650293068029
4266	21.33	-0.0391427800059319	-0.15650293068029
4267	21.335	-0.0391427800059319	-0.15650293068029
4268	21.34	-0.0378531080204993	-0.15650293068029
4269	21.345	-0.0417221239767969	-0.15650293068029
4270	21.35	-0.0404324519913644	-0.15650293068029
4271	21.355	-0.0391427800059319	-0.15650293068029
4272	21.36	-0.0391427800059319	-0.15650293068029
4273	21.365	-0.0404324519913644	-0.157792602665722
4274	21.37	-0.0404324519913644	-0.15650293068029
4275	21.375	-0.0391427800059319	-0.15650293068029
4276	21.38	-0.0404324519913644	-0.157792602665722
4277	21.385	-0.0404324519913644	-0.157792602665722
4278	21.39	-0.0417221239767969	-0.157792602665722
4279	21.395	-0.0378531080204993	-0.157792602665722
4280	21.4	-0.0378531080204993	-0.157792602665722
4281	21.405	-0.0391427800059319	-0.157792602665722
4282	21.41	-0.0404324519913644	-0.157792602665722
4283	21.415	-0.0391427800059319	-0.157792602665722
4284	21.42	-0.0391427800059319	-0.159082274651155
4285	21.425	-0.0404324519913644	-0.157792602665722
4286	21.43	-0.0417221239767969	-0.159082274651155
4287	21.435	-0.0404324519913644	-0.159082274651155
4288	21.44	-0.0391427800059319	-0.159082274651155
4289	21.445	-0.0430117959622294	-0.159082274651155
4290	21.45	-0.0430117959622294	-0.159082274651155
4291	21.455	-0.0404324519913644	-0.160371946636587
4292	21.46	-0.0417221239767969	-0.159082274651155
4293	21.465	-0.0391427800059319	-0.159082274651155
4294	21.47	-0.0404324519913644	-0.159082274651155
4295	21.475	-0.0391427800059319	-0.160371946636587
4296	21.48	-0.0404324519913644	-0.160371946636587
4297	21.485	-0.0391427800059319	-0.160371946636587
4298	21.49	-0.0404324519913644	-0.160371946636587
4299	21.495	-0.0378531080204993	-0.160371946636587
4300	21.5	-0.0378531080204993	-0.160371946636587
4301	21.505	-0.0404324519913644	-0.160371946636587
4302	21.51	-0.0404324519913644	-0.160371946636587
4303	21.515	-0.0404324519913644	-0.160371946636587
4304	21.52	-0.0391427800059319	-0.160371946636587
4305	21.525	-0.0404324519913644	-0.160371946636587
4306	21.53	-0.0404324519913644	-0.160371946636587
4307	21.535	-0.0404324519913644	-0.16166161862202
4308	21.54	-0.0430117959622294	-0.160371946636587
4309	21.545	-0.0391427800059319	-0.16166161862202
4310	21.55	-0.0391427800059319	-0.16166161862202
4311	21.555	-0.0391427800059319	-0.16166161862202
4312	21.56	-0.0417221239767969	-0.16166161862202
4313	21.565	-0.0404324519913644	-0.16166161862202
4314	21.57	-0.0417221239767969	-0.162951290607452
4315	21.575	-0.0404324519913644	-0.162951290607452
4316	21.58	-0.0378531080204993	-0.16166161862202
4317	21.585	-0.0417221239767969	-0.162951290607452
4318	21.59	-0.0417221239767969	-0.162951290607452
4319	21.595	-0.0391427800059319	-0.162951290607452
4320	21.6	-0.0404324519913644	-0.164240962592885
4321	21.605	-0.0404324519913644	-0.162951290607452
4322	21.61	-0.0391427800059319	-0.164240962592885
4323	21.615	-0.0391427800059319	-0.164240962592885
4324	21.62	-0.0391427800059319	-0.162951290607452
4325	21.625	-0.0430117959622294	-0.164240962592885
4326	21.63	-0.0404324519913644	-0.164240962592885
4327	21.635	-0.0378531080204993	-0.164240962592885
4328	21.64	-0.0404324519913644	-0.165530634578317
4329	21.645	-0.0404324519913644	-0.164240962592885
4330	21.65	-0.0404324519913644	-0.164240962592885
4331	21.655	-0.0404324519913644	-0.164240962592885
4332	21.66	-0.0391427800059319	-0.165530634578317
4333	21.665	-0.0417221239767969	-0.165530634578317
4334	21.67	-0.0417221239767969	-0.165530634578317
4335	21.675	-0.0391427800059319	-0.165530634578317
4336	21.68	-0.0404324519913644	-0.165530634578317
4337	21.685	-0.0391427800059319	-0.165530634578317
4338	21.69	-0.0404324519913644	-0.16682030656375
4339	21.695	-0.0404324519913644	-0.165530634578317
4340	21.7	-0.0391427800059319	-0.165530634578317
4341	21.705	-0.0404324519913644	-0.16682030656375
4342	21.71	-0.0404324519913644	-0.165530634578317
4343	21.715	-0.0391427800059319	-0.16682030656375
4344	21.72	-0.0417221239767969	-0.16682030656375
4345	21.725	-0.0404324519913644	-0.168109978549182
4346	21.73	-0.0404324519913644	-0.16682030656375
4347	21.735	-0.0391427800059319	-0.16682030656375
4348	21.74	-0.0391427800059319	-0.168109978549182
4349	21.745	-0.0417221239767969	-0.16682030656375
4350	21.75	-0.0417221239767969	-0.168109978549182
4351	21.755	-0.0404324519913644	-0.168109978549182
4352	21.76	-0.0391427800059319	-0.168109978549182
4353	21.765	-0.0378531080204993	-0.168109978549182
4354	21.77	-0.0417221239767969	-0.168109978549182
4355	21.775	-0.0391427800059319	-0.168109978549182
4356	21.78	-0.0378531080204993	-0.168109978549182
4357	21.785	-0.0417221239767969	-0.168109978549182
4358	21.79	-0.0430117959622294	-0.169399650534615
4359	21.795	-0.0391427800059319	-0.169399650534615
4360	21.8	-0.0404324519913644	-0.169399650534615
4361	21.805	-0.0417221239767969	-0.169399650534615
4362	21.81	-0.0417221239767969	-0.169399650534615
4363	21.815	-0.0391427800059319	-0.169399650534615
4364	21.82	-0.0417221239767969	-0.169399650534615
4365	21.825	-0.0404324519913644	-0.169399650534615
4366	21.83	-0.0430117959622294	-0.169399650534615
4367	21.835	-0.0404324519913644	-0.170689322520047
4368	21.84	-0.0404324519913644	-0.170689322520047
4369	21.845	-0.0417221239767969	-0.170689322520047
4370	21.85	-0.0417221239767969	-0.170689322520047
4371	21.855	-0.0404324519913644	-0.170689322520047
4372	21.86	-0.0404324519913644	-0.170689322520047
4373	21.865	-0.0404324519913644	-0.170689322520047
4374	21.87	-0.0404324519913644	-0.170689322520047
4375	21.875	-0.0391427800059319	-0.17197899450548
4376	21.88	-0.0417221239767969	-0.170689322520047
4377	21.885	-0.0417221239767969	-0.17197899450548
4378	21.89	-0.0417221239767969	-0.17197899450548
4379	21.895	-0.0391427800059319	-0.17197899450548
4380	21.9	-0.0417221239767969	-0.17197899450548
4381	21.905	-0.0404324519913644	-0.17197899450548
4382	21.91	-0.0417221239767969	-0.17197899450548
4383	21.915	-0.0404324519913644	-0.173268666490912
4384	21.92	-0.0391427800059319	-0.17197899450548
4385	21.925	-0.0417221239767969	-0.173268666490912
4386	21.93	-0.0430117959622294	-0.17197899450548
4387	21.935	-0.0404324519913644	-0.173268666490912
4388	21.94	-0.0391427800059319	-0.173268666490912
4389	21.945	-0.0417221239767969	-0.173268666490912
4390	21.95	-0.0417221239767969	-0.173268666490912
4391	21.955	-0.0404324519913644	-0.173268666490912
4392	21.96	-0.0404324519913644	-0.173268666490912
4393	21.965	-0.0404324519913644	-0.173268666490912
4394	21.97	-0.0417221239767969	-0.173268666490912
4395	21.975	-0.0417221239767969	-0.173268666490912
4396	21.98	-0.0391427800059319	-0.174558338476345
4397	21.985	-0.0430117959622294	-0.174558338476345
4398	21.99	-0.0417221239767969	-0.174558338476345
4399	21.995	-0.0430117959622294	-0.174558338476345
4400	22	-0.0404324519913644	-0.174558338476345
4401	22.005	-0.0417221239767969	-0.174558338476345
4402	22.01	-0.0417221239767969	-0.174558338476345
4403	22.015	-0.0391427800059319	-0.174558338476345
4404	22.02	-0.0404324519913644	-0.174558338476345
4405	22.025	-0.0404324519913644	-0.174558338476345
4406	22.03	-0.0404324519913644	-0.175848010461777
4407	22.035	-0.0391427800059319	-0.175848010461777
4408	22.04	-0.0404324519913644	-0.175848010461777
4409	22.045	-0.0417221239767969	-0.175848010461777
4410	22.05	-0.0417221239767969	-0.175848010461777
4411	22.055	-0.0404324519913644	-0.175848010461777
4412	22.06	-0.0391427800059319	-0.175848010461777
4413	22.065	-0.0404324519913644	-0.175848010461777
4414	22.07	-0.0417221239767969	-0.175848010461777
4415	22.075	-0.0404324519913644	-0.175848010461777
4416	22.08	-0.0404324519913644	-0.17713768244721
4417	22.085	-0.0430117959622294	-0.17713768244721
4418	22.09	-0.0417221239767969	-0.17713768244721
4419	22.095	-0.0417221239767969	-0.17713768244721
4420	22.1	-0.0404324519913644	-0.17713768244721
4421	22.105	-0.0430117959622294	-0.17713768244721
4422	22.11	-0.0417221239767969	-0.17713768244721
4423	22.115	-0.0404324519913644	-0.17713768244721
4424	22.12	-0.0404324519913644	-0.17713768244721
4425	22.125	-0.0430117959622294	-0.178427354432642
4426	22.13	-0.0404324519913644	-0.178427354432642
4427	22.135	-0.0417221239767969	-0.178427354432642
4428	22.14	-0.0404324519913644	-0.178427354432642
4429	22.145	-0.0417221239767969	-0.178427354432642
4430	22.15	-0.0443014679476619	-0.178427354432642
4431	22.155	-0.0391427800059319	-0.178427354432642
4432	22.16	-0.0417221239767969	-0.178427354432642
4433	22.165	-0.0417221239767969	-0.178427354432642
4434	22.17	-0.0417221239767969	-0.178427354432642
4435	22.175	-0.0417221239767969	-0.178427354432642
4436	22.18	-0.0391427800059319	-0.179717026418075
4437	22.185	-0.0443014679476619	-0.179717026418075
4438	22.19	-0.0417221239767969	-0.179717026418075
4439	22.195	-0.0417221239767969	-0.179717026418075
4440	22.2	-0.0430117959622294	-0.179717026418075
4441	22.205	-0.0443014679476619	-0.179717026418075
4442	22.21	-0.0430117959622294	-0.181006698403507
4443	22.215	-0.0404324519913644	-0.179717026418075
4444	22.22	-0.0404324519913644	-0.179717026418075
4445	22.225	-0.0430117959622294	-0.181006698403507
4446	22.23	-0.0443014679476619	-0.181006698403507
4447	22.235	-0.0404324519913644	-0.181006698403507
4448	22.24	-0.0417221239767969	-0.181006698403507
4449	22.245	-0.0417221239767969	-0.181006698403507
4450	22.25	-0.0430117959622294	-0.18229637038894
4451	22.255	-0.0430117959622294	-0.181006698403507
4452	22.26	-0.0404324519913644	-0.18229637038894
4453	22.265	-0.0443014679476619	-0.18229637038894
4454	22.27	-0.0443014679476619	-0.18229637038894
4455	22.275	-0.0417221239767969	-0.18229637038894
4456	22.28	-0.0417221239767969	-0.18229637038894
4457	22.285	-0.0417221239767969	-0.18229637038894
4458	22.29	-0.0430117959622294	-0.18229637038894
4459	22.295	-0.0417221239767969	-0.18229637038894
4460	22.3	-0.0443014679476619	-0.183586042374372
4461	22.305	-0.0417221239767969	-0.183586042374372
4462	22.31	-0.0430117959622294	-0.183586042374372
4463	22.315	-0.0430117959622294	-0.183586042374372
4464	22.32	-0.0417221239767969	-0.183586042374372
4465	22.325	-0.0455911399330944	-0.183586042374372
4466	22.33	-0.0430117959622294	-0.183586042374372
4467	22.335	-0.0430117959622294	-0.184875714359805
4468	22.34	-0.0417221239767969	-0.184875714359805
4469	22.345	-0.0430117959622294	-0.184875714359805
4470	22.35	-0.0443014679476619	-0.184875714359805
4471	22.355	-0.0430117959622294	-0.184875714359805
4472	22.36	-0.0430117959622294	-0.184875714359805
4473	22.365	-0.0443014679476619	-0.184875714359805
4474	22.37	-0.0455911399330944	-0.184875714359805
4475	22.375	-0.0417221239767969	-0.186165386345237
4476	22.38	-0.0430117959622294	-0.184875714359805
4477	22.385	-0.0430117959622294	-0.184875714359805
4478	22.39	-0.0443014679476619	-0.184875714359805
4479	22.395	-0.0430117959622294	-0.184875714359805
4480	22.4	-0.0443014679476619	-0.184875714359805
4481	22.405	-0.0443014679476619	-0.186165386345237
4482	22.41	-0.0443014679476619	-0.186165386345237
4483	22.415	-0.0430117959622294	-0.186165386345237
4484	22.42	-0.0417221239767969	-0.186165386345237
4485	22.425	-0.0443014679476619	-0.18745505833067
4486	22.43	-0.0443014679476619	-0.18745505833067
4487	22.435	-0.0443014679476619	-0.18745505833067
4488	22.44	-0.0443014679476619	-0.18745505833067
4489	22.445	-0.0443014679476619	-0.18745505833067
4490	22.45	-0.0430117959622294	-0.18745505833067
4491	22.455	-0.0430117959622294	-0.18745505833067
4492	22.46	-0.0430117959622294	-0.18745505833067
4493	22.465	-0.0443014679476619	-0.18745505833067
4494	22.47	-0.0443014679476619	-0.18745505833067
4495	22.475	-0.0443014679476619	-0.18745505833067
4496	22.48	-0.0443014679476619	-0.188744730316103
4497	22.485	-0.0443014679476619	-0.18745505833067
4498	22.49	-0.0443014679476619	-0.188744730316103
4499	22.495	-0.0443014679476619	-0.188744730316103
4500	22.5	-0.0430117959622294	-0.188744730316103
4501	22.505	-0.0455911399330944	-0.188744730316103
4502	22.51	-0.0455911399330944	-0.188744730316103
4503	22.515	-0.0430117959622294	-0.190034402301535
4504	22.52	-0.0430117959622294	-0.188744730316103
4505	22.525	-0.0468808119185269	-0.190034402301535
4506	22.53	-0.0430117959622294	-0.190034402301535
4507	22.535	-0.0443014679476619	-0.190034402301535
4508	22.54	-0.0430117959622294	-0.190034402301535
4509	22.545	-0.0443014679476619	-0.190034402301535
4510	22.55	-0.0455911399330944	-0.190034402301535
4511	22.555	-0.0443014679476619	-0.190034402301535
4512	22.56	-0.0443014679476619	-0.190034402301535
4513	22.565	-0.0455911399330944	-0.191324074286968
4514	22.57	-0.0468808119185269	-0.191324074286968
4515	22.575	-0.0455911399330944	-0.191324074286968
4516	22.58	-0.0404324519913644	-0.191324074286968
4517	22.585	-0.0455911399330944	-0.191324074286968
4518	22.59	-0.0455911399330944	-0.191324074286968
4519	22.595	-0.0443014679476619	-0.1926137462724
4520	22.6	-0.0455911399330944	-0.191324074286968
4521	22.605	-0.0455911399330944	-0.1926137462724
4522	22.61	-0.0455911399330944	-0.1926137462724
4523	22.615	-0.0455911399330944	-0.1926137462724
4524	22.62	-0.0443014679476619	-0.1926137462724
4525	22.625	-0.0443014679476619	-0.1926137462724
4526	22.63	-0.0468808119185269	-0.1926137462724
4527	22.635	-0.0430117959622294	-0.1926137462724
4528	22.64	-0.0455911399330944	-0.1926137462724
4529	22.645	-0.0443014679476619	-0.193903418257833
4530	22.65	-0.0455911399330944	-0.193903418257833
4531	22.655	-0.0468808119185269	-0.193903418257833
4532	22.66	-0.0468808119185269	-0.193903418257833
4533	22.665	-0.0443014679476619	-0.193903418257833
4534	22.67	-0.0455911399330944	-0.193903418257833
4535	22.675	-0.0430117959622294	-0.193903418257833
4536	22.68	-0.0455911399330944	-0.193903418257833
4537	22.685	-0.0468808119185269	-0.193903418257833
4538	22.69	-0.0443014679476619	-0.193903418257833
4539	22.695	-0.0443014679476619	-0.195193090243265
4540	22.7	-0.0443014679476619	-0.195193090243265
4541	22.705	-0.0468808119185269	-0.195193090243265
4542	22.71	-0.0455911399330944	-0.195193090243265
4543	22.715	-0.0430117959622294	-0.195193090243265
4544	22.72	-0.0443014679476619	-0.195193090243265
4545	22.725	-0.0455911399330944	-0.195193090243265
4546	22.73	-0.0455911399330944	-0.196482762228698
4547	22.735	-0.0468808119185269	-0.196482762228698
4548	22.74	-0.0417221239767969	-0.196482762228698
4549	22.745	-0.0468808119185269	-0.196482762228698
4550	22.75	-0.0468808119185269	-0.196482762228698
4551	22.755	-0.0455911399330944	-0.196482762228698
4552	22.76	-0.0468808119185269	-0.196482762228698
4553	22.765	-0.0468808119185269	-0.196482762228698
4554	22.77	-0.0468808119185269	-0.196482762228698
4555	22.775	-0.0443014679476619	-0.19777243421413
4556	22.78	-0.0443014679476619	-0.196482762228698
4557	22.785	-0.0468808119185269	-0.19777243421413
4558	22.79	-0.0468808119185269	-0.19777243421413
4559	22.795	-0.0455911399330944	-0.19777243421413
4560	22.8	-0.0443014679476619	-0.196482762228698
4561	22.805	-0.0468808119185269	-0.19777243421413
4562	22.81	-0.0468808119185269	-0.19777243421413
4563	22.815	-0.0468808119185269	-0.19777243421413
4564	22.82	-0.0443014679476619	-0.19777243421413
4565	22.825	-0.0481704839039594	-0.19777243421413
4566	22.83	-0.0455911399330944	-0.199062106199563
4567	22.835	-0.0481704839039594	-0.199062106199563
4568	22.84	-0.0443014679476619	-0.199062106199563
4569	22.845	-0.0468808119185269	-0.199062106199563
4570	22.85	-0.0468808119185269	-0.19777243421413
4571	22.855	-0.0455911399330944	-0.199062106199563
4572	22.86	-0.0468808119185269	-0.199062106199563
4573	22.865	-0.0468808119185269	-0.199062106199563
4574	22.87	-0.0468808119185269	-0.199062106199563
4575	22.875	-0.0468808119185269	-0.199062106199563
4576	22.88	-0.0468808119185269	-0.200351778184995
4577	22.885	-0.0455911399330944	-0.200351778184995
4578	22.89	-0.0481704839039594	-0.199062106199563
4579	22.895	-0.0494601558893919	-0.200351778184995
4580	22.9	-0.0443014679476619	-0.200351778184995
4581	22.905	-0.0468808119185269	-0.200351778184995
4582	22.91	-0.0481704839039594	-0.200351778184995
4583	22.915	-0.0481704839039594	-0.200351778184995
4584	22.92	-0.0455911399330944	-0.200351778184995
4585	22.925	-0.0481704839039594	-0.200351778184995
4586	22.93	-0.0468808119185269	-0.201641450170428
4587	22.935	-0.0481704839039594	-0.200351778184995
4588	22.94	-0.0481704839039594	-0.201641450170428
4589	22.945	-0.0481704839039594	-0.201641450170428
4590	22.95	-0.0481704839039594	-0.201641450170428
4591	22.955	-0.0468808119185269	-0.201641450170428
4592	22.96	-0.0443014679476619	-0.201641450170428
4593	22.965	-0.0468808119185269	-0.201641450170428
4594	22.97	-0.0481704839039594	-0.201641450170428
4595	22.975	-0.0468808119185269	-0.20293112215586
4596	22.98	-0.0468808119185269	-0.20293112215586
4597	22.985	-0.0468808119185269	-0.20293112215586
4598	22.99	-0.0468808119185269	-0.20293112215586
4599	22.995	-0.0468808119185269	-0.20293112215586
4600	23	-0.0481704839039594	-0.20293112215586
4601	23.005	-0.0481704839039594	-0.20293112215586
4602	23.01	-0.0507498278748244	-0.20293112215586
4603	23.015	-0.0481704839039594	-0.20293112215586
4604	23.02	-0.0481704839039594	-0.20293112215586
4605	23.025	-0.0481704839039594	-0.204220794141293
4606	23.03	-0.0507498278748244	-0.204220794141293
4607	23.035	-0.0481704839039594	-0.204220794141293
4608	23.04	-0.0481704839039594	-0.204220794141293
4609	23.045	-0.0481704839039594	-0.204220794141293
4610	23.05	-0.0481704839039594	-0.204220794141293
4611	23.055	-0.0481704839039594	-0.205510466126725
4612	23.06	-0.0481704839039594	-0.204220794141293
4613	23.065	-0.0443014679476619	-0.205510466126725
4614	23.07	-0.0468808119185269	-0.205510466126725
4615	23.075	-0.0481704839039594	-0.205510466126725
4616	23.08	-0.0494601558893919	-0.205510466126725
4617	23.085	-0.0494601558893919	-0.205510466126725
4618	23.09	-0.0507498278748244	-0.205510466126725
4619	23.095	-0.0481704839039594	-0.205510466126725
4620	23.1	-0.0468808119185269	-0.206800138112158
4621	23.105	-0.0481704839039594	-0.205510466126725
4622	23.11	-0.0507498278748244	-0.206800138112158
4623	23.115	-0.0494601558893919	-0.206800138112158
4624	23.12	-0.0481704839039594	-0.206800138112158
4625	23.125	-0.0494601558893919	-0.206800138112158
4626	23.13	-0.0481704839039594	-0.206800138112158
4627	23.135	-0.0494601558893919	-0.206800138112158
4628	23.14	-0.0481704839039594	-0.206800138112158
4629	23.145	-0.0494601558893919	-0.20808981009759
4630	23.15	-0.0520394998602569	-0.20808981009759
4631	23.155	-0.0507498278748244	-0.206800138112158
4632	23.16	-0.0494601558893919	-0.20808981009759
4633	23.165	-0.0507498278748244	-0.20808981009759
4634	23.17	-0.0494601558893919	-0.20808981009759
4635	23.175	-0.0494601558893919	-0.20808981009759
4636	23.18	-0.0481704839039594	-0.20808981009759
4637	23.185	-0.0494601558893919	-0.20808981009759
4638	23.19	-0.0494601558893919	-0.209379482083023
4639	23.195	-0.0494601558893919	-0.209379482083023
4640	23.2	-0.0494601558893919	-0.209379482083023
4641	23.205	-0.0507498278748244	-0.209379482083023
4642	23.21	-0.0507498278748244	-0.209379482083023
4643	23.215	-0.0494601558893919	-0.209379482083023
4644	23.22	-0.0494601558893919	-0.209379482083023
4645	23.225	-0.0507498278748244	-0.209379482083023
4646	23.23	-0.0507498278748244	-0.209379482083023
4647	23.235	-0.0507498278748244	-0.210669154068455
4648	23.24	-0.0494601558893919	-0.209379482083023
4649	23.245	-0.0520394998602569	-0.210669154068455
4650	23.25	-0.0507498278748244	-0.210669154068455
4651	23.255	-0.0507498278748244	-0.210669154068455
4652	23.26	-0.0481704839039594	-0.210669154068455
4653	23.265	-0.0520394998602569	-0.210669154068455
4654	23.27	-0.0507498278748244	-0.211958826053888
4655	23.275	-0.0520394998602569	-0.210669154068455
4656	23.28	-0.0507498278748244	-0.210669154068455
4657	23.285	-0.0520394998602569	-0.211958826053888
4658	23.29	-0.0546188438311219	-0.211958826053888
4659	23.295	-0.0494601558893919	-0.211958826053888
4660	23.3	-0.0520394998602569	-0.211958826053888
4661	23.305	-0.0533291718456894	-0.211958826053888
4662	23.31	-0.0533291718456894	-0.211958826053888
4663	23.315	-0.0520394998602569	-0.211958826053888
4664	23.32	-0.0533291718456894	-0.211958826053888
4665	23.325	-0.0533291718456894	-0.211958826053888
4666	23.33	-0.0546188438311219	-0.21324849803932
4667	23.335	-0.0533291718456894	-0.21324849803932
4668	23.34	-0.0546188438311219	-0.21324849803932
4669	23.345	-0.0546188438311219	-0.21324849803932
4670	23.35	-0.0533291718456894	-0.21324849803932
4671	23.355	-0.0533291718456894	-0.21324849803932
4672	23.36	-0.0533291718456894	-0.21324849803932
4673	23.365	-0.0533291718456894	-0.21324849803932
4674	23.37	-0.0533291718456894	-0.21324849803932
4675	23.375	-0.0520394998602569	-0.21324849803932
4676	23.38	-0.0533291718456894	-0.214538170024753
4677	23.385	-0.0533291718456894	-0.214538170024753
4678	23.39	-0.0571981878019869	-0.214538170024753
4679	23.395	-0.0533291718456894	-0.214538170024753
4680	23.4	-0.0533291718456894	-0.214538170024753
4681	23.405	-0.0546188438311219	-0.214538170024753
4682	23.41	-0.0546188438311219	-0.214538170024753
4683	23.415	-0.0533291718456894	-0.214538170024753
4684	23.42	-0.0533291718456894	-0.214538170024753
4685	23.425	-0.0533291718456894	-0.214538170024753
4686	23.43	-0.0546188438311219	-0.214538170024753
4687	23.435	-0.0533291718456894	-0.214538170024753
4688	23.44	-0.0533291718456894	-0.215827842010185
4689	23.445	-0.0546188438311219	-0.215827842010185
4690	23.45	-0.0546188438311219	-0.215827842010185
4691	23.455	-0.0533291718456894	-0.215827842010185
4692	23.46	-0.0533291718456894	-0.215827842010185
4693	23.465	-0.0533291718456894	-0.215827842010185
4694	23.47	-0.0546188438311219	-0.215827842010185
4695	23.475	-0.0520394998602569	-0.217117513995618
4696	23.48	-0.0520394998602569	-0.217117513995618
4697	23.485	-0.0546188438311219	-0.215827842010185
4698	23.49	-0.0546188438311219	-0.217117513995618
4699	23.495	-0.0533291718456894	-0.217117513995618
4700	23.5	-0.0559085158165544	-0.215827842010185
4701	23.505	-0.0520394998602569	-0.217117513995618
4702	23.51	-0.0559085158165544	-0.215827842010185
4703	23.515	-0.0520394998602569	-0.217117513995618
4704	23.52	-0.0559085158165544	-0.217117513995618
4705	23.525	-0.0533291718456894	-0.217117513995618
4706	23.53	-0.0559085158165544	-0.217117513995618
4707	23.535	-0.0546188438311219	-0.217117513995618
4708	23.54	-0.0520394998602569	-0.217117513995618
4709	23.545	-0.0533291718456894	-0.21840718598105
4710	23.55	-0.0546188438311219	-0.21840718598105
4711	23.555	-0.0533291718456894	-0.21840718598105
4712	23.56	-0.0546188438311219	-0.21840718598105
4713	23.565	-0.0546188438311219	-0.21840718598105
4714	23.57	-0.0533291718456894	-0.21840718598105
4715	23.575	-0.0533291718456894	-0.21840718598105
4716	23.58	-0.0533291718456894	-0.21840718598105
4717	23.585	-0.0533291718456894	-0.21840718598105
4718	23.59	-0.0546188438311219	-0.21840718598105
4719	23.595	-0.0533291718456894	-0.21840718598105
4720	23.6	-0.0559085158165544	-0.219696857966483
4721	23.605	-0.0533291718456894	-0.219696857966483
4722	23.61	-0.0546188438311219	-0.219696857966483
4723	23.615	-0.0546188438311219	-0.219696857966483
4724	23.62	-0.0520394998602569	-0.219696857966483
4725	23.625	-0.0533291718456894	-0.219696857966483
4726	23.63	-0.0559085158165544	-0.219696857966483
4727	23.635	-0.0520394998602569	-0.219696857966483
4728	23.64	-0.0546188438311219	-0.219696857966483
4729	23.645	-0.0533291718456894	-0.220986529951915
4730	23.65	-0.0546188438311219	-0.219696857966483
4731	23.655	-0.0520394998602569	-0.220986529951915
4732	23.66	-0.0520394998602569	-0.219696857966483
4733	23.665	-0.0559085158165544	-0.220986529951915
4734	23.67	-0.0520394998602569	-0.220986529951915
4735	23.675	-0.0507498278748244	-0.220986529951915
4736	23.68	-0.0533291718456894	-0.220986529951915
4737	23.685	-0.0546188438311219	-0.220986529951915
4738	23.69	-0.0533291718456894	-0.222276201937348
4739	23.695	-0.0533291718456894	-0.220986529951915
4740	23.7	-0.0533291718456894	-0.220986529951915
4741	23.705	-0.0533291718456894	-0.222276201937348
4742	23.71	-0.0546188438311219	-0.222276201937348
4743	23.715	-0.0533291718456894	-0.222276201937348
4744	23.72	-0.0533291718456894	-0.222276201937348
4745	23.725	-0.0533291718456894	-0.222276201937348
4746	23.73	-0.0546188438311219	-0.222276201937348
4747	23.735	-0.0507498278748244	-0.222276201937348
4748	23.74	-0.0507498278748244	-0.222276201937348
4749	23.745	-0.0533291718456894	-0.222276201937348
4750	23.75	-0.0520394998602569	-0.222276201937348
4751	23.755	-0.0520394998602569	-0.222276201937348
4752	23.76	-0.0520394998602569	-0.22356587392278
4753	23.765	-0.0520394998602569	-0.222276201937348
4754	23.77	-0.0507498278748244	-0.222276201937348
4755	23.775	-0.0533291718456894	-0.22356587392278
4756	23.78	-0.0533291718456894	-0.22356587392278
4757	23.785	-0.0507498278748244	-0.22356587392278
4758	23.79	-0.0520394998602569	-0.22356587392278
4759	23.795	-0.0520394998602569	-0.224855545908213
4760	23.8	-0.0533291718456894	-0.22356587392278
4761	23.805	-0.0546188438311219	-0.22356587392278
4762	23.81	-0.0546188438311219	-0.22356587392278
4763	23.815	-0.0533291718456894	-0.22356587392278
4764	23.82	-0.0533291718456894	-0.224855545908213
4765	23.825	-0.0533291718456894	-0.224855545908213
4766	23.83	-0.0507498278748244	-0.224855545908213
4767	23.835	-0.0533291718456894	-0.224855545908213
4768	23.84	-0.0507498278748244	-0.224855545908213
4769	23.845	-0.0520394998602569	-0.224855545908213
4770	23.85	-0.0533291718456894	-0.224855545908213
4771	23.855	-0.0533291718456894	-0.224855545908213
4772	23.86	-0.0520394998602569	-0.224855545908213
4773	23.865	-0.0533291718456894	-0.226145217893645
4774	23.87	-0.0533291718456894	-0.226145217893645
4775	23.875	-0.0507498278748244	-0.226145217893645
4776	23.88	-0.0533291718456894	-0.226145217893645
4777	23.885	-0.0520394998602569	-0.226145217893645
4778	23.89	-0.0533291718456894	-0.226145217893645
4779	23.895	-0.0520394998602569	-0.226145217893645
4780	23.9	-0.0520394998602569	-0.226145217893645
4781	23.905	-0.0546188438311219	-0.226145217893645
4782	23.91	-0.0520394998602569	-0.226145217893645
4783	23.915	-0.0546188438311219	-0.227434889879078
4784	23.92	-0.0546188438311219	-0.227434889879078
4785	23.925	-0.0533291718456894	-0.227434889879078
4786	23.93	-0.0546188438311219	-0.227434889879078
4787	23.935	-0.0520394998602569	-0.227434889879078
4788	23.94	-0.0546188438311219	-0.227434889879078
4789	23.945	-0.0546188438311219	-0.227434889879078
4790	23.95	-0.0571981878019869	-0.227434889879078
4791	23.955	-0.0520394998602569	-0.227434889879078
4792	23.96	-0.0520394998602569	-0.22872456186451
4793	23.965	-0.0546188438311219	-0.22872456186451
4794	23.97	-0.0559085158165544	-0.22872456186451
4795	23.975	-0.0546188438311219	-0.22872456186451
4796	23.98	-0.0546188438311219	-0.22872456186451
4797	23.985	-0.0559085158165544	-0.22872456186451
4798	23.99	-0.0546188438311219	-0.22872456186451
4799	23.995	-0.0533291718456894	-0.22872456186451
4800	24	-0.0520394998602569	-0.22872456186451
4801	24.005	-0.0559085158165544	-0.230014233849943
4802	24.01	-0.0597775317728519	-0.22872456186451
4803	24.015	-0.0571981878019869	-0.230014233849943
4804	24.02	-0.0571981878019869	-0.230014233849943
4805	24.025	-0.0571981878019869	-0.230014233849943
4806	24.03	-0.0559085158165544	-0.230014233849943
4807	24.035	-0.0571981878019869	-0.230014233849943
4808	24.04	-0.0559085158165544	-0.230014233849943
4809	24.045	-0.0597775317728519	-0.230014233849943
4810	24.05	-0.0571981878019869	-0.231303905835375
4811	24.055	-0.0584878597874194	-0.230014233849943
4812	24.06	-0.0571981878019869	-0.230014233849943
4813	24.065	-0.0584878597874194	-0.231303905835375
4814	24.07	-0.0584878597874194	-0.231303905835375
4815	24.075	-0.0597775317728519	-0.231303905835375
4816	24.08	-0.0559085158165544	-0.230014233849943
4817	24.085	-0.0597775317728519	-0.232593577820808
4818	24.09	-0.0584878597874194	-0.231303905835375
4819	24.095	-0.0571981878019869	-0.231303905835375
4820	24.1	-0.0597775317728519	-0.232593577820808
4821	24.105	-0.0610672037582844	-0.231303905835375
4822	24.11	-0.0597775317728519	-0.232593577820808
4823	24.115	-0.0597775317728519	-0.232593577820808
4824	24.12	-0.0597775317728519	-0.232593577820808
4825	24.125	-0.0610672037582844	-0.232593577820808
4826	24.13	-0.062356875743717	-0.232593577820808
4827	24.135	-0.0597775317728519	-0.232593577820808
4828	24.14	-0.0597775317728519	-0.232593577820808
4829	24.145	-0.0610672037582844	-0.232593577820808
4830	24.15	-0.0584878597874194	-0.232593577820808
4831	24.155	-0.0597775317728519	-0.232593577820808
4832	24.16	-0.0597775317728519	-0.23388324980624
4833	24.165	-0.0610672037582844	-0.23388324980624
4834	24.17	-0.0597775317728519	-0.23388324980624
4835	24.175	-0.0584878597874194	-0.23388324980624
4836	24.18	-0.0610672037582844	-0.235172921791673
4837	24.185	-0.0597775317728519	-0.23388324980624
4838	24.19	-0.0584878597874194	-0.235172921791673
4839	24.195	-0.0597775317728519	-0.235172921791673
4840	24.2	-0.0610672037582844	-0.23388324980624
4841	24.205	-0.0597775317728519	-0.235172921791673
4842	24.21	-0.0597775317728519	-0.235172921791673
4843	24.215	-0.0610672037582844	-0.235172921791673
4844	24.22	-0.0584878597874194	-0.235172921791673
4845	24.225	-0.0571981878019869	-0.235172921791673
4846	24.23	-0.0597775317728519	-0.236462593777105
4847	24.235	-0.0571981878019869	-0.236462593777105
4848	24.24	-0.0571981878019869	-0.236462593777105
4849	24.245	-0.0597775317728519	-0.235172921791673
4850	24.25	-0.0610672037582844	-0.235172921791673
4851	24.255	-0.0571981878019869	-0.236462593777105
4852	24.26	-0.0610672037582844	-0.236462593777105
4853	24.265	-0.0584878597874194	-0.236462593777105
4854	24.27	-0.0610672037582844	-0.236462593777105
4855	24.275	-0.0597775317728519	-0.236462593777105
4856	24.28	-0.0610672037582844	-0.237752265762538
4857	24.285	-0.0610672037582844	-0.237752265762538
4858	24.29	-0.0584878597874194	-0.237752265762538
4859	24.295	-0.0584878597874194	-0.237752265762538
4860	24.3	-0.0610672037582844	-0.237752265762538
4861	24.305	-0.062356875743717	-0.237752265762538
4862	24.31	-0.0597775317728519	-0.237752265762538
4863	24.315	-0.0597775317728519	-0.237752265762538
4864	24.32	-0.0597775317728519	-0.237752265762538
4865	24.325	-0.0597775317728519	-0.237752265762538
4866	24.33	-0.0584878597874194	-0.237752265762538
4867	24.335	-0.0610672037582844	-0.23904193774797
4868	24.34	-0.0597775317728519	-0.23904193774797
4869	24.345	-0.0597775317728519	-0.23904193774797
4870	24.35	-0.0584878597874194	-0.23904193774797
4871	24.355	-0.0584878597874194	-0.23904193774797
4872	24.36	-0.0559085158165544	-0.240331609733403
4873	24.365	-0.0597775317728519	-0.240331609733403
4874	24.37	-0.0584878597874194	-0.240331609733403
4875	24.375	-0.0559085158165544	-0.240331609733403
4876	24.38	-0.0571981878019869	-0.240331609733403
4877	24.385	-0.0584878597874194	-0.240331609733403
4878	24.39	-0.0584878597874194	-0.240331609733403
4879	24.395	-0.0597775317728519	-0.240331609733403
4880	24.4	-0.0584878597874194	-0.240331609733403
4881	24.405	-0.0584878597874194	-0.240331609733403
4882	24.41	-0.0584878597874194	-0.240331609733403
4883	24.415	-0.0597775317728519	-0.241621281718835
4884	24.42	-0.0571981878019869	-0.241621281718835
4885	24.425	-0.0584878597874194	-0.241621281718835
4886	24.43	-0.062356875743717	-0.241621281718835
4887	24.435	-0.0571981878019869	-0.241621281718835
4888	24.44	-0.0559085158165544	-0.241621281718835
4889	24.445	-0.0571981878019869	-0.241621281718835
4890	24.45	-0.0571981878019869	-0.241621281718835
4891	24.455	-0.0571981878019869	-0.241621281718835
4892	24.46	-0.0559085158165544	-0.242910953704268
4893	24.465	-0.0584878597874194	-0.241621281718835
4894	24.47	-0.0571981878019869	-0.242910953704268
4895	24.475	-0.0559085158165544	-0.242910953704268
4896	24.48	-0.0559085158165544	-0.242910953704268
4897	24.485	-0.0546188438311219	-0.242910953704268
4898	24.49	-0.0584878597874194	-0.242910953704268
4899	24.495	-0.0584878597874194	-0.242910953704268
4900	24.5	-0.0546188438311219	-0.242910953704268
4901	24.505	-0.0533291718456894	-0.242910953704268
4902	24.51	-0.0559085158165544	-0.242910953704268
4903	24.515	-0.0559085158165544	-0.2442006256897
4904	24.52	-0.0571981878019869	-0.2442006256897
4905	24.525	-0.0559085158165544	-0.2442006256897
4906	24.53	-0.0546188438311219	-0.2442006256897
4907	24.535	-0.0571981878019869	-0.2442006256897
4908	24.54	-0.0533291718456894	-0.245490297675133
4909	24.545	-0.0546188438311219	-0.2442006256897
4910	24.55	-0.0571981878019869	-0.2442006256897
4911	24.555	-0.0533291718456894	-0.2442006256897
4912	24.56	-0.0533291718456894	-0.245490297675133
4913	24.565	-0.0559085158165544	-0.245490297675133
4914	24.57	-0.0571981878019869	-0.245490297675133
4915	24.575	-0.0546188438311219	-0.246779969660565
4916	24.58	-0.0520394998602569	-0.245490297675133
4917	24.585	-0.0559085158165544	-0.246779969660565
4918	24.59	-0.0571981878019869	-0.246779969660565
4919	24.595	-0.0559085158165544	-0.245490297675133
4920	24.6	-0.0520394998602569	-0.246779969660565
4921	24.605	-0.0533291718456894	-0.246779969660565
4922	24.61	-0.0571981878019869	-0.246779969660565
4923	24.615	-0.0533291718456894	-0.246779969660565
4924	24.62	-0.0559085158165544	-0.246779969660565
4925	24.625	-0.0533291718456894	-0.246779969660565
4926	24.63	-0.0571981878019869	-0.246779969660565
4927	24.635	-0.0533291718456894	-0.246779969660565
4928	24.64	-0.0533291718456894	-0.246779969660565
4929	24.645	-0.0559085158165544	-0.248069641645998
4930	24.65	-0.0571981878019869	-0.248069641645998
4931	24.655	-0.0546188438311219	-0.248069641645998
4932	24.66	-0.0546188438311219	-0.248069641645998
4933	24.665	-0.0533291718456894	-0.248069641645998
4934	24.67	-0.0546188438311219	-0.248069641645998
4935	24.675	-0.0584878597874194	-0.248069641645998
4936	24.68	-0.0533291718456894	-0.24935931363143
4937	24.685	-0.0520394998602569	-0.248069641645998
4938	24.69	-0.0546188438311219	-0.24935931363143
4939	24.695	-0.0559085158165544	-0.24935931363143
4940	24.7	-0.0533291718456894	-0.24935931363143
4941	24.705	-0.0533291718456894	-0.24935931363143
4942	24.71	-0.0559085158165544	-0.24935931363143
4943	24.715	-0.0533291718456894	-0.24935931363143
4944	24.72	-0.0533291718456894	-0.250648985616863
4945	24.725	-0.0559085158165544	-0.24935931363143
4946	24.73	-0.0559085158165544	-0.24935931363143
4947	24.735	-0.0546188438311219	-0.250648985616863
4948	24.74	-0.0520394998602569	-0.250648985616863
4949	24.745	-0.0533291718456894	-0.250648985616863
4950	24.75	-0.0559085158165544	-0.250648985616863
4951	24.755	-0.0520394998602569	-0.250648985616863
4952	24.76	-0.0546188438311219	-0.250648985616863
4953	24.765	-0.0546188438311219	-0.24935931363143
4954	24.77	-0.0546188438311219	-0.250648985616863
4955	24.775	-0.0546188438311219	-0.250648985616863
4956	24.78	-0.0559085158165544	-0.251938657602295
4957	24.785	-0.0546188438311219	-0.250648985616863
4958	24.79	-0.0559085158165544	-0.250648985616863
4959	24.795	-0.0559085158165544	-0.251938657602295
4960	24.8	-0.0520394998602569	-0.250648985616863
4961	24.805	-0.0533291718456894	-0.250648985616863
4962	24.81	-0.0571981878019869	-0.251938657602295
4963	24.815	-0.0559085158165544	-0.251938657602295
4964	24.82	-0.0559085158165544	-0.251938657602295
4965	24.825	-0.0533291718456894	-0.251938657602295
4966	24.83	-0.0546188438311219	-0.251938657602295
4967	24.835	-0.0546188438311219	-0.253228329587728
4968	24.84	-0.0546188438311219	-0.253228329587728
4969	24.845	-0.0571981878019869	-0.253228329587728
4970	24.85	-0.0533291718456894	-0.253228329587728
4971	24.855	-0.0559085158165544	-0.253228329587728
4972	24.86	-0.0533291718456894	-0.251938657602295
4973	24.865	-0.0559085158165544	-0.253228329587728
4974	24.87	-0.0559085158165544	-0.253228329587728
4975	24.875	-0.0559085158165544	-0.253228329587728
4976	24.88	-0.0533291718456894	-0.253228329587728
4977	24.885	-0.0533291718456894	-0.253228329587728
4978	24.89	-0.0559085158165544	-0.25451800157316
4979	24.895	-0.0559085158165544	-0.253228329587728
4980	24.9	-0.0520394998602569	-0.25451800157316
4981	24.905	-0.0533291718456894	-0.25451800157316
4982	24.91	-0.0546188438311219	-0.253228329587728
4983	24.915	-0.0546188438311219	-0.25451800157316
4984	24.92	-0.0559085158165544	-0.25451800157316
4985	24.925	-0.0559085158165544	-0.25451800157316
4986	24.93	-0.0559085158165544	-0.25451800157316
4987	24.935	-0.0546188438311219	-0.25451800157316
4988	24.94	-0.0546188438311219	-0.25451800157316
4989	24.945	-0.0584878597874194	-0.255807673558593
4990	24.95	-0.0571981878019869	-0.25451800157316
4991	24.955	-0.0571981878019869	-0.255807673558593
4992	24.96	-0.0533291718456894	-0.255807673558593
4993	24.965	-0.0571981878019869	-0.255807673558593
4994	24.97	-0.0533291718456894	-0.255807673558593
4995	24.975	-0.0571981878019869	-0.255807673558593
4996	24.98	-0.0520394998602569	-0.255807673558593
4997	24.985	-0.0559085158165544	-0.255807673558593
4998	24.99	-0.0571981878019869	-0.255807673558593
4999	24.995	-0.0559085158165544	-0.255807673558593
5000	25	-0.0546188438311219	-0.255807673558593
5001	25.005	-0.0546188438311219	-0.257097345544025
5002	25.01	-0.0571981878019869	-0.257097345544025
5003	25.015	-0.0533291718456894	-0.257097345544025
5004	25.02	-0.0546188438311219	-0.255807673558593
5005	25.025	-0.0546188438311219	-0.257097345544025
5006	25.03	-0.0559085158165544	-0.257097345544025
5007	25.035	-0.0559085158165544	-0.255807673558593
5008	25.04	-0.0546188438311219	-0.257097345544025
5009	25.045	-0.0559085158165544	-0.257097345544025
5010	25.05	-0.0571981878019869	-0.257097345544025
5011	25.055	-0.0559085158165544	-0.258387017529458
5012	25.06	-0.0533291718456894	-0.257097345544025
5013	25.065	-0.0571981878019869	-0.258387017529458
5014	25.07	-0.0559085158165544	-0.258387017529458
5015	25.075	-0.0559085158165544	-0.258387017529458
5016	25.08	-0.0546188438311219	-0.257097345544025
5017	25.085	-0.0546188438311219	-0.258387017529458
5018	25.09	-0.0571981878019869	-0.258387017529458
5019	25.095	-0.0546188438311219	-0.25967668951489
5020	25.1	-0.0559085158165544	-0.25967668951489
5021	25.105	-0.0546188438311219	-0.258387017529458
5022	25.11	-0.0559085158165544	-0.25967668951489
5023	25.115	-0.0546188438311219	-0.258387017529458
5024	25.12	-0.0520394998602569	-0.25967668951489
5025	25.125	-0.0559085158165544	-0.258387017529458
5026	25.13	-0.0571981878019869	-0.25967668951489
5027	25.135	-0.0571981878019869	-0.25967668951489
5028	25.14	-0.0546188438311219	-0.25967668951489
5029	25.145	-0.0571981878019869	-0.25967668951489
5030	25.15	-0.0559085158165544	-0.25967668951489
5031	25.155	-0.0584878597874194	-0.25967668951489
5032	25.16	-0.0559085158165544	-0.25967668951489
5033	25.165	-0.0559085158165544	-0.25967668951489
5034	25.17	-0.0571981878019869	-0.260966361500323
5035	25.175	-0.0559085158165544	-0.260966361500323
5036	25.18	-0.0546188438311219	-0.260966361500323
5037	25.185	-0.0597775317728519	-0.25967668951489
5038	25.19	-0.0584878597874194	-0.260966361500323
5039	25.195	-0.0559085158165544	-0.260966361500323
5040	25.2	-0.0559085158165544	-0.260966361500323
5041	25.205	-0.0584878597874194	-0.262256033485755
5042	25.21	-0.0559085158165544	-0.260966361500323
5043	25.215	-0.0571981878019869	-0.262256033485755
5044	25.22	-0.0546188438311219	-0.260966361500323
5045	25.225	-0.0546188438311219	-0.260966361500323
5046	25.23	-0.0571981878019869	-0.262256033485755
5047	25.235	-0.0571981878019869	-0.262256033485755
5048	25.24	-0.0559085158165544	-0.262256033485755
5049	25.245	-0.0559085158165544	-0.262256033485755
5050	25.25	-0.0571981878019869	-0.262256033485755
5051	25.255	-0.0559085158165544	-0.262256033485755
5052	25.26	-0.0559085158165544	-0.262256033485755
5053	25.265	-0.0571981878019869	-0.262256033485755
5054	25.27	-0.0559085158165544	-0.262256033485755
5055	25.275	-0.0571981878019869	-0.262256033485755
5056	25.28	-0.0546188438311219	-0.262256033485755
5057	25.285	-0.0559085158165544	-0.263545705471188
5058	25.29	-0.0571981878019869	-0.263545705471188
5059	25.295	-0.0584878597874194	-0.263545705471188
5060	25.3	-0.0546188438311219	-0.263545705471188
5061	25.305	-0.0559085158165544	-0.263545705471188
5062	25.31	-0.0571981878019869	-0.263545705471188
5063	25.315	-0.0546188438311219	-0.263545705471188
5064	25.32	-0.0559085158165544	-0.263545705471188
5065	25.325	-0.0571981878019869	-0.263545705471188
5066	25.33	-0.0559085158165544	-0.26483537745662
5067	25.335	-0.0546188438311219	-0.263545705471188
5068	25.34	-0.0546188438311219	-0.26483537745662
5069	25.345	-0.0546188438311219	-0.26483537745662
5070	25.35	-0.0597775317728519	-0.26483537745662
5071	25.355	-0.0533291718456894	-0.26483537745662
5072	25.36	-0.0559085158165544	-0.26483537745662
5073	25.365	-0.0546188438311219	-0.26483537745662
5074	25.37	-0.0571981878019869	-0.26483537745662
5075	25.375	-0.0546188438311219	-0.266125049442053
5076	25.38	-0.0546188438311219	-0.26483537745662
5077	25.385	-0.0559085158165544	-0.266125049442053
5078	25.39	-0.0559085158165544	-0.26483537745662
5079	25.395	-0.0571981878019869	-0.266125049442053
5080	25.4	-0.0533291718456894	-0.266125049442053
5081	25.405	-0.0533291718456894	-0.266125049442053
5082	25.41	-0.0546188438311219	-0.266125049442053
5083	25.415	-0.0546188438311219	-0.266125049442053
5084	25.42	-0.0533291718456894	-0.266125049442053
5085	25.425	-0.0546188438311219	-0.26483537745662
5086	25.43	-0.0559085158165544	-0.266125049442053
5087	25.435	-0.0533291718456894	-0.266125049442053
5088	25.44	-0.0533291718456894	-0.266125049442053
5089	25.445	-0.0533291718456894	-0.267414721427485
5090	25.45	-0.0533291718456894	-0.266125049442053
5091	25.455	-0.0533291718456894	-0.267414721427485
5092	25.46	-0.0481704839039594	-0.267414721427485
5093	25.465	-0.0546188438311219	-0.267414721427485
5094	25.47	-0.0546188438311219	-0.267414721427485
5095	25.475	-0.0507498278748244	-0.267414721427485
5096	25.48	-0.0520394998602569	-0.267414721427485
5097	25.485	-0.0520394998602569	-0.267414721427485
5098	25.49	-0.0520394998602569	-0.267414721427485
5099	25.495	-0.0520394998602569	-0.268704393412918
5100	25.5	-0.0533291718456894	-0.268704393412918
5101	25.505	-0.0520394998602569	-0.268704393412918
5102	25.51	-0.0520394998602569	-0.268704393412918
5103	25.515	-0.0520394998602569	-0.268704393412918
5104	25.52	-0.0494601558893919	-0.268704393412918
5105	25.525	-0.0507498278748244	-0.268704393412918
5106	25.53	-0.0507498278748244	-0.268704393412918
5107	25.535	-0.0507498278748244	-0.26999406539835
5108	25.54	-0.0481704839039594	-0.268704393412918
5109	25.545	-0.0494601558893919	-0.26999406539835
5110	25.55	-0.0507498278748244	-0.26999406539835
5111	25.555	-0.0481704839039594	-0.26999406539835
5112	25.56	-0.0481704839039594	-0.26999406539835
5113	25.565	-0.0520394998602569	-0.26999406539835
5114	25.57	-0.0481704839039594	-0.26999406539835
5115	25.575	-0.0494601558893919	-0.26999406539835
5116	25.58	-0.0468808119185269	-0.271283737383783
5117	25.585	-0.0481704839039594	-0.271283737383783
5118	25.59	-0.0494601558893919	-0.26999406539835
5119	25.595	-0.0481704839039594	-0.271283737383783
5120	25.6	-0.0494601558893919	-0.271283737383783
5121	25.605	-0.0494601558893919	-0.271283737383783
5122	25.61	-0.0507498278748244	-0.271283737383783
5123	25.615	-0.0481704839039594	-0.271283737383783
5124	25.62	-0.0481704839039594	-0.271283737383783
5125	25.625	-0.0494601558893919	-0.272573409369215
5126	25.63	-0.0507498278748244	-0.271283737383783
5127	25.635	-0.0468808119185269	-0.272573409369215
5128	25.64	-0.0455911399330944	-0.271283737383783
5129	25.645	-0.0468808119185269	-0.272573409369215
5130	25.65	-0.0468808119185269	-0.272573409369215
5131	25.655	-0.0468808119185269	-0.272573409369215
5132	25.66	-0.0468808119185269	-0.272573409369215
5133	25.665	-0.0481704839039594	-0.272573409369215
5134	25.67	-0.0481704839039594	-0.272573409369215
5135	25.675	-0.0455911399330944	-0.272573409369215
5136	25.68	-0.0443014679476619	-0.273863081354648
5137	25.685	-0.0455911399330944	-0.273863081354648
5138	25.69	-0.0468808119185269	-0.273863081354648
5139	25.695	-0.0455911399330944	-0.273863081354648
5140	25.7	-0.0455911399330944	-0.273863081354648
5141	25.705	-0.0443014679476619	-0.273863081354648
5142	25.71	-0.0481704839039594	-0.273863081354648
5143	25.715	-0.0455911399330944	-0.273863081354648
5144	25.72	-0.0455911399330944	-0.27515275334008
5145	25.725	-0.0443014679476619	-0.273863081354648
5146	25.73	-0.0468808119185269	-0.27515275334008
5147	25.735	-0.0455911399330944	-0.273863081354648
5148	25.74	-0.0455911399330944	-0.273863081354648
5149	25.745	-0.0455911399330944	-0.27515275334008
5150	25.75	-0.0455911399330944	-0.27515275334008
5151	25.755	-0.0468808119185269	-0.276442425325513
5152	25.76	-0.0443014679476619	-0.27515275334008
5153	25.765	-0.0455911399330944	-0.27515275334008
5154	25.77	-0.0455911399330944	-0.276442425325513
5155	25.775	-0.0455911399330944	-0.276442425325513
5156	25.78	-0.0430117959622294	-0.276442425325513
5157	25.785	-0.0468808119185269	-0.276442425325513
5158	25.79	-0.0468808119185269	-0.276442425325513
5159	25.795	-0.0455911399330944	-0.277732097310945
5160	25.8	-0.0455911399330944	-0.277732097310945
5161	25.805	-0.0468808119185269	-0.276442425325513
5162	25.81	-0.0468808119185269	-0.277732097310945
5163	25.815	-0.0455911399330944	-0.277732097310945
5164	25.82	-0.0443014679476619	-0.277732097310945
5165	25.825	-0.0430117959622294	-0.277732097310945
5166	25.83	-0.0468808119185269	-0.277732097310945
5167	25.835	-0.0443014679476619	-0.277732097310945
5168	25.84	-0.0455911399330944	-0.277732097310945
5169	25.845	-0.0468808119185269	-0.279021769296378
5170	25.85	-0.0468808119185269	-0.277732097310945
5171	25.855	-0.0443014679476619	-0.279021769296378
5172	25.86	-0.0455911399330944	-0.279021769296378
5173	25.865	-0.0468808119185269	-0.279021769296378
5174	25.87	-0.0455911399330944	-0.279021769296378
5175	25.875	-0.0468808119185269	-0.279021769296378
5176	25.88	-0.0443014679476619	-0.279021769296378
5177	25.885	-0.0430117959622294	-0.28031144128181
5178	25.89	-0.0468808119185269	-0.279021769296378
5179	25.895	-0.0455911399330944	-0.28031144128181
5180	25.9	-0.0443014679476619	-0.28031144128181
5181	25.905	-0.0443014679476619	-0.28031144128181
5182	25.91	-0.0468808119185269	-0.28031144128181
5183	25.915	-0.0443014679476619	-0.281601113267243
5184	25.92	-0.0455911399330944	-0.28031144128181
5185	25.925	-0.0481704839039594	-0.28031144128181
5186	25.93	-0.0481704839039594	-0.281601113267243
5187	25.935	-0.0481704839039594	-0.281601113267243
5188	25.94	-0.0468808119185269	-0.281601113267243
5189	25.945	-0.0455911399330944	-0.281601113267243
5190	25.95	-0.0468808119185269	-0.281601113267243
5191	25.955	-0.0468808119185269	-0.281601113267243
5192	25.96	-0.0443014679476619	-0.281601113267243
5193	25.965	-0.0468808119185269	-0.282890785252675
5194	25.97	-0.0468808119185269	-0.282890785252675
5195	25.975	-0.0468808119185269	-0.282890785252675
5196	25.98	-0.0455911399330944	-0.282890785252675
5197	25.985	-0.0455911399330944	-0.282890785252675
5198	25.99	-0.0455911399330944	-0.282890785252675
5199	25.995	-0.0468808119185269	-0.282890785252675
5200	26	-0.0468808119185269	-0.282890785252675
5201	26.005	-0.0481704839039594	-0.282890785252675
5202	26.01	-0.0468808119185269	-0.284180457238108
5203	26.015	-0.0468808119185269	-0.284180457238108
5204	26.02	-0.0455911399330944	-0.284180457238108
5205	26.025	-0.0468808119185269	-0.284180457238108
5206	26.03	-0.0468808119185269	-0.284180457238108
5207	26.035	-0.0455911399330944	-0.284180457238108
5208	26.04	-0.0443014679476619	-0.28547012922354
5209	26.045	-0.0468808119185269	-0.28547012922354
5210	26.05	-0.0455911399330944	-0.28547012922354
5211	26.055	-0.0468808119185269	-0.28547012922354
5212	26.06	-0.0455911399330944	-0.28547012922354
5213	26.065	-0.0468808119185269	-0.28547012922354
5214	26.07	-0.0481704839039594	-0.28547012922354
5215	26.075	-0.0468808119185269	-0.28547012922354
5216	26.08	-0.0443014679476619	-0.28547012922354
5217	26.085	-0.0443014679476619	-0.28547012922354
5218	26.09	-0.0455911399330944	-0.288049473194405
5219	26.095	-0.0455911399330944	-0.286759801208973
5220	26.1	-0.0430117959622294	-0.286759801208973
5221	26.105	-0.0443014679476619	-0.286759801208973
5222	26.11	-0.0443014679476619	-0.286759801208973
5223	26.115	-0.0443014679476619	-0.286759801208973
5224	26.12	-0.0443014679476619	-0.288049473194405
5225	26.125	-0.0443014679476619	-0.288049473194405
5226	26.13	-0.0468808119185269	-0.288049473194405
5227	26.135	-0.0443014679476619	-0.288049473194405
5228	26.14	-0.0443014679476619	-0.288049473194405
5229	26.145	-0.0443014679476619	-0.289339145179838
5230	26.15	-0.0481704839039594	-0.288049473194405
5231	26.155	-0.0468808119185269	-0.289339145179838
5232	26.16	-0.0443014679476619	-0.288049473194405
5233	26.165	-0.0443014679476619	-0.289339145179838
5234	26.17	-0.0455911399330944	-0.289339145179838
5235	26.175	-0.0443014679476619	-0.289339145179838
5236	26.18	-0.0443014679476619	-0.289339145179838
5237	26.185	-0.0443014679476619	-0.289339145179838
5238	26.19	-0.0430117959622294	-0.29062881716527
5239	26.195	-0.0443014679476619	-0.29062881716527
5240	26.2	-0.0430117959622294	-0.29062881716527
5241	26.205	-0.0443014679476619	-0.289339145179838
5242	26.21	-0.0443014679476619	-0.29062881716527
5243	26.215	-0.0443014679476619	-0.29062881716527
5244	26.22	-0.0443014679476619	-0.29062881716527
5245	26.225	-0.0443014679476619	-0.29062881716527
5246	26.23	-0.0455911399330944	-0.29062881716527
5247	26.235	-0.0455911399330944	-0.291918489150703
5248	26.24	-0.0417221239767969	-0.29062881716527
5249	26.245	-0.0430117959622294	-0.291918489150703
5250	26.25	-0.0430117959622294	-0.291918489150703
5251	26.255	-0.0455911399330944	-0.291918489150703
5252	26.26	-0.0430117959622294	-0.291918489150703
5253	26.265	-0.0455911399330944	-0.293208161136135
5254	26.27	-0.0430117959622294	-0.291918489150703
5255	26.275	-0.0443014679476619	-0.291918489150703
5256	26.28	-0.0430117959622294	-0.293208161136135
5257	26.285	-0.0443014679476619	-0.293208161136135
5258	26.29	-0.0430117959622294	-0.293208161136135
5259	26.295	-0.0443014679476619	-0.293208161136135
5260	26.3	-0.0404324519913644	-0.293208161136135
5261	26.305	-0.0430117959622294	-0.293208161136135
5262	26.31	-0.0430117959622294	-0.293208161136135
5263	26.315	-0.0443014679476619	-0.293208161136135
5264	26.32	-0.0430117959622294	-0.294497833121568
5265	26.325	-0.0417221239767969	-0.294497833121568
5266	26.33	-0.0417221239767969	-0.293208161136135
5267	26.335	-0.0417221239767969	-0.294497833121568
5268	26.34	-0.0417221239767969	-0.294497833121568
5269	26.345	-0.0417221239767969	-0.294497833121568
5270	26.35	-0.0430117959622294	-0.294497833121568
5271	26.355	-0.0417221239767969	-0.294497833121568
5272	26.36	-0.0404324519913644	-0.294497833121568
5273	26.365	-0.0417221239767969	-0.294497833121568
5274	26.37	-0.0417221239767969	-0.294497833121568
5275	26.375	-0.0417221239767969	-0.295787505107
5276	26.38	-0.0417221239767969	-0.294497833121568
5277	26.385	-0.0404324519913644	-0.295787505107
5278	26.39	-0.0430117959622294	-0.295787505107
5279	26.395	-0.0455911399330944	-0.295787505107
5280	26.4	-0.0404324519913644	-0.295787505107
5281	26.405	-0.0430117959622294	-0.295787505107
5282	26.41	-0.0443014679476619	-0.295787505107
5283	26.415	-0.0404324519913644	-0.297077177092433
5284	26.42	-0.0417221239767969	-0.297077177092433
5285	26.425	-0.0430117959622294	-0.297077177092433
5286	26.43	-0.0430117959622294	-0.297077177092433
5287	26.435	-0.0430117959622294	-0.297077177092433
5288	26.44	-0.0404324519913644	-0.297077177092433
5289	26.445	-0.0404324519913644	-0.297077177092433
5290	26.45	-0.0430117959622294	-0.298366849077865
5291	26.455	-0.0417221239767969	-0.298366849077865
5292	26.46	-0.0417221239767969	-0.298366849077865
5293	26.465	-0.0417221239767969	-0.298366849077865
5294	26.47	-0.0430117959622294	-0.298366849077865
5295	26.475	-0.0417221239767969	-0.298366849077865
5296	26.48	-0.0391427800059319	-0.298366849077865
5297	26.485	-0.0430117959622294	-0.298366849077865
5298	26.49	-0.0430117959622294	-0.298366849077865
5299	26.495	-0.0430117959622294	-0.298366849077865
5300	26.5	-0.0404324519913644	-0.299656521063298
5301	26.505	-0.0430117959622294	-0.299656521063298
5302	26.51	-0.0417221239767969	-0.299656521063298
5303	26.515	-0.0430117959622294	-0.299656521063298
5304	26.52	-0.0404324519913644	-0.299656521063298
5305	26.525	-0.0391427800059319	-0.299656521063298
5306	26.53	-0.0443014679476619	-0.299656521063298
5307	26.535	-0.0430117959622294	-0.299656521063298
5308	26.54	-0.0404324519913644	-0.299656521063298
5309	26.545	-0.0417221239767969	-0.299656521063298
5310	26.55	-0.0417221239767969	-0.299656521063298
5311	26.555	-0.0417221239767969	-0.30094619304873
5312	26.56	-0.0404324519913644	-0.30094619304873
5313	26.565	-0.0404324519913644	-0.30094619304873
5314	26.57	-0.0417221239767969	-0.30094619304873
5315	26.575	-0.0417221239767969	-0.30094619304873
5316	26.58	-0.0404324519913644	-0.30094619304873
5317	26.585	-0.0430117959622294	-0.30094619304873
5318	26.59	-0.0404324519913644	-0.30094619304873
5319	26.595	-0.0417221239767969	-0.302235865034163
5320	26.6	-0.0430117959622294	-0.302235865034163
5321	26.605	-0.0404324519913644	-0.30094619304873
5322	26.61	-0.0443014679476619	-0.302235865034163
5323	26.615	-0.0430117959622294	-0.302235865034163
5324	26.62	-0.0404324519913644	-0.302235865034163
5325	26.625	-0.0417221239767969	-0.302235865034163
5326	26.63	-0.0404324519913644	-0.302235865034163
5327	26.635	-0.0443014679476619	-0.302235865034163
5328	26.64	-0.0417221239767969	-0.303525537019596
5329	26.645	-0.0417221239767969	-0.303525537019596
5330	26.65	-0.0443014679476619	-0.302235865034163
5331	26.655	-0.0417221239767969	-0.303525537019596
5332	26.66	-0.0417221239767969	-0.303525537019596
5333	26.665	-0.0417221239767969	-0.303525537019596
5334	26.67	-0.0443014679476619	-0.303525537019596
5335	26.675	-0.0443014679476619	-0.303525537019596
5336	26.68	-0.0417221239767969	-0.304815209005028
5337	26.685	-0.0430117959622294	-0.303525537019596
5338	26.69	-0.0443014679476619	-0.304815209005028
5339	26.695	-0.0430117959622294	-0.303525537019596
5340	26.7	-0.0430117959622294	-0.303525537019596
5341	26.705	-0.0404324519913644	-0.304815209005028
5342	26.71	-0.0443014679476619	-0.303525537019596
5343	26.715	-0.0443014679476619	-0.304815209005028
5344	26.72	-0.0417221239767969	-0.304815209005028
5345	26.725	-0.0417221239767969	-0.304815209005028
5346	26.73	-0.0443014679476619	-0.304815209005028
5347	26.735	-0.0430117959622294	-0.304815209005028
5348	26.74	-0.0417221239767969	-0.304815209005028
5349	26.745	-0.0430117959622294	-0.306104880990461
5350	26.75	-0.0430117959622294	-0.306104880990461
5351	26.755	-0.0443014679476619	-0.306104880990461
5352	26.76	-0.0417221239767969	-0.306104880990461
5353	26.765	-0.0430117959622294	-0.306104880990461
5354	26.77	-0.0443014679476619	-0.306104880990461
5355	26.775	-0.0417221239767969	-0.306104880990461
5356	26.78	-0.0404324519913644	-0.306104880990461
5357	26.785	-0.0430117959622294	-0.306104880990461
5358	26.79	-0.0443014679476619	-0.307394552975893
5359	26.795	-0.0430117959622294	-0.307394552975893
5360	26.8	-0.0430117959622294	-0.307394552975893
5361	26.805	-0.0430117959622294	-0.307394552975893
5362	26.81	-0.0430117959622294	-0.307394552975893
5363	26.815	-0.0430117959622294	-0.307394552975893
5364	26.82	-0.0404324519913644	-0.307394552975893
5365	26.825	-0.0430117959622294	-0.307394552975893
5366	26.83	-0.0455911399330944	-0.308684224961326
5367	26.835	-0.0417221239767969	-0.307394552975893
5368	26.84	-0.0443014679476619	-0.307394552975893
5369	26.845	-0.0430117959622294	-0.308684224961326
5370	26.85	-0.0455911399330944	-0.307394552975893
5371	26.855	-0.0443014679476619	-0.308684224961326
5372	26.86	-0.0404324519913644	-0.308684224961326
5373	26.865	-0.0417221239767969	-0.308684224961326
5374	26.87	-0.0430117959622294	-0.308684224961326
5375	26.875	-0.0430117959622294	-0.308684224961326
5376	26.88	-0.0430117959622294	-0.308684224961326
5377	26.885	-0.0443014679476619	-0.308684224961326
5378	26.89	-0.0430117959622294	-0.309973896946758
5379	26.895	-0.0443014679476619	-0.308684224961326
5380	26.9	-0.0417221239767969	-0.309973896946758
5381	26.905	-0.0430117959622294	-0.309973896946758
5382	26.91	-0.0455911399330944	-0.309973896946758
5383	26.915	-0.0404324519913644	-0.309973896946758
5384	26.92	-0.0417221239767969	-0.309973896946758
5385	26.925	-0.0430117959622294	-0.309973896946758
5386	26.93	-0.0417221239767969	-0.309973896946758
5387	26.935	-0.0443014679476619	-0.309973896946758
5388	26.94	-0.0430117959622294	-0.309973896946758
5389	26.945	-0.0417221239767969	-0.309973896946758
5390	26.95	-0.0430117959622294	-0.309973896946758
5391	26.955	-0.0430117959622294	-0.309973896946758
5392	26.96	-0.0430117959622294	-0.311263568932191
5393	26.965	-0.0417221239767969	-0.309973896946758
5394	26.97	-0.0430117959622294	-0.309973896946758
5395	26.975	-0.0430117959622294	-0.311263568932191
5396	26.98	-0.0430117959622294	-0.311263568932191
5397	26.985	-0.0404324519913644	-0.311263568932191
5398	26.99	-0.0430117959622294	-0.311263568932191
5399	26.995	-0.0417221239767969	-0.311263568932191
5400	27	-0.0404324519913644	-0.311263568932191
5401	27.005	-0.0417221239767969	-0.311263568932191
5402	27.01	-0.0443014679476619	-0.311263568932191
5403	27.015	-0.0443014679476619	-0.312553240917623
5404	27.02	-0.0417221239767969	-0.312553240917623
5405	27.025	-0.0430117959622294	-0.311263568932191
5406	27.03	-0.0443014679476619	-0.312553240917623
5407	27.035	-0.0443014679476619	-0.312553240917623
5408	27.04	-0.0430117959622294	-0.312553240917623
5409	27.045	-0.0430117959622294	-0.312553240917623
5410	27.05	-0.0417221239767969	-0.312553240917623
5411	27.055	-0.0443014679476619	-0.311263568932191
5412	27.06	-0.0443014679476619	-0.312553240917623
5413	27.065	-0.0430117959622294	-0.312553240917623
5414	27.07	-0.0455911399330944	-0.313842912903056
5415	27.075	-0.0417221239767969	-0.312553240917623
5416	27.08	-0.0430117959622294	-0.313842912903056
5417	27.085	-0.0417221239767969	-0.313842912903056
5418	27.09	-0.0443014679476619	-0.313842912903056
5419	27.095	-0.0430117959622294	-0.312553240917623
5420	27.1	-0.0430117959622294	-0.313842912903056
5421	27.105	-0.0417221239767969	-0.313842912903056
5422	27.11	-0.0430117959622294	-0.313842912903056
5423	27.115	-0.0417221239767969	-0.312553240917623
5424	27.12	-0.0404324519913644	-0.313842912903056
5425	27.125	-0.0430117959622294	-0.313842912903056
5426	27.13	-0.0430117959622294	-0.313842912903056
5427	27.135	-0.0417221239767969	-0.313842912903056
5428	27.14	-0.0417221239767969	-0.313842912903056
5429	27.145	-0.0417221239767969	-0.313842912903056
5430	27.15	-0.0417221239767969	-0.313842912903056
5431	27.155	-0.0417221239767969	-0.315132584888488
5432	27.16	-0.0417221239767969	-0.315132584888488
5433	27.165	-0.0430117959622294	-0.315132584888488
5434	27.17	-0.0443014679476619	-0.315132584888488
5435	27.175	-0.0430117959622294	-0.315132584888488
5436	27.18	-0.0404324519913644	-0.315132584888488
5437	27.185	-0.0417221239767969	-0.315132584888488
5438	27.19	-0.0417221239767969	-0.315132584888488
5439	27.195	-0.0430117959622294	-0.315132584888488
5440	27.2	-0.0391427800059319	-0.316422256873921
5441	27.205	-0.0404324519913644	-0.316422256873921
5442	27.21	-0.0417221239767969	-0.315132584888488
5443	27.215	-0.0417221239767969	-0.316422256873921
5444	27.22	-0.0417221239767969	-0.316422256873921
5445	27.225	-0.0404324519913644	-0.316422256873921
5446	27.23	-0.0443014679476619	-0.316422256873921
5447	27.235	-0.0430117959622294	-0.316422256873921
5448	27.24	-0.0391427800059319	-0.316422256873921
5449	27.245	-0.0404324519913644	-0.316422256873921
5450	27.25	-0.0417221239767969	-0.317711928859353
5451	27.255	-0.0417221239767969	-0.316422256873921
5452	27.26	-0.0391427800059319	-0.317711928859353
5453	27.265	-0.0417221239767969	-0.316422256873921
5454	27.27	-0.0417221239767969	-0.317711928859353
5455	27.275	-0.0404324519913644	-0.317711928859353
5456	27.28	-0.0404324519913644	-0.317711928859353
5457	27.285	-0.0404324519913644	-0.316422256873921
5458	27.29	-0.0417221239767969	-0.317711928859353
5459	27.295	-0.0417221239767969	-0.317711928859353
5460	27.3	-0.0378531080204993	-0.317711928859353
5461	27.305	-0.0391427800059319	-0.317711928859353
5462	27.31	-0.0443014679476619	-0.317711928859353
5463	27.315	-0.0417221239767969	-0.317711928859353
5464	27.32	-0.0404324519913644	-0.319001600844786
5465	27.325	-0.0404324519913644	-0.317711928859353
5466	27.33	-0.0417221239767969	-0.319001600844786
5467	27.335	-0.0417221239767969	-0.319001600844786
5468	27.34	-0.0404324519913644	-0.319001600844786
5469	27.345	-0.0391427800059319	-0.319001600844786
5470	27.35	-0.0430117959622294	-0.317711928859353
5471	27.355	-0.0430117959622294	-0.319001600844786
5472	27.36	-0.0404324519913644	-0.319001600844786
5473	27.365	-0.0404324519913644	-0.319001600844786
5474	27.37	-0.0404324519913644	-0.320291272830218
5475	27.375	-0.0404324519913644	-0.319001600844786
5476	27.38	-0.0430117959622294	-0.320291272830218
5477	27.385	-0.0404324519913644	-0.319001600844786
5478	27.39	-0.0443014679476619	-0.319001600844786
5479	27.395	-0.0417221239767969	-0.320291272830218
5480	27.4	-0.0417221239767969	-0.320291272830218
5481	27.405	-0.0391427800059319	-0.319001600844786
5482	27.41	-0.0417221239767969	-0.320291272830218
5483	27.415	-0.0417221239767969	-0.320291272830218
5484	27.42	-0.0430117959622294	-0.320291272830218
5485	27.425	-0.0417221239767969	-0.320291272830218
5486	27.43	-0.0404324519913644	-0.320291272830218
5487	27.435	-0.0430117959622294	-0.320291272830218
5488	27.44	-0.0391427800059319	-0.321580944815651
5489	27.445	-0.0417221239767969	-0.320291272830218
5490	27.45	-0.0430117959622294	-0.321580944815651
5491	27.455	-0.0417221239767969	-0.320291272830218
5492	27.46	-0.0417221239767969	-0.320291272830218
5493	27.465	-0.0391427800059319	-0.321580944815651
5494	27.47	-0.0430117959622294	-0.321580944815651
5495	27.475	-0.0443014679476619	-0.320291272830218
5496	27.48	-0.0391427800059319	-0.321580944815651
5497	27.485	-0.0391427800059319	-0.320291272830218
5498	27.49	-0.0417221239767969	-0.321580944815651
5499	27.495	-0.0404324519913644	-0.321580944815651
5500	27.5	-0.0404324519913644	-0.321580944815651
5501	27.505	-0.0417221239767969	-0.321580944815651
5502	27.51	-0.0430117959622294	-0.321580944815651
5503	27.515	-0.0430117959622294	-0.321580944815651
5504	27.52	-0.0417221239767969	-0.321580944815651
5505	27.525	-0.0417221239767969	-0.322870616801083
5506	27.53	-0.0417221239767969	-0.322870616801083
5507	27.535	-0.0430117959622294	-0.322870616801083
5508	27.54	-0.0404324519913644	-0.322870616801083
5509	27.545	-0.0417221239767969	-0.322870616801083
5510	27.55	-0.0430117959622294	-0.322870616801083
5511	27.555	-0.0430117959622294	-0.322870616801083
5512	27.56	-0.0391427800059319	-0.322870616801083
5513	27.565	-0.0417221239767969	-0.322870616801083
5514	27.57	-0.0430117959622294	-0.324160288786516
5515	27.575	-0.0417221239767969	-0.324160288786516
5516	27.58	-0.0404324519913644	-0.322870616801083
5517	27.585	-0.0417221239767969	-0.324160288786516
5518	27.59	-0.0430117959622294	-0.324160288786516
5519	27.595	-0.0404324519913644	-0.322870616801083
5520	27.6	-0.0378531080204993	-0.322870616801083
5521	27.605	-0.0391427800059319	-0.324160288786516
5522	27.61	-0.0430117959622294	-0.324160288786516
5523	27.615	-0.0417221239767969	-0.324160288786516
5524	27.62	-0.0417221239767969	-0.322870616801083
5525	27.625	-0.0404324519913644	-0.324160288786516
5526	27.63	-0.0417221239767969	-0.324160288786516
5527	27.635	-0.0417221239767969	-0.324160288786516
5528	27.64	-0.0404324519913644	-0.324160288786516
5529	27.645	-0.0417221239767969	-0.324160288786516
5530	27.65	-0.0430117959622294	-0.324160288786516
5531	27.655	-0.0404324519913644	-0.324160288786516
5532	27.66	-0.0404324519913644	-0.324160288786516
5533	27.665	-0.0404324519913644	-0.324160288786516
5534	27.67	-0.0430117959622294	-0.324160288786516
5535	27.675	-0.0417221239767969	-0.325449960771948
5536	27.68	-0.0417221239767969	-0.325449960771948
5537	27.685	-0.0404324519913644	-0.325449960771948
5538	27.69	-0.0417221239767969	-0.325449960771948
5539	27.695	-0.0430117959622294	-0.325449960771948
5540	27.7	-0.0404324519913644	-0.325449960771948
5541	27.705	-0.0417221239767969	-0.325449960771948
5542	27.71	-0.0430117959622294	-0.325449960771948
5543	27.715	-0.0417221239767969	-0.325449960771948
5544	27.72	-0.0404324519913644	-0.325449960771948
5545	27.725	-0.0417221239767969	-0.325449960771948
5546	27.73	-0.0417221239767969	-0.326739632757381
5547	27.735	-0.0430117959622294	-0.325449960771948
5548	27.74	-0.0404324519913644	-0.326739632757381
5549	27.745	-0.0443014679476619	-0.326739632757381
5550	27.75	-0.0404324519913644	-0.325449960771948
5551	27.755	-0.0430117959622294	-0.326739632757381
5552	27.76	-0.0430117959622294	-0.326739632757381
5553	27.765	-0.0417221239767969	-0.326739632757381
5554	27.77	-0.0417221239767969	-0.326739632757381
5555	27.775	-0.0417221239767969	-0.326739632757381
5556	27.78	-0.0417221239767969	-0.326739632757381
5557	27.785	-0.0404324519913644	-0.326739632757381
5558	27.79	-0.0430117959622294	-0.326739632757381
5559	27.795	-0.0417221239767969	-0.326739632757381
5560	27.8	-0.0404324519913644	-0.326739632757381
5561	27.805	-0.0417221239767969	-0.328029304742813
5562	27.81	-0.0417221239767969	-0.328029304742813
5563	27.815	-0.0430117959622294	-0.328029304742813
5564	27.82	-0.0430117959622294	-0.328029304742813
5565	27.825	-0.0404324519913644	-0.328029304742813
5566	27.83	-0.0443014679476619	-0.328029304742813
5567	27.835	-0.0430117959622294	-0.328029304742813
5568	27.84	-0.0417221239767969	-0.328029304742813
5569	27.845	-0.0391427800059319	-0.328029304742813
5570	27.85	-0.0430117959622294	-0.328029304742813
5571	27.855	-0.0430117959622294	-0.328029304742813
5572	27.86	-0.0417221239767969	-0.329318976728246
5573	27.865	-0.0404324519913644	-0.328029304742813
5574	27.87	-0.0430117959622294	-0.328029304742813
5575	27.875	-0.0417221239767969	-0.329318976728246
5576	27.88	-0.0417221239767969	-0.329318976728246
5577	27.885	-0.0430117959622294	-0.329318976728246
5578	27.89	-0.0430117959622294	-0.329318976728246
5579	27.895	-0.0417221239767969	-0.330608648713678
5580	27.9	-0.0417221239767969	-0.329318976728246
5581	27.905	-0.0391427800059319	-0.329318976728246
5582	27.91	-0.0443014679476619	-0.329318976728246
5583	27.915	-0.0417221239767969	-0.329318976728246
5584	27.92	-0.0404324519913644	-0.330608648713678
5585	27.925	-0.0417221239767969	-0.329318976728246
5586	27.93	-0.0417221239767969	-0.330608648713678
5587	27.935	-0.0430117959622294	-0.330608648713678
5588	27.94	-0.0430117959622294	-0.330608648713678
5589	27.945	-0.0430117959622294	-0.330608648713678
5590	27.95	-0.0430117959622294	-0.330608648713678
5591	27.955	-0.0430117959622294	-0.330608648713678
5592	27.96	-0.0404324519913644	-0.330608648713678
5593	27.965	-0.0430117959622294	-0.330608648713678
5594	27.97	-0.0430117959622294	-0.330608648713678
5595	27.975	-0.0443014679476619	-0.330608648713678
5596	27.98	-0.0404324519913644	-0.331898320699111
5597	27.985	-0.0417221239767969	-0.331898320699111
5598	27.99	-0.0443014679476619	-0.331898320699111
5599	27.995	-0.0455911399330944	-0.331898320699111
5600	28	-0.0404324519913644	-0.331898320699111
5601	28.005	-0.0417221239767969	-0.331898320699111
5602	28.01	-0.0443014679476619	-0.331898320699111
5603	28.015	-0.0430117959622294	-0.331898320699111
5604	28.02	-0.0417221239767969	-0.331898320699111
5605	28.025	-0.0417221239767969	-0.333187992684543
5606	28.03	-0.0417221239767969	-0.333187992684543
5607	28.035	-0.0430117959622294	-0.331898320699111
5608	28.04	-0.0404324519913644	-0.333187992684543
5609	28.045	-0.0417221239767969	-0.333187992684543
5610	28.05	-0.0443014679476619	-0.331898320699111
5611	28.055	-0.0430117959622294	-0.331898320699111
5612	28.06	-0.0417221239767969	-0.333187992684543
5613	28.065	-0.0443014679476619	-0.333187992684543
5614	28.07	-0.0417221239767969	-0.334477664669976
5615	28.075	-0.0443014679476619	-0.333187992684543
5616	28.08	-0.0417221239767969	-0.333187992684543
5617	28.085	-0.0404324519913644	-0.333187992684543
5618	28.09	-0.0404324519913644	-0.334477664669976
5619	28.095	-0.0430117959622294	-0.334477664669976
5620	28.1	-0.0404324519913644	-0.334477664669976
5621	28.105	-0.0404324519913644	-0.334477664669976
5622	28.11	-0.0455911399330944	-0.334477664669976
5623	28.115	-0.0417221239767969	-0.335767336655408
5624	28.12	-0.0417221239767969	-0.334477664669976
5625	28.125	-0.0417221239767969	-0.335767336655408
5626	28.13	-0.0430117959622294	-0.334477664669976
5627	28.135	-0.0430117959622294	-0.335767336655408
5628	28.14	-0.0404324519913644	-0.335767336655408
5629	28.145	-0.0417221239767969	-0.335767336655408
5630	28.15	-0.0455911399330944	-0.335767336655408
5631	28.155	-0.0443014679476619	-0.335767336655408
5632	28.16	-0.0417221239767969	-0.335767336655408
5633	28.165	-0.0417221239767969	-0.335767336655408
5634	28.17	-0.0443014679476619	-0.335767336655408
5635	28.175	-0.0417221239767969	-0.335767336655408
5636	28.18	-0.0417221239767969	-0.335767336655408
5637	28.185	-0.0417221239767969	-0.337057008640841
5638	28.19	-0.0443014679476619	-0.335767336655408
5639	28.195	-0.0430117959622294	-0.335767336655408
5640	28.2	-0.0430117959622294	-0.337057008640841
5641	28.205	-0.0417221239767969	-0.337057008640841
5642	28.21	-0.0430117959622294	-0.337057008640841
5643	28.215	-0.0417221239767969	-0.337057008640841
5644	28.22	-0.0404324519913644	-0.337057008640841
5645	28.225	-0.0417221239767969	-0.337057008640841
5646	28.23	-0.0455911399330944	-0.337057008640841
5647	28.235	-0.0430117959622294	-0.337057008640841
5648	28.24	-0.0404324519913644	-0.337057008640841
5649	28.245	-0.0417221239767969	-0.337057008640841
5650	28.25	-0.0404324519913644	-0.337057008640841
5651	28.255	-0.0430117959622294	-0.338346680626273
5652	28.26	-0.0404324519913644	-0.337057008640841
5653	28.265	-0.0404324519913644	-0.338346680626273
5654	28.27	-0.0430117959622294	-0.338346680626273
5655	28.275	-0.0430117959622294	-0.338346680626273
5656	28.28	-0.0430117959622294	-0.338346680626273
5657	28.285	-0.0417221239767969	-0.339636352611706
5658	28.29	-0.0417221239767969	-0.338346680626273
5659	28.295	-0.0417221239767969	-0.338346680626273
5660	28.3	-0.0417221239767969	-0.339636352611706
5661	28.305	-0.0417221239767969	-0.339636352611706
5662	28.31	-0.0430117959622294	-0.339636352611706
5663	28.315	-0.0430117959622294	-0.339636352611706
5664	28.32	-0.0417221239767969	-0.339636352611706
5665	28.325	-0.0404324519913644	-0.339636352611706
5666	28.33	-0.0430117959622294	-0.339636352611706
5667	28.335	-0.0443014679476619	-0.340926024597138
5668	28.34	-0.0417221239767969	-0.340926024597138
5669	28.345	-0.0417221239767969	-0.339636352611706
5670	28.35	-0.0430117959622294	-0.339636352611706
5671	28.355	-0.0430117959622294	-0.340926024597138
5672	28.36	-0.0417221239767969	-0.340926024597138
5673	28.365	-0.0404324519913644	-0.340926024597138
5674	28.37	-0.0430117959622294	-0.340926024597138
5675	28.375	-0.0430117959622294	-0.340926024597138
5676	28.38	-0.0378531080204993	-0.340926024597138
5677	28.385	-0.0391427800059319	-0.340926024597138
5678	28.39	-0.0417221239767969	-0.340926024597138
5679	28.395	-0.0455911399330944	-0.342215696582571
5680	28.4	-0.0430117959622294	-0.342215696582571
5681	28.405	-0.0417221239767969	-0.342215696582571
5682	28.41	-0.0430117959622294	-0.342215696582571
5683	28.415	-0.0430117959622294	-0.342215696582571
5684	28.42	-0.0417221239767969	-0.342215696582571
5685	28.425	-0.0404324519913644	-0.342215696582571
5686	28.43	-0.0417221239767969	-0.342215696582571
5687	28.435	-0.0468808119185269	-0.342215696582571
5688	28.44	-0.0417221239767969	-0.342215696582571
5689	28.445	-0.0404324519913644	-0.342215696582571
5690	28.45	-0.0443014679476619	-0.342215696582571
5691	28.455	-0.0430117959622294	-0.342215696582571
5692	28.46	-0.0430117959622294	-0.343505368568003
5693	28.465	-0.0430117959622294	-0.342215696582571
5694	28.47	-0.0430117959622294	-0.343505368568003
5695	28.475	-0.0417221239767969	-0.343505368568003
5696	28.48	-0.0404324519913644	-0.343505368568003
5697	28.485	-0.0430117959622294	-0.343505368568003
5698	28.49	-0.0430117959622294	-0.343505368568003
5699	28.495	-0.0417221239767969	-0.343505368568003
5700	28.5	-0.0404324519913644	-0.343505368568003
5701	28.505	-0.0417221239767969	-0.344795040553436
5702	28.51	-0.0430117959622294	-0.343505368568003
5703	28.515	-0.0430117959622294	-0.344795040553436
5704	28.52	-0.0404324519913644	-0.344795040553436
5705	28.525	-0.0417221239767969	-0.344795040553436
5706	28.53	-0.0443014679476619	-0.344795040553436
5707	28.535	-0.0430117959622294	-0.344795040553436
5708	28.54	-0.0404324519913644	-0.344795040553436
5709	28.545	-0.0417221239767969	-0.344795040553436
5710	28.55	-0.0417221239767969	-0.346084712538868
5711	28.555	-0.0417221239767969	-0.346084712538868
5712	28.56	-0.0417221239767969	-0.346084712538868
5713	28.565	-0.0404324519913644	-0.346084712538868
5714	28.57	-0.0417221239767969	-0.346084712538868
5715	28.575	-0.0443014679476619	-0.346084712538868
5716	28.58	-0.0391427800059319	-0.346084712538868
5717	28.585	-0.0378531080204993	-0.346084712538868
5718	28.59	-0.0443014679476619	-0.346084712538868
5719	28.595	-0.0417221239767969	-0.347374384524301
5720	28.6	-0.0404324519913644	-0.346084712538868
5721	28.605	-0.0417221239767969	-0.347374384524301
5722	28.61	-0.0430117959622294	-0.347374384524301
5723	28.615	-0.0404324519913644	-0.346084712538868
5724	28.62	-0.0417221239767969	-0.347374384524301
5725	28.625	-0.0417221239767969	-0.347374384524301
5726	28.63	-0.0443014679476619	-0.347374384524301
5727	28.635	-0.0430117959622294	-0.347374384524301
5728	28.64	-0.0443014679476619	-0.347374384524301
5729	28.645	-0.0404324519913644	-0.347374384524301
5730	28.65	-0.0430117959622294	-0.347374384524301
5731	28.655	-0.0430117959622294	-0.348664056509733
5732	28.66	-0.0404324519913644	-0.347374384524301
5733	28.665	-0.0417221239767969	-0.347374384524301
5734	28.67	-0.0443014679476619	-0.347374384524301
5735	28.675	-0.0404324519913644	-0.348664056509733
5736	28.68	-0.0430117959622294	-0.348664056509733
5737	28.685	-0.0404324519913644	-0.348664056509733
5738	28.69	-0.0417221239767969	-0.348664056509733
5739	28.695	-0.0443014679476619	-0.348664056509733
5740	28.7	-0.0417221239767969	-0.348664056509733
5741	28.705	-0.0404324519913644	-0.348664056509733
5742	28.71	-0.0430117959622294	-0.349953728495166
5743	28.715	-0.0443014679476619	-0.349953728495166
5744	28.72	-0.0404324519913644	-0.349953728495166
5745	28.725	-0.0404324519913644	-0.349953728495166
5746	28.73	-0.0430117959622294	-0.349953728495166
5747	28.735	-0.0443014679476619	-0.349953728495166
5748	28.74	-0.0417221239767969	-0.349953728495166
5749	28.745	-0.0430117959622294	-0.349953728495166
5750	28.75	-0.0430117959622294	-0.349953728495166
5751	28.755	-0.0404324519913644	-0.349953728495166
5752	28.76	-0.0417221239767969	-0.349953728495166
5753	28.765	-0.0417221239767969	-0.349953728495166
5754	28.77	-0.0417221239767969	-0.351243400480598
5755	28.775	-0.0443014679476619	-0.351243400480598
5756	28.78	-0.0404324519913644	-0.349953728495166
5757	28.785	-0.0430117959622294	-0.349953728495166
5758	28.79	-0.0443014679476619	-0.351243400480598
5759	28.795	-0.0430117959622294	-0.351243400480598
5760	28.8	-0.0417221239767969	-0.351243400480598
5761	28.805	-0.0404324519913644	-0.351243400480598
5762	28.81	-0.0430117959622294	-0.351243400480598
5763	28.815	-0.0455911399330944	-0.351243400480598
5764	28.82	-0.0417221239767969	-0.351243400480598
5765	28.825	-0.0417221239767969	-0.352533072466031
5766	28.83	-0.0443014679476619	-0.351243400480598
5767	28.835	-0.0417221239767969	-0.352533072466031
5768	28.84	-0.0430117959622294	-0.352533072466031
5769	28.845	-0.0417221239767969	-0.352533072466031
5770	28.85	-0.0443014679476619	-0.351243400480598
5771	28.855	-0.0443014679476619	-0.352533072466031
5772	28.86	-0.0404324519913644	-0.352533072466031
5773	28.865	-0.0404324519913644	-0.352533072466031
5774	28.87	-0.0443014679476619	-0.352533072466031
5775	28.875	-0.0417221239767969	-0.352533072466031
5776	28.88	-0.0417221239767969	-0.352533072466031
5777	28.885	-0.0404324519913644	-0.352533072466031
5778	28.89	-0.0443014679476619	-0.352533072466031
5779	28.895	-0.0417221239767969	-0.352533072466031
5780	28.9	-0.0404324519913644	-0.352533072466031
5781	28.905	-0.0417221239767969	-0.353822744451463
5782	28.91	-0.0443014679476619	-0.352533072466031
5783	28.915	-0.0430117959622294	-0.352533072466031
5784	28.92	-0.0417221239767969	-0.353822744451463
5785	28.925	-0.0404324519913644	-0.353822744451463
5786	28.93	-0.0443014679476619	-0.353822744451463
5787	28.935	-0.0430117959622294	-0.353822744451463
5788	28.94	-0.0404324519913644	-0.353822744451463
5789	28.945	-0.0404324519913644	-0.353822744451463
5790	28.95	-0.0417221239767969	-0.353822744451463
5791	28.955	-0.0417221239767969	-0.353822744451463
5792	28.96	-0.0430117959622294	-0.353822744451463
5793	28.965	-0.0404324519913644	-0.355112416436896
5794	28.97	-0.0430117959622294	-0.353822744451463
5795	28.975	-0.0443014679476619	-0.353822744451463
5796	28.98	-0.0443014679476619	-0.355112416436896
5797	28.985	-0.0430117959622294	-0.355112416436896
5798	28.99	-0.0430117959622294	-0.353822744451463
5799	28.995	-0.0455911399330944	-0.353822744451463
5800	29	-0.0430117959622294	-0.355112416436896
5801	29.005	-0.0417221239767969	-0.353822744451463
5802	29.01	-0.0430117959622294	-0.355112416436896
5803	29.015	-0.0430117959622294	-0.355112416436896
5804	29.02	-0.0430117959622294	-0.355112416436896
5805	29.025	-0.0417221239767969	-0.355112416436896
5806	29.03	-0.0443014679476619	-0.355112416436896
5807	29.035	-0.0404324519913644	-0.355112416436896
5808	29.04	-0.0430117959622294	-0.355112416436896
5809	29.045	-0.0417221239767969	-0.353822744451463
5810	29.05	-0.0455911399330944	-0.355112416436896
5811	29.055	-0.0443014679476619	-0.355112416436896
5812	29.06	-0.0417221239767969	-0.355112416436896
5813	29.065	-0.0430117959622294	-0.356402088422328
5814	29.07	-0.0443014679476619	-0.356402088422328
5815	29.075	-0.0430117959622294	-0.355112416436896
5816	29.08	-0.0417221239767969	-0.355112416436896
5817	29.085	-0.0430117959622294	-0.356402088422328
5818	29.09	-0.0443014679476619	-0.356402088422328
5819	29.095	-0.0430117959622294	-0.356402088422328
5820	29.1	-0.0417221239767969	-0.356402088422328
5821	29.105	-0.0417221239767969	-0.356402088422328
5822	29.11	-0.0430117959622294	-0.356402088422328
5823	29.115	-0.0430117959622294	-0.356402088422328
5824	29.12	-0.0417221239767969	-0.356402088422328
5825	29.125	-0.0430117959622294	-0.356402088422328
5826	29.13	-0.0430117959622294	-0.356402088422328
5827	29.135	-0.0430117959622294	-0.356402088422328
5828	29.14	-0.0430117959622294	-0.356402088422328
5829	29.145	-0.0404324519913644	-0.356402088422328
5830	29.15	-0.0443014679476619	-0.356402088422328
5831	29.155	-0.0430117959622294	-0.356402088422328
5832	29.16	-0.0417221239767969	-0.356402088422328
5833	29.165	-0.0417221239767969	-0.356402088422328
5834	29.17	-0.0430117959622294	-0.356402088422328
5835	29.175	-0.0430117959622294	-0.356402088422328
5836	29.18	-0.0430117959622294	-0.356402088422328
5837	29.185	-0.0430117959622294	-0.357691760407761
5838	29.19	-0.0417221239767969	-0.357691760407761
5839	29.195	-0.0455911399330944	-0.357691760407761
5840	29.2	-0.0404324519913644	-0.357691760407761
5841	29.205	-0.0430117959622294	-0.356402088422328
5842	29.21	-0.0417221239767969	-0.357691760407761
5843	29.215	-0.0430117959622294	-0.357691760407761
5844	29.22	-0.0417221239767969	-0.357691760407761
5845	29.225	-0.0430117959622294	-0.357691760407761
5846	29.23	-0.0430117959622294	-0.357691760407761
5847	29.235	-0.0455911399330944	-0.357691760407761
5848	29.24	-0.0430117959622294	-0.357691760407761
5849	29.245	-0.0404324519913644	-0.357691760407761
5850	29.25	-0.0443014679476619	-0.357691760407761
5851	29.255	-0.0443014679476619	-0.357691760407761
5852	29.26	-0.0443014679476619	-0.357691760407761
5853	29.265	-0.0404324519913644	-0.357691760407761
5854	29.27	-0.0430117959622294	-0.357691760407761
5855	29.275	-0.0468808119185269	-0.357691760407761
5856	29.28	-0.0430117959622294	-0.357691760407761
5857	29.285	-0.0417221239767969	-0.358981432393193
5858	29.29	-0.0430117959622294	-0.357691760407761
5859	29.295	-0.0430117959622294	-0.357691760407761
5860	29.3	-0.0417221239767969	-0.357691760407761
5861	29.305	-0.0430117959622294	-0.358981432393193
5862	29.31	-0.0430117959622294	-0.358981432393193
5863	29.315	-0.0430117959622294	-0.357691760407761
5864	29.32	-0.0430117959622294	-0.357691760407761
5865	29.325	-0.0417221239767969	-0.357691760407761
5866	29.33	-0.0430117959622294	-0.358981432393193
5867	29.335	-0.0443014679476619	-0.357691760407761
5868	29.34	-0.0404324519913644	-0.358981432393193
5869	29.345	-0.0443014679476619	-0.358981432393193
5870	29.35	-0.0443014679476619	-0.357691760407761
5871	29.355	-0.0430117959622294	-0.358981432393193
5872	29.36	-0.0430117959622294	-0.357691760407761
5873	29.365	-0.0404324519913644	-0.357691760407761
5874	29.37	-0.0417221239767969	-0.358981432393193
5875	29.375	-0.0430117959622294	-0.358981432393193
5876	29.38	-0.0404324519913644	-0.357691760407761
5877	29.385	-0.0443014679476619	-0.358981432393193
5878	29.39	-0.0430117959622294	-0.358981432393193
5879	29.395	-0.0430117959622294	-0.358981432393193
5880	29.4	-0.0417221239767969	-0.358981432393193
5881	29.405	-0.0417221239767969	-0.358981432393193
5882	29.41	-0.0417221239767969	-0.358981432393193
5883	29.415	-0.0417221239767969	-0.358981432393193
5884	29.42	-0.0417221239767969	-0.358981432393193
5885	29.425	-0.0430117959622294	-0.358981432393193
5886	29.43	-0.0443014679476619	-0.358981432393193
5887	29.435	-0.0455911399330944	-0.360271104378626
5888	29.44	-0.0417221239767969	-0.358981432393193
5889	29.445	-0.0430117959622294	-0.358981432393193
5890	29.45	-0.0443014679476619	-0.358981432393193
5891	29.455	-0.0430117959622294	-0.358981432393193
5892	29.46	-0.0430117959622294	-0.358981432393193
5893	29.465	-0.0404324519913644	-0.358981432393193
5894	29.47	-0.0417221239767969	-0.358981432393193
5895	29.475	-0.0417221239767969	-0.360271104378626
5896	29.48	-0.0430117959622294	-0.360271104378626
5897	29.485	-0.0430117959622294	-0.358981432393193
5898	29.49	-0.0417221239767969	-0.358981432393193
5899	29.495	-0.0430117959622294	-0.360271104378626
5900	29.5	-0.0417221239767969	-0.358981432393193
5901	29.505	-0.0404324519913644	-0.358981432393193
5902	29.51	-0.0417221239767969	-0.358981432393193
5903	29.515	-0.0443014679476619	-0.358981432393193
5904	29.52	-0.0404324519913644	-0.358981432393193
5905	29.525	-0.0417221239767969	-0.360271104378626
5906	29.53	-0.0417221239767969	-0.360271104378626
5907	29.535	-0.0443014679476619	-0.360271104378626
5908	29.54	-0.0430117959622294	-0.358981432393193
5909	29.545	-0.0417221239767969	-0.358981432393193
5910	29.55	-0.0417221239767969	-0.358981432393193
5911	29.555	-0.0430117959622294	-0.358981432393193
5912	29.56	-0.0443014679476619	-0.360271104378626
5913	29.565	-0.0430117959622294	-0.360271104378626
5914	29.57	-0.0417221239767969	-0.358981432393193
5915	29.575	-0.0430117959622294	-0.360271104378626
5916	29.58	-0.0417221239767969	-0.358981432393193
5917	29.585	-0.0417221239767969	-0.360271104378626
5918	29.59	-0.0417221239767969	-0.360271104378626
5919	29.595	-0.0443014679476619	-0.358981432393193
5920	29.6	-0.0430117959622294	-0.360271104378626
5921	29.605	-0.0404324519913644	-0.360271104378626
5922	29.61	-0.0430117959622294	-0.360271104378626
5923	29.615	-0.0455911399330944	-0.360271104378626
5924	29.62	-0.0404324519913644	-0.360271104378626
5925	29.625	-0.0404324519913644	-0.360271104378626
5926	29.63	-0.0417221239767969	-0.360271104378626
5927	29.635	-0.0430117959622294	-0.360271104378626
5928	29.64	-0.0430117959622294	-0.360271104378626
5929	29.645	-0.0417221239767969	-0.360271104378626
5930	29.65	-0.0430117959622294	-0.360271104378626
5931	29.655	-0.0404324519913644	-0.360271104378626
5932	29.66	-0.0404324519913644	-0.360271104378626
5933	29.665	-0.0417221239767969	-0.360271104378626
5934	29.67	-0.0430117959622294	-0.360271104378626
5935	29.675	-0.0430117959622294	-0.360271104378626
5936	29.68	-0.0430117959622294	-0.360271104378626
5937	29.685	-0.0404324519913644	-0.360271104378626
5938	29.69	-0.0417221239767969	-0.360271104378626
5939	29.695	-0.0443014679476619	-0.360271104378626
5940	29.7	-0.0430117959622294	-0.360271104378626
5941	29.705	-0.0404324519913644	-0.360271104378626
5942	29.71	-0.0430117959622294	-0.360271104378626
5943	29.715	-0.0430117959622294	-0.360271104378626
5944	29.72	-0.0443014679476619	-0.360271104378626
5945	29.725	-0.0417221239767969	-0.360271104378626
5946	29.73	-0.0404324519913644	-0.360271104378626
5947	29.735	-0.0443014679476619	-0.360271104378626
5948	29.74	-0.0404324519913644	-0.360271104378626
5949	29.745	-0.0417221239767969	-0.360271104378626
5950	29.75	-0.0430117959622294	-0.360271104378626
5951	29.755	-0.0430117959622294	-0.360271104378626
5952	29.76	-0.0443014679476619	-0.360271104378626
5953	29.765	-0.0417221239767969	-0.358981432393193
5954	29.77	-0.0443014679476619	-0.360271104378626
5955	29.775	-0.0455911399330944	-0.360271104378626
5956	29.78	-0.0417221239767969	-0.360271104378626
5957	29.785	-0.0430117959622294	-0.360271104378626
5958	29.79	-0.0417221239767969	-0.360271104378626
5959	29.795	-0.0430117959622294	-0.360271104378626
5960	29.8	-0.0443014679476619	-0.360271104378626
5961	29.805	-0.0417221239767969	-0.358981432393193
5962	29.81	-0.0430117959622294	-0.360271104378626
5963	29.815	-0.0443014679476619	-0.360271104378626
5964	29.82	-0.0417221239767969	-0.360271104378626
5965	29.825	-0.0443014679476619	-0.360271104378626
5966	29.83	-0.0443014679476619	-0.360271104378626
5967	29.835	-0.0443014679476619	-0.360271104378626
5968	29.84	-0.0430117959622294	-0.360271104378626
5969	29.845	-0.0417221239767969	-0.360271104378626
5970	29.85	-0.0443014679476619	-0.360271104378626
5971	29.855	-0.0430117959622294	-0.360271104378626
5972	29.86	-0.0430117959622294	-0.360271104378626
5973	29.865	-0.0417221239767969	-0.360271104378626
5974	29.87	-0.0430117959622294	-0.360271104378626
5975	29.875	-0.0430117959622294	-0.360271104378626
5976	29.88	-0.0404324519913644	-0.360271104378626
5977	29.885	-0.0417221239767969	-0.360271104378626
5978	29.89	-0.0430117959622294	-0.360271104378626
5979	29.895	-0.0430117959622294	-0.360271104378626
5980	29.9	-0.0430117959622294	-0.360271104378626
5981	29.905	-0.0417221239767969	-0.360271104378626
5982	29.91	-0.0417221239767969	-0.360271104378626
5983	29.915	-0.0430117959622294	-0.360271104378626
5984	29.92	-0.0443014679476619	-0.360271104378626
5985	29.925	-0.0404324519913644	-0.360271104378626
5986	29.93	-0.0417221239767969	-0.360271104378626
5987	29.935	-0.0430117959622294	-0.360271104378626
5988	29.94	-0.0417221239767969	-0.360271104378626
5989	29.945	-0.0404324519913644	-0.360271104378626
5990	29.95	-0.0417221239767969	-0.360271104378626
5991	29.955	-0.0430117959622294	-0.360271104378626
5992	29.96	-0.0404324519913644	-0.360271104378626
5993	29.965	-0.0430117959622294	-0.360271104378626
5994	29.97	-0.0404324519913644	-0.360271104378626
5995	29.975	-0.0417221239767969	-0.360271104378626
5996	29.98	-0.0417221239767969	-0.360271104378626
5997	29.985	-0.0404324519913644	-0.360271104378626
5998	29.99	-0.0455911399330944	-0.361560776364058
5999	29.995	-0.0430117959622294	-0.361560776364058
6000	30	-0.0417221239767969	-0.360271104378626
6001	30.005	-0.0417221239767969	-0.361560776364058
6002	30.01	-0.0404324519913644	-0.361560776364058
6003	30.015	-0.0404324519913644	-0.360271104378626
6004	30.02	-0.0417221239767969	-0.360271104378626
6005	30.025	-0.0391427800059319	-0.361560776364058
6006	30.03	-0.0404324519913644	-0.360271104378626
6007	30.035	-0.0391427800059319	-0.360271104378626
6008	30.04	-0.0378531080204993	-0.361560776364058
6009	30.045	-0.0391427800059319	-0.360271104378626
6010	30.05	-0.0391427800059319	-0.360271104378626
6011	30.055	-0.0404324519913644	-0.360271104378626
6012	30.06	-0.0378531080204993	-0.360271104378626
6013	30.065	-0.0391427800059319	-0.360271104378626
6014	30.07	-0.0378531080204993	-0.361560776364058
6015	30.075	-0.0417221239767969	-0.360271104378626
6016	30.08	-0.0391427800059319	-0.360271104378626
6017	30.085	-0.0378531080204993	-0.360271104378626
6018	30.09	-0.0417221239767969	-0.361560776364058
6019	30.095	-0.0430117959622294	-0.360271104378626
6020	30.1	-0.0404324519913644	-0.360271104378626
6021	30.105	-0.0404324519913644	-0.360271104378626
6022	30.11	-0.0430117959622294	-0.360271104378626
6023	30.115	-0.0417221239767969	-0.361560776364058
6024	30.12	-0.0404324519913644	-0.360271104378626
6025	30.125	-0.0430117959622294	-0.360271104378626
6026	30.13	-0.0430117959622294	-0.360271104378626
6027	30.135	-0.0443014679476619	-0.360271104378626
6028	30.14	-0.0430117959622294	-0.360271104378626
6029	30.145	-0.0443014679476619	-0.360271104378626
6030	30.15	-0.0417221239767969	-0.360271104378626
6031	30.155	-0.0443014679476619	-0.360271104378626
6032	30.16	-0.0417221239767969	-0.360271104378626
6033	30.165	-0.0417221239767969	-0.361560776364058
6034	30.17	-0.0430117959622294	-0.360271104378626
6035	30.175	-0.0430117959622294	-0.360271104378626
6036	30.18	-0.0443014679476619	-0.360271104378626
6037	30.185	-0.0430117959622294	-0.361560776364058
6038	30.19	-0.0417221239767969	-0.360271104378626
6039	30.195	-0.0430117959622294	-0.361560776364058
6040	30.2	-0.0430117959622294	-0.360271104378626
6041	30.205	-0.0430117959622294	-0.360271104378626
6042	30.21	-0.0430117959622294	-0.360271104378626
6043	30.215	-0.0443014679476619	-0.361560776364058
6044	30.22	-0.0417221239767969	-0.361560776364058
6045	30.225	-0.0417221239767969	-0.360271104378626
6046	30.23	-0.0417221239767969	-0.360271104378626
6047	30.235	-0.0443014679476619	-0.360271104378626
6048	30.24	-0.0430117959622294	-0.361560776364058
6049	30.245	-0.0430117959622294	-0.361560776364058
6050	30.25	-0.0417221239767969	-0.361560776364058
6051	30.255	-0.0430117959622294	-0.360271104378626
6052	30.26	-0.0430117959622294	-0.360271104378626
6053	30.265	-0.0417221239767969	-0.360271104378626
6054	30.27	-0.0430117959622294	-0.361560776364058
6055	30.275	-0.0430117959622294	-0.360271104378626
6056	30.28	-0.0443014679476619	-0.361560776364058
6057	30.285	-0.0443014679476619	-0.360271104378626
6058	30.29	-0.0430117959622294	-0.361560776364058
6059	30.295	-0.0430117959622294	-0.360271104378626
6060	30.3	-0.0417221239767969	-0.361560776364058
6061	30.305	-0.0430117959622294	-0.360271104378626
6062	30.31	-0.0430117959622294	-0.360271104378626
6063	30.315	-0.0443014679476619	-0.361560776364058
6064	30.32	-0.0443014679476619	-0.360271104378626
6065	30.325	-0.0417221239767969	-0.360271104378626
6066	30.33	-0.0468808119185269	-0.360271104378626
6067	30.335	-0.0430117959622294	-0.360271104378626
6068	30.34	-0.0430117959622294	-0.360271104378626
6069	30.345	-0.0417221239767969	-0.361560776364058
6070	30.35	-0.0430117959622294	-0.361560776364058
6071	30.355	-0.0443014679476619	-0.360271104378626
6072	30.36	-0.0443014679476619	-0.360271104378626
6073	30.365	-0.0430117959622294	-0.361560776364058
6074	30.37	-0.0443014679476619	-0.361560776364058
6075	30.375	-0.0443014679476619	-0.361560776364058
6076	30.38	-0.0443014679476619	-0.361560776364058
6077	30.385	-0.0430117959622294	-0.361560776364058
6078	30.39	-0.0430117959622294	-0.361560776364058
6079	30.395	-0.0443014679476619	-0.360271104378626
6080	30.4	-0.0430117959622294	-0.360271104378626
6081	30.405	-0.0417221239767969	-0.360271104378626
6082	30.41	-0.0430117959622294	-0.361560776364058
6083	30.415	-0.0430117959622294	-0.361560776364058
6084	30.42	-0.0430117959622294	-0.361560776364058
6085	30.425	-0.0417221239767969	-0.360271104378626
6086	30.43	-0.0443014679476619	-0.361560776364058
6087	30.435	-0.0430117959622294	-0.360271104378626
6088	30.44	-0.0430117959622294	-0.361560776364058
6089	30.445	-0.0417221239767969	-0.361560776364058
6090	30.45	-0.0443014679476619	-0.360271104378626
6091	30.455	-0.0417221239767969	-0.361560776364058
6092	30.46	-0.0417221239767969	-0.360271104378626
6093	30.465	-0.0430117959622294	-0.360271104378626
6094	30.47	-0.0443014679476619	-0.361560776364058
6095	30.475	-0.0443014679476619	-0.361560776364058
6096	30.48	-0.0417221239767969	-0.360271104378626
6097	30.485	-0.0417221239767969	-0.360271104378626
6098	30.49	-0.0430117959622294	-0.360271104378626
6099	30.495	-0.0443014679476619	-0.360271104378626
6100	30.5	-0.0430117959622294	-0.360271104378626
6101	30.505	-0.0417221239767969	-0.360271104378626
6102	30.51	-0.0430117959622294	-0.361560776364058
6103	30.515	-0.0443014679476619	-0.360271104378626
6104	30.52	-0.0430117959622294	-0.361560776364058
6105	30.525	-0.0430117959622294	-0.361560776364058
6106	30.53	-0.0430117959622294	-0.361560776364058
6107	30.535	-0.0430117959622294	-0.361560776364058
6108	30.54	-0.0430117959622294	-0.361560776364058
6109	30.545	-0.0417221239767969	-0.361560776364058
6110	30.55	-0.0443014679476619	-0.361560776364058
6111	30.555	-0.0430117959622294	-0.360271104378626
6112	30.56	-0.0417221239767969	-0.361560776364058
6113	30.565	-0.0430117959622294	-0.360271104378626
6114	30.57	-0.0443014679476619	-0.360271104378626
6115	30.575	-0.0443014679476619	-0.361560776364058
6116	30.58	-0.0430117959622294	-0.361560776364058
6117	30.585	-0.0404324519913644	-0.361560776364058
6118	30.59	-0.0455911399330944	-0.360271104378626
6119	30.595	-0.0443014679476619	-0.360271104378626
6120	30.6	-0.0430117959622294	-0.361560776364058
6121	30.605	-0.0417221239767969	-0.361560776364058
6122	30.61	-0.0443014679476619	-0.361560776364058
6123	30.615	-0.0443014679476619	-0.361560776364058
6124	30.62	-0.0417221239767969	-0.360271104378626
6125	30.625	-0.0430117959622294	-0.361560776364058
6126	30.63	-0.0455911399330944	-0.361560776364058
6127	30.635	-0.0443014679476619	-0.360271104378626
6128	30.64	-0.0417221239767969	-0.360271104378626
6129	30.645	-0.0404324519913644	-0.361560776364058
6130	30.65	-0.0443014679476619	-0.361560776364058
6131	30.655	-0.0430117959622294	-0.361560776364058
6132	30.66	-0.0455911399330944	-0.361560776364058
6133	30.665	-0.0417221239767969	-0.360271104378626
6134	30.67	-0.0417221239767969	-0.360271104378626
6135	30.675	-0.0443014679476619	-0.361560776364058
6136	30.68	-0.0430117959622294	-0.360271104378626
6137	30.685	-0.0417221239767969	-0.360271104378626
6138	30.69	-0.0430117959622294	-0.361560776364058
6139	30.695	-0.0443014679476619	-0.360271104378626
6140	30.7	-0.0430117959622294	-0.361560776364058
6141	30.705	-0.0430117959622294	-0.361560776364058
6142	30.71	-0.0455911399330944	-0.361560776364058
6143	30.715	-0.0443014679476619	-0.361560776364058
6144	30.72	-0.0430117959622294	-0.361560776364058
6145	30.725	-0.0391427800059319	-0.361560776364058
6146	30.73	-0.0417221239767969	-0.361560776364058
6147	30.735	-0.0455911399330944	-0.361560776364058
6148	30.74	-0.0430117959622294	-0.361560776364058
6149	30.745	-0.0417221239767969	-0.361560776364058
6150	30.75	-0.0430117959622294	-0.360271104378626
6151	30.755	-0.0443014679476619	-0.361560776364058
6152	30.76	-0.0430117959622294	-0.361560776364058
6153	30.765	-0.0443014679476619	-0.360271104378626
6154	30.77	-0.0430117959622294	-0.361560776364058
6155	30.775	-0.0443014679476619	-0.361560776364058
6156	30.78	-0.0430117959622294	-0.360271104378626
6157	30.785	-0.0417221239767969	-0.361560776364058
6158	30.79	-0.0417221239767969	-0.361560776364058
6159	30.795	-0.0443014679476619	-0.361560776364058
6160	30.8	-0.0417221239767969	-0.361560776364058
6161	30.805	-0.0417221239767969	-0.361560776364058
6162	30.81	-0.0417221239767969	-0.360271104378626
6163	30.815	-0.0443014679476619	-0.361560776364058
6164	30.82	-0.0430117959622294	-0.360271104378626
6165	30.825	-0.0430117959622294	-0.360271104378626
6166	30.83	-0.0430117959622294	-0.360271104378626
6167	30.835	-0.0455911399330944	-0.361560776364058
6168	30.84	-0.0443014679476619	-0.360271104378626
6169	30.845	-0.0430117959622294	-0.361560776364058
6170	30.85	-0.0430117959622294	-0.361560776364058
6171	30.855	-0.0430117959622294	-0.360271104378626
6172	30.86	-0.0417221239767969	-0.360271104378626
6173	30.865	-0.0443014679476619	-0.361560776364058
6174	30.87	-0.0430117959622294	-0.361560776364058
6175	30.875	-0.0430117959622294	-0.361560776364058
6176	30.88	-0.0417221239767969	-0.360271104378626
6177	30.885	-0.0404324519913644	-0.361560776364058
6178	30.89	-0.0443014679476619	-0.361560776364058
6179	30.895	-0.0417221239767969	-0.361560776364058
6180	30.9	-0.0417221239767969	-0.361560776364058
6181	30.905	-0.0391427800059319	-0.360271104378626
6182	30.91	-0.0443014679476619	-0.361560776364058
6183	30.915	-0.0455911399330944	-0.360271104378626
6184	30.92	-0.0404324519913644	-0.361560776364058
6185	30.925	-0.0417221239767969	-0.361560776364058
6186	30.93	-0.0443014679476619	-0.361560776364058
6187	30.935	-0.0443014679476619	-0.361560776364058
6188	30.94	-0.0430117959622294	-0.361560776364058
6189	30.945	-0.0455911399330944	-0.361560776364058
6190	30.95	-0.0430117959622294	-0.361560776364058
6191	30.955	-0.0443014679476619	-0.361560776364058
6192	30.96	-0.0443014679476619	-0.361560776364058
6193	30.965	-0.0417221239767969	-0.361560776364058
6194	30.97	-0.0443014679476619	-0.361560776364058
6195	30.975	-0.0443014679476619	-0.361560776364058
6196	30.98	-0.0417221239767969	-0.361560776364058
6197	30.985	-0.0443014679476619	-0.361560776364058
6198	30.99	-0.0430117959622294	-0.361560776364058
6199	30.995	-0.0443014679476619	-0.360271104378626
6200	31	-0.0430117959622294	-0.360271104378626
6201	31.005	-0.0430117959622294	-0.360271104378626
6202	31.01	-0.0430117959622294	-0.360271104378626
6203	31.015	-0.0417221239767969	-0.360271104378626
6204	31.02	-0.0404324519913644	-0.361560776364058
6205	31.025	-0.0430117959622294	-0.360271104378626
6206	31.03	-0.0443014679476619	-0.361560776364058
6207	31.035	-0.0443014679476619	-0.360271104378626
6208	31.04	-0.0430117959622294	-0.361560776364058
6209	31.045	-0.0417221239767969	-0.361560776364058
6210	31.05	-0.0417221239767969	-0.361560776364058
6211	31.055	-0.0430117959622294	-0.360271104378626
6212	31.06	-0.0404324519913644	-0.361560776364058
6213	31.065	-0.0417221239767969	-0.361560776364058
6214	31.07	-0.0443014679476619	-0.361560776364058
6215	31.075	-0.0443014679476619	-0.361560776364058
6216	31.08	-0.0430117959622294	-0.361560776364058
6217	31.085	-0.0430117959622294	-0.360271104378626
6218	31.09	-0.0417221239767969	-0.360271104378626
6219	31.095	-0.0430117959622294	-0.361560776364058
6220	31.1	-0.0430117959622294	-0.360271104378626
6221	31.105	-0.0404324519913644	-0.361560776364058
6222	31.11	-0.0430117959622294	-0.360271104378626
6223	31.115	-0.0443014679476619	-0.360271104378626
6224	31.12	-0.0430117959622294	-0.360271104378626
6225	31.125	-0.0430117959622294	-0.360271104378626
6226	31.13	-0.0430117959622294	-0.361560776364058
6227	31.135	-0.0443014679476619	-0.360271104378626
6228	31.14	-0.0430117959622294	-0.361560776364058
6229	31.145	-0.0430117959622294	-0.361560776364058
6230	31.15	-0.0443014679476619	-0.361560776364058
6231	31.155	-0.0443014679476619	-0.360271104378626
6232	31.16	-0.0430117959622294	-0.361560776364058
6233	31.165	-0.0417221239767969	-0.361560776364058
6234	31.17	-0.0417221239767969	-0.360271104378626
6235	31.175	-0.0430117959622294	-0.361560776364058
6236	31.18	-0.0404324519913644	-0.361560776364058
6237	31.185	-0.0430117959622294	-0.361560776364058
6238	31.19	-0.0443014679476619	-0.361560776364058
6239	31.195	-0.0443014679476619	-0.360271104378626
6240	31.2	-0.0443014679476619	-0.361560776364058
6241	31.205	-0.0417221239767969	-0.361560776364058
6242	31.21	-0.0443014679476619	-0.361560776364058
6243	31.215	-0.0455911399330944	-0.361560776364058
6244	31.22	-0.0430117959622294	-0.361560776364058
6245	31.225	-0.0417221239767969	-0.360271104378626
6246	31.23	-0.0417221239767969	-0.361560776364058
6247	31.235	-0.0430117959622294	-0.360271104378626
6248	31.24	-0.0430117959622294	-0.361560776364058
6249	31.245	-0.0443014679476619	-0.361560776364058
6250	31.25	-0.0443014679476619	-0.360271104378626
6251	31.255	-0.0417221239767969	-0.360271104378626
6252	31.26	-0.0430117959622294	-0.361560776364058
6253	31.265	-0.0430117959622294	-0.361560776364058
6254	31.27	-0.0430117959622294	-0.361560776364058
6255	31.275	-0.0443014679476619	-0.361560776364058
6256	31.28	-0.0430117959622294	-0.360271104378626
6257	31.285	-0.0430117959622294	-0.361560776364058
6258	31.29	-0.0430117959622294	-0.361560776364058
6259	31.295	-0.0430117959622294	-0.361560776364058
6260	31.3	-0.0430117959622294	-0.360271104378626
6261	31.305	-0.0443014679476619	-0.361560776364058
6262	31.31	-0.0430117959622294	-0.361560776364058
6263	31.315	-0.0443014679476619	-0.361560776364058
6264	31.32	-0.0443014679476619	-0.361560776364058
6265	31.325	-0.0430117959622294	-0.361560776364058
6266	31.33	-0.0417221239767969	-0.361560776364058
6267	31.335	-0.0430117959622294	-0.361560776364058
6268	31.34	-0.0417221239767969	-0.361560776364058
6269	31.345	-0.0404324519913644	-0.361560776364058
6270	31.35	-0.0443014679476619	-0.360271104378626
6271	31.355	-0.0430117959622294	-0.361560776364058
6272	31.36	-0.0430117959622294	-0.361560776364058
6273	31.365	-0.0443014679476619	-0.360271104378626
6274	31.37	-0.0417221239767969	-0.361560776364058
6275	31.375	-0.0443014679476619	-0.361560776364058
6276	31.38	-0.0443014679476619	-0.360271104378626
6277	31.385	-0.0430117959622294	-0.361560776364058
6278	31.39	-0.0417221239767969	-0.360271104378626
6279	31.395	-0.0443014679476619	-0.361560776364058
6280	31.4	-0.0417221239767969	-0.360271104378626
6281	31.405	-0.0417221239767969	-0.360271104378626
6282	31.41	-0.0430117959622294	-0.361560776364058
6283	31.415	-0.0430117959622294	-0.360271104378626
6284	31.42	-0.0443014679476619	-0.361560776364058
6285	31.425	-0.0430117959622294	-0.361560776364058
6286	31.43	-0.0430117959622294	-0.361560776364058
6287	31.435	-0.0443014679476619	-0.361560776364058
6288	31.44	-0.0430117959622294	-0.361560776364058
6289	31.445	-0.0430117959622294	-0.361560776364058
6290	31.45	-0.0430117959622294	-0.361560776364058
6291	31.455	-0.0430117959622294	-0.361560776364058
6292	31.46	-0.0417221239767969	-0.361560776364058
6293	31.465	-0.0417221239767969	-0.361560776364058
6294	31.47	-0.0404324519913644	-0.361560776364058
6295	31.475	-0.0443014679476619	-0.361560776364058
6296	31.48	-0.0417221239767969	-0.361560776364058
6297	31.485	-0.0417221239767969	-0.361560776364058
6298	31.49	-0.0430117959622294	-0.360271104378626
6299	31.495	-0.0430117959622294	-0.361560776364058
6300	31.5	-0.0455911399330944	-0.361560776364058
6301	31.505	-0.0430117959622294	-0.361560776364058
6302	31.51	-0.0430117959622294	-0.361560776364058
6303	31.515	-0.0430117959622294	-0.361560776364058
6304	31.52	-0.0430117959622294	-0.361560776364058
6305	31.525	-0.0404324519913644	-0.361560776364058
6306	31.53	-0.0404324519913644	-0.361560776364058
6307	31.535	-0.0443014679476619	-0.360271104378626
6308	31.54	-0.0417221239767969	-0.361560776364058
6309	31.545	-0.0430117959622294	-0.361560776364058
6310	31.55	-0.0443014679476619	-0.360271104378626
6311	31.555	-0.0443014679476619	-0.361560776364058
6312	31.56	-0.0417221239767969	-0.361560776364058
6313	31.565	-0.0417221239767969	-0.361560776364058
6314	31.57	-0.0443014679476619	-0.361560776364058
6315	31.575	-0.0443014679476619	-0.360271104378626
6316	31.58	-0.0417221239767969	-0.361560776364058
6317	31.585	-0.0430117959622294	-0.361560776364058
6318	31.59	-0.0430117959622294	-0.361560776364058
6319	31.595	-0.0430117959622294	-0.360271104378626
6320	31.6	-0.0443014679476619	-0.361560776364058
6321	31.605	-0.0417221239767969	-0.361560776364058
6322	31.61	-0.0443014679476619	-0.360271104378626
6323	31.615	-0.0417221239767969	-0.361560776364058
6324	31.62	-0.0430117959622294	-0.361560776364058
6325	31.625	-0.0430117959622294	-0.361560776364058
6326	31.63	-0.0443014679476619	-0.361560776364058
6327	31.635	-0.0417221239767969	-0.360271104378626
6328	31.64	-0.0417221239767969	-0.361560776364058
6329	31.645	-0.0417221239767969	-0.361560776364058
6330	31.65	-0.0404324519913644	-0.361560776364058
6331	31.655	-0.0455911399330944	-0.360271104378626
6332	31.66	-0.0417221239767969	-0.361560776364058
6333	31.665	-0.0430117959622294	-0.361560776364058
6334	31.67	-0.0417221239767969	-0.360271104378626
6335	31.675	-0.0430117959622294	-0.361560776364058
6336	31.68	-0.0417221239767969	-0.360271104378626
6337	31.685	-0.0404324519913644	-0.361560776364058
6338	31.69	-0.0430117959622294	-0.361560776364058
6339	31.695	-0.0430117959622294	-0.361560776364058
6340	31.7	-0.0417221239767969	-0.361560776364058
6341	31.705	-0.0404324519913644	-0.361560776364058
6342	31.71	-0.0404324519913644	-0.361560776364058
6343	31.715	-0.0430117959622294	-0.361560776364058
6344	31.72	-0.0417221239767969	-0.361560776364058
6345	31.725	-0.0417221239767969	-0.361560776364058
6346	31.73	-0.0430117959622294	-0.361560776364058
6347	31.735	-0.0430117959622294	-0.361560776364058
6348	31.74	-0.0417221239767969	-0.361560776364058
6349	31.745	-0.0391427800059319	-0.361560776364058
6350	31.75	-0.0430117959622294	-0.360271104378626
6351	31.755	-0.0430117959622294	-0.361560776364058
6352	31.76	-0.0404324519913644	-0.361560776364058
6353	31.765	-0.0404324519913644	-0.361560776364058
6354	31.77	-0.0417221239767969	-0.361560776364058
6355	31.775	-0.0417221239767969	-0.361560776364058
6356	31.78	-0.0404324519913644	-0.360271104378626
6357	31.785	-0.0430117959622294	-0.361560776364058
6358	31.79	-0.0404324519913644	-0.361560776364058
6359	31.795	-0.0443014679476619	-0.361560776364058
6360	31.8	-0.0417221239767969	-0.361560776364058
6361	31.805	-0.0404324519913644	-0.361560776364058
6362	31.81	-0.0404324519913644	-0.361560776364058
6363	31.815	-0.0417221239767969	-0.360271104378626
6364	31.82	-0.0417221239767969	-0.361560776364058
6365	31.825	-0.0417221239767969	-0.361560776364058
6366	31.83	-0.0391427800059319	-0.361560776364058
6367	31.835	-0.0417221239767969	-0.361560776364058
6368	31.84	-0.0404324519913644	-0.361560776364058
6369	31.845	-0.0404324519913644	-0.361560776364058
6370	31.85	-0.0404324519913644	-0.361560776364058
6371	31.855	-0.0404324519913644	-0.361560776364058
6372	31.86	-0.0378531080204993	-0.361560776364058
6373	31.865	-0.0391427800059319	-0.361560776364058
6374	31.87	-0.0391427800059319	-0.361560776364058
6375	31.875	-0.0417221239767969	-0.361560776364058
6376	31.88	-0.0417221239767969	-0.361560776364058
6377	31.885	-0.0391427800059319	-0.360271104378626
6378	31.89	-0.0404324519913644	-0.361560776364058
6379	31.895	-0.0404324519913644	-0.361560776364058
6380	31.9	-0.0391427800059319	-0.360271104378626
6381	31.905	-0.0391427800059319	-0.361560776364058
6382	31.91	-0.0378531080204993	-0.360271104378626
6383	31.915	-0.0391427800059319	-0.361560776364058
6384	31.92	-0.0404324519913644	-0.361560776364058
6385	31.925	-0.0391427800059319	-0.361560776364058
6386	31.93	-0.0391427800059319	-0.361560776364058
6387	31.935	-0.0378531080204993	-0.361560776364058
6388	31.94	-0.0391427800059319	-0.361560776364058
6389	31.945	-0.0378531080204993	-0.361560776364058
6390	31.95	-0.0391427800059319	-0.360271104378626
6391	31.955	-0.0417221239767969	-0.361560776364058
6392	31.96	-0.0391427800059319	-0.361560776364058
6393	31.965	-0.0391427800059319	-0.361560776364058
6394	31.97	-0.0391427800059319	-0.361560776364058
6395	31.975	-0.0417221239767969	-0.361560776364058
6396	31.98	-0.0391427800059319	-0.361560776364058
6397	31.985	-0.0378531080204993	-0.361560776364058
6398	31.99	-0.0378531080204993	-0.360271104378626
6399	31.995	-0.0391427800059319	-0.361560776364058
6400	32	-0.0378531080204993	-0.361560776364058
6401	32.005	-0.0391427800059319	-0.360271104378626
6402	32.01	-0.0391427800059319	-0.360271104378626
6403	32.015	-0.0417221239767969	-0.361560776364058
6404	32.02	-0.0391427800059319	-0.361560776364058
6405	32.025	-0.0391427800059319	-0.361560776364058
6406	32.03	-0.0378531080204993	-0.361560776364058
6407	32.035	-0.0391427800059319	-0.361560776364058
6408	32.04	-0.0378531080204993	-0.360271104378626
6409	32.045	-0.0378531080204993	-0.361560776364058
6410	32.05	-0.0365634360350668	-0.360271104378626
6411	32.055	-0.0391427800059319	-0.361560776364058
6412	32.06	-0.0391427800059319	-0.360271104378626
6413	32.065	-0.0378531080204993	-0.361560776364058
6414	32.07	-0.0391427800059319	-0.361560776364058
6415	32.075	-0.0378531080204993	-0.361560776364058
6416	32.08	-0.0391427800059319	-0.361560776364058
6417	32.085	-0.0378531080204993	-0.360271104378626
6418	32.09	-0.0404324519913644	-0.361560776364058
6419	32.095	-0.0391427800059319	-0.361560776364058
6420	32.1	-0.0378531080204993	-0.361560776364058
6421	32.105	-0.0378531080204993	-0.361560776364058
6422	32.11	-0.0391427800059319	-0.361560776364058
