Number of measurement points: 15160
Sample Rate (Hz): 200
Low limit Ch0 (V): -10
Upper limit Ch0 (V): 10
Low limit Ch1 (V): -10
Upper limit Ch1 (V): 10

Index	Time[s]	Ch0[V]	Ch1[V]
0	0	-0.587253373814747	0.310358328046277
1	0.005	-0.628522877348587	0.310358328046277
2	0.01	-0.636260909261182	0.310358328046277
3	0.015	-0.633681565290317	0.310358328046277
4	0.02	-0.623364189406857	0.309068656060845
5	0.025	-0.634971237275749	0.310358328046277
6	0.03	-0.633681565290317	0.309068656060845
7	0.035	-0.631102221319452	0.309068656060845
8	0.04	-0.634971237275749	0.310358328046277
9	0.045	-0.633681565290317	0.310358328046277
10	0.05	-0.622074517421424	0.309068656060845
11	0.055	-0.625943533377722	0.310358328046277
12	0.06	-0.622074517421424	0.310358328046277
13	0.065	-0.629812549334019	0.309068656060845
14	0.07	-0.629812549334019	0.310358328046277
15	0.075	-0.627233205363154	0.310358328046277
16	0.08	-0.632391893304884	0.310358328046277
17	0.085	-0.640129925217479	0.310358328046277
18	0.09	-0.629812549334019	0.310358328046277
19	0.095	-0.636260909261182	0.310358328046277
20	0.1	-0.627233205363154	0.310358328046277
21	0.105	-0.641419597202912	0.310358328046277
22	0.11	-0.628522877348587	0.310358328046277
23	0.115	-0.625943533377722	0.309068656060845
24	0.12	-0.629812549334019	0.309068656060845
25	0.125	-0.631102221319452	0.309068656060845
26	0.13	-0.638840253232047	0.310358328046277
27	0.135	-0.632391893304884	0.310358328046277
28	0.14	-0.632391893304884	0.310358328046277
29	0.145	-0.628522877348587	0.310358328046277
30	0.15	-0.638840253232047	0.309068656060845
31	0.155	-0.640129925217479	0.310358328046277
32	0.16	-0.632391893304884	0.310358328046277
33	0.165	-0.627233205363154	0.310358328046277
34	0.17	-0.628522877348587	0.310358328046277
35	0.175	-0.627233205363154	0.309068656060845
36	0.18	-0.629812549334019	0.310358328046277
37	0.185	-0.624653861392289	0.310358328046277
38	0.19	-0.625943533377722	0.310358328046277
39	0.195	-0.629812549334019	0.309068656060845
40	0.2	-0.633681565290317	0.310358328046277
41	0.205	-0.632391893304884	0.310358328046277
42	0.21	-0.620784845435992	0.310358328046277
43	0.215	-0.629812549334019	0.310358328046277
44	0.22	-0.632391893304884	0.309068656060845
45	0.225	-0.632391893304884	0.310358328046277
46	0.23	-0.640129925217479	0.310358328046277
47	0.235	-0.620784845435992	0.309068656060845
48	0.24	-0.632391893304884	0.310358328046277
49	0.245	-0.631102221319452	0.310358328046277
50	0.25	-0.625943533377722	0.310358328046277
51	0.255	-0.616915829479694	0.310358328046277
52	0.26	-0.631102221319452	0.310358328046277
53	0.265	-0.625943533377722	0.310358328046277
54	0.27	-0.627233205363154	0.310358328046277
55	0.275	-0.629812549334019	0.310358328046277
56	0.28	-0.625943533377722	0.310358328046277
57	0.285	-0.637550581246614	0.310358328046277
58	0.29	-0.629812549334019	0.310358328046277
59	0.295	-0.632391893304884	0.310358328046277
60	0.3	-0.629812549334019	0.310358328046277
61	0.305	-0.627233205363154	0.310358328046277
62	0.31	-0.632391893304884	0.310358328046277
63	0.315	-0.632391893304884	0.310358328046277
64	0.32	-0.629812549334019	0.309068656060845
65	0.325	-0.632391893304884	0.310358328046277
66	0.33	-0.633681565290317	0.310358328046277
67	0.335	-0.632391893304884	0.310358328046277
68	0.34	-0.627233205363154	0.310358328046277
69	0.345	-0.632391893304884	0.310358328046277
70	0.35	-0.632391893304884	0.309068656060845
71	0.355	-0.627233205363154	0.310358328046277
72	0.36	-0.634971237275749	0.310358328046277
73	0.365	-0.636260909261182	0.309068656060845
74	0.37	-0.629812549334019	0.310358328046277
75	0.375	-0.634971237275749	0.309068656060845
76	0.38	-0.628522877348587	0.310358328046277
77	0.385	-0.625943533377722	0.310358328046277
78	0.39	-0.634971237275749	0.310358328046277
79	0.395	-0.636260909261182	0.310358328046277
80	0.4	-0.625943533377722	0.310358328046277
81	0.405	-0.628522877348587	0.310358328046277
82	0.41	-0.627233205363154	0.310358328046277
83	0.415	-0.631102221319452	0.310358328046277
84	0.42	-0.620784845435992	0.310358328046277
85	0.425	-0.628522877348587	0.310358328046277
86	0.43	-0.625943533377722	0.310358328046277
87	0.435	-0.628522877348587	0.310358328046277
88	0.44	-0.632391893304884	0.310358328046277
89	0.445	-0.634971237275749	0.310358328046277
90	0.45	-0.629812549334019	0.310358328046277
91	0.455	-0.629812549334019	0.309068656060845
92	0.46	-0.620784845435992	0.310358328046277
93	0.465	-0.614336485508829	0.309068656060845
94	0.47	-0.629812549334019	0.310358328046277
95	0.475	-0.632391893304884	0.310358328046277
96	0.48	-0.628522877348587	0.309068656060845
97	0.485	-0.628522877348587	0.310358328046277
98	0.49	-0.629812549334019	0.310358328046277
99	0.495	-0.629812549334019	0.310358328046277
100	0.5	-0.634971237275749	0.310358328046277
101	0.505	-0.623364189406857	0.310358328046277
102	0.51	-0.628522877348587	0.310358328046277
103	0.515	-0.629812549334019	0.310358328046277
104	0.52	-0.633681565290317	0.309068656060845
105	0.525	-0.631102221319452	0.310358328046277
106	0.53	-0.619495173450559	0.310358328046277
107	0.535	-0.632391893304884	0.310358328046277
108	0.54	-0.627233205363154	0.310358328046277
109	0.545	-0.629812549334019	0.310358328046277
110	0.55	-0.631102221319452	0.310358328046277
111	0.555	-0.632391893304884	0.310358328046277
112	0.56	-0.633681565290317	0.310358328046277
113	0.565	-0.629812549334019	0.309068656060845
114	0.57	-0.633681565290317	0.310358328046277
115	0.575	-0.631102221319452	0.310358328046277
116	0.58	-0.633681565290317	0.310358328046277
117	0.585	-0.641419597202912	0.310358328046277
118	0.59	-0.632391893304884	0.310358328046277
119	0.595	-0.624653861392289	0.309068656060845
120	0.6	-0.633681565290317	0.309068656060845
121	0.605	-0.625943533377722	0.310358328046277
122	0.61	-0.622074517421424	0.310358328046277
123	0.615	-0.629812549334019	0.310358328046277
124	0.62	-0.641419597202912	0.310358328046277
125	0.625	-0.622074517421424	0.310358328046277
126	0.63	-0.627233205363154	0.310358328046277
127	0.635	-0.641419597202912	0.310358328046277
128	0.64	-0.627233205363154	0.310358328046277
129	0.645	-0.633681565290317	0.310358328046277
130	0.65	-0.631102221319452	0.310358328046277
131	0.655	-0.632391893304884	0.309068656060845
132	0.66	-0.640129925217479	0.310358328046277
133	0.665	-0.629812549334019	0.310358328046277
134	0.67	-0.634971237275749	0.310358328046277
135	0.675	-0.633681565290317	0.309068656060845
136	0.68	-0.627233205363154	0.310358328046277
137	0.685	-0.627233205363154	0.310358328046277
138	0.69	-0.623364189406857	0.310358328046277
139	0.695	-0.629812549334019	0.310358328046277
140	0.7	-0.628522877348587	0.310358328046277
141	0.705	-0.632391893304884	0.310358328046277
142	0.71	-0.628522877348587	0.310358328046277
143	0.715	-0.641419597202912	0.310358328046277
144	0.72	-0.632391893304884	0.310358328046277
145	0.725	-0.632391893304884	0.310358328046277
146	0.73	-0.633681565290317	0.310358328046277
147	0.735	-0.627233205363154	0.310358328046277
148	0.74	-0.632391893304884	0.310358328046277
149	0.745	-0.628522877348587	0.309068656060845
150	0.75	-0.622074517421424	0.310358328046277
151	0.755	-0.631102221319452	0.310358328046277
152	0.76	-0.620784845435992	0.310358328046277
153	0.765	-0.633681565290317	0.310358328046277
154	0.77	-0.631102221319452	0.310358328046277
155	0.775	-0.636260909261182	0.310358328046277
156	0.78	-0.627233205363154	0.310358328046277
157	0.785	-0.634971237275749	0.310358328046277
158	0.79	-0.624653861392289	0.310358328046277
159	0.795	-0.632391893304884	0.310358328046277
160	0.8	-0.629812549334019	0.310358328046277
161	0.805	-0.634971237275749	0.310358328046277
162	0.81	-0.627233205363154	0.310358328046277
163	0.815	-0.633681565290317	0.310358328046277
164	0.82	-0.642709269188344	0.310358328046277
165	0.825	-0.627233205363154	0.310358328046277
166	0.83	-0.633681565290317	0.310358328046277
167	0.835	-0.642709269188344	0.310358328046277
168	0.84	-0.624653861392289	0.310358328046277
169	0.845	-0.627233205363154	0.310358328046277
170	0.85	-0.625943533377722	0.310358328046277
171	0.855	-0.633681565290317	0.310358328046277
172	0.86	-0.629812549334019	0.309068656060845
173	0.865	-0.631102221319452	0.310358328046277
174	0.87	-0.627233205363154	0.310358328046277
175	0.875	-0.634971237275749	0.310358328046277
176	0.88	-0.634971237275749	0.310358328046277
177	0.885	-0.634971237275749	0.310358328046277
178	0.89	-0.632391893304884	0.310358328046277
179	0.895	-0.620784845435992	0.310358328046277
180	0.9	-0.628522877348587	0.310358328046277
181	0.905	-0.627233205363154	0.310358328046277
182	0.91	-0.631102221319452	0.310358328046277
183	0.915	-0.622074517421424	0.310358328046277
184	0.92	-0.627233205363154	0.310358328046277
185	0.925	-0.629812549334019	0.309068656060845
186	0.93	-0.627233205363154	0.310358328046277
187	0.935	-0.631102221319452	0.310358328046277
188	0.94	-0.624653861392289	0.310358328046277
189	0.945	-0.623364189406857	0.309068656060845
190	0.95	-0.624653861392289	0.309068656060845
191	0.955	-0.628522877348587	0.309068656060845
192	0.96	-0.632391893304884	0.310358328046277
193	0.965	-0.627233205363154	0.309068656060845
194	0.97	-0.629812549334019	0.309068656060845
195	0.975	-0.632391893304884	0.310358328046277
196	0.98	-0.632391893304884	0.310358328046277
197	0.985	-0.632391893304884	0.309068656060845
198	0.99	-0.634971237275749	0.310358328046277
199	0.995	-0.637550581246614	0.310358328046277
200	1	-0.632391893304884	0.310358328046277
201	1.005	-0.631102221319452	0.310358328046277
202	1.01	-0.622074517421424	0.310358328046277
203	1.015	-0.629812549334019	0.310358328046277
204	1.02	-0.631102221319452	0.310358328046277
205	1.025	-0.623364189406857	0.310358328046277
206	1.03	-0.634971237275749	0.310358328046277
207	1.035	-0.625943533377722	0.310358328046277
208	1.04	-0.627233205363154	0.310358328046277
209	1.045	-0.631102221319452	0.310358328046277
210	1.05	-0.627233205363154	0.310358328046277
211	1.055	-0.629812549334019	0.310358328046277
212	1.06	-0.634971237275749	0.310358328046277
213	1.065	-0.634971237275749	0.310358328046277
214	1.07	-0.629812549334019	0.309068656060845
215	1.075	-0.631102221319452	0.310358328046277
216	1.08	-0.629812549334019	0.310358328046277
217	1.085	-0.631102221319452	0.310358328046277
218	1.09	-0.623364189406857	0.310358328046277
219	1.095	-0.613046813523397	0.309068656060845
220	1.1	-0.624653861392289	0.310358328046277
221	1.105	-0.631102221319452	0.310358328046277
222	1.11	-0.629812549334019	0.310358328046277
223	1.115	-0.627233205363154	0.309068656060845
224	1.12	-0.629812549334019	0.310358328046277
225	1.125	-0.622074517421424	0.310358328046277
226	1.13	-0.632391893304884	0.310358328046277
227	1.135	-0.629812549334019	0.310358328046277
228	1.14	-0.633681565290317	0.310358328046277
229	1.145	-0.632391893304884	0.310358328046277
230	1.15	-0.629812549334019	0.309068656060845
231	1.155	-0.625943533377722	0.310358328046277
232	1.16	-0.627233205363154	0.310358328046277
233	1.165	-0.629812549334019	0.310358328046277
234	1.17	-0.637550581246614	0.310358328046277
235	1.175	-0.625943533377722	0.310358328046277
236	1.18	-0.632391893304884	0.310358328046277
237	1.185	-0.627233205363154	0.310358328046277
238	1.19	-0.620784845435992	0.310358328046277
239	1.195	-0.629812549334019	0.310358328046277
240	1.2	-0.641419597202912	0.310358328046277
241	1.205	-0.640129925217479	0.310358328046277
242	1.21	-0.634971237275749	0.310358328046277
243	1.215	-0.632391893304884	0.309068656060845
244	1.22	-0.628522877348587	0.309068656060845
245	1.225	-0.620784845435992	0.309068656060845
246	1.23	-0.627233205363154	0.310358328046277
247	1.235	-0.620784845435992	0.310358328046277
248	1.24	-0.631102221319452	0.310358328046277
249	1.245	-0.632391893304884	0.310358328046277
250	1.25	-0.625943533377722	0.309068656060845
251	1.255	-0.629812549334019	0.310358328046277
252	1.26	-0.627233205363154	0.310358328046277
253	1.265	-0.632391893304884	0.310358328046277
254	1.27	-0.625943533377722	0.310358328046277
255	1.275	-0.625943533377722	0.310358328046277
256	1.28	-0.636260909261182	0.309068656060845
257	1.285	-0.633681565290317	0.310358328046277
258	1.29	-0.631102221319452	0.310358328046277
259	1.295	-0.625943533377722	0.310358328046277
260	1.3	-0.636260909261182	0.310358328046277
261	1.305	-0.632391893304884	0.310358328046277
262	1.31	-0.632391893304884	0.309068656060845
263	1.315	-0.634971237275749	0.310358328046277
264	1.32	-0.631102221319452	0.310358328046277
265	1.325	-0.624653861392289	0.310358328046277
266	1.33	-0.619495173450559	0.310358328046277
267	1.335	-0.629812549334019	0.310358328046277
268	1.34	-0.628522877348587	0.310358328046277
269	1.345	-0.634971237275749	0.309068656060845
270	1.35	-0.632391893304884	0.310358328046277
271	1.355	-0.636260909261182	0.310358328046277
272	1.36	-0.624653861392289	0.310358328046277
273	1.365	-0.623364189406857	0.310358328046277
274	1.37	-0.625943533377722	0.310358328046277
275	1.375	-0.627233205363154	0.310358328046277
276	1.38	-0.633681565290317	0.310358328046277
277	1.385	-0.619495173450559	0.310358328046277
278	1.39	-0.628522877348587	0.310358328046277
279	1.395	-0.625943533377722	0.310358328046277
280	1.4	-0.633681565290317	0.310358328046277
281	1.405	-0.623364189406857	0.310358328046277
282	1.41	-0.624653861392289	0.310358328046277
283	1.415	-0.616915829479694	0.310358328046277
284	1.42	-0.623364189406857	0.310358328046277
285	1.425	-0.629812549334019	0.310358328046277
286	1.43	-0.633681565290317	0.310358328046277
287	1.435	-0.629812549334019	0.310358328046277
288	1.44	-0.631102221319452	0.310358328046277
289	1.445	-0.627233205363154	0.310358328046277
290	1.45	-0.627233205363154	0.310358328046277
291	1.455	-0.631102221319452	0.309068656060845
292	1.46	-0.622074517421424	0.310358328046277
293	1.465	-0.629812549334019	0.310358328046277
294	1.47	-0.623364189406857	0.310358328046277
295	1.475	-0.628522877348587	0.310358328046277
296	1.48	-0.627233205363154	0.310358328046277
297	1.485	-0.623364189406857	0.310358328046277
298	1.49	-0.625943533377722	0.310358328046277
299	1.495	-0.623364189406857	0.310358328046277
300	1.5	-0.628522877348587	0.310358328046277
301	1.505	-0.620784845435992	0.310358328046277
302	1.51	-0.627233205363154	0.310358328046277
303	1.515	-0.625943533377722	0.310358328046277
304	1.52	-0.633681565290317	0.310358328046277
305	1.525	-0.623364189406857	0.310358328046277
306	1.53	-0.624653861392289	0.310358328046277
307	1.535	-0.627233205363154	0.310358328046277
308	1.54	-0.625943533377722	0.310358328046277
309	1.545	-0.624653861392289	0.310358328046277
310	1.55	-0.631102221319452	0.310358328046277
311	1.555	-0.631102221319452	0.310358328046277
312	1.56	-0.627233205363154	0.310358328046277
313	1.565	-0.622074517421424	0.310358328046277
314	1.57	-0.631102221319452	0.310358328046277
315	1.575	-0.631102221319452	0.310358328046277
316	1.58	-0.627233205363154	0.310358328046277
317	1.585	-0.624653861392289	0.309068656060845
318	1.59	-0.623364189406857	0.310358328046277
319	1.595	-0.634971237275749	0.310358328046277
320	1.6	-0.620784845435992	0.310358328046277
321	1.605	-0.624653861392289	0.310358328046277
322	1.61	-0.634971237275749	0.310358328046277
323	1.615	-0.636260909261182	0.310358328046277
324	1.62	-0.628522877348587	0.310358328046277
325	1.625	-0.631102221319452	0.310358328046277
326	1.63	-0.627233205363154	0.310358328046277
327	1.635	-0.634971237275749	0.310358328046277
328	1.64	-0.628522877348587	0.310358328046277
329	1.645	-0.629812549334019	0.310358328046277
330	1.65	-0.628522877348587	0.310358328046277
331	1.655	-0.624653861392289	0.310358328046277
332	1.66	-0.620784845435992	0.310358328046277
333	1.665	-0.624653861392289	0.310358328046277
334	1.67	-0.625943533377722	0.310358328046277
335	1.675	-0.627233205363154	0.310358328046277
336	1.68	-0.624653861392289	0.310358328046277
337	1.685	-0.625943533377722	0.310358328046277
338	1.69	-0.627233205363154	0.310358328046277
339	1.695	-0.616915829479694	0.310358328046277
340	1.7	-0.632391893304884	0.310358328046277
341	1.705	-0.627233205363154	0.310358328046277
342	1.71	-0.624653861392289	0.310358328046277
343	1.715	-0.628522877348587	0.310358328046277
344	1.72	-0.607888125581667	0.310358328046277
345	1.725	-0.625943533377722	0.310358328046277
346	1.73	-0.625943533377722	0.310358328046277
347	1.735	-0.622074517421424	0.310358328046277
348	1.74	-0.623364189406857	0.309068656060845
349	1.745	-0.620784845435992	0.309068656060845
350	1.75	-0.628522877348587	0.310358328046277
351	1.755	-0.623364189406857	0.310358328046277
352	1.76	-0.627233205363154	0.310358328046277
353	1.765	-0.629812549334019	0.310358328046277
354	1.77	-0.629812549334019	0.310358328046277
355	1.775	-0.620784845435992	0.310358328046277
356	1.78	-0.623364189406857	0.310358328046277
357	1.785	-0.616915829479694	0.310358328046277
358	1.79	-0.623364189406857	0.310358328046277
359	1.795	-0.627233205363154	0.310358328046277
360	1.8	-0.623364189406857	0.310358328046277
361	1.805	-0.631102221319452	0.310358328046277
362	1.81	-0.631102221319452	0.309068656060845
363	1.815	-0.629812549334019	0.310358328046277
364	1.82	-0.628522877348587	0.310358328046277
365	1.825	-0.622074517421424	0.310358328046277
366	1.83	-0.625943533377722	0.310358328046277
367	1.835	-0.620784845435992	0.310358328046277
368	1.84	-0.625943533377722	0.310358328046277
369	1.845	-0.620784845435992	0.310358328046277
370	1.85	-0.627233205363154	0.310358328046277
371	1.855	-0.629812549334019	0.310358328046277
372	1.86	-0.624653861392289	0.310358328046277
373	1.865	-0.627233205363154	0.310358328046277
374	1.87	-0.624653861392289	0.310358328046277
375	1.875	-0.627233205363154	0.310358328046277
376	1.88	-0.620784845435992	0.310358328046277
377	1.885	-0.619495173450559	0.310358328046277
378	1.89	-0.622074517421424	0.310358328046277
379	1.895	-0.619495173450559	0.310358328046277
380	1.9	-0.611757141537964	0.310358328046277
381	1.905	-0.611757141537964	0.310358328046277
382	1.91	-0.611757141537964	0.310358328046277
383	1.915	-0.616915829479694	0.310358328046277
384	1.92	-0.598860421683639	0.310358328046277
385	1.925	-0.607888125581667	0.310358328046277
386	1.93	-0.604019109625369	0.310358328046277
387	1.935	-0.601439765654504	0.310358328046277
388	1.94	-0.601439765654504	0.310358328046277
389	1.945	-0.604019109625369	0.310358328046277
390	1.95	-0.585963701829314	0.310358328046277
391	1.955	-0.575646325945854	0.310358328046277
392	1.96	-0.579515341902152	0.310358328046277
393	1.965	-0.565328950062394	0.310358328046277
394	1.97	-0.558880590135232	0.310358328046277
395	1.975	-0.549852886237204	0.310358328046277
396	1.98	-0.544694198295474	0.310358328046277
397	1.985	-0.538245838368312	0.310358328046277
398	1.99	-0.527928462484851	0.310358328046277
399	1.995	-0.522769774543121	0.310358328046277
400	2	-0.515031742630526	0.310358328046277
401	2.005	-0.509873054688796	0.310358328046277
402	2.01	-0.502135022776201	0.310358328046277
403	2.015	-0.500845350790769	0.310358328046277
404	2.02	-0.498266006819904	0.310358328046277
405	2.025	-0.493107318878174	0.309068656060845
406	2.03	-0.485369286965579	0.310358328046277
407	2.035	-0.494396990863606	0.310358328046277
408	2.04	-0.485369286965579	0.309068656060845
409	2.045	-0.495686662849039	0.310358328046277
410	2.05	-0.491817646892741	0.310358328046277
411	2.055	-0.486658958951011	0.310358328046277
412	2.06	-0.496976334834471	0.309068656060845
413	2.065	-0.481500271009281	0.310358328046277
414	2.07	-0.490527974907309	0.310358328046277
415	2.075	-0.481500271009281	0.309068656060845
416	2.08	-0.482789942994714	0.310358328046277
417	2.085	-0.478920927038416	0.310358328046277
418	2.09	-0.466024207184091	0.309068656060845
419	2.095	-0.468603551154956	0.309068656060845
420	2.1	-0.464734535198659	0.309068656060845
421	2.105	-0.466024207184091	0.309068656060845
422	2.11	-0.462155191227794	0.309068656060845
423	2.115	-0.449258471373469	0.310358328046277
424	2.12	-0.447968799388036	0.309068656060845
425	2.125	-0.442810111446306	0.309068656060845
426	2.13	-0.435072079533711	0.309068656060845
427	2.135	-0.437651423504576	0.309068656060845
428	2.14	-0.427334047621116	0.309068656060845
429	2.145	-0.420885687693954	0.309068656060845
430	2.15	-0.423465031664819	0.309068656060845
431	2.155	-0.417016671737656	0.309068656060845
432	2.16	-0.414437327766791	0.309068656060845
433	2.165	-0.409278639825061	0.309068656060845
434	2.17	-0.414437327766791	0.309068656060845
435	2.175	-0.405409623868763	0.309068656060845
436	2.18	-0.400250935927033	0.309068656060845
437	2.185	-0.393802575999871	0.309068656060845
438	2.19	-0.395092247985303	0.309068656060845
439	2.195	-0.387354216072708	0.309068656060845
440	2.2	-0.382195528130978	0.309068656060845
441	2.205	-0.375747168203816	0.309068656060845
442	2.21	-0.360271104378626	0.309068656060845
443	2.215	-0.352533072466031	0.309068656060845
444	2.22	-0.344795040553436	0.309068656060845
445	2.225	-0.335767336655408	0.309068656060845
446	2.23	-0.321580944815651	0.309068656060845
447	2.235	-0.313842912903056	0.309068656060845
448	2.24	-0.312553240917623	0.309068656060845
449	2.245	-0.302235865034163	0.309068656060845
450	2.25	-0.297077177092433	0.307778984075412
451	2.255	-0.291918489150703	0.309068656060845
452	2.26	-0.291918489150703	0.309068656060845
453	2.265	-0.276442425325513	0.307778984075412
454	2.27	-0.276442425325513	0.309068656060845
455	2.275	-0.268704393412918	0.307778984075412
456	2.28	-0.263545705471188	0.307778984075412
457	2.285	-0.255807673558593	0.307778984075412
458	2.29	-0.2442006256897	0.307778984075412
459	2.295	-0.231303905835375	0.307778984075412
460	2.3	-0.22872456186451	0.307778984075412
461	2.305	-0.214538170024753	0.307778984075412
462	2.31	-0.206800138112158	0.307778984075412
463	2.315	-0.19777243421413	0.307778984075412
464	2.32	-0.188744730316103	0.307778984075412
465	2.325	-0.179717026418075	0.307778984075412
466	2.33	-0.173268666490912	0.30648931208998
467	2.335	-0.169399650534615	0.307778984075412
468	2.34	-0.168109978549182	0.307778984075412
469	2.345	-0.159082274651155	0.30648931208998
470	2.35	-0.15650293068029	0.307778984075412
471	2.355	-0.150054570753127	0.307778984075412
472	2.36	-0.14618555479683	0.30648931208998
473	2.365	-0.148764898767695	0.307778984075412
474	2.37	-0.1410268668551	0.30648931208998
475	2.375	-0.150054570753127	0.307778984075412
476	2.38	-0.147475226782262	0.30648931208998
477	2.385	-0.14618555479683	0.307778984075412
478	2.39	-0.143606210825965	0.30648931208998
479	2.395	-0.144895882811397	0.30648931208998
480	2.4	-0.143606210825965	0.30648931208998
481	2.405	-0.143606210825965	0.30648931208998
482	2.41	-0.1410268668551	0.30648931208998
483	2.415	-0.139737194869667	0.30648931208998
484	2.42	-0.139737194869667	0.30648931208998
485	2.425	-0.137157850898802	0.30648931208998
486	2.43	-0.133288834942505	0.30648931208998
487	2.435	-0.13070949097164	0.30648931208998
488	2.44	-0.126840475015342	0.30648931208998
489	2.445	-0.126840475015342	0.305199640104547
490	2.45	-0.119102443102747	0.30648931208998
491	2.455	-0.11523342714645	0.30648931208998
492	2.46	-0.119102443102747	0.30648931208998
493	2.465	-0.112654083175585	0.305199640104547
494	2.47	-0.112654083175585	0.305199640104547
495	2.475	-0.108785067219287	0.305199640104547
496	2.48	-0.113943755161017	0.305199640104547
497	2.485	-0.112654083175585	0.305199640104547
498	2.49	-0.108785067219287	0.30648931208998
499	2.495	-0.112654083175585	0.305199640104547
500	2.5	-0.11007473920472	0.305199640104547
501	2.505	-0.108785067219287	0.305199640104547
502	2.51	-0.108785067219287	0.305199640104547
503	2.515	-0.11007473920472	0.305199640104547
504	2.52	-0.11007473920472	0.305199640104547
505	2.525	-0.112654083175585	0.305199640104547
506	2.53	-0.11007473920472	0.303909968119115
507	2.535	-0.11007473920472	0.305199640104547
508	2.54	-0.112654083175585	0.305199640104547
509	2.545	-0.111364411190152	0.303909968119115
510	2.55	-0.108785067219287	0.303909968119115
511	2.555	-0.111364411190152	0.303909968119115
512	2.56	-0.113943755161017	0.305199640104547
513	2.565	-0.111364411190152	0.303909968119115
514	2.57	-0.111364411190152	0.303909968119115
515	2.575	-0.111364411190152	0.303909968119115
516	2.58	-0.113943755161017	0.303909968119115
517	2.585	-0.111364411190152	0.303909968119115
518	2.59	-0.112654083175585	0.303909968119115
519	2.595	-0.11523342714645	0.303909968119115
520	2.6	-0.11523342714645	0.303909968119115
521	2.605	-0.116523099131882	0.303909968119115
522	2.61	-0.117812771117315	0.303909968119115
523	2.615	-0.122971459059045	0.303909968119115
524	2.62	-0.117812771117315	0.303909968119115
525	2.625	-0.12039211508818	0.303909968119115
526	2.63	-0.116523099131882	0.302620296133682
527	2.635	-0.12039211508818	0.302620296133682
528	2.64	-0.124261131044477	0.303909968119115
529	2.645	-0.121681787073612	0.302620296133682
530	2.65	-0.117812771117315	0.303909968119115
531	2.655	-0.121681787073612	0.302620296133682
532	2.66	-0.12039211508818	0.302620296133682
533	2.665	-0.119102443102747	0.302620296133682
534	2.67	-0.12039211508818	0.303909968119115
535	2.675	-0.122971459059045	0.302620296133682
536	2.68	-0.128130147000775	0.302620296133682
537	2.685	-0.12555080302991	0.302620296133682
538	2.69	-0.12555080302991	0.302620296133682
539	2.695	-0.129419818986207	0.302620296133682
540	2.7	-0.129419818986207	0.302620296133682
541	2.705	-0.133288834942505	0.302620296133682
542	2.71	-0.131999162957072	0.302620296133682
543	2.715	-0.137157850898802	0.302620296133682
544	2.72	-0.134578506927937	0.302620296133682
545	2.725	-0.142316538840532	0.302620296133682
546	2.73	-0.143606210825965	0.302620296133682
547	2.735	-0.143606210825965	0.302620296133682
548	2.74	-0.152633914723992	0.302620296133682
549	2.745	-0.152633914723992	0.302620296133682
550	2.75	-0.155213258694857	0.30133062414825
551	2.755	-0.159082274651155	0.302620296133682
552	2.76	-0.160371946636587	0.30133062414825
553	2.765	-0.170689322520047	0.302620296133682
554	2.77	-0.16682030656375	0.30133062414825
555	2.775	-0.17197899450548	0.30133062414825
556	2.78	-0.179717026418075	0.30133062414825
557	2.785	-0.18229637038894	0.30133062414825
558	2.79	-0.184875714359805	0.30133062414825
559	2.795	-0.193903418257833	0.30133062414825
560	2.8	-0.199062106199563	0.30133062414825
561	2.805	-0.206800138112158	0.30133062414825
562	2.81	-0.21324849803932	0.30133062414825
563	2.815	-0.230014233849943	0.30133062414825
564	2.82	-0.231303905835375	0.30133062414825
565	2.825	-0.245490297675133	0.30133062414825
566	2.83	-0.2442006256897	0.30133062414825
567	2.835	-0.25967668951489	0.300040952162817
568	2.84	-0.266125049442053	0.30133062414825
569	2.845	-0.271283737383783	0.300040952162817
570	2.85	-0.28031144128181	0.30133062414825
571	2.855	-0.293208161136135	0.300040952162817
572	2.86	-0.299656521063298	0.300040952162817
573	2.865	-0.309973896946758	0.30133062414825
574	2.87	-0.315132584888488	0.300040952162817
575	2.875	-0.321580944815651	0.300040952162817
576	2.88	-0.337057008640841	0.300040952162817
577	2.885	-0.342215696582571	0.300040952162817
578	2.89	-0.346084712538868	0.300040952162817
579	2.895	-0.357691760407761	0.300040952162817
580	2.9	-0.369298808276653	0.300040952162817
581	2.905	-0.387354216072708	0.300040952162817
582	2.91	-0.387354216072708	0.300040952162817
583	2.915	-0.397671591956168	0.298751280177385
584	2.92	-0.406699295854196	0.298751280177385
585	2.925	-0.414437327766791	0.298751280177385
586	2.93	-0.424754703650251	0.298751280177385
587	2.935	-0.435072079533711	0.298751280177385
588	2.94	-0.458286175271496	0.298751280177385
589	2.945	-0.464734535198659	0.298751280177385
590	2.95	-0.468603551154956	0.300040952162817
591	2.955	-0.481500271009281	0.298751280177385
592	2.96	-0.499555678805336	0.298751280177385
593	2.965	-0.513742070645094	0.300040952162817
594	2.97	-0.524059446528554	0.298751280177385
595	2.975	-0.527928462484851	0.298751280177385
596	2.98	-0.551142558222637	0.298751280177385
597	2.985	-0.558880590135232	0.298751280177385
598	2.99	-0.566618622047827	0.298751280177385
599	2.995	-0.587253373814747	0.298751280177385
600	3	-0.589832717785612	0.297461608191952
601	3.005	-0.597570749698207	0.297461608191952
602	3.01	-0.598860421683639	0.297461608191952
603	3.015	-0.625943533377722	0.298751280177385
604	3.02	-0.645288613159209	0.297461608191952
605	3.025	-0.651736973086372	0.297461608191952
606	3.03	-0.662054348969832	0.297461608191952
607	3.035	-0.67624074080959	0.297461608191952
608	3.04	-0.69171680463478	0.297461608191952
609	3.045	-0.70719286845997	0.297461608191952
610	3.05	-0.70719286845997	0.297461608191952
611	3.055	-0.721379260299727	0.297461608191952
612	3.06	-0.73814499611035	0.297461608191952
613	3.065	-0.74330368405208	0.29617193620652
614	3.07	-0.754910731920972	0.297461608191952
615	3.075	-0.763938435819	0.29617193620652
616	3.08	-0.772966139717028	0.29617193620652
617	3.085	-0.787152531556785	0.29617193620652
618	3.09	-0.788442203542218	0.29617193620652
619	3.095	-0.80520793935284	0.29617193620652
620	3.1	-0.81036662729457	0.29617193620652
621	3.105	-0.82068400317803	0.29617193620652
622	3.11	-0.818104659207165	0.29617193620652
623	3.115	-0.82584269111976	0.29617193620652
624	3.12	-0.843898098915815	0.29617193620652
625	3.125	-0.838739410974085	0.29617193620652
626	3.13	-0.840029082959518	0.29617193620652
627	3.135	-0.847767114872113	0.29617193620652
628	3.14	-0.850346458842978	0.29617193620652
629	3.145	-0.854215474799275	0.294882264221087
630	3.15	-0.8671121946536	0.294882264221087
631	3.155	-0.876139898551628	0.294882264221087
632	3.16	-0.870981210609898	0.294882264221087
633	3.165	-0.876139898551628	0.294882264221087
634	3.17	-0.878719242522493	0.294882264221087
635	3.175	-0.885167602449656	0.294882264221087
636	3.18	-0.895484978333116	0.294882264221087
637	3.185	-0.901933338260278	0.294882264221087
638	3.19	-0.901933338260278	0.294882264221087
639	3.195	-0.918699074070901	0.294882264221087
640	3.2	-0.914830058114603	0.294882264221087
641	3.205	-0.925147433998063	0.293592592235655
642	3.21	-0.927726777968928	0.293592592235655
643	3.215	-0.927726777968928	0.294882264221087
644	3.22	-0.931595793925226	0.294882264221087
645	3.225	-0.932885465910658	0.294882264221087
646	3.23	-0.941913169808686	0.293592592235655
647	3.235	-0.944492513779551	0.294882264221087
648	3.24	-0.952230545692146	0.293592592235655
649	3.245	-0.959968577604741	0.294882264221087
650	3.25	-0.945782185764983	0.293592592235655
651	3.255	-0.947071857750416	0.293592592235655
652	3.26	-0.966416937531903	0.292302920250222
653	3.265	-0.954809889663011	0.293592592235655
654	3.27	-0.961258249590173	0.293592592235655
655	3.275	-0.954809889663011	0.293592592235655
656	3.28	-0.967706609517336	0.293592592235655
657	3.285	-0.975444641429931	0.293592592235655
658	3.29	-0.963837593561038	0.293592592235655
659	3.295	-0.976734313415363	0.292302920250222
660	3.3	-0.985762017313391	0.292302920250222
661	3.305	-0.980603329371661	0.292302920250222
662	3.31	-0.981893001357093	0.292302920250222
663	3.315	-0.994789721211419	0.292302920250222
664	3.32	-1.00381742510945	0.292302920250222
665	3.325	-0.998658737167716	0.292302920250222
666	3.33	-1.00381742510945	0.293592592235655
667	3.335	-1.01026578503661	0.292302920250222
668	3.34	-1.00252775312401	0.292302920250222
669	3.345	-1.01929348893464	0.292302920250222
670	3.35	-1.01929348893464	0.292302920250222
671	3.355	-1.0180038169492	0.292302920250222
672	3.36	-1.0296108648181	0.292302920250222
673	3.365	-1.02832119283266	0.29101324826479
674	3.37	-1.0296108648181	0.292302920250222
675	3.375	-1.03476955275983	0.292302920250222
676	3.38	-1.04637660062872	0.29101324826479
677	3.385	-1.03992824070156	0.292302920250222
678	3.39	-1.03347988077439	0.292302920250222
679	3.395	-1.04637660062872	0.292302920250222
680	3.4	-1.05024561658502	0.292302920250222
681	3.405	-1.05282496055588	0.29101324826479
682	3.41	-1.05411463254131	0.292302920250222
683	3.415	-1.07088036835194	0.29101324826479
684	3.42	-1.07603905629367	0.29101324826479
685	3.425	-1.07990807224996	0.29101324826479
686	3.43	-1.08635643217713	0.29101324826479
687	3.435	-1.10183249600232	0.29101324826479
688	3.44	-1.11214987188578	0.29101324826479
689	3.445	-1.10699118394405	0.29101324826479
690	3.45	-1.11988790379837	0.292302920250222
691	3.455	-1.12375691975467	0.29101324826479
692	3.46	-1.14052265556529	0.29101324826479
693	3.465	-1.12375691975467	0.29101324826479
694	3.47	-1.14826068747789	0.29101324826479
695	3.475	-1.15857806336135	0.29101324826479
696	3.48	-1.15857806336135	0.289723576279357
697	3.485	-1.16631609527394	0.289723576279357
698	3.49	-1.17147478321567	0.289723576279357
699	3.495	-1.1727644552011	0.289723576279357
700	3.5	-1.16373675130308	0.289723576279357
701	3.505	-1.18179215909913	0.289723576279357
702	3.51	-1.1766334711574	0.289723576279357
703	3.515	-1.18437150307	0.29101324826479
704	3.52	-1.18308183108456	0.29101324826479
705	3.525	-1.19855789490975	0.289723576279357
706	3.53	-1.19468887895346	0.289723576279357
707	3.535	-1.19984756689519	0.289723576279357
708	3.54	-1.19468887895346	0.289723576279357
709	3.545	-1.20371658285148	0.289723576279357
710	3.55	-1.21274428674951	0.289723576279357
711	3.555	-1.21403395873494	0.288433904293925
712	3.56	-1.22048231866211	0.289723576279357
713	3.565	-1.22306166263297	0.289723576279357
714	3.57	-1.22306166263297	0.289723576279357
715	3.575	-1.22564100660384	0.289723576279357
716	3.58	-1.23337903851643	0.289723576279357
717	3.585	-1.24240674241446	0.289723576279357
718	3.59	-1.23466871050186	0.288433904293925
719	3.595	-1.23079969454557	0.288433904293925
720	3.6	-1.21532363072038	0.288433904293925
721	3.605	-1.21790297469124	0.289723576279357
722	3.61	-1.232089366531	0.288433904293925
723	3.615	-1.24111707042903	0.289723576279357
724	3.62	-1.23079969454557	0.288433904293925
725	3.625	-1.232089366531	0.288433904293925
726	3.63	-1.22693067858927	0.288433904293925
727	3.635	-1.2243513346184	0.288433904293925
728	3.64	-1.2282203505747	0.288433904293925
729	3.645	-1.22177199064754	0.288433904293925
730	3.65	-1.21919264667667	0.288433904293925
731	3.655	-1.2282203505747	0.288433904293925
732	3.66	-1.23466871050186	0.288433904293925
733	3.665	-1.22048231866211	0.288433904293925
734	3.67	-1.22048231866211	0.288433904293925
735	3.675	-1.232089366531	0.288433904293925
736	3.68	-1.2282203505747	0.288433904293925
737	3.685	-1.24111707042903	0.288433904293925
738	3.69	-1.23079969454557	0.288433904293925
739	3.695	-1.23853772645816	0.288433904293925
740	3.7	-1.23853772645816	0.288433904293925
741	3.705	-1.232089366531	0.288433904293925
742	3.71	-1.24240674241446	0.288433904293925
743	3.715	-1.24756543035619	0.288433904293925
744	3.72	-1.25014477432705	0.287144232308492
745	3.725	-1.24756543035619	0.288433904293925
746	3.73	-1.27206919807941	0.287144232308492
747	3.735	-1.27335887006484	0.287144232308492
748	3.74	-1.27851755800657	0.288433904293925
749	3.745	-1.27464854205027	0.287144232308492
750	3.75	-1.2836762459483	0.287144232308492
751	3.755	-1.29915230977349	0.287144232308492
752	3.76	-1.31462837359868	0.287144232308492
753	3.765	-1.30173165374435	0.287144232308492
754	3.77	-1.31204902962781	0.287144232308492
755	3.775	-1.31333870161325	0.28585456032306
756	3.78	-1.32236640551127	0.287144232308492
757	3.785	-1.32881476543844	0.287144232308492
758	3.79	-1.3391321413219	0.287144232308492
759	3.795	-1.3352631253656	0.287144232308492
760	3.8	-1.33655279735103	0.287144232308492
761	3.805	-1.32881476543844	0.287144232308492
762	3.81	-1.33268378139473	0.287144232308492
763	3.815	-1.34171148529276	0.28585456032306
764	3.82	-1.3352631253656	0.287144232308492
765	3.825	-1.33784246933647	0.287144232308492
766	3.83	-1.3430011572782	0.287144232308492
767	3.835	-1.34429082926363	0.287144232308492
768	3.84	-1.3430011572782	0.28585456032306
769	3.845	-1.34042181330733	0.28585456032306
770	3.85	-1.34171148529276	0.287144232308492
771	3.855	-1.35589787713252	0.28585456032306
772	3.86	-1.327525093453	0.28585456032306
773	3.865	-1.33010443742387	0.28585456032306
774	3.87	-1.33397345338017	0.28585456032306
775	3.875	-1.3430011572782	0.28585456032306
776	3.88	-1.34558050124906	0.28585456032306
777	3.885	-1.34042181330733	0.28585456032306
778	3.89	-1.33397345338017	0.28585456032306
779	3.895	-1.32881476543844	0.28585456032306
780	3.9	-1.3352631253656	0.284564888337627
781	3.905	-1.3430011572782	0.28585456032306
782	3.91	-1.3313941094093	0.28585456032306
783	3.915	-1.32881476543844	0.28585456032306
784	3.92	-1.3391321413219	0.28585456032306
785	3.925	-1.32881476543844	0.28585456032306
786	3.93	-1.34042181330733	0.28585456032306
787	3.935	-1.3352631253656	0.28585456032306
788	3.94	-1.34171148529276	0.28585456032306
789	3.945	-1.33268378139473	0.28585456032306
790	3.95	-1.3313941094093	0.284564888337627
791	3.955	-1.33655279735103	0.28585456032306
792	3.96	-1.34171148529276	0.284564888337627
793	3.965	-1.32494574948214	0.28585456032306
794	3.97	-1.33655279735103	0.28585456032306
795	3.975	-1.3391321413219	0.28585456032306
796	3.98	-1.33010443742387	0.28585456032306
797	3.985	-1.327525093453	0.284564888337627
798	3.99	-1.3391321413219	0.284564888337627
799	3.995	-1.3313941094093	0.284564888337627
800	4	-1.34429082926363	0.28585456032306
801	4.005	-1.34042181330733	0.284564888337627
802	4.01	-1.33655279735103	0.284564888337627
803	4.015	-1.34558050124906	0.284564888337627
804	4.02	-1.34944951720536	0.284564888337627
805	4.025	-1.35976689308882	0.284564888337627
806	4.03	-1.34558050124906	0.284564888337627
807	4.035	-1.35976689308882	0.284564888337627
808	4.04	-1.35331853316166	0.284564888337627
809	4.045	-1.36492558103055	0.284564888337627
810	4.05	-1.36105656507425	0.284564888337627
811	4.055	-1.36105656507425	0.284564888337627
812	4.06	-1.37008426897228	0.284564888337627
813	4.065	-1.37137394095771	0.284564888337627
814	4.07	-1.35976689308882	0.284564888337627
815	4.075	-1.35976689308882	0.283275216352195
816	4.08	-1.36879459698685	0.284564888337627
817	4.085	-1.38427066081204	0.283275216352195
818	4.09	-1.37008426897228	0.284564888337627
819	4.095	-1.37395328492858	0.283275216352195
820	4.1	-1.37524295691401	0.284564888337627
821	4.105	-1.38169131684117	0.284564888337627
822	4.11	-1.37653262889944	0.283275216352195
823	4.115	-1.37524295691401	0.284564888337627
824	4.12	-1.36879459698685	0.283275216352195
825	4.125	-1.36363590904512	0.284564888337627
826	4.13	-1.36879459698685	0.283275216352195
827	4.135	-1.37653262889944	0.283275216352195
828	4.14	-1.36234623705968	0.284564888337627
829	4.145	-1.35718754911795	0.284564888337627
830	4.15	-1.36621525301598	0.283275216352195
831	4.155	-1.36879459698685	0.283275216352195
832	4.16	-1.36363590904512	0.283275216352195
833	4.165	-1.35589787713252	0.283275216352195
834	4.17	-1.36234623705968	0.283275216352195
835	4.175	-1.37266361294314	0.283275216352195
836	4.18	-1.36621525301598	0.283275216352195
837	4.185	-1.36105656507425	0.283275216352195
838	4.19	-1.36105656507425	0.283275216352195
839	4.195	-1.37137394095771	0.283275216352195
840	4.2	-1.36363590904512	0.283275216352195
841	4.205	-1.35976689308882	0.283275216352195
842	4.21	-1.36363590904512	0.283275216352195
843	4.215	-1.36234623705968	0.283275216352195
844	4.22	-1.34687017323449	0.283275216352195
845	4.225	-1.36363590904512	0.283275216352195
846	4.23	-1.36621525301598	0.281985544366762
847	4.235	-1.37008426897228	0.283275216352195
848	4.24	-1.37266361294314	0.283275216352195
849	4.245	-1.35202886117622	0.283275216352195
850	4.25	-1.35073918919079	0.281985544366762
851	4.255	-1.36363590904512	0.283275216352195
852	4.26	-1.36492558103055	0.281985544366762
853	4.265	-1.35331853316166	0.281985544366762
854	4.27	-1.36105656507425	0.281985544366762
855	4.275	-1.36234623705968	0.281985544366762
856	4.28	-1.36492558103055	0.281985544366762
857	4.285	-1.35331853316166	0.281985544366762
858	4.29	-1.35976689308882	0.281985544366762
859	4.295	-1.34944951720536	0.281985544366762
860	4.3	-1.35589787713252	0.281985544366762
861	4.305	-1.36492558103055	0.281985544366762
862	4.31	-1.35460820514709	0.281985544366762
863	4.315	-1.35331853316166	0.281985544366762
864	4.32	-1.34687017323449	0.281985544366762
865	4.325	-1.32365607749671	0.281985544366762
866	4.33	-1.33655279735103	0.281985544366762
867	4.335	-1.32107673352584	0.281985544366762
868	4.34	-1.31720771756954	0.281985544366762
869	4.345	-1.31591804558411	0.281985544366762
870	4.35	-1.29528329381719	0.281985544366762
871	4.355	-1.31591804558411	0.281985544366762
872	4.36	-1.29786263778806	0.281985544366762
873	4.365	-1.29141427786089	0.281985544366762
874	4.37	-1.28238657396287	0.281985544366762
875	4.375	-1.27077952609397	0.281985544366762
876	4.38	-1.27722788602114	0.28069587238133
877	4.385	-1.26562083815224	0.28069587238133
878	4.39	-1.26304149418138	0.281985544366762
879	4.395	-1.26433116616681	0.281985544366762
880	4.4	-1.25788280623965	0.28069587238133
881	4.405	-1.26562083815224	0.281985544366762
882	4.41	-1.25917247822508	0.281985544366762
883	4.415	-1.24498608638532	0.28069587238133
884	4.42	-1.24369641439989	0.28069587238133
885	4.425	-1.2359583824873	0.28069587238133
886	4.43	-1.23337903851643	0.28069587238133
887	4.435	-1.23466871050186	0.28069587238133
888	4.44	-1.21661330270581	0.28069587238133
889	4.445	-1.20887527079321	0.28069587238133
890	4.45	-1.20113723888062	0.28069587238133
891	4.455	-1.19081986299716	0.28069587238133
892	4.46	-1.1805024871137	0.28069587238133
893	4.465	-1.16373675130308	0.28069587238133
894	4.47	-1.16244707931764	0.28069587238133
895	4.475	-1.16502642328851	0.28069587238133
896	4.48	-1.15728839137591	0.279406200395897
897	4.485	-1.15341937541962	0.279406200395897
898	4.49	-1.13923298357986	0.279406200395897
899	4.495	-1.1250465917401	0.279406200395897
900	4.5	-1.13149495166726	0.28069587238133
901	4.505	-1.13020527968183	0.28069587238133
902	4.51	-1.11988790379837	0.279406200395897
903	4.515	-1.1250465917401	0.279406200395897
904	4.52	-1.12246724776924	0.279406200395897
905	4.525	-1.11214987188578	0.28069587238133
906	4.53	-1.11988790379837	0.279406200395897
907	4.535	-1.11214987188578	0.279406200395897
908	4.54	-1.10441183997318	0.279406200395897
909	4.545	-1.10441183997318	0.28069587238133
910	4.55	-1.09796348004602	0.279406200395897
911	4.555	-1.09280479210429	0.279406200395897
912	4.56	-1.10570151195861	0.279406200395897
913	4.565	-1.08506676019169	0.279406200395897
914	4.57	-1.08635643217713	0.278116528410465
915	4.575	-1.08506676019169	0.279406200395897
916	4.58	-1.06830102438107	0.279406200395897
917	4.585	-1.06056299246848	0.279406200395897
918	4.59	-1.06056299246848	0.279406200395897
919	4.595	-1.04895594459958	0.279406200395897
920	4.6	-1.04508692864329	0.279406200395897
921	4.605	-1.04508692864329	0.278116528410465
922	4.61	-1.02832119283266	0.279406200395897
923	4.615	-1.04379725665785	0.278116528410465
924	4.62	-1.0296108648181	0.279406200395897
925	4.625	-1.03347988077439	0.278116528410465
926	4.63	-1.01284512900747	0.279406200395897
927	4.635	-1.01284512900747	0.278116528410465
928	4.64	-1.00252775312401	0.278116528410465
929	4.645	-1.00768644106574	0.278116528410465
930	4.65	-1.01026578503661	0.278116528410465
931	4.655	-1.00381742510945	0.278116528410465
932	4.66	-0.989631033269688	0.278116528410465
933	4.665	-0.992210377240553	0.276826856425032
934	4.67	-0.979313657386228	0.278116528410465
935	4.675	-0.981893001357093	0.278116528410465
936	4.68	-0.979313657386228	0.278116528410465
937	4.685	-0.961258249590173	0.278116528410465
938	4.69	-0.953520217677578	0.278116528410465
939	4.695	-0.954809889663011	0.278116528410465
940	4.7	-0.939333825837821	0.276826856425032
941	4.705	-0.930306121939793	0.276826856425032
942	4.71	-0.925147433998063	0.278116528410465
943	4.715	-0.914830058114603	0.276826856425032
944	4.72	-0.899353994289413	0.278116528410465
945	4.725	-0.894195306347683	0.276826856425032
946	4.73	-0.873560554580763	0.276826856425032
947	4.735	-0.868401866639033	0.276826856425032
948	4.74	-0.880008914507926	0.276826856425032
949	4.745	-0.874850226566195	0.276826856425032
950	4.75	-0.842608426930383	0.276826856425032
951	4.755	-0.834870395017788	0.276826856425032
952	4.76	-0.849056786857545	0.276826856425032
953	4.765	-0.828422035090625	0.276826856425032
954	4.77	-0.83616006700322	0.276826856425032
955	4.775	-0.819394331192598	0.276826856425032
956	4.78	-0.816814987221733	0.276826856425032
957	4.785	-0.80520793935284	0.276826856425032
958	4.79	-0.80004925141111	0.276826856425032
959	4.795	-0.79489056346938	0.276826856425032
960	4.8	-0.788442203542218	0.276826856425032
961	4.805	-0.78457318758592	0.276826856425032
962	4.81	-0.77425581170246	0.2755371844396
963	4.815	-0.76909712376073	0.2755371844396
964	4.82	-0.75877974787727	0.2755371844396
965	4.825	-0.762648763833568	0.2755371844396
966	4.83	-0.744593356037512	0.2755371844396
967	4.835	-0.731696636183187	0.276826856425032
968	4.84	-0.729117292212322	0.276826856425032
969	4.845	-0.726537948241457	0.2755371844396
970	4.85	-0.71751024434343	0.2755371844396
971	4.855	-0.704613524489105	0.2755371844396
972	4.86	-0.698165164561942	0.2755371844396
973	4.865	-0.69171680463478	0.2755371844396
974	4.87	-0.69171680463478	0.2755371844396
975	4.875	-0.68139942875132	0.2755371844396
976	4.88	-0.67108205286786	0.2755371844396
977	4.885	-0.663344020955265	0.2755371844396
978	4.89	-0.667213036911562	0.2755371844396
979	4.895	-0.656895661028102	0.2755371844396
980	4.9	-0.651736973086372	0.2755371844396
981	4.905	-0.643998941173777	0.2755371844396
982	4.91	-0.631102221319452	0.274247512454167
983	4.915	-0.633681565290317	0.2755371844396
984	4.92	-0.628522877348587	0.274247512454167
985	4.925	-0.628522877348587	0.274247512454167
986	4.93	-0.622074517421424	0.274247512454167
987	4.935	-0.607888125581667	0.274247512454167
988	4.94	-0.609177797567099	0.274247512454167
989	4.945	-0.594991405727342	0.274247512454167
990	4.95	-0.578225669916719	0.274247512454167
991	4.955	-0.579515341902152	0.274247512454167
992	4.96	-0.571777309989557	0.274247512454167
993	4.965	-0.566618622047827	0.274247512454167
994	4.97	-0.555011574178934	0.274247512454167
995	4.975	-0.552432230208069	0.274247512454167
996	4.98	-0.542114854324609	0.274247512454167
997	4.985	-0.525349118513986	0.274247512454167
998	4.99	-0.517611086601391	0.274247512454167
999	4.995	-0.520190430572256	0.274247512454167
1000	5	-0.507293710717931	0.274247512454167
1001	5.005	-0.502135022776201	0.274247512454167
1002	5.01	-0.498266006819904	0.274247512454167
1003	5.015	-0.490527974907309	0.272957840468735
1004	5.02	-0.473762239096686	0.274247512454167
1005	5.025	-0.471182895125821	0.272957840468735
1006	5.03	-0.460865519242361	0.272957840468735
1007	5.035	-0.460865519242361	0.272957840468735
1008	5.04	-0.454417159315199	0.272957840468735
1009	5.045	-0.446679127402604	0.274247512454167
1010	5.05	-0.432492735562846	0.272957840468735
1011	5.055	-0.424754703650251	0.272957840468735
1012	5.06	-0.424754703650251	0.272957840468735
1013	5.065	-0.409278639825061	0.272957840468735
1014	5.07	-0.405409623868763	0.272957840468735
1015	5.075	-0.401540607912466	0.272957840468735
1016	5.08	-0.389933560043573	0.272957840468735
1017	5.085	-0.387354216072708	0.272957840468735
1018	5.09	-0.373167824232951	0.272957840468735
1019	5.095	-0.371878152247518	0.272957840468735
1020	5.1	-0.358981432393193	0.271668168483302
1021	5.105	-0.349953728495166	0.272957840468735
1022	5.11	-0.348664056509733	0.271668168483302
1023	5.115	-0.347374384524301	0.271668168483302
1024	5.12	-0.335767336655408	0.271668168483302
1025	5.125	-0.330608648713678	0.271668168483302
1026	5.13	-0.324160288786516	0.271668168483302
1027	5.135	-0.316422256873921	0.271668168483302
1028	5.14	-0.312553240917623	0.271668168483302
1029	5.145	-0.303525537019596	0.271668168483302
1030	5.15	-0.304815209005028	0.271668168483302
1031	5.155	-0.295787505107	0.271668168483302
1032	5.16	-0.293208161136135	0.271668168483302
1033	5.165	-0.284180457238108	0.271668168483302
1034	5.17	-0.284180457238108	0.271668168483302
1035	5.175	-0.276442425325513	0.271668168483302
1036	5.18	-0.277732097310945	0.270378496497869
1037	5.185	-0.266125049442053	0.270378496497869
1038	5.19	-0.266125049442053	0.271668168483302
1039	5.195	-0.262256033485755	0.271668168483302
1040	5.2	-0.260966361500323	0.270378496497869
1041	5.205	-0.25967668951489	0.270378496497869
1042	5.21	-0.25451800157316	0.270378496497869
1043	5.215	-0.251938657602295	0.270378496497869
1044	5.22	-0.246779969660565	0.270378496497869
1045	5.225	-0.24935931363143	0.270378496497869
1046	5.23	-0.246779969660565	0.270378496497869
1047	5.235	-0.245490297675133	0.270378496497869
1048	5.24	-0.241621281718835	0.270378496497869
1049	5.245	-0.236462593777105	0.270378496497869
1050	5.25	-0.235172921791673	0.270378496497869
1051	5.255	-0.23388324980624	0.270378496497869
1052	5.26	-0.232593577820808	0.270378496497869
1053	5.265	-0.231303905835375	0.270378496497869
1054	5.27	-0.227434889879078	0.270378496497869
1055	5.275	-0.22356587392278	0.270378496497869
1056	5.28	-0.227434889879078	0.270378496497869
1057	5.285	-0.224855545908213	0.269088824512437
1058	5.29	-0.222276201937348	0.269088824512437
1059	5.295	-0.22356587392278	0.270378496497869
1060	5.3	-0.224855545908213	0.269088824512437
1061	5.305	-0.222276201937348	0.269088824512437
1062	5.31	-0.219696857966483	0.269088824512437
1063	5.315	-0.220986529951915	0.269088824512437
1064	5.32	-0.22356587392278	0.270378496497869
1065	5.325	-0.217117513995618	0.269088824512437
1066	5.33	-0.215827842010185	0.269088824512437
1067	5.335	-0.222276201937348	0.269088824512437
1068	5.34	-0.219696857966483	0.269088824512437
1069	5.345	-0.219696857966483	0.269088824512437
1070	5.35	-0.211958826053888	0.269088824512437
1071	5.355	-0.215827842010185	0.269088824512437
1072	5.36	-0.210669154068455	0.269088824512437
1073	5.365	-0.209379482083023	0.269088824512437
1074	5.37	-0.209379482083023	0.269088824512437
1075	5.375	-0.209379482083023	0.269088824512437
1076	5.38	-0.205510466126725	0.269088824512437
1077	5.385	-0.204220794141293	0.267799152527004
1078	5.39	-0.200351778184995	0.269088824512437
1079	5.395	-0.20293112215586	0.269088824512437
1080	5.4	-0.20293112215586	0.269088824512437
1081	5.405	-0.199062106199563	0.269088824512437
1082	5.41	-0.193903418257833	0.269088824512437
1083	5.415	-0.191324074286968	0.269088824512437
1084	5.42	-0.188744730316103	0.269088824512437
1085	5.425	-0.190034402301535	0.269088824512437
1086	5.43	-0.191324074286968	0.269088824512437
1087	5.435	-0.179717026418075	0.267799152527004
1088	5.44	-0.17713768244721	0.267799152527004
1089	5.445	-0.179717026418075	0.269088824512437
1090	5.45	-0.174558338476345	0.267799152527004
1091	5.455	-0.174558338476345	0.269088824512437
1092	5.46	-0.169399650534615	0.267799152527004
1093	5.465	-0.16682030656375	0.267799152527004
1094	5.47	-0.16682030656375	0.267799152527004
1095	5.475	-0.162951290607452	0.267799152527004
1096	5.48	-0.160371946636587	0.267799152527004
1097	5.485	-0.157792602665722	0.267799152527004
1098	5.49	-0.152633914723992	0.267799152527004
1099	5.495	-0.152633914723992	0.267799152527004
1100	5.5	-0.15650293068029	0.267799152527004
1101	5.505	-0.15650293068029	0.267799152527004
1102	5.51	-0.150054570753127	0.267799152527004
1103	5.515	-0.14618555479683	0.266509480541572
1104	5.52	-0.144895882811397	0.267799152527004
1105	5.525	-0.142316538840532	0.267799152527004
1106	5.53	-0.144895882811397	0.267799152527004
1107	5.535	-0.13586817891337	0.267799152527004
1108	5.54	-0.143606210825965	0.267799152527004
1109	5.545	-0.139737194869667	0.267799152527004
1110	5.55	-0.133288834942505	0.267799152527004
1111	5.555	-0.137157850898802	0.267799152527004
1112	5.56	-0.139737194869667	0.267799152527004
1113	5.565	-0.13586817891337	0.266509480541572
1114	5.57	-0.134578506927937	0.266509480541572
1115	5.575	-0.133288834942505	0.266509480541572
1116	5.58	-0.13586817891337	0.266509480541572
1117	5.585	-0.134578506927937	0.266509480541572
1118	5.59	-0.128130147000775	0.266509480541572
1119	5.595	-0.129419818986207	0.267799152527004
1120	5.6	-0.126840475015342	0.266509480541572
1121	5.605	-0.12555080302991	0.267799152527004
1122	5.61	-0.13070949097164	0.266509480541572
1123	5.615	-0.128130147000775	0.266509480541572
1124	5.62	-0.129419818986207	0.266509480541572
1125	5.625	-0.126840475015342	0.266509480541572
1126	5.63	-0.128130147000775	0.266509480541572
1127	5.635	-0.13070949097164	0.266509480541572
1128	5.64	-0.128130147000775	0.266509480541572
1129	5.645	-0.131999162957072	0.267799152527004
1130	5.65	-0.12555080302991	0.265219808556139
1131	5.655	-0.131999162957072	0.266509480541572
1132	5.66	-0.129419818986207	0.266509480541572
1133	5.665	-0.128130147000775	0.266509480541572
1134	5.67	-0.129419818986207	0.266509480541572
1135	5.675	-0.131999162957072	0.266509480541572
1136	5.68	-0.131999162957072	0.265219808556139
1137	5.685	-0.133288834942505	0.265219808556139
1138	5.69	-0.131999162957072	0.265219808556139
1139	5.695	-0.13070949097164	0.265219808556139
1140	5.7	-0.13586817891337	0.265219808556139
1141	5.705	-0.13586817891337	0.265219808556139
1142	5.71	-0.134578506927937	0.266509480541572
1143	5.715	-0.133288834942505	0.265219808556139
1144	5.72	-0.134578506927937	0.265219808556139
1145	5.725	-0.13586817891337	0.265219808556139
1146	5.73	-0.13586817891337	0.266509480541572
1147	5.735	-0.13586817891337	0.265219808556139
1148	5.74	-0.138447522884235	0.265219808556139
1149	5.745	-0.138447522884235	0.265219808556139
1150	5.75	-0.13586817891337	0.265219808556139
1151	5.755	-0.139737194869667	0.265219808556139
1152	5.76	-0.1410268668551	0.265219808556139
1153	5.765	-0.1410268668551	0.265219808556139
1154	5.77	-0.142316538840532	0.265219808556139
1155	5.775	-0.139737194869667	0.265219808556139
1156	5.78	-0.142316538840532	0.265219808556139
1157	5.785	-0.139737194869667	0.265219808556139
1158	5.79	-0.142316538840532	0.265219808556139
1159	5.795	-0.144895882811397	0.265219808556139
1160	5.8	-0.14618555479683	0.263930136570707
1161	5.805	-0.144895882811397	0.265219808556139
1162	5.81	-0.144895882811397	0.265219808556139
1163	5.815	-0.1410268668551	0.265219808556139
1164	5.82	-0.150054570753127	0.265219808556139
1165	5.825	-0.14618555479683	0.265219808556139
1166	5.83	-0.147475226782262	0.263930136570707
1167	5.835	-0.14618555479683	0.263930136570707
1168	5.84	-0.147475226782262	0.263930136570707
1169	5.845	-0.14618555479683	0.263930136570707
1170	5.85	-0.150054570753127	0.263930136570707
1171	5.855	-0.148764898767695	0.263930136570707
1172	5.86	-0.15134424273856	0.265219808556139
1173	5.865	-0.15134424273856	0.263930136570707
1174	5.87	-0.15134424273856	0.265219808556139
1175	5.875	-0.15134424273856	0.263930136570707
1176	5.88	-0.15650293068029	0.263930136570707
1177	5.885	-0.153923586709425	0.263930136570707
1178	5.89	-0.150054570753127	0.263930136570707
1179	5.895	-0.152633914723992	0.263930136570707
1180	5.9	-0.159082274651155	0.263930136570707
1181	5.905	-0.157792602665722	0.263930136570707
1182	5.91	-0.160371946636587	0.263930136570707
1183	5.915	-0.160371946636587	0.263930136570707
1184	5.92	-0.164240962592885	0.263930136570707
1185	5.925	-0.165530634578317	0.263930136570707
1186	5.93	-0.165530634578317	0.263930136570707
1187	5.935	-0.169399650534615	0.263930136570707
1188	5.94	-0.168109978549182	0.263930136570707
1189	5.945	-0.170689322520047	0.262640464585274
1190	5.95	-0.170689322520047	0.262640464585274
1191	5.955	-0.17713768244721	0.263930136570707
1192	5.96	-0.175848010461777	0.262640464585274
1193	5.965	-0.175848010461777	0.263930136570707
1194	5.97	-0.178427354432642	0.262640464585274
1195	5.975	-0.18229637038894	0.263930136570707
1196	5.98	-0.184875714359805	0.262640464585274
1197	5.985	-0.188744730316103	0.263930136570707
1198	5.99	-0.18745505833067	0.263930136570707
1199	5.995	-0.190034402301535	0.263930136570707
1200	6	-0.1926137462724	0.262640464585274
1201	6.005	-0.19777243421413	0.262640464585274
1202	6.01	-0.18745505833067	0.262640464585274
1203	6.015	-0.190034402301535	0.262640464585274
1204	6.02	-0.1926137462724	0.262640464585274
1205	6.025	-0.196482762228698	0.262640464585274
1206	6.03	-0.199062106199563	0.262640464585274
1207	6.035	-0.200351778184995	0.262640464585274
1208	6.04	-0.19777243421413	0.262640464585274
1209	6.045	-0.200351778184995	0.262640464585274
1210	6.05	-0.196482762228698	0.262640464585274
1211	6.055	-0.200351778184995	0.262640464585274
1212	6.06	-0.199062106199563	0.262640464585274
1213	6.065	-0.199062106199563	0.262640464585274
1214	6.07	-0.199062106199563	0.262640464585274
1215	6.075	-0.19777243421413	0.262640464585274
1216	6.08	-0.195193090243265	0.262640464585274
1217	6.085	-0.195193090243265	0.262640464585274
1218	6.09	-0.19777243421413	0.262640464585274
1219	6.095	-0.19777243421413	0.262640464585274
1220	6.1	-0.199062106199563	0.262640464585274
1221	6.105	-0.1926137462724	0.262640464585274
1222	6.11	-0.204220794141293	0.262640464585274
1223	6.115	-0.200351778184995	0.262640464585274
1224	6.12	-0.20293112215586	0.262640464585274
1225	6.125	-0.20808981009759	0.262640464585274
1226	6.13	-0.20293112215586	0.262640464585274
1227	6.135	-0.214538170024753	0.262640464585274
1228	6.14	-0.21324849803932	0.261350792599842
1229	6.145	-0.220986529951915	0.262640464585274
1230	6.15	-0.219696857966483	0.262640464585274
1231	6.155	-0.22356587392278	0.262640464585274
1232	6.16	-0.22872456186451	0.261350792599842
1233	6.165	-0.237752265762538	0.261350792599842
1234	6.17	-0.236462593777105	0.262640464585274
1235	6.175	-0.246779969660565	0.261350792599842
1236	6.18	-0.248069641645998	0.261350792599842
1237	6.185	-0.25451800157316	0.261350792599842
1238	6.19	-0.267414721427485	0.262640464585274
1239	6.195	-0.267414721427485	0.261350792599842
1240	6.2	-0.28031144128181	0.261350792599842
1241	6.205	-0.288049473194405	0.261350792599842
1242	6.21	-0.286759801208973	0.261350792599842
1243	6.215	-0.298366849077865	0.262640464585274
1244	6.22	-0.313842912903056	0.261350792599842
1245	6.225	-0.316422256873921	0.261350792599842
1246	6.23	-0.317711928859353	0.261350792599842
1247	6.235	-0.322870616801083	0.261350792599842
1248	6.24	-0.333187992684543	0.261350792599842
1249	6.245	-0.339636352611706	0.261350792599842
1250	6.25	-0.346084712538868	0.261350792599842
1251	6.255	-0.347374384524301	0.261350792599842
1252	6.26	-0.353822744451463	0.262640464585274
1253	6.265	-0.349953728495166	0.261350792599842
1254	6.27	-0.351243400480598	0.261350792599842
1255	6.275	-0.358981432393193	0.261350792599842
1256	6.28	-0.357691760407761	0.260061120614409
1257	6.285	-0.360271104378626	0.261350792599842
1258	6.29	-0.344795040553436	0.261350792599842
1259	6.295	-0.353822744451463	0.261350792599842
1260	6.3	-0.346084712538868	0.261350792599842
1261	6.305	-0.344795040553436	0.261350792599842
1262	6.31	-0.348664056509733	0.261350792599842
1263	6.315	-0.334477664669976	0.260061120614409
1264	6.32	-0.338346680626273	0.261350792599842
1265	6.325	-0.333187992684543	0.260061120614409
1266	6.33	-0.333187992684543	0.260061120614409
1267	6.335	-0.331898320699111	0.260061120614409
1268	6.34	-0.338346680626273	0.261350792599842
1269	6.345	-0.347374384524301	0.260061120614409
1270	6.35	-0.344795040553436	0.261350792599842
1271	6.355	-0.342215696582571	0.260061120614409
1272	6.36	-0.349953728495166	0.261350792599842
1273	6.365	-0.349953728495166	0.260061120614409
1274	6.37	-0.343505368568003	0.261350792599842
1275	6.375	-0.346084712538868	0.260061120614409
1276	6.38	-0.346084712538868	0.260061120614409
1277	6.385	-0.342215696582571	0.260061120614409
1278	6.39	-0.342215696582571	0.260061120614409
1279	6.395	-0.343505368568003	0.261350792599842
1280	6.4	-0.340926024597138	0.260061120614409
1281	6.405	-0.342215696582571	0.260061120614409
1282	6.41	-0.340926024597138	0.260061120614409
1283	6.415	-0.344795040553436	0.260061120614409
1284	6.42	-0.342215696582571	0.261350792599842
1285	6.425	-0.343505368568003	0.260061120614409
1286	6.43	-0.342215696582571	0.260061120614409
1287	6.435	-0.347374384524301	0.260061120614409
1288	6.44	-0.349953728495166	0.260061120614409
1289	6.445	-0.361560776364058	0.260061120614409
1290	6.45	-0.364140120334923	0.260061120614409
1291	6.455	-0.368009136291221	0.260061120614409
1292	6.46	-0.382195528130978	0.260061120614409
1293	6.465	-0.389933560043573	0.260061120614409
1294	6.47	-0.400250935927033	0.260061120614409
1295	6.475	-0.417016671737656	0.260061120614409
1296	6.48	-0.423465031664819	0.258771448628977
1297	6.485	-0.433782407548279	0.260061120614409
1298	6.49	-0.440230767475441	0.260061120614409
1299	6.495	-0.449258471373469	0.260061120614409
1300	6.5	-0.463444863213226	0.258771448628977
1301	6.505	-0.464734535198659	0.260061120614409
1302	6.51	-0.469893223140389	0.260061120614409
1303	6.515	-0.478920927038416	0.260061120614409
1304	6.52	-0.481500271009281	0.258771448628977
1305	6.525	-0.485369286965579	0.258771448628977
1306	6.53	-0.489238302921876	0.260061120614409
1307	6.535	-0.482789942994714	0.260061120614409
1308	6.54	-0.480210599023849	0.260061120614409
1309	6.545	-0.473762239096686	0.260061120614409
1310	6.55	-0.472472567111254	0.258771448628977
1311	6.555	-0.456996503286064	0.258771448628977
1312	6.56	-0.459575847256929	0.260061120614409
1313	6.565	-0.453127487329766	0.260061120614409
1314	6.57	-0.449258471373469	0.260061120614409
1315	6.575	-0.456996503286064	0.258771448628977
1316	6.58	-0.450548143358901	0.258771448628977
1317	6.585	-0.446679127402604	0.258771448628977
1318	6.59	-0.449258471373469	0.258771448628977
1319	6.595	-0.449258471373469	0.258771448628977
1320	6.6	-0.462155191227794	0.258771448628977
1321	6.605	-0.458286175271496	0.258771448628977
1322	6.61	-0.463444863213226	0.258771448628977
1323	6.615	-0.466024207184091	0.258771448628977
1324	6.62	-0.469893223140389	0.258771448628977
1325	6.625	-0.471182895125821	0.258771448628977
1326	6.63	-0.472472567111254	0.258771448628977
1327	6.635	-0.484079614980146	0.258771448628977
1328	6.64	-0.481500271009281	0.258771448628977
1329	6.645	-0.469893223140389	0.258771448628977
1330	6.65	-0.473762239096686	0.258771448628977
1331	6.655	-0.472472567111254	0.258771448628977
1332	6.66	-0.469893223140389	0.258771448628977
1333	6.665	-0.471182895125821	0.258771448628977
1334	6.67	-0.466024207184091	0.258771448628977
1335	6.675	-0.468603551154956	0.258771448628977
1336	6.68	-0.459575847256929	0.258771448628977
1337	6.685	-0.469893223140389	0.258771448628977
1338	6.69	-0.459575847256929	0.258771448628977
1339	6.695	-0.462155191227794	0.258771448628977
1340	6.7	-0.467313879169524	0.258771448628977
1341	6.705	-0.460865519242361	0.258771448628977
1342	6.71	-0.464734535198659	0.258771448628977
1343	6.715	-0.462155191227794	0.258771448628977
1344	6.72	-0.459575847256929	0.258771448628977
1345	6.725	-0.467313879169524	0.258771448628977
1346	6.73	-0.469893223140389	0.258771448628977
1347	6.735	-0.468603551154956	0.258771448628977
1348	6.74	-0.476341583067551	0.258771448628977
1349	6.745	-0.477631255052984	0.258771448628977
1350	6.75	-0.484079614980146	0.258771448628977
1351	6.755	-0.482789942994714	0.258771448628977
1352	6.76	-0.495686662849039	0.258771448628977
1353	6.765	-0.509873054688796	0.258771448628977
1354	6.77	-0.507293710717931	0.258771448628977
1355	6.775	-0.516321414615959	0.258771448628977
1356	6.78	-0.512452398659661	0.258771448628977
1357	6.785	-0.526638790499419	0.258771448628977
1358	6.79	-0.533087150426582	0.258771448628977
1359	6.795	-0.534376822412014	0.257481776643544
1360	6.8	-0.539535510353744	0.258771448628977
1361	6.805	-0.542114854324609	0.257481776643544
1362	6.81	-0.544694198295474	0.258771448628977
1363	6.815	-0.548563214251772	0.258771448628977
1364	6.82	-0.548563214251772	0.258771448628977
1365	6.825	-0.543404526310042	0.258771448628977
1366	6.83	-0.536956166382879	0.258771448628977
1367	6.835	-0.542114854324609	0.258771448628977
1368	6.84	-0.533087150426582	0.257481776643544
1369	6.845	-0.536956166382879	0.258771448628977
1370	6.85	-0.542114854324609	0.258771448628977
1371	6.855	-0.527928462484851	0.258771448628977
1372	6.86	-0.530507806455716	0.257481776643544
1373	6.865	-0.533087150426582	0.258771448628977
1374	6.87	-0.517611086601391	0.258771448628977
1375	6.875	-0.524059446528554	0.257481776643544
1376	6.88	-0.530507806455716	0.258771448628977
1377	6.885	-0.524059446528554	0.257481776643544
1378	6.89	-0.529218134470284	0.257481776643544
1379	6.895	-0.525349118513986	0.257481776643544
1380	6.9	-0.540825182339177	0.257481776643544
1381	6.905	-0.540825182339177	0.257481776643544
1382	6.91	-0.542114854324609	0.257481776643544
1383	6.915	-0.540825182339177	0.257481776643544
1384	6.92	-0.538245838368312	0.258771448628977
1385	6.925	-0.542114854324609	0.257481776643544
1386	6.93	-0.542114854324609	0.258771448628977
1387	6.935	-0.534376822412014	0.257481776643544
1388	6.94	-0.529218134470284	0.258771448628977
1389	6.945	-0.535666494397447	0.257481776643544
1390	6.95	-0.531797478441149	0.257481776643544
1391	6.955	-0.530507806455716	0.257481776643544
1392	6.96	-0.531797478441149	0.257481776643544
1393	6.965	-0.531797478441149	0.258771448628977
1394	6.97	-0.536956166382879	0.257481776643544
1395	6.975	-0.535666494397447	0.257481776643544
1396	6.98	-0.547273542266339	0.258771448628977
1397	6.985	-0.551142558222637	0.257481776643544
1398	6.99	-0.542114854324609	0.257481776643544
1399	6.995	-0.557590918149799	0.257481776643544
1400	7	-0.561459934106097	0.258771448628977
1401	7.005	-0.570487638004124	0.257481776643544
1402	7.01	-0.578225669916719	0.258771448628977
1403	7.015	-0.582094685873017	0.257481776643544
1404	7.02	-0.601439765654504	0.257481776643544
1405	7.025	-0.624653861392289	0.257481776643544
1406	7.03	-0.625943533377722	0.257481776643544
1407	7.035	-0.637550581246614	0.257481776643544
1408	7.04	-0.65044730110094	0.258771448628977
1409	7.045	-0.668502708896995	0.257481776643544
1410	7.05	-0.67108205286786	0.257481776643544
1411	7.055	-0.672371724853292	0.257481776643544
1412	7.06	-0.694296148605645	0.257481776643544
1413	7.065	-0.703323852503672	0.257481776643544
1414	7.07	-0.70719286845997	0.257481776643544
1415	7.075	-0.704613524489105	0.257481776643544
1416	7.08	-0.708482540445402	0.256192104658112
1417	7.085	-0.7123515564017	0.257481776643544
1418	7.09	-0.714930900372565	0.257481776643544
1419	7.095	-0.726537948241457	0.257481776643544
1420	7.1	-0.730406964197755	0.257481776643544
1421	7.105	-0.726537948241457	0.257481776643544
1422	7.11	-0.70719286845997	0.257481776643544
1423	7.115	-0.708482540445402	0.257481776643544
1424	7.12	-0.714930900372565	0.256192104658112
1425	7.125	-0.711061884416267	0.257481776643544
1426	7.13	-0.70719286845997	0.257481776643544
1427	7.135	-0.70203418051824	0.257481776643544
1428	7.14	-0.695585820591077	0.256192104658112
1429	7.145	-0.700744508532807	0.257481776643544
1430	7.15	-0.704613524489105	0.257481776643544
1431	7.155	-0.699454836547375	0.257481776643544
1432	7.16	-0.703323852503672	0.256192104658112
1433	7.165	-0.705903196474537	0.257481776643544
1434	7.17	-0.708482540445402	0.257481776643544
1435	7.175	-0.716220572357997	0.257481776643544
1436	7.18	-0.723958604270592	0.257481776643544
1437	7.185	-0.723958604270592	0.257481776643544
1438	7.19	-0.711061884416267	0.256192104658112
1439	7.195	-0.7123515564017	0.257481776643544
1440	7.2	-0.708482540445402	0.256192104658112
1441	7.205	-0.703323852503672	0.256192104658112
1442	7.21	-0.711061884416267	0.256192104658112
1443	7.215	-0.70203418051824	0.256192104658112
1444	7.22	-0.70203418051824	0.257481776643544
1445	7.225	-0.7123515564017	0.256192104658112
1446	7.23	-0.709772212430835	0.256192104658112
1447	7.235	-0.71751024434343	0.256192104658112
1448	7.24	-0.730406964197755	0.256192104658112
1449	7.245	-0.73814499611035	0.256192104658112
1450	7.25	-0.747172700008377	0.256192104658112
1451	7.255	-0.744593356037512	0.256192104658112
1452	7.26	-0.757490075891837	0.257481776643544
1453	7.265	-0.765228107804433	0.256192104658112
1454	7.27	-0.78973187552765	0.256192104658112
1455	7.275	-0.802628595381975	0.256192104658112
1456	7.28	-0.806497611338273	0.256192104658112
1457	7.285	-0.814235643250868	0.256192104658112
1458	7.29	-0.823263347148895	0.256192104658112
1459	7.295	-0.84131875494495	0.256192104658112
1460	7.3	-0.854215474799275	0.256192104658112
1461	7.305	-0.868401866639033	0.256192104658112
1462	7.31	-0.885167602449656	0.256192104658112
1463	7.315	-0.883877930464223	0.256192104658112
1464	7.32	-0.885167602449656	0.256192104658112
1465	7.325	-0.899353994289413	0.256192104658112
1466	7.33	-0.907092026202008	0.256192104658112
1467	7.335	-0.905802354216576	0.256192104658112
1468	7.34	-0.900643666274846	0.256192104658112
1469	7.345	-0.903223010245711	0.256192104658112
1470	7.35	-0.901933338260278	0.256192104658112
1471	7.355	-0.896774650318548	0.256192104658112
1472	7.36	-0.909671370172873	0.256192104658112
1473	7.365	-0.894195306347683	0.256192104658112
1474	7.37	-0.895484978333116	0.256192104658112
1475	7.375	-0.895484978333116	0.256192104658112
1476	7.38	-0.901933338260278	0.254902432672679
1477	7.385	-0.898064322303981	0.256192104658112
1478	7.39	-0.898064322303981	0.254902432672679
1479	7.395	-0.899353994289413	0.256192104658112
1480	7.4	-0.909671370172873	0.256192104658112
1481	7.405	-0.886457274435088	0.256192104658112
1482	7.41	-0.900643666274846	0.256192104658112
1483	7.415	-0.908381698187441	0.256192104658112
1484	7.42	-0.907092026202008	0.256192104658112
1485	7.425	-0.908381698187441	0.256192104658112
1486	7.43	-0.913540386129171	0.254902432672679
1487	7.435	-0.903223010245711	0.254902432672679
1488	7.44	-0.912250714143738	0.256192104658112
1489	7.445	-0.900643666274846	0.254902432672679
1490	7.45	-0.899353994289413	0.256192104658112
1491	7.455	-0.908381698187441	0.254902432672679
1492	7.46	-0.909671370172873	0.254902432672679
1493	7.465	-0.909671370172873	0.254902432672679
1494	7.47	-0.909671370172873	0.256192104658112
1495	7.475	-0.910961042158306	0.254902432672679
1496	7.48	-0.922568090027198	0.256192104658112
1497	7.485	-0.923857762012631	0.254902432672679
1498	7.49	-0.907092026202008	0.256192104658112
1499	7.495	-0.927726777968928	0.254902432672679
1500	7.5	-0.917409402085468	0.256192104658112
1501	7.505	-0.917409402085468	0.254902432672679
1502	7.51	-0.922568090027198	0.254902432672679
1503	7.515	-0.927726777968928	0.254902432672679
1504	7.52	-0.930306121939793	0.254902432672679
1505	7.525	-0.936754481866956	0.254902432672679
1506	7.53	-0.930306121939793	0.254902432672679
1507	7.535	-0.948361529735848	0.254902432672679
1508	7.54	-0.962547921575606	0.254902432672679
1509	7.545	-0.978023985400796	0.254902432672679
1510	7.55	-0.978023985400796	0.254902432672679
1511	7.555	-0.987051689298823	0.254902432672679
1512	7.56	-0.999948409153149	0.254902432672679
1513	7.565	-1.00381742510945	0.254902432672679
1514	7.57	-1.00510709709488	0.254902432672679
1515	7.575	-1.02703152084723	0.254902432672679
1516	7.58	-1.02703152084723	0.256192104658112
1517	7.585	-1.02703152084723	0.254902432672679
1518	7.59	-1.02445217687637	0.254902432672679
1519	7.595	-1.03734889673069	0.254902432672679
1520	7.6	-1.04637660062872	0.254902432672679
1521	7.605	-1.03734889673069	0.256192104658112
1522	7.61	-1.04766627261415	0.254902432672679
1523	7.615	-1.03734889673069	0.254902432672679
1524	7.62	-1.05411463254131	0.254902432672679
1525	7.625	-1.04895594459958	0.254902432672679
1526	7.63	-1.05024561658502	0.254902432672679
1527	7.635	-1.06314233643934	0.254902432672679
1528	7.64	-1.06056299246848	0.254902432672679
1529	7.645	-1.06314233643934	0.254902432672679
1530	7.65	-1.05669397651218	0.254902432672679
1531	7.655	-1.07088036835194	0.254902432672679
1532	7.66	-1.07217004033737	0.254902432672679
1533	7.665	-1.08635643217713	0.254902432672679
1534	7.67	-1.0695906963665	0.254902432672679
1535	7.675	-1.07474938430823	0.254902432672679
1536	7.68	-1.08377708820626	0.254902432672679
1537	7.685	-1.08893577614799	0.254902432672679
1538	7.69	-1.09667380806059	0.254902432672679
1539	7.695	-1.10699118394405	0.254902432672679
1540	7.7	-1.13149495166726	0.253612760687247
1541	7.705	-1.13020527968183	0.253612760687247
1542	7.71	-1.12633626372553	0.254902432672679
1543	7.715	-1.13665363960899	0.254902432672679
1544	7.72	-1.14052265556529	0.254902432672679
1545	7.725	-1.14955035946332	0.253612760687247
1546	7.73	-1.1727644552011	0.254902432672679
1547	7.735	-1.16373675130308	0.253612760687247
1548	7.74	-1.15599871939048	0.253612760687247
1549	7.745	-1.15341937541962	0.254902432672679
1550	7.75	-1.16244707931764	0.254902432672679
1551	7.755	-1.16244707931764	0.253612760687247
1552	7.76	-1.18824051902629	0.253612760687247
1553	7.765	-1.17921281512827	0.253612760687247
1554	7.77	-1.17534379917197	0.254902432672679
1555	7.775	-1.1805024871137	0.253612760687247
1556	7.78	-1.20371658285148	0.253612760687247
1557	7.785	-1.21016494277865	0.253612760687247
1558	7.79	-1.21403395873494	0.253612760687247
1559	7.795	-1.21532363072038	0.253612760687247
1560	7.8	-1.22048231866211	0.253612760687247
1561	7.805	-1.23982739844359	0.253612760687247
1562	7.81	-1.23853772645816	0.253612760687247
1563	7.815	-1.25401379028335	0.253612760687247
1564	7.82	-1.25788280623965	0.253612760687247
1565	7.825	-1.26820018212311	0.253612760687247
1566	7.83	-1.26820018212311	0.253612760687247
1567	7.835	-1.27077952609397	0.253612760687247
1568	7.84	-1.29786263778806	0.253612760687247
1569	7.845	-1.28238657396287	0.253612760687247
1570	7.85	-1.30173165374435	0.253612760687247
1571	7.855	-1.29528329381719	0.253612760687247
1572	7.86	-1.29141427786089	0.253612760687247
1573	7.865	-1.30818001367152	0.253612760687247
1574	7.87	-1.30173165374435	0.254902432672679
1575	7.875	-1.30302132572979	0.253612760687247
1576	7.88	-1.31204902962781	0.253612760687247
1577	7.885	-1.27335887006484	0.253612760687247
1578	7.89	-1.28883493389003	0.253612760687247
1579	7.895	-1.28496591793373	0.253612760687247
1580	7.9	-1.26820018212311	0.253612760687247
1581	7.905	-1.2836762459483	0.253612760687247
1582	7.91	-1.28109690197743	0.252323088701814
1583	7.915	-1.2759382140357	0.253612760687247
1584	7.92	-1.29012460587546	0.253612760687247
1585	7.925	-1.29528329381719	0.252323088701814
1586	7.93	-1.29270394984633	0.253612760687247
1587	7.935	-1.30818001367152	0.253612760687247
1588	7.94	-1.30560066970065	0.253612760687247
1589	7.945	-1.32881476543844	0.253612760687247
1590	7.95	-1.31333870161325	0.253612760687247
1591	7.955	-1.3430011572782	0.253612760687247
1592	7.96	-1.35589787713252	0.252323088701814
1593	7.965	-1.35460820514709	0.253612760687247
1594	7.97	-1.35847722110339	0.253612760687247
1595	7.975	-1.36621525301598	0.253612760687247
1596	7.98	-1.37137394095771	0.253612760687247
1597	7.985	-1.38040164485574	0.253612760687247
1598	7.99	-1.38942934875377	0.252323088701814
1599	7.995	-1.40232606860809	0.253612760687247
1600	8	-1.40619508456439	0.253612760687247
1601	8.005	-1.42940918030217	0.253612760687247
1602	8.01	-1.44359557214193	0.252323088701814
1603	8.015	-1.44746458809823	0.252323088701814
1604	8.02	-1.45778196398169	0.252323088701814
1605	8.025	-1.46294065192342	0.253612760687247
1606	8.03	-1.47841671574861	0.252323088701814
1607	8.035	-1.51065851538442	0.252323088701814
1608	8.04	-1.52484490722418	0.252323088701814
1609	8.045	-1.53000359516591	0.252323088701814
1610	8.05	-1.54676933097653	0.252323088701814
1611	8.055	-1.56095572281629	0.252323088701814
1612	8.06	-1.57385244267061	0.252323088701814
1613	8.065	-1.58288014656864	0.252323088701814
1614	8.07	-1.60222522635013	0.252323088701814
1615	8.075	-1.62414965010248	0.252323088701814
1616	8.08	-1.63446702598594	0.252323088701814
1617	8.085	-1.64736374584027	0.252323088701814
1618	8.09	-1.65510177775286	0.252323088701814
1619	8.095	-1.65123276179656	0.252323088701814
1620	8.1	-1.652522433782	0.252323088701814
1621	8.105	-1.66670882562175	0.252323088701814
1622	8.11	-1.68218488944694	0.252323088701814
1623	8.115	-1.67702620150521	0.252323088701814
1624	8.12	-1.70668865717016	0.252323088701814
1625	8.125	-1.67831587349065	0.251033416716382
1626	8.13	-1.68476423341781	0.251033416716382
1627	8.135	-1.68734357738867	0.252323088701814
1628	8.14	-1.69895062525757	0.252323088701814
1629	8.145	-1.6963712812867	0.252323088701814
1630	8.15	-1.69379193731584	0.251033416716382
1631	8.155	-1.71184734511189	0.251033416716382
1632	8.16	-1.71700603305362	0.251033416716382
1633	8.165	-1.71184734511189	0.252323088701814
1634	8.17	-1.70152996922843	0.251033416716382
1635	8.175	-1.70797832915559	0.252323088701814
1636	8.18	-1.71829570503905	0.251033416716382
1637	8.185	-1.71184734511189	0.251033416716382
1638	8.19	-1.71700603305362	0.251033416716382
1639	8.195	-1.71571636106819	0.251033416716382
1640	8.2	-1.70797832915559	0.251033416716382
1641	8.205	-1.71958537702449	0.251033416716382
1642	8.21	-1.71958537702449	0.251033416716382
1643	8.215	-1.72732340893708	0.251033416716382
1644	8.22	-1.73119242489338	0.251033416716382
1645	8.225	-1.72216472099535	0.251033416716382
1646	8.23	-1.73635111283511	0.251033416716382
1647	8.235	-1.73764078482054	0.251033416716382
1648	8.24	-1.73248209687881	0.251033416716382
1649	8.245	-1.73377176886424	0.251033416716382
1650	8.25	-1.7556961926166	0.251033416716382
1651	8.255	-1.74279947276227	0.251033416716382
1652	8.26	-1.74279947276227	0.251033416716382
1653	8.265	-1.76988258445635	0.251033416716382
1654	8.27	-1.77375160041265	0.251033416716382
1655	8.275	-1.76730324048549	0.251033416716382
1656	8.28	-1.77504127239808	0.251033416716382
1657	8.285	-1.79825536813587	0.251033416716382
1658	8.29	-1.8072830720339	0.251033416716382
1659	8.295	-1.83049716777168	0.251033416716382
1660	8.3	-1.82920749578625	0.251033416716382
1661	8.305	-1.8550009354949	0.251033416716382
1662	8.31	-1.8588699514512	0.251033416716382
1663	8.315	-1.84984224755317	0.249743744730949
1664	8.32	-1.87434601527639	0.251033416716382
1665	8.325	-1.9027187989559	0.251033416716382
1666	8.33	-1.92077420675196	0.251033416716382
1667	8.335	-1.91819486278109	0.251033416716382
1668	8.34	-1.93109158263542	0.249743744730949
1669	8.345	-1.91948453476653	0.249743744730949
1670	8.35	-1.92980191064999	0.249743744730949
1671	8.355	-1.95688502234407	0.249743744730949
1672	8.36	-1.9581746943295	0.251033416716382
1673	8.365	-1.95301600638777	0.251033416716382
1674	8.37	-1.96075403830037	0.249743744730949
1675	8.375	-1.9620437102858	0.249743744730949
1676	8.38	-1.98138879006729	0.249743744730949
1677	8.385	-2.00202354183421	0.249743744730949
1678	8.39	-1.99686485389248	0.249743744730949
1679	8.395	-2.0058925577905	0.249743744730949
1680	8.4	-1.99428550992161	0.249743744730949
1681	8.405	-2.00460288580507	0.249743744730949
1682	8.41	-2.01105124573223	0.249743744730949
1683	8.415	-2.02007894963026	0.249743744730949
1684	8.42	-2.03039632551372	0.249743744730949
1685	8.425	-2.04458271735348	0.249743744730949
1686	8.43	-2.02781698154286	0.249743744730949
1687	8.435	-2.03684468544088	0.249743744730949
1688	8.44	-2.06392779713497	0.248454072745517
1689	8.445	-2.05876910919324	0.249743744730949
1690	8.45	-2.04974140529521	0.249743744730949
1691	8.455	-2.05232074926607	0.249743744730949
1692	8.46	-2.05618976522237	0.248454072745517
1693	8.465	-2.05232074926607	0.249743744730949
1694	8.47	-2.06392779713497	0.248454072745517
1695	8.475	-2.0613484531641	0.249743744730949
1696	8.48	-2.05361042125151	0.248454072745517
1697	8.485	-2.07166582904756	0.248454072745517
1698	8.49	-2.0652174691204	0.248454072745517
1699	8.495	-2.05876910919324	0.249743744730949
1700	8.5	-2.07166582904756	0.249743744730949
1701	8.505	-2.06263812514953	0.249743744730949
1702	8.51	-2.05490009323694	0.248454072745517
1703	8.515	-2.08327287691645	0.248454072745517
1704	8.52	-2.08456254890189	0.248454072745517
1705	8.525	-2.07682451698929	0.248454072745517
1706	8.53	-2.08843156485818	0.248454072745517
1707	8.535	-2.08714189287275	0.248454072745517
1708	8.54	-2.11035598861054	0.248454072745517
1709	8.545	-2.1129353325814	0.248454072745517
1710	8.55	-2.120673364494	0.248454072745517
1711	8.555	-2.10132828471251	0.249743744730949
1712	8.56	-2.11035598861054	0.248454072745517
1713	8.565	-2.1129353325814	0.248454072745517
1714	8.57	-2.12325270846486	0.248454072745517
1715	8.575	-2.13743910030462	0.248454072745517
1716	8.58	-2.13614942831919	0.248454072745517
1717	8.585	-2.14517713221721	0.248454072745517
1718	8.59	-2.14388746023178	0.248454072745517
1719	8.595	-2.15549450810067	0.248454072745517
1720	8.6	-2.15420483611524	0.248454072745517
1721	8.605	-2.17483958788216	0.248454072745517
1722	8.61	-2.18515696376562	0.247164400760084
1723	8.615	-2.18515696376562	0.248454072745517
1724	8.62	-2.17741893185303	0.248454072745517
1725	8.625	-2.18773630773649	0.248454072745517
1726	8.63	-2.20450204354711	0.248454072745517
1727	8.635	-2.20708138751797	0.247164400760084
1728	8.64	-2.21868843538687	0.247164400760084
1729	8.645	-2.23674384318292	0.247164400760084
1730	8.65	-2.24448187509552	0.247164400760084
1731	8.655	-2.25608892296441	0.248454072745517
1732	8.66	-2.27801334671676	0.247164400760084
1733	8.665	-2.26124761090614	0.247164400760084
1734	8.67	-2.27285465877503	0.248454072745517
1735	8.675	-2.27414433076046	0.248454072745517
1736	8.68	-2.28575137862936	0.247164400760084
1737	8.685	-2.28962039458565	0.248454072745517
1738	8.69	-2.30122744245455	0.247164400760084
1739	8.695	-2.31283449032344	0.247164400760084
1740	8.7	-2.31799317826517	0.247164400760084
1741	8.705	-2.31283449032344	0.247164400760084
1742	8.71	-2.31412416230887	0.247164400760084
1743	8.715	-2.3231518662069	0.247164400760084
1744	8.72	-2.3231518662069	0.247164400760084
1745	8.725	-2.31283449032344	0.247164400760084
1746	8.73	-2.3154138342943	0.247164400760084
1747	8.735	-2.32573121017776	0.247164400760084
1748	8.74	-2.34120727400295	0.247164400760084
1749	8.745	-2.34636596194468	0.247164400760084
1750	8.75	-2.3231518662069	0.247164400760084
1751	8.755	-2.35539366584271	0.247164400760084
1752	8.76	-2.33991760201752	0.247164400760084
1753	8.765	-2.35539366584271	0.247164400760084
1754	8.77	-2.3670007137116	0.245874728774652
1755	8.775	-2.33733825804666	0.245874728774652
1756	8.78	-2.33604858606122	0.245874728774652
1757	8.785	-2.36829038569704	0.247164400760084
1758	8.79	-2.33991760201752	0.247164400760084
1759	8.795	-2.35926268179901	0.245874728774652
1760	8.8	-2.35797300981358	0.245874728774652
1761	8.805	-2.35281432187185	0.245874728774652
1762	8.81	-2.37602841760963	0.245874728774652
1763	8.815	-2.35152464988641	0.245874728774652
1764	8.82	-2.37731808959506	0.245874728774652
1765	8.825	-2.34765563393012	0.245874728774652
1766	8.83	-2.35668333782814	0.245874728774652
1767	8.835	-2.37215940165333	0.245874728774652
1768	8.84	-2.36571104172617	0.245874728774652
1769	8.845	-2.36442136974074	0.245874728774652
1770	8.85	-2.35926268179901	0.245874728774652
1771	8.855	-2.35926268179901	0.245874728774652
1772	8.86	-2.36571104172617	0.244585056789219
1773	8.865	-2.36313169775531	0.245874728774652
1774	8.87	-2.3747387456242	0.245874728774652
1775	8.875	-2.3786077615805	0.245874728774652
1776	8.88	-2.35668333782814	0.245874728774652
1777	8.885	-2.36571104172617	0.245874728774652
1778	8.89	-2.37344907363877	0.245874728774652
1779	8.895	-2.37344907363877	0.245874728774652
1780	8.9	-2.35023497790098	0.245874728774652
1781	8.905	-2.36442136974074	0.245874728774652
1782	8.91	-2.35668333782814	0.244585056789219
1783	8.915	-2.36055235378444	0.244585056789219
1784	8.92	-2.34894530591555	0.245874728774652
1785	8.925	-2.36313169775531	0.244585056789219
1786	8.93	-2.37989743356593	0.245874728774652
1787	8.935	-2.37215940165333	0.244585056789219
1788	8.94	-2.35926268179901	0.244585056789219
1789	8.945	-2.3670007137116	0.244585056789219
1790	8.95	-2.37602841760963	0.244585056789219
1791	8.955	-2.37344907363877	0.244585056789219
1792	8.96	-2.35668333782814	0.244585056789219
1793	8.965	-2.3786077615805	0.244585056789219
1794	8.97	-2.38247677753679	0.244585056789219
1795	8.975	-2.35668333782814	0.245874728774652
1796	8.98	-2.3708697296679	0.244585056789219
1797	8.985	-2.3786077615805	0.244585056789219
1798	8.99	-2.36184202576987	0.244585056789219
1799	8.995	-2.36442136974074	0.244585056789219
1800	9	-2.37215940165333	0.244585056789219
1801	9.005	-2.3708697296679	0.244585056789219
1802	9.01	-2.36313169775531	0.244585056789219
1803	9.015	-2.37344907363877	0.244585056789219
1804	9.02	-2.36958005768247	0.244585056789219
1805	9.025	-2.35410399385728	0.244585056789219
1806	9.03	-2.34894530591555	0.244585056789219
1807	9.035	-2.35797300981358	0.244585056789219
1808	9.04	-2.36055235378444	0.244585056789219
1809	9.045	-2.35797300981358	0.244585056789219
1810	9.05	-2.35152464988641	0.244585056789219
1811	9.055	-2.35539366584271	0.243295384803787
1812	9.06	-2.35023497790098	0.244585056789219
1813	9.065	-2.3708697296679	0.243295384803787
1814	9.07	-2.35281432187185	0.244585056789219
1815	9.075	-2.35668333782814	0.243295384803787
1816	9.08	-2.36184202576987	0.243295384803787
1817	9.085	-2.32960022613406	0.243295384803787
1818	9.09	-2.34120727400295	0.243295384803787
1819	9.095	-2.35023497790098	0.243295384803787
1820	9.1	-2.35926268179901	0.243295384803787
1821	9.105	-2.34249694598839	0.243295384803787
1822	9.11	-2.34120727400295	0.243295384803787
1823	9.115	-2.34636596194468	0.243295384803787
1824	9.12	-2.32960022613406	0.243295384803787
1825	9.125	-2.33862793003209	0.243295384803787
1826	9.13	-2.34249694598839	0.243295384803787
1827	9.135	-2.33604858606122	0.243295384803787
1828	9.14	-2.33346924209036	0.243295384803787
1829	9.145	-2.34765563393012	0.243295384803787
1830	9.15	-2.3270208821632	0.243295384803787
1831	9.155	-2.34378661797382	0.243295384803787
1832	9.16	-2.33475891407579	0.243295384803787
1833	9.165	-2.33862793003209	0.243295384803787
1834	9.17	-2.32573121017776	0.243295384803787
1835	9.175	-2.33217957010493	0.243295384803787
1836	9.18	-2.3231518662069	0.243295384803787
1837	9.185	-2.32831055414863	0.243295384803787
1838	9.19	-2.35023497790098	0.243295384803787
1839	9.195	-2.31799317826517	0.243295384803787
1840	9.2	-2.33346924209036	0.243295384803787
1841	9.205	-2.3231518662069	0.242005712818354
1842	9.21	-2.3154138342943	0.243295384803787
1843	9.215	-2.3154138342943	0.243295384803787
1844	9.22	-2.31283449032344	0.243295384803787
1845	9.225	-2.31283449032344	0.243295384803787
1846	9.23	-2.30509645841084	0.243295384803787
1847	9.235	-2.28833072260022	0.242005712818354
1848	9.24	-2.28833072260022	0.243295384803787
1849	9.245	-2.27801334671676	0.243295384803787
1850	9.25	-2.28704105061479	0.242005712818354
1851	9.255	-2.28317203465849	0.242005712818354
1852	9.26	-2.29735842649825	0.242005712818354
1853	9.265	-2.2754340027459	0.243295384803787
1854	9.27	-2.28575137862936	0.243295384803787
1855	9.275	-2.25608892296441	0.243295384803787
1856	9.28	-2.27027531480417	0.242005712818354
1857	9.285	-2.26253728289157	0.242005712818354
1858	9.29	-2.26511662686244	0.242005712818354
1859	9.295	-2.23287482722662	0.242005712818354
1860	9.3	-2.23029548325576	0.242005712818354
1861	9.305	-2.24964056303725	0.242005712818354
1862	9.31	-2.22642646729946	0.242005712818354
1863	9.315	-2.2238471233286	0.242005712818354
1864	9.32	-2.23029548325576	0.242005712818354
1865	9.325	-2.19934335560538	0.242005712818354
1866	9.33	-2.19289499567822	0.242005712818354
1867	9.335	-2.1722602439113	0.242005712818354
1868	9.34	-2.19676401163451	0.242005712818354
1869	9.345	-2.19805368361995	0.242005712818354
1870	9.35	-2.16710155596957	0.242005712818354
1871	9.355	-2.17354991589673	0.242005712818354
1872	9.36	-2.168391227955	0.242005712818354
1873	9.365	-2.1606531960424	0.242005712818354
1874	9.37	-2.14904614817351	0.242005712818354
1875	9.375	-2.14775647618808	0.242005712818354
1876	9.38	-2.13743910030462	0.242005712818354
1877	9.385	-2.14388746023178	0.242005712818354
1878	9.39	-2.12196303647943	0.242005712818354
1879	9.395	-2.13099074037746	0.242005712818354
1880	9.4	-2.14646680420265	0.242005712818354
1881	9.405	-2.10132828471251	0.240716040832922
1882	9.41	-2.10003861272708	0.240716040832922
1883	9.415	-2.11551467655227	0.240716040832922
1884	9.42	-2.09874894074164	0.240716040832922
1885	9.425	-2.1090663166251	0.240716040832922
1886	9.43	-2.09874894074164	0.240716040832922
1887	9.435	-2.10003861272708	0.240716040832922
1888	9.44	-2.07940386096016	0.240716040832922
1889	9.445	-2.09616959677078	0.240716040832922
1890	9.45	-2.09745926875621	0.240716040832922
1891	9.455	-2.10003861272708	0.240716040832922
1892	9.46	-2.07940386096016	0.240716040832922
1893	9.465	-2.0690864850767	0.242005712818354
1894	9.47	-2.1090663166251	0.240716040832922
1895	9.475	-2.08972123684362	0.240716040832922
1896	9.48	-2.08843156485818	0.240716040832922
1897	9.485	-2.09101090882905	0.240716040832922
1898	9.49	-2.07424517301843	0.240716040832922
1899	9.495	-2.08198320493102	0.240716040832922
1900	9.5	-2.09230058081448	0.240716040832922
1901	9.505	-2.07940386096016	0.240716040832922
1902	9.51	-2.08327287691645	0.240716040832922
1903	9.515	-2.08198320493102	0.240716040832922
1904	9.52	-2.06392779713497	0.240716040832922
1905	9.525	-2.06650714110583	0.239426368847489
1906	9.53	-2.07682451698929	0.239426368847489
1907	9.535	-2.06650714110583	0.239426368847489
1908	9.54	-2.0690864850767	0.239426368847489
1909	9.545	-2.05232074926607	0.239426368847489
1910	9.55	-2.05490009323694	0.239426368847489
1911	9.555	-2.02394796558656	0.239426368847489
1912	9.56	-2.03297566948459	0.239426368847489
1913	9.565	-2.0174996056594	0.239426368847489
1914	9.57	-2.0174996056594	0.240716040832922
1915	9.575	-2.02007894963026	0.239426368847489
1916	9.58	-1.99815452587791	0.239426368847489
1917	9.585	-1.98912682197988	0.239426368847489
1918	9.59	-1.99428550992161	0.239426368847489
1919	9.595	-1.9659127262421	0.239426368847489
1920	9.6	-1.9620437102858	0.240716040832922
1921	9.605	-1.9543056783732	0.239426368847489
1922	9.61	-1.92722256667912	0.239426368847489
1923	9.615	-1.92464322270826	0.239426368847489
1924	9.62	-1.92077420675196	0.239426368847489
1925	9.625	-1.91303617483936	0.239426368847489
1926	9.63	-1.91819486278109	0.239426368847489
1927	9.635	-1.88208404718898	0.239426368847489
1928	9.64	-1.88853240711614	0.239426368847489
1929	9.645	-1.86015962343663	0.239426368847489
1930	9.65	-1.8588699514512	0.239426368847489
1931	9.655	-1.83823519968428	0.239426368847489
1932	9.66	-1.85242159152403	0.239426368847489
1933	9.665	-1.83823519968428	0.238136696862057
1934	9.67	-1.82275913585909	0.239426368847489
1935	9.675	-1.7995450401213	0.239426368847489
1936	9.68	-1.79309668019414	0.239426368847489
1937	9.685	-1.80857274401933	0.240716040832922
1938	9.69	-1.795676024165	0.239426368847489
1939	9.695	-1.78664832026698	0.239426368847489
1940	9.7	-1.77375160041265	0.238136696862057
1941	9.705	-1.77504127239808	0.238136696862057
1942	9.71	-1.75053750467487	0.239426368847489
1943	9.715	-1.75440652063116	0.238136696862057
1944	9.72	-1.74022012879141	0.239426368847489
1945	9.725	-1.72732340893708	0.239426368847489
1946	9.73	-1.74279947276227	0.239426368847489
1947	9.735	-1.72861308092251	0.238136696862057
1948	9.74	-1.73377176886424	0.238136696862057
1949	9.745	-1.72861308092251	0.238136696862057
1950	9.75	-1.73248209687881	0.238136696862057
1951	9.755	-1.73635111283511	0.239426368847489
1952	9.76	-1.74150980077684	0.238136696862057
1953	9.765	-1.73506144084968	0.238136696862057
1954	9.77	-1.73506144084968	0.238136696862057
1955	9.775	-1.72861308092251	0.238136696862057
1956	9.78	-1.73506144084968	0.238136696862057
1957	9.785	-1.71700603305362	0.238136696862057
1958	9.79	-1.71829570503905	0.238136696862057
1959	9.795	-1.71958537702449	0.238136696862057
1960	9.8	-1.71313701709732	0.238136696862057
1961	9.805	-1.69508160930127	0.238136696862057
1962	9.81	-1.68476423341781	0.238136696862057
1963	9.815	-1.68218488944694	0.238136696862057
1964	9.82	-1.68218488944694	0.238136696862057
1965	9.825	-1.67057784157805	0.238136696862057
1966	9.83	-1.65897079370916	0.238136696862057
1967	9.835	-1.652522433782	0.238136696862057
1968	9.84	-1.6409153859131	0.238136696862057
1969	9.845	-1.61770129017532	0.236847024876624
1970	9.85	-1.63446702598594	0.238136696862057
1971	9.855	-1.60996325826272	0.236847024876624
1972	9.86	-1.60222522635013	0.236847024876624
1973	9.865	-1.58803883451037	0.238136696862057
1974	9.87	-1.57514211465605	0.238136696862057
1975	9.875	-1.56224539480172	0.236847024876624
1976	9.88	-1.55063834693283	0.236847024876624
1977	9.885	-1.56482473877259	0.238136696862057
1978	9.89	-1.5493486749474	0.236847024876624
1979	9.895	-1.55192801891826	0.236847024876624
1980	9.9	-1.52226556325331	0.238136696862057
1981	9.905	-1.50807917141356	0.236847024876624
1982	9.91	-1.51194818736985	0.236847024876624
1983	9.915	-1.50034113950096	0.236847024876624
1984	9.92	-1.4977617955301	0.236847024876624
1985	9.925	-1.48873409163207	0.236847024876624
1986	9.93	-1.48357540369034	0.236847024876624
1987	9.935	-1.47325802780688	0.236847024876624
1988	9.94	-1.46938901185058	0.236847024876624
1989	9.945	-1.46294065192342	0.236847024876624
1990	9.95	-1.4384368842002	0.236847024876624
1991	9.955	-1.42940918030217	0.236847024876624
1992	9.96	-1.41780213243328	0.236847024876624
1993	9.965	-1.41522278846242	0.236847024876624
1994	9.97	-1.41651246044785	0.236847024876624
1995	9.975	-1.41006410052069	0.236847024876624
1996	9.98	-1.40103639662266	0.236847024876624
1997	9.985	-1.40877442853525	0.236847024876624
1998	9.99	-1.38942934875377	0.236847024876624
1999	9.995	-1.3829809888266	0.236847024876624
2000	10	-1.38040164485574	0.236847024876624
2001	10.005	-1.36363590904512	0.236847024876624
2002	10.01	-1.37008426897228	0.236847024876624
2003	10.015	-1.35460820514709	0.235557352891192
2004	10.02	-1.35847722110339	0.235557352891192
2005	10.025	-1.34042181330733	0.236847024876624
2006	10.03	-1.33655279735103	0.236847024876624
2007	10.035	-1.33397345338017	0.236847024876624
2008	10.04	-1.3391321413219	0.235557352891192
2009	10.045	-1.3391321413219	0.235557352891192
2010	10.05	-1.31462837359868	0.236847024876624
2011	10.055	-1.32881476543844	0.235557352891192
2012	10.06	-1.30946968565695	0.236847024876624
2013	10.065	-1.32365607749671	0.236847024876624
2014	10.07	-1.29786263778806	0.236847024876624
2015	10.075	-1.30044198175892	0.235557352891192
2016	10.08	-1.29141427786089	0.235557352891192
2017	10.085	-1.29270394984633	0.235557352891192
2018	10.09	-1.2759382140357	0.235557352891192
2019	10.095	-1.26433116616681	0.235557352891192
2020	10.1	-1.26046215021051	0.235557352891192
2021	10.105	-1.25530346226878	0.235557352891192
2022	10.11	-1.23079969454557	0.235557352891192
2023	10.115	-1.22693067858927	0.236847024876624
2024	10.12	-1.20629592682235	0.235557352891192
2025	10.125	-1.20758559880778	0.235557352891192
2026	10.13	-1.17921281512827	0.235557352891192
2027	10.135	-1.17147478321567	0.235557352891192
2028	10.14	-1.15470904740505	0.235557352891192
2029	10.145	-1.1289156076964	0.235557352891192
2030	10.15	-1.13536396762356	0.235557352891192
2031	10.155	-1.1289156076964	0.235557352891192
2032	10.16	-1.10441183997318	0.235557352891192
2033	10.165	-1.09796348004602	0.235557352891192
2034	10.17	-1.08893577614799	0.235557352891192
2035	10.175	-1.07088036835194	0.235557352891192
2036	10.18	-1.0695906963665	0.235557352891192
2037	10.185	-1.05411463254131	0.235557352891192
2038	10.19	-1.05927332048304	0.235557352891192
2039	10.195	-1.05153528857045	0.235557352891192
2040	10.2	-1.04766627261415	0.235557352891192
2041	10.205	-1.04637660062872	0.235557352891192
2042	10.21	-1.03219020878896	0.234267680905759
2043	10.215	-1.04250758467242	0.235557352891192
2044	10.22	-1.03605922474526	0.234267680905759
2045	10.225	-1.04508692864329	0.234267680905759
2046	10.23	-1.03863856871612	0.234267680905759
2047	10.235	-1.04895594459958	0.235557352891192
2048	10.24	-1.05540430452675	0.235557352891192
2049	10.245	-1.05411463254131	0.235557352891192
2050	10.25	-1.06443200842477	0.234267680905759
2051	10.255	-1.05669397651218	0.234267680905759
2052	10.26	-1.06056299246848	0.235557352891192
2053	10.265	-1.06056299246848	0.234267680905759
2054	10.27	-1.06185266445391	0.234267680905759
2055	10.275	-1.05411463254131	0.234267680905759
2056	10.28	-1.06572168041021	0.234267680905759
2057	10.285	-1.05411463254131	0.234267680905759
2058	10.29	-1.04379725665785	0.234267680905759
2059	10.295	-1.05540430452675	0.234267680905759
2060	10.3	-1.05411463254131	0.234267680905759
2061	10.305	-1.0296108648181	0.234267680905759
2062	10.31	-1.04508692864329	0.234267680905759
2063	10.315	-1.05540430452675	0.234267680905759
2064	10.32	-1.05153528857045	0.234267680905759
2065	10.325	-1.04121791268699	0.234267680905759
2066	10.33	-1.05411463254131	0.234267680905759
2067	10.335	-1.05411463254131	0.234267680905759
2068	10.34	-1.05411463254131	0.234267680905759
2069	10.345	-1.05153528857045	0.234267680905759
2070	10.35	-1.04379725665785	0.234267680905759
2071	10.355	-1.04379725665785	0.234267680905759
2072	10.36	-1.04121791268699	0.234267680905759
2073	10.365	-1.05282496055588	0.234267680905759
2074	10.37	-1.04250758467242	0.234267680905759
2075	10.375	-1.04766627261415	0.234267680905759
2076	10.38	-1.04121791268699	0.234267680905759
2077	10.385	-1.05024561658502	0.234267680905759
2078	10.39	-1.05024561658502	0.232978008920327
2079	10.395	-1.04637660062872	0.234267680905759
2080	10.4	-1.04895594459958	0.234267680905759
2081	10.405	-1.04121791268699	0.232978008920327
2082	10.41	-1.05153528857045	0.232978008920327
2083	10.415	-1.04250758467242	0.232978008920327
2084	10.42	-1.03219020878896	0.234267680905759
2085	10.425	-1.03090053680353	0.232978008920327
2086	10.43	-1.01155545702204	0.234267680905759
2087	10.435	-1.00510709709488	0.232978008920327
2088	10.44	-1.00768644106574	0.232978008920327
2089	10.445	-0.984472345327958	0.232978008920327
2090	10.45	-0.968996281502768	0.234267680905759
2091	10.455	-0.962547921575606	0.232978008920327
2092	10.46	-0.936754481866956	0.232978008920327
2093	10.465	-0.922568090027198	0.232978008920327
2094	10.47	-0.904512682231143	0.232978008920327
2095	10.475	-0.8671121946536	0.234267680905759
2096	10.48	-0.863243178697303	0.232978008920327
2097	10.485	-0.832291051046923	0.232978008920327
2098	10.49	-0.816814987221733	0.232978008920327
2099	10.495	-0.778124827658758	0.232978008920327
2100	10.5	-0.761359091848135	0.232978008920327
2101	10.505	-0.75362105993554	0.232978008920327
2102	10.51	-0.729117292212322	0.232978008920327
2103	10.515	-0.718799916328862	0.232978008920327
2104	10.52	-0.708482540445402	0.234267680905759
2105	10.525	-0.690427132649347	0.232978008920327
2106	10.53	-0.68655811669305	0.232978008920327
2107	10.535	-0.69171680463478	0.232978008920327
2108	10.54	-0.70203418051824	0.232978008920327
2109	10.545	-0.705903196474537	0.232978008920327
2110	10.55	-0.723958604270592	0.231688336934894
2111	10.555	-0.720089588314295	0.232978008920327
2112	10.56	-0.739434668095782	0.232978008920327
2113	10.565	-0.747172700008377	0.232978008920327
2114	10.57	-0.754910731920972	0.232978008920327
2115	10.575	-0.762648763833568	0.232978008920327
2116	10.58	-0.770386795746163	0.232978008920327
2117	10.585	-0.770386795746163	0.232978008920327
2118	10.59	-0.757490075891837	0.232978008920327
2119	10.595	-0.760069419862702	0.232978008920327
2120	10.6	-0.75362105993554	0.232978008920327
2121	10.605	-0.745883028022945	0.232978008920327
2122	10.61	-0.736855324124917	0.232978008920327
2123	10.615	-0.73298630816862	0.231688336934894
2124	10.62	-0.723958604270592	0.232978008920327
2125	10.625	-0.714930900372565	0.231688336934894
2126	10.63	-0.718799916328862	0.232978008920327
2127	10.635	-0.7123515564017	0.231688336934894
2128	10.64	-0.705903196474537	0.232978008920327
2129	10.645	-0.704613524489105	0.232978008920327
2130	10.65	-0.7123515564017	0.232978008920327
2131	10.655	-0.720089588314295	0.232978008920327
2132	10.66	-0.721379260299727	0.231688336934894
2133	10.665	-0.711061884416267	0.232978008920327
2134	10.67	-0.71751024434343	0.231688336934894
2135	10.675	-0.714930900372565	0.232978008920327
2136	10.68	-0.70719286845997	0.232978008920327
2137	10.685	-0.704613524489105	0.232978008920327
2138	10.69	-0.70719286845997	0.231688336934894
2139	10.695	-0.69687549257651	0.232978008920327
2140	10.7	-0.690427132649347	0.231688336934894
2141	10.705	-0.667213036911562	0.231688336934894
2142	10.71	-0.663344020955265	0.231688336934894
2143	10.715	-0.645288613159209	0.232978008920327
2144	10.72	-0.636260909261182	0.231688336934894
2145	10.725	-0.619495173450559	0.232978008920327
2146	10.73	-0.598860421683639	0.232978008920327
2147	10.735	-0.583384357858449	0.231688336934894
2148	10.74	-0.552432230208069	0.231688336934894
2149	10.745	-0.549852886237204	0.231688336934894
2150	10.75	-0.540825182339177	0.231688336934894
2151	10.755	-0.547273542266339	0.231688336934894
2152	10.76	-0.529218134470284	0.231688336934894
2153	10.765	-0.533087150426582	0.231688336934894
2154	10.77	-0.530507806455716	0.231688336934894
2155	10.775	-0.534376822412014	0.231688336934894
2156	10.78	-0.549852886237204	0.231688336934894
2157	10.785	-0.567908294033259	0.231688336934894
2158	10.79	-0.573066981974989	0.231688336934894
2159	10.795	-0.579515341902152	0.232978008920327
2160	10.8	-0.582094685873017	0.231688336934894
2161	10.805	-0.580805013887584	0.231688336934894
2162	10.81	-0.591122389771044	0.231688336934894
2163	10.815	-0.600150093669072	0.231688336934894
2164	10.82	-0.585963701829314	0.231688336934894
2165	10.825	-0.589832717785612	0.231688336934894
2166	10.83	-0.578225669916719	0.231688336934894
2167	10.835	-0.576935997931287	0.231688336934894
2168	10.84	-0.570487638004124	0.231688336934894
2169	10.845	-0.571777309989557	0.231688336934894
2170	10.85	-0.555011574178934	0.231688336934894
2171	10.855	-0.569197966018692	0.231688336934894
2172	10.86	-0.560170262120664	0.231688336934894
2173	10.865	-0.545983870280907	0.231688336934894
2174	10.87	-0.556301246164367	0.231688336934894
2175	10.875	-0.557590918149799	0.231688336934894
2176	10.88	-0.552432230208069	0.231688336934894
2177	10.885	-0.551142558222637	0.231688336934894
2178	10.89	-0.547273542266339	0.231688336934894
2179	10.895	-0.544694198295474	0.231688336934894
2180	10.9	-0.549852886237204	0.231688336934894
2181	10.905	-0.540825182339177	0.231688336934894
2182	10.91	-0.536956166382879	0.231688336934894
2183	10.915	-0.515031742630526	0.230398664949462
2184	10.92	-0.516321414615959	0.231688336934894
2185	10.925	-0.504714366747066	0.230398664949462
2186	10.93	-0.500845350790769	0.231688336934894
2187	10.935	-0.481500271009281	0.231688336934894
2188	10.94	-0.469893223140389	0.231688336934894
2189	10.945	-0.467313879169524	0.230398664949462
2190	10.95	-0.446679127402604	0.230398664949462
2191	10.955	-0.433782407548279	0.231688336934894
2192	10.96	-0.420885687693954	0.230398664949462
2193	10.965	-0.410568311810493	0.230398664949462
2194	10.97	-0.393802575999871	0.230398664949462
2195	10.975	-0.386064544087276	0.231688336934894
2196	10.98	-0.373167824232951	0.230398664949462
2197	10.985	-0.369298808276653	0.230398664949462
2198	10.99	-0.352533072466031	0.231688336934894
2199	10.995	-0.353822744451463	0.230398664949462
2200	11	-0.352533072466031	0.230398664949462
2201	11.005	-0.352533072466031	0.230398664949462
2202	11.01	-0.355112416436896	0.230398664949462
2203	11.015	-0.353822744451463	0.230398664949462
2204	11.02	-0.356402088422328	0.230398664949462
2205	11.025	-0.356402088422328	0.230398664949462
2206	11.03	-0.355112416436896	0.230398664949462
2207	11.035	-0.366719464305788	0.230398664949462
2208	11.04	-0.360271104378626	0.230398664949462
2209	11.045	-0.355112416436896	0.231688336934894
2210	11.05	-0.346084712538868	0.230398664949462
2211	11.055	-0.343505368568003	0.230398664949462
2212	11.06	-0.337057008640841	0.230398664949462
2213	11.065	-0.330608648713678	0.230398664949462
2214	11.07	-0.334477664669976	0.230398664949462
2215	11.075	-0.331898320699111	0.230398664949462
2216	11.08	-0.329318976728246	0.230398664949462
2217	11.085	-0.325449960771948	0.230398664949462
2218	11.09	-0.322870616801083	0.230398664949462
2219	11.095	-0.328029304742813	0.230398664949462
2220	11.1	-0.326739632757381	0.230398664949462
2221	11.105	-0.321580944815651	0.230398664949462
2222	11.11	-0.309973896946758	0.230398664949462
2223	11.115	-0.308684224961326	0.229108992964029
2224	11.12	-0.302235865034163	0.229108992964029
2225	11.125	-0.302235865034163	0.230398664949462
2226	11.13	-0.294497833121568	0.230398664949462
2227	11.135	-0.299656521063298	0.229108992964029
2228	11.14	-0.295787505107	0.230398664949462
2229	11.145	-0.297077177092433	0.229108992964029
2230	11.15	-0.302235865034163	0.230398664949462
2231	11.155	-0.304815209005028	0.230398664949462
2232	11.16	-0.306104880990461	0.229108992964029
2233	11.165	-0.308684224961326	0.229108992964029
2234	11.17	-0.306104880990461	0.230398664949462
2235	11.175	-0.312553240917623	0.230398664949462
2236	11.18	-0.313842912903056	0.230398664949462
2237	11.185	-0.306104880990461	0.229108992964029
2238	11.19	-0.309973896946758	0.230398664949462
2239	11.195	-0.309973896946758	0.230398664949462
2240	11.2	-0.304815209005028	0.229108992964029
2241	11.205	-0.306104880990461	0.229108992964029
2242	11.21	-0.298366849077865	0.230398664949462
2243	11.215	-0.303525537019596	0.229108992964029
2244	11.22	-0.302235865034163	0.229108992964029
2245	11.225	-0.302235865034163	0.230398664949462
2246	11.23	-0.306104880990461	0.229108992964029
2247	11.235	-0.299656521063298	0.229108992964029
2248	11.24	-0.297077177092433	0.229108992964029
2249	11.245	-0.294497833121568	0.229108992964029
2250	11.25	-0.288049473194405	0.229108992964029
2251	11.255	-0.288049473194405	0.229108992964029
2252	11.26	-0.27515275334008	0.229108992964029
2253	11.265	-0.271283737383783	0.229108992964029
2254	11.27	-0.25451800157316	0.229108992964029
2255	11.275	-0.241621281718835	0.229108992964029
2256	11.28	-0.241621281718835	0.229108992964029
2257	11.285	-0.235172921791673	0.229108992964029
2258	11.29	-0.226145217893645	0.229108992964029
2259	11.295	-0.215827842010185	0.229108992964029
2260	11.3	-0.210669154068455	0.229108992964029
2261	11.305	-0.200351778184995	0.229108992964029
2262	11.31	-0.196482762228698	0.229108992964029
2263	11.315	-0.193903418257833	0.227819320978597
2264	11.32	-0.186165386345237	0.229108992964029
2265	11.325	-0.18229637038894	0.229108992964029
2266	11.33	-0.174558338476345	0.229108992964029
2267	11.335	-0.175848010461777	0.229108992964029
2268	11.34	-0.17713768244721	0.227819320978597
2269	11.345	-0.173268666490912	0.227819320978597
2270	11.35	-0.170689322520047	0.227819320978597
2271	11.355	-0.17197899450548	0.229108992964029
2272	11.36	-0.173268666490912	0.229108992964029
2273	11.365	-0.173268666490912	0.229108992964029
2274	11.37	-0.173268666490912	0.227819320978597
2275	11.375	-0.173268666490912	0.227819320978597
2276	11.38	-0.17713768244721	0.227819320978597
2277	11.385	-0.168109978549182	0.227819320978597
2278	11.39	-0.16682030656375	0.227819320978597
2279	11.395	-0.173268666490912	0.227819320978597
2280	11.4	-0.17197899450548	0.227819320978597
2281	11.405	-0.17197899450548	0.227819320978597
2282	11.41	-0.168109978549182	0.227819320978597
2283	11.415	-0.168109978549182	0.227819320978597
2284	11.42	-0.16166161862202	0.227819320978597
2285	11.425	-0.165530634578317	0.227819320978597
2286	11.43	-0.168109978549182	0.227819320978597
2287	11.435	-0.17197899450548	0.227819320978597
2288	11.44	-0.168109978549182	0.227819320978597
2289	11.445	-0.168109978549182	0.227819320978597
2290	11.45	-0.165530634578317	0.227819320978597
2291	11.455	-0.174558338476345	0.227819320978597
2292	11.46	-0.17197899450548	0.227819320978597
2293	11.465	-0.168109978549182	0.227819320978597
2294	11.47	-0.16682030656375	0.227819320978597
2295	11.475	-0.17197899450548	0.227819320978597
2296	11.48	-0.170689322520047	0.227819320978597
2297	11.485	-0.169399650534615	0.227819320978597
2298	11.49	-0.17197899450548	0.227819320978597
2299	11.495	-0.17713768244721	0.227819320978597
2300	11.5	-0.174558338476345	0.226529648993164
2301	11.505	-0.173268666490912	0.226529648993164
2302	11.51	-0.168109978549182	0.226529648993164
2303	11.515	-0.169399650534615	0.227819320978597
2304	11.52	-0.169399650534615	0.226529648993164
2305	11.525	-0.168109978549182	0.227819320978597
2306	11.53	-0.17197899450548	0.226529648993164
2307	11.535	-0.169399650534615	0.226529648993164
2308	11.54	-0.165530634578317	0.226529648993164
2309	11.545	-0.165530634578317	0.227819320978597
2310	11.55	-0.168109978549182	0.226529648993164
2311	11.555	-0.16682030656375	0.226529648993164
2312	11.56	-0.168109978549182	0.226529648993164
2313	11.565	-0.165530634578317	0.227819320978597
2314	11.57	-0.164240962592885	0.226529648993164
2315	11.575	-0.165530634578317	0.226529648993164
2316	11.58	-0.16682030656375	0.226529648993164
2317	11.585	-0.165530634578317	0.226529648993164
2318	11.59	-0.165530634578317	0.226529648993164
2319	11.595	-0.164240962592885	0.226529648993164
2320	11.6	-0.160371946636587	0.226529648993164
2321	11.605	-0.165530634578317	0.226529648993164
2322	11.61	-0.15650293068029	0.226529648993164
2323	11.615	-0.16166161862202	0.226529648993164
2324	11.62	-0.16166161862202	0.226529648993164
2325	11.625	-0.16166161862202	0.226529648993164
2326	11.63	-0.16166161862202	0.226529648993164
2327	11.635	-0.168109978549182	0.226529648993164
2328	11.64	-0.16166161862202	0.226529648993164
2329	11.645	-0.165530634578317	0.225239977007732
2330	11.65	-0.165530634578317	0.226529648993164
2331	11.655	-0.169399650534615	0.226529648993164
2332	11.66	-0.168109978549182	0.226529648993164
2333	11.665	-0.170689322520047	0.226529648993164
2334	11.67	-0.173268666490912	0.226529648993164
2335	11.675	-0.17197899450548	0.226529648993164
2336	11.68	-0.17713768244721	0.226529648993164
2337	11.685	-0.174558338476345	0.225239977007732
2338	11.69	-0.178427354432642	0.226529648993164
2339	11.695	-0.181006698403507	0.226529648993164
2340	11.7	-0.183586042374372	0.225239977007732
2341	11.705	-0.184875714359805	0.226529648993164
2342	11.71	-0.179717026418075	0.226529648993164
2343	11.715	-0.184875714359805	0.226529648993164
2344	11.72	-0.184875714359805	0.226529648993164
2345	11.725	-0.181006698403507	0.225239977007732
2346	11.73	-0.18745505833067	0.225239977007732
2347	11.735	-0.18745505833067	0.226529648993164
2348	11.74	-0.18745505833067	0.225239977007732
2349	11.745	-0.186165386345237	0.226529648993164
2350	11.75	-0.18745505833067	0.226529648993164
2351	11.755	-0.188744730316103	0.225239977007732
2352	11.76	-0.190034402301535	0.225239977007732
2353	11.765	-0.186165386345237	0.225239977007732
2354	11.77	-0.188744730316103	0.225239977007732
2355	11.775	-0.186165386345237	0.225239977007732
2356	11.78	-0.186165386345237	0.225239977007732
2357	11.785	-0.184875714359805	0.225239977007732
2358	11.79	-0.184875714359805	0.226529648993164
2359	11.795	-0.188744730316103	0.226529648993164
2360	11.8	-0.186165386345237	0.225239977007732
2361	11.805	-0.190034402301535	0.225239977007732
2362	11.81	-0.184875714359805	0.225239977007732
2363	11.815	-0.190034402301535	0.225239977007732
2364	11.82	-0.184875714359805	0.225239977007732
2365	11.825	-0.186165386345237	0.226529648993164
2366	11.83	-0.186165386345237	0.225239977007732
2367	11.835	-0.191324074286968	0.225239977007732
2368	11.84	-0.191324074286968	0.225239977007732
2369	11.845	-0.188744730316103	0.225239977007732
2370	11.85	-0.186165386345237	0.225239977007732
2371	11.855	-0.193903418257833	0.225239977007732
2372	11.86	-0.193903418257833	0.225239977007732
2373	11.865	-0.190034402301535	0.226529648993164
2374	11.87	-0.199062106199563	0.225239977007732
2375	11.875	-0.196482762228698	0.226529648993164
2376	11.88	-0.199062106199563	0.225239977007732
2377	11.885	-0.201641450170428	0.225239977007732
2378	11.89	-0.20808981009759	0.225239977007732
2379	11.895	-0.214538170024753	0.225239977007732
2380	11.9	-0.21840718598105	0.225239977007732
2381	11.905	-0.219696857966483	0.223950305022299
2382	11.91	-0.230014233849943	0.225239977007732
2383	11.915	-0.237752265762538	0.225239977007732
2384	11.92	-0.242910953704268	0.225239977007732
2385	11.925	-0.251938657602295	0.225239977007732
2386	11.93	-0.253228329587728	0.225239977007732
2387	11.935	-0.267414721427485	0.223950305022299
2388	11.94	-0.279021769296378	0.225239977007732
2389	11.945	-0.28547012922354	0.223950305022299
2390	11.95	-0.294497833121568	0.225239977007732
2391	11.955	-0.306104880990461	0.223950305022299
2392	11.96	-0.317711928859353	0.225239977007732
2393	11.965	-0.322870616801083	0.225239977007732
2394	11.97	-0.339636352611706	0.223950305022299
2395	11.975	-0.344795040553436	0.223950305022299
2396	11.98	-0.357691760407761	0.223950305022299
2397	11.985	-0.360271104378626	0.223950305022299
2398	11.99	-0.375747168203816	0.223950305022299
2399	11.995	-0.387354216072708	0.225239977007732
2400	12	-0.401540607912466	0.223950305022299
2401	12.005	-0.414437327766791	0.223950305022299
2402	12.01	-0.427334047621116	0.223950305022299
2403	12.015	-0.444099783431739	0.223950305022299
2404	12.02	-0.460865519242361	0.223950305022299
2405	12.025	-0.468603551154956	0.223950305022299
2406	12.03	-0.481500271009281	0.225239977007732
2407	12.035	-0.493107318878174	0.223950305022299
2408	12.04	-0.507293710717931	0.223950305022299
2409	12.045	-0.526638790499419	0.223950305022299
2410	12.05	-0.536956166382879	0.223950305022299
2411	12.055	-0.552432230208069	0.223950305022299
2412	12.06	-0.561459934106097	0.223950305022299
2413	12.065	-0.571777309989557	0.223950305022299
2414	12.07	-0.579515341902152	0.223950305022299
2415	12.075	-0.583384357858449	0.223950305022299
2416	12.08	-0.594991405727342	0.223950305022299
2417	12.085	-0.600150093669072	0.223950305022299
2418	12.09	-0.605308781610802	0.223950305022299
2419	12.095	-0.610467469552532	0.223950305022299
2420	12.1	-0.614336485508829	0.222660633036867
2421	12.105	-0.601439765654504	0.223950305022299
2422	12.11	-0.606598453596234	0.223950305022299
2423	12.115	-0.616915829479694	0.223950305022299
2424	12.12	-0.619495173450559	0.222660633036867
2425	12.125	-0.623364189406857	0.223950305022299
2426	12.13	-0.615626157494262	0.223950305022299
2427	12.135	-0.611757141537964	0.223950305022299
2428	12.14	-0.624653861392289	0.222660633036867
2429	12.145	-0.631102221319452	0.223950305022299
2430	12.15	-0.634971237275749	0.222660633036867
2431	12.155	-0.633681565290317	0.223950305022299
2432	12.16	-0.646578285144642	0.223950305022299
2433	12.165	-0.651736973086372	0.223950305022299
2434	12.17	-0.653026645071805	0.223950305022299
2435	12.175	-0.659475004998967	0.222660633036867
2436	12.18	-0.680109756765887	0.222660633036867
2437	12.185	-0.674951068824157	0.222660633036867
2438	12.19	-0.674951068824157	0.222660633036867
2439	12.195	-0.664633692940697	0.222660633036867
2440	12.2	-0.68655811669305	0.222660633036867
2441	12.205	-0.694296148605645	0.222660633036867
2442	12.21	-0.698165164561942	0.222660633036867
2443	12.215	-0.698165164561942	0.222660633036867
2444	12.22	-0.703323852503672	0.222660633036867
2445	12.225	-0.711061884416267	0.222660633036867
2446	12.23	-0.71751024434343	0.222660633036867
2447	12.235	-0.72782762022689	0.222660633036867
2448	12.24	-0.73814499611035	0.222660633036867
2449	12.245	-0.735565652139485	0.222660633036867
2450	12.25	-0.75362105993554	0.222660633036867
2451	12.255	-0.757490075891837	0.222660633036867
2452	12.26	-0.776835155673325	0.222660633036867
2453	12.265	-0.791021547513083	0.222660633036867
2454	12.27	-0.797469907440245	0.222660633036867
2455	12.275	-0.798759579425678	0.222660633036867
2456	12.28	-0.81036662729457	0.222660633036867
2457	12.285	-0.834870395017788	0.222660633036867
2458	12.29	-0.849056786857545	0.221370961051434
2459	12.295	-0.865822522668168	0.222660633036867
2460	12.3	-0.87227088259533	0.222660633036867
2461	12.305	-0.896774650318548	0.222660633036867
2462	12.31	-0.896774650318548	0.222660633036867
2463	12.315	-0.938044153852388	0.222660633036867
2464	12.32	-0.974154969444498	0.222660633036867
2465	12.325	-0.972865297459066	0.222660633036867
2466	12.33	-0.974154969444498	0.221370961051434
2467	12.335	-0.988341361284256	0.222660633036867
2468	12.34	-1.01284512900747	0.222660633036867
2469	12.345	-1.04379725665785	0.221370961051434
2470	12.35	-1.04895594459958	0.221370961051434
2471	12.355	-1.04766627261415	0.221370961051434
2472	12.36	-1.05669397651218	0.222660633036867
2473	12.365	-1.07603905629367	0.221370961051434
2474	12.37	-1.09409446408972	0.221370961051434
2475	12.375	-1.09925315203145	0.221370961051434
2476	12.38	-1.10828085592948	0.221370961051434
2477	12.385	-1.10441183997318	0.221370961051434
2478	12.39	-1.11730855982751	0.221370961051434
2479	12.395	-1.13665363960899	0.221370961051434
2480	12.4	-1.16631609527394	0.221370961051434
2481	12.405	-1.16115740733221	0.221370961051434
2482	12.41	-1.15470904740505	0.221370961051434
2483	12.415	-1.16889543924481	0.221370961051434
2484	12.42	-1.17792314314283	0.221370961051434
2485	12.425	-1.20242691086605	0.221370961051434
2486	12.43	-1.20758559880778	0.221370961051434
2487	12.435	-1.20758559880778	0.221370961051434
2488	12.44	-1.21145461476408	0.221370961051434
2489	12.445	-1.21661330270581	0.221370961051434
2490	12.45	-1.24627575837076	0.221370961051434
2491	12.455	-1.24885510234162	0.221370961051434
2492	12.46	-1.24885510234162	0.221370961051434
2493	12.465	-1.24369641439989	0.221370961051434
2494	12.47	-1.25659313425422	0.221370961051434
2495	12.475	-1.26820018212311	0.220081289066002
2496	12.48	-1.28238657396287	0.220081289066002
2497	12.485	-1.28238657396287	0.220081289066002
2498	12.49	-1.27851755800657	0.221370961051434
2499	12.495	-1.27851755800657	0.220081289066002
2500	12.5	-1.27206919807941	0.220081289066002
2501	12.505	-1.29270394984633	0.221370961051434
2502	12.51	-1.29528329381719	0.220081289066002
2503	12.515	-1.29399362183176	0.220081289066002
2504	12.52	-1.29657296580262	0.220081289066002
2505	12.525	-1.29141427786089	0.221370961051434
2506	12.53	-1.30560066970065	0.220081289066002
2507	12.535	-1.31978706154041	0.221370961051434
2508	12.54	-1.33397345338017	0.220081289066002
2509	12.545	-1.33010443742387	0.220081289066002
2510	12.55	-1.34815984521993	0.220081289066002
2511	12.555	-1.37008426897228	0.220081289066002
2512	12.56	-1.38556033279747	0.221370961051434
2513	12.565	-1.37395328492858	0.220081289066002
2514	12.57	-1.3868500047829	0.220081289066002
2515	12.575	-1.38813967676833	0.220081289066002
2516	12.58	-1.39845705265179	0.220081289066002
2517	12.585	-1.40490541257896	0.220081289066002
2518	12.59	-1.40232606860809	0.220081289066002
2519	12.595	-1.42554016434588	0.220081289066002
2520	12.6	-1.42682983633131	0.220081289066002
2521	12.605	-1.41135377250612	0.220081289066002
2522	12.61	-1.4384368842002	0.220081289066002
2523	12.615	-1.44101622817107	0.220081289066002
2524	12.62	-1.44746458809823	0.220081289066002
2525	12.625	-1.43972655618563	0.220081289066002
2526	12.63	-1.44875426008366	0.220081289066002
2527	12.635	-1.4423059001565	0.220081289066002
2528	12.64	-1.46165097993799	0.220081289066002
2529	12.645	-1.47067868383601	0.220081289066002
2530	12.65	-1.46680966787972	0.220081289066002
2531	12.655	-1.46809933986515	0.220081289066002
2532	12.66	-1.47325802780688	0.220081289066002
2533	12.665	-1.48357540369034	0.220081289066002
2534	12.67	-1.49647212354466	0.220081289066002
2535	12.675	-1.49260310758837	0.218791617080569
2536	12.68	-1.49518245155923	0.220081289066002
2537	12.685	-1.48486507567577	0.220081289066002
2538	12.69	-1.50163081148639	0.220081289066002
2539	12.695	-1.50034113950096	0.218791617080569
2540	12.7	-1.51065851538442	0.218791617080569
2541	12.705	-1.51581720332615	0.220081289066002
2542	12.71	-1.52355523523875	0.220081289066002
2543	12.715	-1.49131343560293	0.220081289066002
2544	12.72	-1.50678949942812	0.220081289066002
2545	12.725	-1.50034113950096	0.218791617080569
2546	12.73	-1.51323785935529	0.220081289066002
2547	12.735	-1.50936884339899	0.220081289066002
2548	12.74	-1.50421015545726	0.220081289066002
2549	12.745	-1.49518245155923	0.220081289066002
2550	12.75	-1.51194818736985	0.218791617080569
2551	12.755	-1.52742425119504	0.218791617080569
2552	12.76	-1.53516228310764	0.220081289066002
2553	12.765	-1.51839654729702	0.218791617080569
2554	12.77	-1.54676933097653	0.220081289066002
2555	12.775	-1.55450736288913	0.218791617080569
2556	12.78	-1.56611441075802	0.218791617080569
2557	12.785	-1.57256277068518	0.218791617080569
2558	12.79	-1.57385244267061	0.220081289066002
2559	12.795	-1.57901113061234	0.218791617080569
2560	12.8	-1.59577686642297	0.218791617080569
2561	12.805	-1.61125293024816	0.218791617080569
2562	12.81	-1.61383227421902	0.218791617080569
2563	12.815	-1.63575669797137	0.218791617080569
2564	12.82	-1.6447844018694	0.220081289066002
2565	12.825	-1.64349472988397	0.218791617080569
2566	12.83	-1.66412948165089	0.218791617080569
2567	12.835	-1.67702620150521	0.218791617080569
2568	12.84	-1.68992292135954	0.218791617080569
2569	12.845	-1.70926800114103	0.218791617080569
2570	12.85	-1.72990275290795	0.218791617080569
2571	12.855	-1.73764078482054	0.218791617080569
2572	12.86	-1.75698586460203	0.218791617080569
2573	12.865	-1.77117225644179	0.218791617080569
2574	12.87	-1.79051733622327	0.218791617080569
2575	12.875	-1.79180700820871	0.218791617080569
2576	12.88	-1.82404880784452	0.218791617080569
2577	12.885	-1.82662815181538	0.218791617080569
2578	12.89	-1.84081454365514	0.218791617080569
2579	12.895	-1.87692535924725	0.218791617080569
2580	12.9	-1.88079437520355	0.218791617080569
2581	12.905	-1.9104568308685	0.218791617080569
2582	12.91	-1.93753994256258	0.217501945095137
2583	12.915	-1.94656764646061	0.218791617080569
2584	12.92	-1.98525780602358	0.218791617080569
2585	12.925	-1.98912682197988	0.217501945095137
2586	12.93	-2.03555501345545	0.217501945095137
2587	12.935	-2.05618976522237	0.218791617080569
2588	12.94	-2.06779681309126	0.218791617080569
2589	12.945	-2.10519730066881	0.217501945095137
2590	12.95	-2.09359025279991	0.217501945095137
2591	12.955	-2.11551467655227	0.217501945095137
2592	12.96	-2.12841139640659	0.218791617080569
2593	12.965	-2.14646680420265	0.218791617080569
2594	12.97	-2.16194286802784	0.218791617080569
2595	12.975	-2.16323254001327	0.217501945095137
2596	12.98	-2.15549450810067	0.218791617080569
2597	12.985	-2.17097057192586	0.217501945095137
2598	12.99	-2.19934335560538	0.217501945095137
2599	12.995	-2.20966073148884	0.217501945095137
2600	13	-2.20321237156168	0.217501945095137
2601	13.005	-2.216109091416	0.217501945095137
2602	13.01	-2.22642646729946	0.217501945095137
2603	13.015	-2.23416449921206	0.217501945095137
2604	13.02	-2.23158515524119	0.217501945095137
2605	13.025	-2.26898564281873	0.217501945095137
2606	13.03	-2.25866826693527	0.217501945095137
2607	13.035	-2.24577154708095	0.217501945095137
2608	13.04	-2.25093023502268	0.217501945095137
2609	13.045	-2.26898564281873	0.217501945095137
2610	13.05	-2.27414433076046	0.217501945095137
2611	13.055	-2.28317203465849	0.217501945095137
2612	13.06	-2.29091006657109	0.217501945095137
2613	13.065	-2.29348941054195	0.217501945095137
2614	13.07	-2.30509645841084	0.217501945095137
2615	13.075	-2.30638613039628	0.217501945095137
2616	13.08	-2.31283449032344	0.217501945095137
2617	13.085	-2.33217957010493	0.217501945095137
2618	13.09	-2.33862793003209	0.217501945095137
2619	13.095	-2.34378661797382	0.217501945095137
2620	13.1	-2.32831055414863	0.217501945095137
2621	13.105	-2.3192828502506	0.217501945095137
2622	13.11	-2.32573121017776	0.217501945095137
2623	13.115	-2.33733825804666	0.217501945095137
2624	13.12	-2.35152464988641	0.216212273109704
2625	13.125	-2.34894530591555	0.217501945095137
2626	13.13	-2.34378661797382	0.217501945095137
2627	13.135	-2.31670350627974	0.217501945095137
2628	13.14	-2.34378661797382	0.217501945095137
2629	13.145	-2.36313169775531	0.217501945095137
2630	13.15	-2.34249694598839	0.216212273109704
2631	13.155	-2.35281432187185	0.217501945095137
2632	13.16	-2.3708697296679	0.217501945095137
2633	13.165	-2.36571104172617	0.217501945095137
2634	13.17	-2.38505612150766	0.217501945095137
2635	13.175	-2.39795284136198	0.217501945095137
2636	13.18	-2.40698054526001	0.217501945095137
2637	13.185	-2.40827021724544	0.216212273109704
2638	13.19	-2.41342890518717	0.216212273109704
2639	13.195	-2.43922234489582	0.217501945095137
2640	13.2	-2.45727775269188	0.217501945095137
2641	13.205	-2.50112660019659	0.217501945095137
2642	13.21	-2.49467824026942	0.217501945095137
2643	13.215	-2.50241627218202	0.216212273109704
2644	13.22	-2.52434069593437	0.217501945095137
2645	13.225	-2.56689987145364	0.216212273109704
2646	13.23	-2.59398298314773	0.216212273109704
2647	13.235	-2.61203839094378	0.216212273109704
2648	13.24	-2.62106609484181	0.217501945095137
2649	13.245	-2.65459756646305	0.216212273109704
2650	13.25	-2.68554969411343	0.216212273109704
2651	13.255	-2.71908116573468	0.216212273109704
2652	13.26	-2.72681919764727	0.217501945095137
2653	13.265	-2.74487460544333	0.216212273109704
2654	13.27	-2.75906099728309	0.216212273109704
2655	13.275	-2.78485443699174	0.217501945095137
2656	13.28	-2.79904082883149	0.216212273109704
2657	13.285	-2.84417934832163	0.216212273109704
2658	13.29	-2.84804836427793	0.217501945095137
2659	13.295	-2.84031033236533	0.216212273109704
2660	13.3	-2.85191738023423	0.216212273109704
2661	13.305	-2.89318688376807	0.216212273109704
2662	13.31	-2.91769065149128	0.216212273109704
2663	13.315	-2.93187704333104	0.216212273109704
2664	13.32	-2.92284933943301	0.216212273109704
2665	13.325	-2.9383254032582	0.216212273109704
2666	13.33	-2.94864277914166	0.216212273109704
2667	13.335	-3.00409867451526	0.216212273109704
2668	13.34	-3.01957473834045	0.216212273109704
2669	13.345	-3.04278883407824	0.216212273109704
2670	13.35	-3.06213391385972	0.216212273109704
2671	13.355	-3.06213391385972	0.216212273109704
2672	13.36	-3.09050669753924	0.214922601124272
2673	13.365	-3.09308604151011	0.216212273109704
2674	13.37	-3.11114144930616	0.214922601124272
2675	13.375	-3.1008240734227	0.214922601124272
2676	13.38	-3.12919685710222	0.214922601124272
2677	13.385	-3.13048652908765	0.214922601124272
2678	13.39	-3.15370062482543	0.214922601124272
2679	13.395	-3.17562504857779	0.214922601124272
2680	13.4	-3.17175603262149	0.214922601124272
2681	13.405	-3.16788701666519	0.214922601124272
2682	13.41	-3.17949406453408	0.214922601124272
2683	13.415	-3.14596259291284	0.216212273109704
2684	13.42	-3.16143865673803	0.216212273109704
2685	13.425	-3.17562504857779	0.214922601124272
2686	13.43	-3.16530767269433	0.214922601124272
2687	13.435	-3.16917668865062	0.216212273109704
2688	13.44	-3.18594242446125	0.214922601124272
2689	13.445	-3.16659734467976	0.214922601124272
2690	13.45	-3.20528750424273	0.214922601124272
2691	13.455	-3.2078668482136	0.216212273109704
2692	13.46	-3.25300536770374	0.214922601124272
2693	13.465	-3.22592225600965	0.214922601124272
2694	13.47	-3.23108094395138	0.214922601124272
2695	13.475	-3.28008847939782	0.214922601124272
2696	13.48	-3.31877863896079	0.214922601124272
2697	13.485	-3.32135798293166	0.214922601124272
2698	13.49	-3.33296503080055	0.216212273109704
2699	13.495	-3.36520683043636	0.214922601124272
2700	13.5	-3.35359978256747	0.214922601124272
2701	13.505	-3.37681387830526	0.214922601124272
2702	13.51	-3.39228994213045	0.214922601124272
2703	13.515	-3.42969042970799	0.214922601124272
2704	13.52	-3.42582141375169	0.214922601124272
2705	13.525	-3.46322190132923	0.214922601124272
2706	13.53	-3.47095993324183	0.214922601124272
2707	13.535	-3.47095993324183	0.213632929138839
2708	13.54	-3.49675337295048	0.214922601124272
2709	13.545	-3.50449140486307	0.214922601124272
2710	13.55	-3.51480878074653	0.214922601124272
2711	13.555	-3.51996746868826	0.214922601124272
2712	13.56	-3.52383648464456	0.214922601124272
2713	13.565	-3.54834025236778	0.214922601124272
2714	13.57	-3.56639566016383	0.214922601124272
2715	13.575	-3.59734778781421	0.214922601124272
2716	13.58	-3.63087925943546	0.214922601124272
2717	13.585	-3.62572057149373	0.213632929138839
2718	13.59	-3.66956941899844	0.214922601124272
2719	13.595	-3.69794220267795	0.213632929138839
2720	13.6	-3.72631498635747	0.213632929138839
2721	13.605	-3.75726711400785	0.214922601124272
2722	13.61	-3.80756432143971	0.213632929138839
2723	13.615	-3.85141316894442	0.213632929138839
2724	13.62	-3.88881365652196	0.213632929138839
2725	13.625	-3.91589676821604	0.214922601124272
2726	13.63	-3.95200758380815	0.213632929138839
2727	13.635	-3.99714610329829	0.213632929138839
2728	13.64	-4.05131232668646	0.213632929138839
2729	13.645	-4.05518134264275	0.214922601124272
2730	13.65	-4.10547855007462	0.213632929138839
2731	13.655	-4.15964477346279	0.213632929138839
2732	13.66	-4.18285886920057	0.213632929138839
2733	13.665	-4.21639034082182	0.213632929138839
2734	13.67	-4.25894951634109	0.213632929138839
2735	13.675	-4.29377065994777	0.213632929138839
2736	13.68	-4.32730213156901	0.213632929138839
2737	13.685	-4.36470261914656	0.213632929138839
2738	13.69	-4.4021031067241	0.213632929138839
2739	13.695	-4.43047589040361	0.213632929138839
2740	13.7	-4.46013834606856	0.212343257153407
2741	13.705	-4.46529703401029	0.213632929138839
2742	13.71	-4.54654636909254	0.213632929138839
2743	13.715	-4.55041538504884	0.213632929138839
2744	13.72	-4.61747832829133	0.212343257153407
2745	13.725	-4.63682340807281	0.213632929138839
2746	13.73	-4.6639065197669	0.213632929138839
2747	13.735	-4.69098963146098	0.212343257153407
2748	13.74	-4.75418355874717	0.212343257153407
2749	13.745	-4.76965962257236	0.212343257153407
2750	13.75	-4.81350847007707	0.212343257153407
2751	13.755	-4.83156387787312	0.212343257153407
2752	13.76	-4.91152354096994	0.212343257153407
2753	13.765	-4.91539255692624	0.212343257153407
2754	13.77	-4.99019353208132	0.212343257153407
2755	13.775	-5.03275270760059	0.212343257153407
2756	13.78	-5.04951844341122	0.212343257153407
2757	13.785	-5.08433958701789	0.212343257153407
2758	13.79	-5.11658138665371	0.212343257153407
2759	13.795	-5.14495417033322	0.212343257153407
2760	13.8	-5.19912039372139	0.212343257153407
2761	13.805	-5.25844530505128	0.212343257153407
2762	13.81	-5.28423874475993	0.212343257153407
2763	13.815	-5.28036972880363	0.211053585167974
2764	13.82	-5.33195660822093	0.211053585167974
2765	13.825	-5.36032939190045	0.211053585167974
2766	13.83	-5.33582562417723	0.212343257153407
2767	13.835	-5.40288856741972	0.212343257153407
2768	13.84	-5.42094397521578	0.211053585167974
2769	13.845	-5.45576511882246	0.211053585167974
2770	13.85	-5.4931656064	0.211053585167974
2771	13.855	-5.50606232625432	0.211053585167974
2772	13.86	-5.53830412589014	0.211053585167974
2773	13.865	-5.57312526949681	0.211053585167974
2774	13.87	-5.56409756559879	0.211053585167974
2775	13.875	-5.58086330140941	0.211053585167974
2776	13.88	-5.62858116487041	0.211053585167974
2777	13.885	-5.67371968436055	0.211053585167974
2778	13.89	-5.67500935634598	0.211053585167974
2779	13.895	-5.71369951590896	0.211053585167974
2780	13.9	-5.69693378009833	0.211053585167974
2781	13.905	-5.72530656377785	0.211053585167974
2782	13.91	-5.73691361164674	0.211053585167974
2783	13.915	-5.81816294672899	0.209763913182542
2784	13.92	-5.83492868253961	0.211053585167974
2785	13.925	-5.84266671445221	0.211053585167974
2786	13.93	-5.88135687401518	0.209763913182542
2787	13.935	-5.88006720202975	0.211053585167974
2788	13.94	-5.91359867365099	0.209763913182542
2789	13.945	-5.92649539350532	0.211053585167974
2790	13.95	-5.94326112931594	0.209763913182542
2791	13.955	-5.961316537112	0.209763913182542
2792	13.96	-5.94970948924311	0.209763913182542
2793	13.965	-5.97550292895176	0.209763913182542
2794	13.97	-6.03095882432535	0.209763913182542
2795	13.975	-5.99613768071868	0.209763913182542
2796	13.98	-6.01935177645646	0.209763913182542
2797	13.985	-6.02837948035449	0.209763913182542
2798	13.99	-6.04772456013598	0.209763913182542
2799	13.995	-6.03482784028165	0.209763913182542
2800	14	-6.08383537572809	0.209763913182542
2801	14.005	-6.03869685623795	0.209763913182542
2802	14.01	-6.06577996793203	0.208474241197109
2803	14.015	-6.06320062396117	0.209763913182542
2804	14.02	-6.06706963991746	0.208474241197109
2805	14.025	-6.07480767183006	0.209763913182542
2806	14.03	-6.0644902959466	0.208474241197109
2807	14.035	-6.07480767183006	0.208474241197109
2808	14.04	-6.07480767183006	0.208474241197109
2809	14.045	-6.08899406366982	0.208474241197109
2810	14.05	-6.10447012749501	0.208474241197109
2811	14.055	-6.09673209558241	0.208474241197109
2812	14.06	-6.09931143955328	0.208474241197109
2813	14.065	-6.07996635977179	0.208474241197109
2814	14.07	-6.10575979948044	0.208474241197109
2815	14.075	-6.13929127110168	0.208474241197109
2816	14.08	-6.15476733492687	0.208474241197109
2817	14.085	-6.1199461913202	0.208474241197109
2818	14.09	-6.13155323918909	0.208474241197109
2819	14.095	-6.14187061507255	0.208474241197109
2820	14.1	-6.13671192713082	0.207184569211677
2821	14.105	-6.14960864698514	0.208474241197109
2822	14.11	-6.13026356720366	0.207184569211677
2823	14.115	-6.12381520727649	0.207184569211677
2824	14.12	-6.13542225514539	0.207184569211677
2825	14.125	-6.14573963102885	0.208474241197109
2826	14.13	-6.17798143066466	0.207184569211677
2827	14.135	-6.19732651044615	0.208474241197109
2828	14.14	-6.18185044662096	0.207184569211677
2829	14.145	-6.22054060618393	0.207184569211677
2830	14.15	-6.23343732603826	0.207184569211677
2831	14.155	-6.2630997817032	0.207184569211677
2832	14.16	-6.2747068295721	0.207184569211677
2833	14.165	-6.2669687976595	0.207184569211677
2834	14.17	-6.24633404589258	0.208474241197109
2835	14.175	-6.30050026928075	0.207184569211677
2836	14.18	-6.29663125332445	0.207184569211677
2837	14.185	-6.3262937089894	0.207184569211677
2838	14.19	-6.35595616465434	0.207184569211677
2839	14.195	-6.33274206891656	0.207184569211677
2840	14.2	-6.33919042884372	0.207184569211677
2841	14.205	-6.34821813274175	0.207184569211677
2842	14.21	-6.3778805884067	0.207184569211677
2843	14.215	-6.40883271605708	0.207184569211677
2844	14.22	-6.40238435612991	0.207184569211677
2845	14.225	-6.43075713980943	0.207184569211677
2846	14.23	-6.42301910789683	0.207184569211677
2847	14.235	-6.42817779583856	0.205894897226244
2848	14.24	-6.43204681179486	0.207184569211677
2849	14.245	-6.43978484370746	0.207184569211677
2850	14.25	-6.45784025150351	0.207184569211677
2851	14.255	-6.45397123554721	0.205894897226244
2852	14.26	-6.49266139511019	0.207184569211677
2853	14.265	-6.50426844297908	0.205894897226244
2854	14.27	-6.48492336319759	0.205894897226244
2855	14.275	-6.50426844297908	0.205894897226244
2856	14.28	-6.51200647489168	0.205894897226244
2857	14.285	-6.5326412266586	0.207184569211677
2858	14.29	-6.50942713092081	0.205894897226244
2859	14.295	-6.57004171423614	0.205894897226244
2860	14.3	-6.52748253871687	0.205894897226244
2861	14.305	-6.52103417878971	0.205894897226244
2862	14.31	-6.50942713092081	0.205894897226244
2863	14.315	-6.53006188268773	0.205894897226244
2864	14.32	-6.55456565041095	0.205894897226244
2865	14.325	-6.55714499438182	0.205894897226244
2866	14.33	-6.51974450680427	0.205894897226244
2867	14.335	-6.54424827452749	0.205894897226244
2868	14.34	-6.53779991460033	0.205894897226244
2869	14.345	-6.53006188268773	0.205894897226244
2870	14.35	-6.53779991460033	0.205894897226244
2871	14.355	-6.58680745004676	0.205894897226244
2872	14.36	-6.57906941813417	0.205894897226244
2873	14.365	-6.5764900741633	0.204605225240812
2874	14.37	-6.57262105820701	0.204605225240812
2875	14.375	-6.61904924968258	0.204605225240812
2876	14.38	-6.56488302629441	0.205894897226244
2877	14.385	-6.5764900741633	0.204605225240812
2878	14.39	-6.58680745004676	0.205894897226244
2879	14.395	-6.55456565041095	0.204605225240812
2880	14.4	-6.57777974614874	0.204605225240812
2881	14.405	-6.64613236137666	0.204605225240812
2882	14.41	-6.63452531350777	0.204605225240812
2883	14.415	-6.61904924968258	0.204605225240812
2884	14.42	-6.58551777806133	0.204605225240812
2885	14.425	-6.60357318585739	0.204605225240812
2886	14.43	-6.59454548195936	0.204605225240812
2887	14.435	-6.60873187379912	0.204605225240812
2888	14.44	-6.59712482593022	0.204605225240812
2889	14.445	-6.61518023372628	0.204605225240812
2890	14.45	-6.60357318585739	0.203315553255379
2891	14.455	-6.62936662556604	0.204605225240812
2892	14.46	-6.5880971220322	0.204605225240812
2893	14.465	-6.62549760960974	0.204605225240812
2894	14.47	-6.62033892166801	0.204605225240812
2895	14.475	-6.59841449791566	0.204605225240812
2896	14.48	-6.65516006527469	0.203315553255379
2897	14.485	-6.61904924968258	0.204605225240812
2898	14.49	-6.59970416990109	0.204605225240812
2899	14.495	-6.63323564152233	0.203315553255379
2900	14.5	-6.63065629755147	0.203315553255379
2901	14.505	-6.57777974614874	0.204605225240812
2902	14.51	-6.60228351387195	0.203315553255379
2903	14.515	-6.58551777806133	0.203315553255379
2904	14.52	-6.59712482593022	0.203315553255379
2905	14.525	-6.59841449791566	0.203315553255379
2906	14.53	-6.62291826563887	0.203315553255379
2907	14.535	-6.59583515394479	0.203315553255379
2908	14.54	-6.59325580997393	0.203315553255379
2909	14.545	-6.58680745004676	0.203315553255379
2910	14.55	-6.55972433835268	0.203315553255379
2911	14.555	-6.59970416990109	0.203315553255379
2912	14.56	-6.56617269827984	0.203315553255379
2913	14.565	-6.55585532239638	0.203315553255379
2914	14.57	-6.56230368232355	0.203315553255379
2915	14.575	-6.59970416990109	0.202025881269947
2916	14.58	-6.5880971220322	0.203315553255379
2917	14.585	-6.57262105820701	0.203315553255379
2918	14.59	-6.56101401033811	0.203315553255379
2919	14.595	-6.55198630644009	0.203315553255379
2920	14.6	-6.51458581886254	0.203315553255379
2921	14.605	-6.56875204225071	0.202025881269947
2922	14.61	-6.52748253871687	0.203315553255379
2923	14.615	-6.55972433835268	0.202025881269947
2924	14.62	-6.55843466636725	0.203315553255379
2925	14.625	-6.55972433835268	0.203315553255379
2926	14.63	-6.5326412266586	0.203315553255379
2927	14.635	-6.50168909900822	0.202025881269947
2928	14.64	-6.54166893055663	0.202025881269947
2929	14.645	-6.52103417878971	0.202025881269947
2930	14.65	-6.51716516283341	0.202025881269947
2931	14.655	-6.53779991460033	0.202025881269947
2932	14.66	-6.53135155467317	0.202025881269947
2933	14.665	-6.53006188268773	0.202025881269947
2934	14.67	-6.52361352276057	0.202025881269947
2935	14.675	-6.51974450680427	0.202025881269947
2936	14.68	-6.44752287562005	0.202025881269947
2937	14.685	-6.46815762738697	0.202025881269947
2938	14.69	-6.48879237915389	0.202025881269947
2939	14.695	-6.47589565929957	0.202025881269947
2940	14.7	-6.47460598731413	0.202025881269947
2941	14.705	-6.41915009194054	0.202025881269947
2942	14.71	-6.42301910789683	0.202025881269947
2943	14.715	-6.45268156356178	0.200736209284514
2944	14.72	-6.42430877988227	0.202025881269947
2945	14.725	-6.40496370010078	0.202025881269947
2946	14.73	-6.38819796429016	0.202025881269947
2947	14.735	-6.41399140399881	0.202025881269947
2948	14.74	-6.40883271605708	0.202025881269947
2949	14.745	-6.35466649266891	0.202025881269947
2950	14.75	-6.35853550862521	0.200736209284514
2951	14.755	-6.30565895722248	0.202025881269947
2952	14.76	-6.32500403700396	0.200736209284514
2953	14.765	-6.29663125332445	0.200736209284514
2954	14.77	-6.28631387744099	0.200736209284514
2955	14.775	-6.2708378136158	0.200736209284514
2956	14.78	-6.25923076574691	0.202025881269947
2957	14.785	-6.21280257427134	0.200736209284514
2958	14.79	-6.19474716647528	0.200736209284514
2959	14.795	-6.15218799095601	0.200736209284514
2960	14.8	-6.11736684734933	0.200736209284514
2961	14.805	-6.12639455124736	0.200736209284514
2962	14.81	-6.12510487926193	0.200736209284514
2963	14.815	-6.0644902959466	0.200736209284514
2964	14.82	-6.02837948035449	0.200736209284514
2965	14.825	-6.02193112042733	0.199446537299082
2966	14.83	-5.99613768071868	0.200736209284514
2967	14.835	-5.97679260093719	0.200736209284514
2968	14.84	-5.93681276938878	0.199446537299082
2969	14.845	-5.87103949813172	0.200736209284514
2970	14.85	-5.84137704246677	0.199446537299082
2971	14.855	-5.80010753893293	0.199446537299082
2972	14.86	-5.7949488509912	0.199446537299082
2973	14.865	-5.74465164355934	0.199446537299082
2974	14.87	-5.71240984392352	0.199446537299082
2975	14.875	-5.68016804428771	0.200736209284514
2976	14.88	-5.67758870031685	0.199446537299082
2977	14.885	-5.64663657266647	0.199446537299082
2978	14.89	-5.58731166133657	0.199446537299082
2979	14.895	-5.58602198935114	0.199446537299082
2980	14.9	-5.52798675000668	0.199446537299082
2981	14.905	-5.53185576596297	0.199446537299082
2982	14.91	-5.51509003015235	0.199446537299082
2983	14.915	-5.51380035816692	0.199446537299082
2984	14.92	-5.49058626242913	0.199446537299082
2985	14.925	-5.47639987058938	0.199446537299082
2986	14.93	-5.46479282272048	0.199446537299082
2987	14.935	-5.42997167911381	0.199446537299082
2988	14.94	-5.45447544683702	0.199446537299082
2989	14.945	-5.44673741492443	0.199446537299082
2990	14.95	-5.4338406950701	0.199446537299082
2991	14.955	-5.43126135109924	0.199446537299082
2992	14.96	-5.41836463124491	0.199446537299082
2993	14.965	-5.42352331918664	0.199446537299082
2994	14.97	-5.40159889543429	0.198156865313649
2995	14.975	-5.40417823940516	0.198156865313649
2996	14.98	-5.42997167911381	0.199446537299082
2997	14.985	-5.41836463124491	0.198156865313649
2998	14.99	-5.45060643088073	0.198156865313649
2999	14.995	-5.42739233514294	0.199446537299082
3000	15	-5.46479282272048	0.198156865313649
3001	15.005	-5.41836463124491	0.198156865313649
3002	15.01	-5.47511019860394	0.199446537299082
3003	15.015	-5.43642003904097	0.198156865313649
3004	15.02	-5.46608249470592	0.198156865313649
3005	15.025	-5.45189610286616	0.198156865313649
3006	15.03	-5.4338406950701	0.198156865313649
3007	15.035	-5.43513036705554	0.198156865313649
3008	15.04	-5.41836463124491	0.198156865313649
3009	15.045	-5.41191627131775	0.198156865313649
3010	15.05	-5.45447544683702	0.198156865313649
3011	15.055	-5.4377097110264	0.198156865313649
3012	15.06	-5.42352331918664	0.198156865313649
3013	15.065	-5.41449561528862	0.198156865313649
3014	15.07	-5.40675758337602	0.198156865313649
3015	15.075	-5.41965430323035	0.198156865313649
3016	15.08	-5.4415787269827	0.199446537299082
3017	15.085	-5.4338406950701	0.198156865313649
3018	15.09	-5.41965430323035	0.198156865313649
3019	15.095	-5.42223364720121	0.198156865313649
3020	15.1	-5.44931675889529	0.198156865313649
3021	15.105	-5.42868200712837	0.198156865313649
3022	15.11	-5.42094397521578	0.198156865313649
3023	15.115	-5.42481299117208	0.198156865313649
3024	15.12	-5.42094397521578	0.198156865313649
3025	15.125	-5.42094397521578	0.198156865313649
3026	15.13	-5.40675758337602	0.198156865313649
3027	15.135	-5.44931675889529	0.198156865313649
3028	15.14	-5.39901955146343	0.196867193328217
3029	15.145	-5.42352331918664	0.196867193328217
3030	15.15	-5.43513036705554	0.198156865313649
3031	15.155	-5.445447742939	0.196867193328217
3032	15.16	-5.41191627131775	0.196867193328217
3033	15.165	-5.40288856741972	0.196867193328217
3034	15.17	-5.39901955146343	0.196867193328217
3035	15.175	-5.42610266315751	0.198156865313649
3036	15.18	-5.41965430323035	0.196867193328217
3037	15.185	-5.42739233514294	0.198156865313649
3038	15.19	-5.41578528727405	0.196867193328217
3039	15.195	-5.42868200712837	0.196867193328217
3040	15.2	-5.44286839896813	0.196867193328217
3041	15.205	-5.40933692734689	0.196867193328217
3042	15.21	-5.42223364720121	0.196867193328217
3043	15.215	-5.40417823940516	0.196867193328217
3044	15.22	-5.41320594330318	0.196867193328217
3045	15.225	-5.3938608635217	0.198156865313649
3046	15.23	-5.35646037594415	0.196867193328217
3047	15.235	-5.36548807984218	0.196867193328217
3048	15.24	-5.34743267204612	0.196867193328217
3049	15.245	-5.31519087241031	0.198156865313649
3050	15.25	-5.28939743270166	0.196867193328217
3051	15.255	-5.2352312093135	0.196867193328217
3052	15.26	-5.21201711357571	0.196867193328217
3053	15.265	-5.16300957812928	0.196867193328217
3054	15.27	-5.07918089907616	0.196867193328217
3055	15.275	-5.05338745936751	0.196867193328217
3056	15.28	-5.00953861186281	0.196867193328217
3057	15.285	-4.95021370053291	0.196867193328217
3058	15.29	-4.90765452501364	0.196867193328217
3059	15.295	-4.83543289382942	0.196867193328217
3060	15.3	-4.78642535838298	0.195577521342784
3061	15.305	-4.74386618286371	0.196867193328217
3062	15.31	-4.652299471898	0.195577521342784
3063	15.315	-4.63037504814565	0.196867193328217
3064	15.32	-4.5529947290197	0.196867193328217
3065	15.325	-4.48593178577721	0.196867193328217
3066	15.33	-4.43950359430164	0.196867193328217
3067	15.335	-4.40081343473867	0.195577521342784
3068	15.34	-4.3466472113505	0.195577521342784
3069	15.345	-4.29248098796234	0.196867193328217
3070	15.35	-4.26668754825369	0.195577521342784
3071	15.355	-4.23186640464701	0.195577521342784
3072	15.36	-4.16222411743365	0.196867193328217
3073	15.365	-4.13514100573957	0.196867193328217
3074	15.37	-4.09645084617659	0.195577521342784
3075	15.375	-4.05518134264275	0.195577521342784
3076	15.38	-4.02164987102151	0.195577521342784
3077	15.385	-3.97393200756051	0.195577521342784
3078	15.39	-3.94426955189556	0.195577521342784
3079	15.395	-3.89268267247826	0.195577521342784
3080	15.4	-3.86173054482788	0.195577521342784
3081	15.405	-3.82819907320663	0.195577521342784
3082	15.41	-3.76887416187674	0.195577521342784
3083	15.415	-3.76629481790587	0.195577521342784
3084	15.42	-3.7237356423866	0.194287849357352
3085	15.425	-3.70568023459055	0.194287849357352
3086	15.43	-3.70181121863425	0.195577521342784
3087	15.435	-3.66183138708584	0.195577521342784
3088	15.44	-3.65667269914411	0.194287849357352
3089	15.445	-3.65280368318781	0.195577521342784
3090	15.45	-3.62185155553743	0.194287849357352
3091	15.455	-3.60379614774138	0.194287849357352
3092	15.46	-3.59476844384335	0.194287849357352
3093	15.465	-3.58445106795989	0.194287849357352
3094	15.47	-3.56252664420754	0.195577521342784
3095	15.475	-3.55994730023667	0.194287849357352
3096	15.48	-3.55349894030951	0.194287849357352
3097	15.485	-3.52641582861543	0.194287849357352
3098	15.49	-3.52254681265913	0.194287849357352
3099	15.495	-3.51867779670283	0.194287849357352
3100	15.5	-3.5135191087611	0.194287849357352
3101	15.505	-3.51222943677567	0.194287849357352
3102	15.51	-3.51093976479024	0.194287849357352
3103	15.515	-3.50062238890678	0.194287849357352
3104	15.52	-3.47998763713986	0.194287849357352
3105	15.525	-3.49030501302332	0.194287849357352
3106	15.53	-3.48127730912529	0.194287849357352
3107	15.535	-3.44645616551861	0.194287849357352
3108	15.54	-3.44258714956231	0.192998177371919
3109	15.545	-3.4180833818391	0.194287849357352
3110	15.55	-3.38842092617415	0.192998177371919
3111	15.555	-3.36778617440723	0.194287849357352
3112	15.56	-3.37036551837809	0.192998177371919
3113	15.565	-3.37165519036353	0.192998177371919
3114	15.57	-3.3548894545529	0.192998177371919
3115	15.575	-3.34586175065488	0.192998177371919
3116	15.58	-3.32264765491709	0.192998177371919
3117	15.585	-3.29943355917931	0.192998177371919
3118	15.59	-3.3149096230045	0.194287849357352
3119	15.595	-3.28266782336868	0.192998177371919
3120	15.6	-3.28008847939782	0.192998177371919
3121	15.605	-3.22979127196595	0.192998177371919
3122	15.61	-3.21560488012619	0.192998177371919
3123	15.615	-3.2117358641699	0.192998177371919
3124	15.62	-3.18852176843211	0.192998177371919
3125	15.625	-3.16143865673803	0.192998177371919
3126	15.63	-3.13822456100024	0.192998177371919
3127	15.635	-3.104693089379	0.192998177371919
3128	15.64	-3.08921702555381	0.192998177371919
3129	15.645	-3.05052686599083	0.192998177371919
3130	15.65	-3.02731277025305	0.192998177371919
3131	15.655	-3.01828506635502	0.191708505386487
3132	15.66	-2.94477376318537	0.192998177371919
3133	15.665	-2.92929769936018	0.191708505386487
3134	15.67	-2.91124229156412	0.192998177371919
3135	15.675	-2.85965541214682	0.192998177371919
3136	15.68	-2.8351516444236	0.191708505386487
3137	15.685	-2.80548918875866	0.192998177371919
3138	15.69	-2.75003329338506	0.191708505386487
3139	15.695	-2.70747411786579	0.191708505386487
3140	15.7	-2.67136330227368	0.191708505386487
3141	15.705	-2.6404111746233	0.191708505386487
3142	15.71	-2.61590740690008	0.191708505386487
3143	15.715	-2.57334823138081	0.191708505386487
3144	15.72	-2.54239610373043	0.191708505386487
3145	15.725	-2.48307119240053	0.191708505386487
3146	15.73	-2.45856742467731	0.191708505386487
3147	15.735	-2.44567070482299	0.191708505386487
3148	15.74	-2.40569087327458	0.191708505386487
3149	15.745	-2.35668333782814	0.192998177371919
3150	15.75	-2.33088989811949	0.191708505386487
3151	15.755	-2.29735842649825	0.191708505386487
3152	15.76	-2.25608892296441	0.191708505386487
3153	15.765	-2.20837105950341	0.191708505386487
3154	15.77	-2.18257761979476	0.191708505386487
3155	15.775	-2.12325270846486	0.191708505386487
3156	15.78	-2.0652174691204	0.191708505386487
3157	15.785	-2.01620993367396	0.191708505386487
3158	15.79	-1.9543056783732	0.191708505386487
3159	15.795	-1.92980191064999	0.191708505386487
3160	15.8	-1.87176667130552	0.190418833401054
3161	15.805	-1.82920749578625	0.191708505386487
3162	15.81	-1.78406897629611	0.191708505386487
3163	15.815	-1.73635111283511	0.191708505386487
3164	15.82	-1.69379193731584	0.191708505386487
3165	15.825	-1.66283980966546	0.190418833401054
3166	15.83	-1.63059801002964	0.190418833401054
3167	15.835	-1.59835621039383	0.191708505386487
3168	15.84	-1.55966605083086	0.191708505386487
3169	15.845	-1.53258293913677	0.190418833401054
3170	15.85	-1.4938927795738	0.190418833401054
3171	15.855	-1.46809933986515	0.190418833401054
3172	15.86	-1.46294065192342	0.190418833401054
3173	15.865	-1.39845705265179	0.190418833401054
3174	15.87	-1.39845705265179	0.190418833401054
3175	15.875	-1.35460820514709	0.190418833401054
3176	15.88	-1.32623542146757	0.190418833401054
3177	15.885	-1.32494574948214	0.190418833401054
3178	15.89	-1.29786263778806	0.190418833401054
3179	15.895	-1.29012460587546	0.190418833401054
3180	15.9	-1.2759382140357	0.189129161415622
3181	15.905	-1.21661330270581	0.190418833401054
3182	15.91	-1.19597855093889	0.190418833401054
3183	15.915	-1.18824051902629	0.190418833401054
3184	15.92	-1.16373675130308	0.189129161415622
3185	15.925	-1.14310199953616	0.190418833401054
3186	15.93	-1.14310199953616	0.189129161415622
3187	15.935	-1.09280479210429	0.190418833401054
3188	15.94	-1.07474938430823	0.190418833401054
3189	15.945	-1.03992824070156	0.189129161415622
3190	15.95	-1.03476955275983	0.189129161415622
3191	15.955	-1.04766627261415	0.189129161415622
3192	15.96	-1.00639676908031	0.189129161415622
3193	15.965	-0.990920705255121	0.189129161415622
3194	15.97	-0.963837593561038	0.189129161415622
3195	15.975	-0.957389233633876	0.189129161415622
3196	15.98	-0.950940873706713	0.189129161415622
3197	15.985	-0.943202841794118	0.189129161415622
3198	15.99	-0.929016449954361	0.189129161415622
3199	15.995	-0.907092026202008	0.189129161415622
3200	16	-0.892905634362251	0.189129161415622
3201	16.005	-0.882588258478791	0.189129161415622
3202	16.01	-0.874850226566195	0.189129161415622
3203	16.015	-0.878719242522493	0.189129161415622
3204	16.02	-0.858084490755573	0.189129161415622
3205	16.025	-0.852925802813843	0.187839489430189
3206	16.03	-0.84647744288668	0.189129161415622
3207	16.035	-0.832291051046923	0.189129161415622
3208	16.04	-0.818104659207165	0.187839489430189
3209	16.045	-0.81036662729457	0.187839489430189
3210	16.05	-0.811656299280003	0.187839489430189
3211	16.055	-0.80004925141111	0.187839489430189
3212	16.06	-0.797469907440245	0.187839489430189
3213	16.065	-0.772966139717028	0.187839489430189
3214	16.07	-0.76909712376073	0.187839489430189
3215	16.075	-0.761359091848135	0.186549817444757
3216	16.08	-0.75362105993554	0.187839489430189
3217	16.085	-0.742014012066647	0.187839489430189
3218	16.09	-0.75362105993554	0.186549817444757
3219	16.095	-0.730406964197755	0.187839489430189
3220	16.1	-0.72782762022689	0.186549817444757
3221	16.105	-0.709772212430835	0.186549817444757
3222	16.11	-0.709772212430835	0.187839489430189
3223	16.115	-0.70719286845997	0.187839489430189
3224	16.12	-0.709772212430835	0.186549817444757
3225	16.125	-0.69687549257651	0.187839489430189
3226	16.13	-0.690427132649347	0.186549817444757
3227	16.135	-0.677530412795022	0.186549817444757
3228	16.14	-0.68655811669305	0.186549817444757
3229	16.145	-0.68655811669305	0.186549817444757
3230	16.15	-0.695585820591077	0.186549817444757
3231	16.155	-0.674951068824157	0.186549817444757
3232	16.16	-0.669792380882427	0.186549817444757
3233	16.165	-0.65560598904267	0.186549817444757
3234	16.17	-0.66592336492613	0.186549817444757
3235	16.175	-0.673661396838725	0.186549817444757
3236	16.18	-0.66592336492613	0.186549817444757
3237	16.185	-0.663344020955265	0.186549817444757
3238	16.19	-0.659475004998967	0.187839489430189
3239	16.195	-0.658185333013535	0.186549817444757
3240	16.2	-0.662054348969832	0.186549817444757
3241	16.205	-0.662054348969832	0.186549817444757
3242	16.21	-0.664633692940697	0.186549817444757
3243	16.215	-0.668502708896995	0.186549817444757
3244	16.22	-0.674951068824157	0.186549817444757
3245	16.225	-0.668502708896995	0.186549817444757
3246	16.23	-0.674951068824157	0.186549817444757
3247	16.235	-0.694296148605645	0.185260145459324
3248	16.24	-0.69687549257651	0.185260145459324
3249	16.245	-0.690427132649347	0.185260145459324
3250	16.25	-0.70203418051824	0.186549817444757
3251	16.255	-0.70203418051824	0.186549817444757
3252	16.26	-0.70203418051824	0.185260145459324
3253	16.265	-0.721379260299727	0.186549817444757
3254	16.27	-0.721379260299727	0.185260145459324
3255	16.275	-0.723958604270592	0.186549817444757
3256	16.28	-0.735565652139485	0.185260145459324
3257	16.285	-0.734275980154052	0.185260145459324
3258	16.29	-0.739434668095782	0.186549817444757
3259	16.295	-0.74846237199381	0.183970473473892
3260	16.3	-0.762648763833568	0.185260145459324
3261	16.305	-0.766517779789865	0.185260145459324
3262	16.31	-0.785862859571353	0.183970473473892
3263	16.315	-0.797469907440245	0.183970473473892
3264	16.32	-0.812945971265435	0.183970473473892
3265	16.325	-0.828422035090625	0.185260145459324
3266	16.33	-0.84131875494495	0.185260145459324
3267	16.335	-0.8671121946536	0.185260145459324
3268	16.34	-0.8671121946536	0.185260145459324
3269	16.345	-0.891615962376818	0.185260145459324
3270	16.35	-0.912250714143738	0.185260145459324
3271	16.355	-0.939333825837821	0.183970473473892
3272	16.36	-0.949651201721281	0.185260145459324
3273	16.365	-0.958678905619308	0.185260145459324
3274	16.37	-0.987051689298823	0.185260145459324
3275	16.375	-0.987051689298823	0.183970473473892
3276	16.38	-0.997369065182284	0.183970473473892
3277	16.385	-0.999948409153149	0.183970473473892
3278	16.39	-1.02445217687637	0.183970473473892
3279	16.395	-1.03219020878896	0.183970473473892
3280	16.4	-1.05024561658502	0.183970473473892
3281	16.405	-1.06701135239564	0.183970473473892
3282	16.41	-1.06443200842477	0.183970473473892
3283	16.415	-1.06701135239564	0.183970473473892
3284	16.42	-1.0811977442354	0.183970473473892
3285	16.425	-1.09925315203145	0.183970473473892
3286	16.43	-1.11601888784207	0.183970473473892
3287	16.435	-1.11988790379837	0.183970473473892
3288	16.44	-1.1250465917401	0.183970473473892
3289	16.445	-1.14310199953616	0.183970473473892
3290	16.45	-1.15599871939048	0.183970473473892
3291	16.455	-1.18566117505543	0.183970473473892
3292	16.46	-1.21145461476408	0.183970473473892
3293	16.465	-1.232089366531	0.183970473473892
3294	16.47	-1.24240674241446	0.182680801488459
3295	16.475	-1.24756543035619	0.182680801488459
3296	16.48	-1.25788280623965	0.182680801488459
3297	16.485	-1.29141427786089	0.182680801488459
3298	16.49	-1.30689034168608	0.182680801488459
3299	16.495	-1.30302132572979	0.182680801488459
3300	16.5	-1.32365607749671	0.182680801488459
3301	16.505	-1.32107673352584	0.182680801488459
3302	16.51	-1.33784246933647	0.182680801488459
3303	16.515	-1.36879459698685	0.183970473473892
3304	16.52	-1.3829809888266	0.182680801488459
3305	16.525	-1.39587770868093	0.182680801488459
3306	16.53	-1.40877442853525	0.182680801488459
3307	16.535	-1.4345678682439	0.182680801488459
3308	16.54	-1.44875426008366	0.182680801488459
3309	16.545	-1.47454769979231	0.182680801488459
3310	16.55	-1.49647212354466	0.182680801488459
3311	16.555	-1.51839654729702	0.182680801488459
3312	16.56	-1.55063834693283	0.182680801488459
3313	16.565	-1.56869375472888	0.182680801488459
3314	16.57	-1.58545949053951	0.182680801488459
3315	16.575	-1.62543932208791	0.182680801488459
3316	16.58	-1.63962571392767	0.182680801488459
3317	16.585	-1.68089521746151	0.182680801488459
3318	16.59	-1.68476423341781	0.182680801488459
3319	16.595	-1.71571636106819	0.182680801488459
3320	16.6	-1.7440891447477	0.182680801488459
3321	16.605	-1.74150980077684	0.182680801488459
3322	16.61	-1.78277930431068	0.182680801488459
3323	16.615	-1.81244175997563	0.182680801488459
3324	16.62	-1.84210421564057	0.182680801488459
3325	16.625	-1.84468355961144	0.182680801488459
3326	16.63	-1.83952487166971	0.182680801488459
3327	16.635	-1.87821503123268	0.182680801488459
3328	16.64	-1.89111175108701	0.182680801488459
3329	16.645	-1.92980191064999	0.182680801488459
3330	16.65	-1.96333338227123	0.182680801488459
3331	16.655	-1.97494043014012	0.181391129503027
3332	16.66	-1.97880944609642	0.181391129503027
3333	16.665	-1.99170616595075	0.181391129503027
3334	16.67	-2.00460288580507	0.181391129503027
3335	16.675	-2.05232074926607	0.182680801488459
3336	16.68	-2.05490009323694	0.181391129503027
3337	16.685	-2.08198320493102	0.181391129503027
3338	16.69	-2.09230058081448	0.181391129503027
3339	16.695	-2.09359025279991	0.181391129503027
3340	16.7	-2.15807385207154	0.181391129503027
3341	16.705	-2.19934335560538	0.181391129503027
3342	16.71	-2.23545417119749	0.181391129503027
3343	16.715	-2.23674384318292	0.181391129503027
3344	16.72	-2.2122400754597	0.182680801488459
3345	16.725	-2.23158515524119	0.181391129503027
3346	16.73	-2.28446170664392	0.181391129503027
3347	16.735	-2.33088989811949	0.181391129503027
3348	16.74	-2.3670007137116	0.181391129503027
3349	16.745	-2.37602841760963	0.181391129503027
3350	16.75	-2.38892513746396	0.181391129503027
3351	16.755	-2.40440120128915	0.181391129503027
3352	16.76	-2.51402332005091	0.181391129503027
3353	16.765	-2.56303085549735	0.180101457517594
3354	16.77	-2.57592757535167	0.181391129503027
3355	16.775	-2.59656232711859	0.181391129503027
3356	16.78	-2.62235576682724	0.180101457517594
3357	16.785	-2.66878395830281	0.181391129503027
3358	16.79	-2.74100558948703	0.181391129503027
3359	16.795	-2.78614410897717	0.181391129503027
3360	16.8	-2.81838590861298	0.181391129503027
3361	16.805	-2.81322722067125	0.180101457517594
3362	16.81	-2.84546902030706	0.180101457517594
3363	16.815	-2.89189721178263	0.180101457517594
3364	16.82	-2.98217425076291	0.181391129503027
3365	16.825	-3.01054703444242	0.181391129503027
3366	16.83	-3.02086441032588	0.180101457517594
3367	16.835	-3.04278883407824	0.180101457517594
3368	16.84	-3.04407850606367	0.180101457517594
3369	16.845	-3.10727243334986	0.180101457517594
3370	16.85	-3.16788701666519	0.180101457517594
3371	16.855	-3.20270816027187	0.180101457517594
3372	16.86	-3.20657717622817	0.180101457517594
3373	16.865	-3.22979127196595	0.180101457517594
3374	16.87	-3.25300536770374	0.180101457517594
3375	16.875	-3.31619929498993	0.180101457517594
3376	16.88	-3.36907584639266	0.180101457517594
3377	16.885	-3.42195239779539	0.180101457517594
3378	16.89	-3.43613878963515	0.180101457517594
3379	16.895	-3.4619322293438	0.180101457517594
3380	16.9	-3.49030501302332	0.180101457517594
3381	16.905	-3.52641582861543	0.180101457517594
3382	16.91	-3.57929238001816	0.180101457517594
3383	16.915	-3.64119663531892	0.178811785532162
3384	16.92	-3.67472810694017	0.178811785532162
3385	16.925	-3.67343843495473	0.180101457517594
3386	16.93	-3.71341826650314	0.180101457517594
3387	16.935	-3.76629481790587	0.180101457517594
3388	16.94	-3.82948874519207	0.180101457517594
3389	16.945	-3.88365496858023	0.180101457517594
3390	16.95	-3.94555922388099	0.180101457517594
3391	16.955	-3.98424938344397	0.178811785532162
3392	16.96	-4.01649118307978	0.180101457517594
3393	16.965	-4.11966494191438	0.180101457517594
3394	16.97	-4.20349362096749	0.180101457517594
3395	16.975	-4.25250115641393	0.178811785532162
3396	16.98	-4.30150869186036	0.180101457517594
3397	16.985	-4.35954393120483	0.178811785532162
3398	16.99	-4.43563457834534	0.178811785532162
3399	16.995	-4.54009800916538	0.178811785532162
3400	17	-4.67680323962122	0.178811785532162
3401	17.005	-4.75418355874717	0.178811785532162
3402	17.01	-4.81221879809164	0.180101457517594
3403	17.015	-4.83801223780029	0.178811785532162
3404	17.02	-4.89346813317388	0.178811785532162
3405	17.025	-5.02372500370257	0.180101457517594
3406	17.03	-5.14108515437692	0.178811785532162
3407	17.035	-5.23781055328436	0.178811785532162
3408	17.04	-5.29713546461426	0.178811785532162
3409	17.045	-5.30487349652685	0.178811785532162
3410	17.05	-5.36032939190045	0.178811785532162
3411	17.055	-5.45576511882246	0.178811785532162
3412	17.06	-5.52024871809408	0.178811785532162
3413	17.065	-5.56409756559879	0.178811785532162
3414	17.07	-5.58473231736571	0.178811785532162
3415	17.075	-5.66985066840425	0.178811785532162
3416	17.08	-5.66985066840425	0.178811785532162
3417	17.085	-5.73304459569044	0.178811785532162
3418	17.09	-5.7988178669475	0.178811785532162
3419	17.095	-5.82074229069985	0.178811785532162
3420	17.1	-5.87877753004432	0.178811785532162
3421	17.105	-5.90457096975297	0.178811785532162
3422	17.11	-5.93552309740335	0.177522113546729
3423	17.115	-6.01161374454387	0.177522113546729
3424	17.12	-6.00258604064584	0.178811785532162
3425	17.125	-6.03095882432535	0.178811785532162
3426	17.13	-6.03482784028165	0.178811785532162
3427	17.135	-6.06577996793203	0.177522113546729
3428	17.14	-6.04127620020881	0.177522113546729
3429	17.145	-6.02966915233992	0.177522113546729
3430	17.15	-6.04256587219425	0.177522113546729
3431	17.155	-6.04772456013598	0.177522113546729
3432	17.16	-6.0129034165293	0.177522113546729
3433	17.165	-6.04772456013598	0.177522113546729
3434	17.17	-6.02064144844189	0.177522113546729
3435	17.175	-5.97937194490805	0.177522113546729
3436	17.18	-5.98968932079151	0.178811785532162
3437	17.185	-5.95486817718484	0.178811785532162
3438	17.19	-5.94068178534508	0.178811785532162
3439	17.195	-5.98195128887892	0.177522113546729
3440	17.2	-6.0129034165293	0.177522113546729
3441	17.205	-5.98839964880608	0.177522113546729
3442	17.21	-6.01032407255843	0.177522113546729
3443	17.215	-6.01032407255843	0.177522113546729
3444	17.22	-6.0129034165293	0.177522113546729
3445	17.225	-6.03224849631079	0.177522113546729
3446	17.23	-6.01032407255843	0.177522113546729
3447	17.235	-5.99226866476238	0.177522113546729
3448	17.24	-6.00774472858757	0.177522113546729
3449	17.245	-6.04127620020881	0.177522113546729
3450	17.25	-6.04643488815054	0.177522113546729
3451	17.255	-6.03095882432535	0.177522113546729
3452	17.26	-6.03998652822338	0.176232441561297
3453	17.265	-6.0129034165293	0.177522113546729
3454	17.27	-6.0167724324856	0.176232441561297
3455	17.275	-6.03095882432535	0.177522113546729
3456	17.28	-6.02193112042733	0.176232441561297
3457	17.285	-6.01032407255843	0.177522113546729
3458	17.29	-6.01806210447103	0.177522113546729
3459	17.295	-6.04643488815054	0.176232441561297
3460	17.3	-6.03869685623795	0.176232441561297
3461	17.305	-6.03869685623795	0.176232441561297
3462	17.31	-6.00387571263127	0.177522113546729
3463	17.315	-6.00000669667497	0.177522113546729
3464	17.32	-6.03353816829622	0.176232441561297
3465	17.325	-6.03095882432535	0.176232441561297
3466	17.33	-6.05933160800487	0.176232441561297
3467	17.335	-6.10447012749501	0.177522113546729
3468	17.34	-6.13155323918909	0.176232441561297
3469	17.345	-6.18958847853355	0.176232441561297
3470	17.35	-6.2231199501548	0.177522113546729
3471	17.355	-6.30694862920791	0.176232441561297
3472	17.36	-6.38303927634843	0.176232441561297
3473	17.365	-6.477185331285	0.177522113546729
3474	17.37	-6.60873187379912	0.176232441561297
3475	17.375	-6.65644973726012	0.176232441561297
3476	17.38	-6.68611219292507	0.176232441561297
3477	17.385	-6.72996104042977	0.176232441561297
3478	17.39	-6.79186529573053	0.176232441561297
3479	17.395	-6.80089299962856	0.176232441561297
3480	17.4	-6.77509955991991	0.176232441561297
3481	17.405	-6.77767890389077	0.176232441561297
3482	17.41	-6.70674694469199	0.176232441561297
3483	17.415	-6.65902908123098	0.176232441561297
3484	17.42	-6.65000137733296	0.176232441561297
3485	17.425	-6.64355301740579	0.176232441561297
3486	17.43	-6.60099384188652	0.174942769575864
3487	17.435	-6.5803590901196	0.176232441561297
3488	17.44	-6.54940696246922	0.176232441561297
3489	17.445	-6.51845483481884	0.176232441561297
3490	17.45	-6.52232385077514	0.176232441561297
3491	17.455	-6.52361352276057	0.176232441561297
3492	17.46	-6.55843466636725	0.176232441561297
3493	17.465	-6.57133138622157	0.176232441561297
3494	17.47	-6.54811729048379	0.176232441561297
3495	17.475	-6.5803590901196	0.176232441561297
3496	17.48	-6.61518023372628	0.176232441561297
3497	17.485	-6.65902908123098	0.176232441561297
3498	17.49	-6.65129104931839	0.174942769575864
3499	17.495	-6.68998120888136	0.176232441561297
3500	17.5	-6.68611219292507	0.174942769575864
3501	17.505	-6.68482252093963	0.176232441561297
3502	17.51	-6.70029858476482	0.176232441561297
3503	17.515	-6.70803661667742	0.174942769575864
3504	17.52	-6.72480235248804	0.176232441561297
3505	17.525	-6.71577464859001	0.176232441561297
3506	17.53	-6.65902908123098	0.176232441561297
3507	17.535	-6.64484268939123	0.176232441561297
3508	17.54	-6.5803590901196	0.176232441561297
3509	17.545	-6.60099384188652	0.176232441561297
3510	17.55	-6.59196613798849	0.174942769575864
3511	17.555	-6.57520040217787	0.174942769575864
3512	17.56	-6.57133138622157	0.174942769575864
3513	17.565	-6.55972433835268	0.174942769575864
3514	17.57	-6.55972433835268	0.174942769575864
3515	17.575	-6.61131121776998	0.174942769575864
3516	17.58	-6.65258072130382	0.174942769575864
3517	17.585	-6.65644973726012	0.174942769575864
3518	17.59	-6.58680745004676	0.174942769575864
3519	17.595	-6.61904924968258	0.174942769575864
3520	17.6	-6.68224317696877	0.176232441561297
3521	17.605	-6.75704415212385	0.174942769575864
3522	17.61	-6.80347234359942	0.174942769575864
3523	17.615	-6.83184512727894	0.174942769575864
3524	17.62	-6.86537659890018	0.174942769575864
3525	17.625	-6.90535643044859	0.176232441561297
3526	17.63	-7.06140674068592	0.176232441561297
3527	17.635	-7.17618754738942	0.174942769575864
3528	17.64	-7.39672145689838	0.174942769575864
3529	17.645	-7.47152243205346	0.174942769575864
3530	17.65	-7.62112438236363	0.174942769575864
3531	17.655	-7.76427797274664	0.173653097590432
3532	17.66	-7.9254869709257	0.174942769575864
3533	17.665	-8.16020727227442	0.174942769575864
3534	17.67	-8.33173364633694	0.174942769575864
3535	17.675	-8.49423231650144	0.174942769575864
3536	17.68	-8.61933049908839	0.174942769575864
3537	17.685	-8.68252442637458	0.174942769575864
3538	17.69	-8.8218090008013	0.174942769575864
3539	17.695	-8.96367291919887	0.174942769575864
3540	17.7	-9.03589455038309	0.176232441561297
3541	17.705	-9.12617158936337	0.174942769575864
3542	17.71	-9.15841338899918	0.174942769575864
3543	17.715	-9.30672566732392	0.174942769575864
3544	17.72	-9.40474073821679	0.174942769575864
3545	17.725	-9.43956188182347	0.173653097590432
3546	17.73	-9.51694220094942	0.174942769575864
3547	17.735	-9.5401562966872	0.173653097590432
3548	17.74	-9.5994812080171	0.174942769575864
3549	17.745	-9.64075071155094	0.173653097590432
3550	17.75	-9.64075071155094	0.174942769575864
3551	17.755	-9.64461972750723	0.173653097590432
3552	17.76	-9.67299251118675	0.173653097590432
3553	17.765	-9.78906298987567	0.174942769575864
3554	17.77	-9.9012644526083	0.173653097590432
3555	17.775	-10.0095968993846	0.173653097590432
3556	17.78	-10.1076119702775	0.173653097590432
3557	17.785	-10.1501711457968	0.173653097590432
3558	17.79	-10.183702617418	0.173653097590432
3559	17.795	-10.3100904719904	0.173653097590432
3560	17.8	-10.4184229187667	0.173653097590432
3561	17.805	-10.4829065180384	0.173653097590432
3562	17.81	-10.5254656935576	0.173653097590432
3563	17.815	-10.5718938850332	0.173653097590432
3564	17.82	-10.4945135659073	0.173653097590432
3565	17.825	-10.5783422449604	0.173653097590432
3566	17.83	-10.5783422449604	0.173653097590432
3567	17.835	-10.5783422449604	0.173653097590432
3568	17.84	-10.5164379896596	0.173653097590432
3569	17.845	-10.4596924223006	0.173653097590432
3570	17.85	-10.4119745588396	0.173653097590432
3571	17.855	-10.4635614382569	0.173653097590432
3572	17.86	-10.4571130783297	0.173653097590432
3573	17.865	-10.4403473425191	0.173653097590432
3574	17.87	-10.3126698159613	0.173653097590432
3575	17.875	-10.2804280163255	0.173653097590432
3576	17.88	-10.3320148957428	0.173653097590432
3577	17.885	-10.4274506226648	0.173653097590432
3578	17.89	-10.4738788141403	0.172363425604999
3579	17.895	-10.4416370145045	0.173653097590432
3580	17.9	-10.3255665358156	0.173653097590432
3581	17.905	-10.3732843992766	0.173653097590432
3582	17.91	-10.451954390388	0.173653097590432
3583	17.915	-10.5615765091497	0.173653097590432
3584	17.92	-10.5138586456887	0.173653097590432
3585	17.925	-10.4622717662714	0.173653097590432
3586	17.93	-10.4261609506793	0.173653097590432
3587	17.935	-10.4210022627376	0.173653097590432
3588	17.94	-10.4932238939218	0.173653097590432
3589	17.945	-10.5589971651789	0.173653097590432
3590	17.95	-10.5783422449604	0.173653097590432
3591	17.955	-10.4919342219364	0.173653097590432
3592	17.96	-10.3823121031746	0.173653097590432
3593	17.965	-10.4145539028104	0.173653097590432
3594	17.97	-10.4235816067085	0.173653097590432
3595	17.975	-10.4764581581112	0.173653097590432
3596	17.98	-10.4674304542132	0.173653097590432
3597	17.985	-10.3668360393494	0.172363425604999
3598	17.99	-10.3010627680924	0.173653097590432
3599	17.995	-10.3578083354514	0.172363425604999
3600	18	-10.4467957024463	0.172363425604999
3601	18.005	-10.5718938850332	0.173653097590432
3602	18.01	-10.5783422449604	0.173653097590432
3603	18.015	-10.5783422449604	0.173653097590432
3604	18.02	-10.5783422449604	0.172363425604999
3605	18.025	-10.5783422449604	0.173653097590432
3606	18.03	-10.5783422449604	0.172363425604999
3607	18.035	-10.5783422449604	0.173653097590432
3608	18.04	-10.5783422449604	0.173653097590432
3609	18.045	-10.5783422449604	0.172363425604999
3610	18.05	-10.5783422449604	0.173653097590432
3611	18.055	-10.5783422449604	0.173653097590432
3612	18.06	-10.5783422449604	0.172363425604999
3613	18.065	-10.5783422449604	0.172363425604999
3614	18.07	-10.5783422449604	0.173653097590432
3615	18.075	-10.5783422449604	0.173653097590432
3616	18.08	-10.5783422449604	0.173653097590432
3617	18.085	-10.5783422449604	0.172363425604999
3618	18.09	-10.5783422449604	0.172363425604999
3619	18.095	-10.5783422449604	0.172363425604999
3620	18.1	-10.5783422449604	0.172363425604999
3621	18.105	-10.5783422449604	0.173653097590432
3622	18.11	-10.5783422449604	0.172363425604999
3623	18.115	-10.5783422449604	0.172363425604999
3624	18.12	-10.5783422449604	0.172363425604999
3625	18.125	-10.5783422449604	0.172363425604999
3626	18.13	-10.5783422449604	0.172363425604999
3627	18.135	-10.5783422449604	0.172363425604999
3628	18.14	-10.5783422449604	0.172363425604999
3629	18.145	-10.5783422449604	0.172363425604999
3630	18.15	-10.5783422449604	0.172363425604999
3631	18.155	-10.5783422449604	0.172363425604999
3632	18.16	-10.5783422449604	0.173653097590432
3633	18.165	-10.5783422449604	0.172363425604999
3634	18.17	-10.5783422449604	0.172363425604999
3635	18.175	-10.5783422449604	0.172363425604999
3636	18.18	-10.5783422449604	0.172363425604999
3637	18.185	-10.5783422449604	0.172363425604999
3638	18.19	-10.5783422449604	0.172363425604999
3639	18.195	-10.5783422449604	0.172363425604999
3640	18.2	-10.5783422449604	0.172363425604999
3641	18.205	-10.5783422449604	0.172363425604999
3642	18.21	-10.5783422449604	0.172363425604999
3643	18.215	-10.5783422449604	0.172363425604999
3644	18.22	-10.5783422449604	0.172363425604999
3645	18.225	-10.5783422449604	0.172363425604999
3646	18.23	-10.5783422449604	0.172363425604999
3647	18.235	-10.5783422449604	0.172363425604999
3648	18.24	-10.5783422449604	0.172363425604999
3649	18.245	-10.5783422449604	0.172363425604999
3650	18.25	-10.5783422449604	0.172363425604999
3651	18.255	-10.5783422449604	0.173653097590432
3652	18.26	-10.5783422449604	0.172363425604999
3653	18.265	-10.5783422449604	0.172363425604999
3654	18.27	-10.5783422449604	0.172363425604999
3655	18.275	-10.5783422449604	0.172363425604999
3656	18.28	-10.5783422449604	0.171073753619567
3657	18.285	-10.5783422449604	0.172363425604999
3658	18.29	-10.5783422449604	0.171073753619567
3659	18.295	-10.5783422449604	0.171073753619567
3660	18.3	-10.5783422449604	0.171073753619567
3661	18.305	-10.5783422449604	0.172363425604999
3662	18.31	-10.5783422449604	0.171073753619567
3663	18.315	-10.5783422449604	0.172363425604999
3664	18.32	-10.5783422449604	0.172363425604999
3665	18.325	-10.5783422449604	0.172363425604999
3666	18.33	-10.5783422449604	0.171073753619567
3667	18.335	-10.5783422449604	0.172363425604999
3668	18.34	-10.5783422449604	0.172363425604999
3669	18.345	-10.5783422449604	0.172363425604999
3670	18.35	-10.5783422449604	0.172363425604999
3671	18.355	-10.5783422449604	0.172363425604999
3672	18.36	-10.5783422449604	0.171073753619567
3673	18.365	-10.5783422449604	0.171073753619567
3674	18.37	-10.5783422449604	0.171073753619567
3675	18.375	-10.5783422449604	0.171073753619567
3676	18.38	-10.5783422449604	0.171073753619567
3677	18.385	-10.5783422449604	0.171073753619567
3678	18.39	-10.5783422449604	0.171073753619567
3679	18.395	-10.5783422449604	0.171073753619567
3680	18.4	-10.5783422449604	0.171073753619567
3681	18.405	-10.5783422449604	0.171073753619567
3682	18.41	-10.5783422449604	0.172363425604999
3683	18.415	-10.5783422449604	0.171073753619567
3684	18.42	-10.5783422449604	0.172363425604999
3685	18.425	-10.5783422449604	0.171073753619567
3686	18.43	-10.5783422449604	0.172363425604999
3687	18.435	-10.5783422449604	0.171073753619567
3688	18.44	-10.5783422449604	0.171073753619567
3689	18.445	-10.5783422449604	0.171073753619567
3690	18.45	-10.5783422449604	0.171073753619567
3691	18.455	-10.5783422449604	0.171073753619567
3692	18.46	-10.5783422449604	0.171073753619567
3693	18.465	-10.5783422449604	0.171073753619567
3694	18.47	-10.5783422449604	0.171073753619567
3695	18.475	-10.5783422449604	0.171073753619567
3696	18.48	-10.5783422449604	0.171073753619567
3697	18.485	-10.5783422449604	0.171073753619567
3698	18.49	-10.5783422449604	0.171073753619567
3699	18.495	-10.5783422449604	0.171073753619567
3700	18.5	-10.5783422449604	0.171073753619567
3701	18.505	-10.5783422449604	0.171073753619567
3702	18.51	-10.5783422449604	0.171073753619567
3703	18.515	-10.5783422449604	0.171073753619567
3704	18.52	-10.5783422449604	0.171073753619567
3705	18.525	-10.5783422449604	0.171073753619567
3706	18.53	-10.5783422449604	0.171073753619567
3707	18.535	-10.5783422449604	0.171073753619567
3708	18.54	-10.5783422449604	0.171073753619567
3709	18.545	-10.5783422449604	0.171073753619567
3710	18.55	-10.5783422449604	0.171073753619567
3711	18.555	-10.5783422449604	0.171073753619567
3712	18.56	-10.5783422449604	0.171073753619567
3713	18.565	-10.5783422449604	0.171073753619567
3714	18.57	-10.5783422449604	0.171073753619567
3715	18.575	-10.5783422449604	0.171073753619567
3716	18.58	-10.5783422449604	0.171073753619567
3717	18.585	-10.5783422449604	0.169784081634134
3718	18.59	-10.5783422449604	0.171073753619567
3719	18.595	-10.5783422449604	0.171073753619567
3720	18.6	-10.5783422449604	0.171073753619567
3721	18.605	-10.5783422449604	0.169784081634134
3722	18.61	-10.5783422449604	0.171073753619567
3723	18.615	-10.5783422449604	0.169784081634134
3724	18.62	-10.5783422449604	0.171073753619567
3725	18.625	-10.5783422449604	0.171073753619567
3726	18.63	-10.5783422449604	0.171073753619567
3727	18.635	-10.5783422449604	0.171073753619567
3728	18.64	-10.5783422449604	0.171073753619567
3729	18.645	-10.5783422449604	0.169784081634134
3730	18.65	-10.5783422449604	0.171073753619567
3731	18.655	-10.5783422449604	0.169784081634134
3732	18.66	-10.5783422449604	0.169784081634134
3733	18.665	-10.5783422449604	0.171073753619567
3734	18.67	-10.5783422449604	0.169784081634134
3735	18.675	-10.5783422449604	0.169784081634134
3736	18.68	-10.5783422449604	0.169784081634134
3737	18.685	-10.5783422449604	0.169784081634134
3738	18.69	-10.5783422449604	0.171073753619567
3739	18.695	-10.5783422449604	0.169784081634134
3740	18.7	-10.5783422449604	0.169784081634134
3741	18.705	-10.5783422449604	0.169784081634134
3742	18.71	-10.5783422449604	0.169784081634134
3743	18.715	-10.5783422449604	0.169784081634134
3744	18.72	-10.5783422449604	0.169784081634134
3745	18.725	-10.5783422449604	0.169784081634134
3746	18.73	-10.5783422449604	0.169784081634134
3747	18.735	-10.5783422449604	0.169784081634134
3748	18.74	-10.5783422449604	0.169784081634134
3749	18.745	-10.5783422449604	0.169784081634134
3750	18.75	-10.5783422449604	0.171073753619567
3751	18.755	-10.5783422449604	0.169784081634134
3752	18.76	-10.5783422449604	0.169784081634134
3753	18.765	-10.5783422449604	0.169784081634134
3754	18.77	-10.5783422449604	0.169784081634134
3755	18.775	-10.5783422449604	0.169784081634134
3756	18.78	-10.5783422449604	0.171073753619567
3757	18.785	-10.5783422449604	0.169784081634134
3758	18.79	-10.5783422449604	0.169784081634134
3759	18.795	-10.5783422449604	0.169784081634134
3760	18.8	-10.5783422449604	0.169784081634134
3761	18.805	-10.5783422449604	0.169784081634134
3762	18.81	-10.5783422449604	0.169784081634134
3763	18.815	-10.5783422449604	0.169784081634134
3764	18.82	-10.5783422449604	0.169784081634134
3765	18.825	-10.5783422449604	0.169784081634134
3766	18.83	-10.5783422449604	0.171073753619567
3767	18.835	-10.5783422449604	0.169784081634134
3768	18.84	-10.5783422449604	0.169784081634134
3769	18.845	-10.5783422449604	0.169784081634134
3770	18.85	-10.5783422449604	0.169784081634134
3771	18.855	-10.5783422449604	0.169784081634134
3772	18.86	-10.5783422449604	0.169784081634134
3773	18.865	-10.5783422449604	0.169784081634134
3774	18.87	-10.5783422449604	0.169784081634134
3775	18.875	-10.5783422449604	0.169784081634134
3776	18.88	-10.5783422449604	0.169784081634134
3777	18.885	-10.5783422449604	0.169784081634134
3778	18.89	-10.5783422449604	0.169784081634134
3779	18.895	-10.5783422449604	0.169784081634134
3780	18.9	-10.5783422449604	0.169784081634134
3781	18.905	-10.5783422449604	0.169784081634134
3782	18.91	-10.5783422449604	0.169784081634134
3783	18.915	-10.5783422449604	0.169784081634134
3784	18.92	-10.5783422449604	0.169784081634134
3785	18.925	-10.5783422449604	0.169784081634134
3786	18.93	-10.5783422449604	0.169784081634134
3787	18.935	-10.5783422449604	0.169784081634134
3788	18.94	-10.5783422449604	0.168494409648702
3789	18.945	-10.5783422449604	0.169784081634134
3790	18.95	-10.5783422449604	0.168494409648702
3791	18.955	-10.5783422449604	0.169784081634134
3792	18.96	-10.5783422449604	0.169784081634134
3793	18.965	-10.5783422449604	0.169784081634134
3794	18.97	-10.5783422449604	0.169784081634134
3795	18.975	-10.5783422449604	0.169784081634134
3796	18.98	-10.5783422449604	0.168494409648702
3797	18.985	-10.5783422449604	0.169784081634134
3798	18.99	-10.5783422449604	0.169784081634134
3799	18.995	-10.5783422449604	0.169784081634134
3800	19	-10.5783422449604	0.168494409648702
3801	19.005	-10.5783422449604	0.168494409648702
3802	19.01	-10.5783422449604	0.169784081634134
3803	19.015	-10.5783422449604	0.168494409648702
3804	19.02	-10.5783422449604	0.168494409648702
3805	19.025	-10.5783422449604	0.169784081634134
3806	19.03	-10.5783422449604	0.168494409648702
3807	19.035	-10.5783422449604	0.169784081634134
3808	19.04	-10.5783422449604	0.168494409648702
3809	19.045	-10.5783422449604	0.168494409648702
3810	19.05	-10.5783422449604	0.168494409648702
3811	19.055	-10.5783422449604	0.168494409648702
3812	19.06	-10.5783422449604	0.169784081634134
3813	19.065	-10.5783422449604	0.168494409648702
3814	19.07	-10.5783422449604	0.168494409648702
3815	19.075	-10.5783422449604	0.168494409648702
3816	19.08	-10.5783422449604	0.168494409648702
3817	19.085	-10.5783422449604	0.168494409648702
3818	19.09	-10.5783422449604	0.169784081634134
3819	19.095	-10.5783422449604	0.168494409648702
3820	19.1	-10.5783422449604	0.168494409648702
3821	19.105	-10.5783422449604	0.168494409648702
3822	19.11	-10.5783422449604	0.168494409648702
3823	19.115	-10.5783422449604	0.168494409648702
3824	19.12	-10.5783422449604	0.168494409648702
3825	19.125	-10.5783422449604	0.168494409648702
3826	19.13	-10.5783422449604	0.168494409648702
3827	19.135	-10.5783422449604	0.168494409648702
3828	19.14	-10.5783422449604	0.168494409648702
3829	19.145	-10.5783422449604	0.168494409648702
3830	19.15	-10.5783422449604	0.168494409648702
3831	19.155	-10.5783422449604	0.168494409648702
3832	19.16	-10.5783422449604	0.168494409648702
3833	19.165	-10.5783422449604	0.167204737663269
3834	19.17	-10.5783422449604	0.168494409648702
3835	19.175	-10.5783422449604	0.167204737663269
3836	19.18	-10.5783422449604	0.168494409648702
3837	19.185	-10.5783422449604	0.168494409648702
3838	19.19	-10.5783422449604	0.168494409648702
3839	19.195	-10.5783422449604	0.167204737663269
3840	19.2	-10.5783422449604	0.168494409648702
3841	19.205	-10.5783422449604	0.168494409648702
3842	19.21	-10.5783422449604	0.168494409648702
3843	19.215	-10.5783422449604	0.167204737663269
3844	19.22	-10.5783422449604	0.167204737663269
3845	19.225	-10.5783422449604	0.167204737663269
3846	19.23	-10.5783422449604	0.167204737663269
3847	19.235	-10.5783422449604	0.167204737663269
3848	19.24	-10.5783422449604	0.167204737663269
3849	19.245	-10.5783422449604	0.167204737663269
3850	19.25	-10.5783422449604	0.167204737663269
3851	19.255	-10.5783422449604	0.167204737663269
3852	19.26	-10.5783422449604	0.167204737663269
3853	19.265	-10.5783422449604	0.168494409648702
3854	19.27	-10.5783422449604	0.167204737663269
3855	19.275	-10.5783422449604	0.167204737663269
3856	19.28	-10.5783422449604	0.167204737663269
3857	19.285	-10.5783422449604	0.167204737663269
3858	19.29	-10.5783422449604	0.167204737663269
3859	19.295	-10.5783422449604	0.167204737663269
3860	19.3	-10.5783422449604	0.167204737663269
3861	19.305	-10.5783422449604	0.167204737663269
3862	19.31	-10.5783422449604	0.167204737663269
3863	19.315	-10.5783422449604	0.167204737663269
3864	19.32	-10.5783422449604	0.167204737663269
3865	19.325	-10.5783422449604	0.165915065677837
3866	19.33	-10.5783422449604	0.167204737663269
3867	19.335	-10.5783422449604	0.165915065677837
3868	19.34	-10.5783422449604	0.167204737663269
3869	19.345	-10.5783422449604	0.167204737663269
3870	19.35	-10.5783422449604	0.165915065677837
3871	19.355	-10.5783422449604	0.167204737663269
3872	19.36	-10.5783422449604	0.167204737663269
3873	19.365	-10.5783422449604	0.165915065677837
3874	19.37	-10.5783422449604	0.165915065677837
3875	19.375	-10.5783422449604	0.167204737663269
3876	19.38	-10.5783422449604	0.167204737663269
3877	19.385	-10.5783422449604	0.165915065677837
3878	19.39	-10.5783422449604	0.167204737663269
3879	19.395	-10.5783422449604	0.165915065677837
3880	19.4	-10.5783422449604	0.165915065677837
3881	19.405	-10.5783422449604	0.167204737663269
3882	19.41	-10.5783422449604	0.165915065677837
3883	19.415	-10.5783422449604	0.165915065677837
3884	19.42	-10.5783422449604	0.165915065677837
3885	19.425	-10.5783422449604	0.167204737663269
3886	19.43	-10.5783422449604	0.165915065677837
3887	19.435	-10.5783422449604	0.165915065677837
3888	19.44	-10.5783422449604	0.165915065677837
3889	19.445	-10.5783422449604	0.165915065677837
3890	19.45	-10.5783422449604	0.165915065677837
3891	19.455	-10.5783422449604	0.165915065677837
3892	19.46	-10.5783422449604	0.165915065677837
3893	19.465	-10.5783422449604	0.165915065677837
3894	19.47	-10.5783422449604	0.165915065677837
3895	19.475	-10.5783422449604	0.165915065677837
3896	19.48	-10.5783422449604	0.165915065677837
3897	19.485	-10.5783422449604	0.165915065677837
3898	19.49	-10.5783422449604	0.165915065677837
3899	19.495	-10.5783422449604	0.165915065677837
3900	19.5	-10.5783422449604	0.165915065677837
3901	19.505	-10.5783422449604	0.165915065677837
3902	19.51	-10.5783422449604	0.165915065677837
3903	19.515	-10.5783422449604	0.165915065677837
3904	19.52	-10.5783422449604	0.165915065677837
3905	19.525	-10.5783422449604	0.165915065677837
3906	19.53	-10.5783422449604	0.165915065677837
3907	19.535	-10.5783422449604	0.164625393692404
3908	19.54	-10.5783422449604	0.165915065677837
3909	19.545	-10.5783422449604	0.165915065677837
3910	19.55	-10.5783422449604	0.165915065677837
3911	19.555	-10.5783422449604	0.164625393692404
3912	19.56	-10.5783422449604	0.164625393692404
3913	19.565	-10.5783422449604	0.165915065677837
3914	19.57	-10.5783422449604	0.164625393692404
3915	19.575	-10.5783422449604	0.165915065677837
3916	19.58	-10.5783422449604	0.164625393692404
3917	19.585	-10.5783422449604	0.165915065677837
3918	19.59	-10.5783422449604	0.164625393692404
3919	19.595	-10.5783422449604	0.164625393692404
3920	19.6	-10.5783422449604	0.164625393692404
3921	19.605	-10.5783422449604	0.164625393692404
3922	19.61	-10.5783422449604	0.164625393692404
3923	19.615	-10.5783422449604	0.164625393692404
3924	19.62	-10.5783422449604	0.164625393692404
3925	19.625	-10.5783422449604	0.164625393692404
3926	19.63	-10.5783422449604	0.164625393692404
3927	19.635	-10.5783422449604	0.164625393692404
3928	19.64	-10.5783422449604	0.164625393692404
3929	19.645	-10.5783422449604	0.164625393692404
3930	19.65	-10.5783422449604	0.164625393692404
3931	19.655	-10.5783422449604	0.164625393692404
3932	19.66	-10.5783422449604	0.164625393692404
3933	19.665	-10.5783422449604	0.164625393692404
3934	19.67	-10.5783422449604	0.165915065677837
3935	19.675	-10.5783422449604	0.164625393692404
3936	19.68	-10.5783422449604	0.164625393692404
3937	19.685	-10.5783422449604	0.164625393692404
3938	19.69	-10.5783422449604	0.164625393692404
3939	19.695	-10.5783422449604	0.164625393692404
3940	19.7	-10.5783422449604	0.164625393692404
3941	19.705	-10.5783422449604	0.164625393692404
3942	19.71	-10.5783422449604	0.164625393692404
3943	19.715	-10.5783422449604	0.164625393692404
3944	19.72	-10.5783422449604	0.164625393692404
3945	19.725	-10.5783422449604	0.164625393692404
3946	19.73	-10.5783422449604	0.164625393692404
3947	19.735	-10.5783422449604	0.164625393692404
3948	19.74	-10.5783422449604	0.164625393692404
3949	19.745	-10.5783422449604	0.163335721706972
3950	19.75	-10.5783422449604	0.164625393692404
3951	19.755	-10.5783422449604	0.164625393692404
3952	19.76	-10.5783422449604	0.164625393692404
3953	19.765	-10.5783422449604	0.164625393692404
3954	19.77	-10.5783422449604	0.163335721706972
3955	19.775	-10.5783422449604	0.163335721706972
3956	19.78	-10.5783422449604	0.163335721706972
3957	19.785	-10.5783422449604	0.163335721706972
3958	19.79	-10.5783422449604	0.163335721706972
3959	19.795	-10.5783422449604	0.163335721706972
3960	19.8	-10.5783422449604	0.164625393692404
3961	19.805	-10.5783422449604	0.163335721706972
3962	19.81	-10.5783422449604	0.163335721706972
3963	19.815	-10.5783422449604	0.164625393692404
3964	19.82	-10.5783422449604	0.163335721706972
3965	19.825	-10.5783422449604	0.163335721706972
3966	19.83	-10.5783422449604	0.163335721706972
3967	19.835	-10.5783422449604	0.163335721706972
3968	19.84	-10.5783422449604	0.163335721706972
3969	19.845	-10.5783422449604	0.163335721706972
3970	19.85	-10.5783422449604	0.163335721706972
3971	19.855	-10.5783422449604	0.163335721706972
3972	19.86	-10.5783422449604	0.163335721706972
3973	19.865	-10.5783422449604	0.163335721706972
3974	19.87	-10.5783422449604	0.163335721706972
3975	19.875	-10.5783422449604	0.163335721706972
3976	19.88	-10.5783422449604	0.163335721706972
3977	19.885	-10.5783422449604	0.163335721706972
3978	19.89	-10.5783422449604	0.163335721706972
3979	19.895	-10.5783422449604	0.163335721706972
3980	19.9	-10.5783422449604	0.162046049721539
3981	19.905	-10.5783422449604	0.163335721706972
3982	19.91	-10.5783422449604	0.163335721706972
3983	19.915	-10.5783422449604	0.163335721706972
3984	19.92	-10.5783422449604	0.162046049721539
3985	19.925	-10.5783422449604	0.162046049721539
3986	19.93	-10.5783422449604	0.163335721706972
3987	19.935	-10.5783422449604	0.163335721706972
3988	19.94	-10.5783422449604	0.162046049721539
3989	19.945	-10.5783422449604	0.162046049721539
3990	19.95	-10.5783422449604	0.162046049721539
3991	19.955	-10.5783422449604	0.162046049721539
3992	19.96	-10.5783422449604	0.162046049721539
3993	19.965	-10.5783422449604	0.162046049721539
3994	19.97	-10.5783422449604	0.162046049721539
3995	19.975	-10.5783422449604	0.160756377736107
3996	19.98	-10.5783422449604	0.162046049721539
3997	19.985	-10.5783422449604	0.162046049721539
3998	19.99	-10.5783422449604	0.162046049721539
3999	19.995	-10.5783422449604	0.162046049721539
4000	20	-10.5783422449604	0.162046049721539
4001	20.005	-10.5783422449604	0.162046049721539
4002	20.01	-10.5783422449604	0.162046049721539
4003	20.015	-10.5783422449604	0.162046049721539
4004	20.02	-10.5783422449604	0.162046049721539
4005	20.025	-10.5783422449604	0.160756377736107
4006	20.03	-10.5783422449604	0.160756377736107
4007	20.035	-10.5783422449604	0.160756377736107
4008	20.04	-10.5783422449604	0.162046049721539
4009	20.045	-10.5783422449604	0.162046049721539
4010	20.05	-10.5783422449604	0.162046049721539
4011	20.055	-10.5783422449604	0.160756377736107
4012	20.06	-10.5783422449604	0.160756377736107
4013	20.065	-10.5783422449604	0.162046049721539
4014	20.07	-10.5783422449604	0.160756377736107
4015	20.075	-10.5783422449604	0.160756377736107
4016	20.08	-10.5783422449604	0.162046049721539
4017	20.085	-10.5783422449604	0.160756377736107
4018	20.09	-10.5783422449604	0.160756377736107
4019	20.095	-10.5783422449604	0.160756377736107
4020	20.1	-10.5783422449604	0.160756377736107
4021	20.105	-10.5783422449604	0.160756377736107
4022	20.11	-10.5783422449604	0.160756377736107
4023	20.115	-10.5783422449604	0.160756377736107
4024	20.12	-10.5783422449604	0.160756377736107
4025	20.125	-10.5783422449604	0.160756377736107
4026	20.13	-10.5783422449604	0.160756377736107
4027	20.135	-10.5783422449604	0.160756377736107
4028	20.14	-10.5783422449604	0.160756377736107
4029	20.145	-10.5783422449604	0.160756377736107
4030	20.15	-10.5783422449604	0.160756377736107
4031	20.155	-10.5783422449604	0.160756377736107
4032	20.16	-10.5783422449604	0.160756377736107
4033	20.165	-10.5783422449604	0.160756377736107
4034	20.17	-10.5783422449604	0.160756377736107
4035	20.175	-10.5783422449604	0.159466705750674
4036	20.18	-10.5783422449604	0.160756377736107
4037	20.185	-10.5783422449604	0.159466705750674
4038	20.19	-10.5783422449604	0.159466705750674
4039	20.195	-10.5783422449604	0.160756377736107
4040	20.2	-10.5783422449604	0.160756377736107
4041	20.205	-10.5783422449604	0.160756377736107
4042	20.21	-10.5783422449604	0.160756377736107
4043	20.215	-10.5783422449604	0.160756377736107
4044	20.22	-10.5783422449604	0.160756377736107
4045	20.225	-10.5783422449604	0.159466705750674
4046	20.23	-10.5783422449604	0.159466705750674
4047	20.235	-10.5783422449604	0.160756377736107
4048	20.24	-10.5783422449604	0.159466705750674
4049	20.245	-10.5783422449604	0.160756377736107
4050	20.25	-10.5783422449604	0.159466705750674
4051	20.255	-10.5783422449604	0.159466705750674
4052	20.26	-10.5783422449604	0.159466705750674
4053	20.265	-10.5783422449604	0.159466705750674
4054	20.27	-10.5783422449604	0.159466705750674
4055	20.275	-10.5783422449604	0.159466705750674
4056	20.28	-10.5783422449604	0.159466705750674
4057	20.285	-10.5783422449604	0.159466705750674
4058	20.29	-10.5783422449604	0.159466705750674
4059	20.295	-10.5783422449604	0.159466705750674
4060	20.3	-10.5783422449604	0.159466705750674
4061	20.305	-10.5783422449604	0.159466705750674
4062	20.31	-10.5783422449604	0.159466705750674
4063	20.315	-10.5783422449604	0.159466705750674
4064	20.32	-10.5783422449604	0.159466705750674
4065	20.325	-10.5783422449604	0.159466705750674
4066	20.33	-10.5783422449604	0.158177033765242
4067	20.335	-10.5783422449604	0.159466705750674
4068	20.34	-10.5783422449604	0.158177033765242
4069	20.345	-10.5783422449604	0.159466705750674
4070	20.35	-10.5783422449604	0.159466705750674
4071	20.355	-10.5783422449604	0.158177033765242
4072	20.36	-10.5783422449604	0.159466705750674
4073	20.365	-10.5783422449604	0.158177033765242
4074	20.37	-10.5783422449604	0.159466705750674
4075	20.375	-10.5783422449604	0.159466705750674
4076	20.38	-10.5783422449604	0.158177033765242
4077	20.385	-10.5783422449604	0.159466705750674
4078	20.39	-10.5783422449604	0.159466705750674
4079	20.395	-10.5783422449604	0.158177033765242
4080	20.4	-10.5783422449604	0.158177033765242
4081	20.405	-10.5783422449604	0.158177033765242
4082	20.41	-10.5783422449604	0.158177033765242
4083	20.415	-10.5783422449604	0.158177033765242
4084	20.42	-10.5783422449604	0.158177033765242
4085	20.425	-10.5783422449604	0.158177033765242
4086	20.43	-10.5783422449604	0.158177033765242
4087	20.435	-10.5783422449604	0.158177033765242
4088	20.44	-10.5783422449604	0.158177033765242
4089	20.445	-10.5783422449604	0.158177033765242
4090	20.45	-10.5783422449604	0.158177033765242
4091	20.455	-10.5783422449604	0.158177033765242
4092	20.46	-10.5783422449604	0.158177033765242
4093	20.465	-10.5783422449604	0.158177033765242
4094	20.47	-10.5783422449604	0.158177033765242
4095	20.475	-10.5783422449604	0.158177033765242
4096	20.48	-10.5783422449604	0.158177033765242
4097	20.485	-10.5783422449604	0.158177033765242
4098	20.49	-10.5783422449604	0.158177033765242
4099	20.495	-10.5783422449604	0.158177033765242
4100	20.5	-10.5783422449604	0.158177033765242
4101	20.505	-10.5783422449604	0.158177033765242
4102	20.51	-10.5783422449604	0.158177033765242
4103	20.515	-10.5783422449604	0.158177033765242
4104	20.52	-10.5783422449604	0.158177033765242
4105	20.525	-10.5783422449604	0.158177033765242
4106	20.53	-10.5783422449604	0.158177033765242
4107	20.535	-10.5783422449604	0.158177033765242
4108	20.54	-10.5783422449604	0.158177033765242
4109	20.545	-10.5783422449604	0.156887361779809
4110	20.55	-10.5783422449604	0.158177033765242
4111	20.555	-10.5783422449604	0.158177033765242
4112	20.56	-10.5783422449604	0.156887361779809
4113	20.565	-10.5783422449604	0.158177033765242
4114	20.57	-10.5783422449604	0.156887361779809
4115	20.575	-10.5783422449604	0.158177033765242
4116	20.58	-10.5783422449604	0.156887361779809
4117	20.585	-10.5783422449604	0.158177033765242
4118	20.59	-10.5783422449604	0.156887361779809
4119	20.595	-10.5783422449604	0.158177033765242
4120	20.6	-10.5783422449604	0.158177033765242
4121	20.605	-10.5783422449604	0.158177033765242
4122	20.61	-10.5783422449604	0.156887361779809
4123	20.615	-10.5783422449604	0.156887361779809
4124	20.62	-10.5783422449604	0.156887361779809
4125	20.625	-10.5783422449604	0.156887361779809
4126	20.63	-10.5783422449604	0.156887361779809
4127	20.635	-10.5783422449604	0.158177033765242
4128	20.64	-10.5783422449604	0.156887361779809
4129	20.645	-10.5783422449604	0.158177033765242
4130	20.65	-10.5783422449604	0.156887361779809
4131	20.655	-10.5783422449604	0.156887361779809
4132	20.66	-10.5783422449604	0.156887361779809
4133	20.665	-10.5783422449604	0.158177033765242
4134	20.67	-10.5783422449604	0.158177033765242
4135	20.675	-10.5783422449604	0.156887361779809
4136	20.68	-10.5783422449604	0.156887361779809
4137	20.685	-10.5783422449604	0.156887361779809
4138	20.69	-10.5783422449604	0.156887361779809
4139	20.695	-10.5783422449604	0.156887361779809
4140	20.7	-10.5783422449604	0.156887361779809
4141	20.705	-10.5783422449604	0.156887361779809
4142	20.71	-10.5783422449604	0.156887361779809
4143	20.715	-10.5783422449604	0.156887361779809
4144	20.72	-10.5783422449604	0.156887361779809
4145	20.725	-10.5783422449604	0.156887361779809
4146	20.73	-10.5783422449604	0.156887361779809
4147	20.735	-10.5783422449604	0.156887361779809
4148	20.74	-10.5783422449604	0.156887361779809
4149	20.745	-10.5783422449604	0.156887361779809
4150	20.75	-10.5783422449604	0.156887361779809
4151	20.755	-10.5783422449604	0.155597689794376
4152	20.76	-10.5783422449604	0.156887361779809
4153	20.765	-10.5783422449604	0.156887361779809
4154	20.77	-10.5783422449604	0.156887361779809
4155	20.775	-10.5783422449604	0.156887361779809
4156	20.78	-10.5783422449604	0.156887361779809
4157	20.785	-10.5783422449604	0.155597689794376
4158	20.79	-10.5783422449604	0.156887361779809
4159	20.795	-10.5783422449604	0.156887361779809
4160	20.8	-10.5783422449604	0.156887361779809
4161	20.805	-10.5783422449604	0.155597689794376
4162	20.81	-10.5783422449604	0.156887361779809
4163	20.815	-10.5783422449604	0.156887361779809
4164	20.82	-10.5783422449604	0.156887361779809
4165	20.825	-10.5783422449604	0.156887361779809
4166	20.83	-10.5783422449604	0.155597689794376
4167	20.835	-10.5783422449604	0.155597689794376
4168	20.84	-10.5783422449604	0.155597689794376
4169	20.845	-10.5783422449604	0.156887361779809
4170	20.85	-10.5783422449604	0.156887361779809
4171	20.855	-10.5783422449604	0.155597689794376
4172	20.86	-10.5783422449604	0.156887361779809
4173	20.865	-10.5783422449604	0.155597689794376
4174	20.87	-10.5783422449604	0.155597689794376
4175	20.875	-10.5783422449604	0.155597689794376
4176	20.88	-10.5783422449604	0.155597689794376
4177	20.885	-10.5783422449604	0.155597689794376
4178	20.89	-10.5783422449604	0.155597689794376
4179	20.895	-10.5783422449604	0.155597689794376
4180	20.9	-10.5783422449604	0.155597689794376
4181	20.905	-10.5783422449604	0.155597689794376
4182	20.91	-10.5783422449604	0.155597689794376
4183	20.915	-10.5783422449604	0.155597689794376
4184	20.92	-10.5783422449604	0.155597689794376
4185	20.925	-10.5783422449604	0.155597689794376
4186	20.93	-10.5783422449604	0.155597689794376
4187	20.935	-10.5783422449604	0.155597689794376
4188	20.94	-10.5783422449604	0.155597689794376
4189	20.945	-10.5783422449604	0.154308017808944
4190	20.95	-10.5783422449604	0.155597689794376
4191	20.955	-10.5783422449604	0.155597689794376
4192	20.96	-10.5783422449604	0.155597689794376
4193	20.965	-10.5783422449604	0.154308017808944
4194	20.97	-10.5783422449604	0.154308017808944
4195	20.975	-10.5783422449604	0.155597689794376
4196	20.98	-10.5783422449604	0.154308017808944
4197	20.985	-10.5783422449604	0.155597689794376
4198	20.99	-10.5783422449604	0.155597689794376
4199	20.995	-10.5783422449604	0.154308017808944
4200	21	-10.5783422449604	0.155597689794376
4201	21.005	-10.5783422449604	0.154308017808944
4202	21.01	-10.5783422449604	0.154308017808944
4203	21.015	-10.5783422449604	0.154308017808944
4204	21.02	-10.5783422449604	0.155597689794376
4205	21.025	-10.5783422449604	0.154308017808944
4206	21.03	-10.5783422449604	0.155597689794376
4207	21.035	-10.5783422449604	0.155597689794376
4208	21.04	-10.5783422449604	0.154308017808944
4209	21.045	-10.5783422449604	0.154308017808944
4210	21.05	-10.5783422449604	0.154308017808944
4211	21.055	-10.5783422449604	0.154308017808944
4212	21.06	-10.5783422449604	0.154308017808944
4213	21.065	-10.5783422449604	0.154308017808944
4214	21.07	-10.5783422449604	0.154308017808944
4215	21.075	-10.5783422449604	0.154308017808944
4216	21.08	-10.5783422449604	0.154308017808944
4217	21.085	-10.5783422449604	0.154308017808944
4218	21.09	-10.5783422449604	0.154308017808944
4219	21.095	-10.5783422449604	0.154308017808944
4220	21.1	-10.5783422449604	0.154308017808944
4221	21.105	-10.5783422449604	0.154308017808944
4222	21.11	-10.5783422449604	0.154308017808944
4223	21.115	-10.5783422449604	0.154308017808944
4224	21.12	-10.5783422449604	0.154308017808944
4225	21.125	-10.5783422449604	0.154308017808944
4226	21.13	-10.5783422449604	0.154308017808944
4227	21.135	-10.5783422449604	0.154308017808944
4228	21.14	-10.5783422449604	0.154308017808944
4229	21.145	-10.5783422449604	0.154308017808944
4230	21.15	-10.5783422449604	0.154308017808944
4231	21.155	-10.5783422449604	0.154308017808944
4232	21.16	-10.5783422449604	0.154308017808944
4233	21.165	-10.5783422449604	0.154308017808944
4234	21.17	-10.5783422449604	0.154308017808944
4235	21.175	-10.5783422449604	0.154308017808944
4236	21.18	-10.5783422449604	0.154308017808944
4237	21.185	-10.5783422449604	0.153018345823511
4238	21.19	-10.5783422449604	0.154308017808944
4239	21.195	-10.5783422449604	0.154308017808944
4240	21.2	-10.5783422449604	0.154308017808944
4241	21.205	-10.5783422449604	0.154308017808944
4242	21.21	-10.5783422449604	0.154308017808944
4243	21.215	-10.5783422449604	0.154308017808944
4244	21.22	-10.5783422449604	0.154308017808944
4245	21.225	-10.5783422449604	0.154308017808944
4246	21.23	-10.5783422449604	0.154308017808944
4247	21.235	-10.5783422449604	0.153018345823511
4248	21.24	-10.5783422449604	0.154308017808944
4249	21.245	-10.5783422449604	0.154308017808944
4250	21.25	-10.5783422449604	0.153018345823511
4251	21.255	-10.5783422449604	0.153018345823511
4252	21.26	-10.5783422449604	0.153018345823511
4253	21.265	-10.5783422449604	0.154308017808944
4254	21.27	-10.5783422449604	0.153018345823511
4255	21.275	-10.5783422449604	0.154308017808944
4256	21.28	-10.5783422449604	0.153018345823511
4257	21.285	-10.5783422449604	0.153018345823511
4258	21.29	-10.5783422449604	0.153018345823511
4259	21.295	-10.5783422449604	0.153018345823511
4260	21.3	-10.5783422449604	0.153018345823511
4261	21.305	-10.5783422449604	0.153018345823511
4262	21.31	-10.5783422449604	0.153018345823511
4263	21.315	-10.5783422449604	0.153018345823511
4264	21.32	-10.5783422449604	0.153018345823511
4265	21.325	-10.5783422449604	0.153018345823511
4266	21.33	-10.5783422449604	0.153018345823511
4267	21.335	-10.5783422449604	0.153018345823511
4268	21.34	-10.5783422449604	0.153018345823511
4269	21.345	-10.5783422449604	0.153018345823511
4270	21.35	-10.5783422449604	0.153018345823511
4271	21.355	-10.5783422449604	0.153018345823511
4272	21.36	-10.5783422449604	0.153018345823511
4273	21.365	-10.5783422449604	0.153018345823511
4274	21.37	-10.5783422449604	0.151728673838079
4275	21.375	-10.5783422449604	0.151728673838079
4276	21.38	-10.5783422449604	0.153018345823511
4277	21.385	-10.5783422449604	0.151728673838079
4278	21.39	-10.5783422449604	0.153018345823511
4279	21.395	-10.5783422449604	0.153018345823511
4280	21.4	-10.5783422449604	0.153018345823511
4281	21.405	-10.5783422449604	0.153018345823511
4282	21.41	-10.5783422449604	0.153018345823511
4283	21.415	-10.5783422449604	0.153018345823511
4284	21.42	-10.5783422449604	0.151728673838079
4285	21.425	-10.5783422449604	0.151728673838079
4286	21.43	-10.5783422449604	0.151728673838079
4287	21.435	-10.5783422449604	0.151728673838079
4288	21.44	-10.5783422449604	0.151728673838079
4289	21.445	-10.5783422449604	0.151728673838079
4290	21.45	-10.5783422449604	0.153018345823511
4291	21.455	-10.5783422449604	0.151728673838079
4292	21.46	-10.5783422449604	0.151728673838079
4293	21.465	-10.5783422449604	0.151728673838079
4294	21.47	-10.5783422449604	0.151728673838079
4295	21.475	-10.5783422449604	0.151728673838079
4296	21.48	-10.5783422449604	0.151728673838079
4297	21.485	-10.5783422449604	0.151728673838079
4298	21.49	-10.5783422449604	0.151728673838079
4299	21.495	-10.5783422449604	0.151728673838079
4300	21.5	-10.5783422449604	0.151728673838079
4301	21.505	-10.5783422449604	0.151728673838079
4302	21.51	-10.5783422449604	0.151728673838079
4303	21.515	-10.5783422449604	0.151728673838079
4304	21.52	-10.5783422449604	0.151728673838079
4305	21.525	-10.5783422449604	0.151728673838079
4306	21.53	-10.5783422449604	0.151728673838079
4307	21.535	-10.5783422449604	0.151728673838079
4308	21.54	-10.5783422449604	0.151728673838079
4309	21.545	-10.5783422449604	0.151728673838079
4310	21.55	-10.5783422449604	0.151728673838079
4311	21.555	-10.5783422449604	0.151728673838079
4312	21.56	-10.5783422449604	0.151728673838079
4313	21.565	-10.5783422449604	0.151728673838079
4314	21.57	-10.5783422449604	0.151728673838079
4315	21.575	-10.5783422449604	0.150439001852646
4316	21.58	-10.5783422449604	0.151728673838079
4317	21.585	-10.5783422449604	0.151728673838079
4318	21.59	-10.5783422449604	0.151728673838079
4319	21.595	-10.5783422449604	0.151728673838079
4320	21.6	-10.5783422449604	0.151728673838079
4321	21.605	-10.5783422449604	0.151728673838079
4322	21.61	-10.5783422449604	0.151728673838079
4323	21.615	-10.5783422449604	0.151728673838079
4324	21.62	-10.5783422449604	0.151728673838079
4325	21.625	-10.5783422449604	0.151728673838079
4326	21.63	-10.5783422449604	0.151728673838079
4327	21.635	-10.5783422449604	0.151728673838079
4328	21.64	-10.5783422449604	0.151728673838079
4329	21.645	-10.5783422449604	0.151728673838079
4330	21.65	-10.5783422449604	0.150439001852646
4331	21.655	-10.5783422449604	0.151728673838079
4332	21.66	-10.5783422449604	0.151728673838079
4333	21.665	-10.5783422449604	0.151728673838079
4334	21.67	-10.5783422449604	0.151728673838079
4335	21.675	-10.5783422449604	0.150439001852646
4336	21.68	-10.5783422449604	0.150439001852646
4337	21.685	-10.5783422449604	0.151728673838079
4338	21.69	-10.5783422449604	0.150439001852646
4339	21.695	-10.5783422449604	0.151728673838079
4340	21.7	-10.5783422449604	0.150439001852646
4341	21.705	-10.5783422449604	0.150439001852646
4342	21.71	-10.5783422449604	0.150439001852646
4343	21.715	-10.5783422449604	0.151728673838079
4344	21.72	-10.5783422449604	0.150439001852646
4345	21.725	-10.5783422449604	0.150439001852646
4346	21.73	-10.5783422449604	0.150439001852646
4347	21.735	-10.5783422449604	0.151728673838079
4348	21.74	-10.5783422449604	0.150439001852646
4349	21.745	-10.5783422449604	0.150439001852646
4350	21.75	-10.5783422449604	0.150439001852646
4351	21.755	-10.5783422449604	0.150439001852646
4352	21.76	-10.5783422449604	0.150439001852646
4353	21.765	-10.5783422449604	0.150439001852646
4354	21.77	-10.5783422449604	0.151728673838079
4355	21.775	-10.5783422449604	0.150439001852646
4356	21.78	-10.5783422449604	0.150439001852646
4357	21.785	-10.5783422449604	0.150439001852646
4358	21.79	-10.5783422449604	0.150439001852646
4359	21.795	-10.5783422449604	0.150439001852646
4360	21.8	-10.5783422449604	0.150439001852646
4361	21.805	-10.5783422449604	0.150439001852646
4362	21.81	-10.5783422449604	0.150439001852646
4363	21.815	-10.5783422449604	0.150439001852646
4364	21.82	-10.5783422449604	0.150439001852646
4365	21.825	-10.5783422449604	0.150439001852646
4366	21.83	-10.5783422449604	0.150439001852646
4367	21.835	-10.5783422449604	0.150439001852646
4368	21.84	-10.5783422449604	0.150439001852646
4369	21.845	-10.5783422449604	0.150439001852646
4370	21.85	-10.5783422449604	0.150439001852646
4371	21.855	-10.5783422449604	0.150439001852646
4372	21.86	-10.5783422449604	0.150439001852646
4373	21.865	-10.5783422449604	0.150439001852646
4374	21.87	-10.5783422449604	0.150439001852646
4375	21.875	-10.5783422449604	0.150439001852646
4376	21.88	-10.5783422449604	0.149149329867214
4377	21.885	-10.5783422449604	0.149149329867214
4378	21.89	-10.5783422449604	0.149149329867214
4379	21.895	-10.5783422449604	0.150439001852646
4380	21.9	-10.5783422449604	0.149149329867214
4381	21.905	-10.5783422449604	0.149149329867214
4382	21.91	-10.5783422449604	0.149149329867214
4383	21.915	-10.5783422449604	0.149149329867214
4384	21.92	-10.5783422449604	0.149149329867214
4385	21.925	-10.5783422449604	0.150439001852646
4386	21.93	-10.5783422449604	0.149149329867214
4387	21.935	-10.5783422449604	0.150439001852646
4388	21.94	-10.5783422449604	0.149149329867214
4389	21.945	-10.5783422449604	0.149149329867214
4390	21.95	-10.5783422449604	0.150439001852646
4391	21.955	-10.5783422449604	0.149149329867214
4392	21.96	-10.5783422449604	0.149149329867214
4393	21.965	-10.5783422449604	0.149149329867214
4394	21.97	-10.5783422449604	0.149149329867214
4395	21.975	-10.5783422449604	0.149149329867214
4396	21.98	-10.5783422449604	0.149149329867214
4397	21.985	-10.5783422449604	0.149149329867214
4398	21.99	-10.5783422449604	0.149149329867214
4399	21.995	-10.5783422449604	0.149149329867214
4400	22	-10.5783422449604	0.149149329867214
4401	22.005	-10.5783422449604	0.149149329867214
4402	22.01	-10.5783422449604	0.149149329867214
4403	22.015	-10.5783422449604	0.149149329867214
4404	22.02	-10.5783422449604	0.147859657881781
4405	22.025	-10.5783422449604	0.149149329867214
4406	22.03	-10.5783422449604	0.149149329867214
4407	22.035	-10.5783422449604	0.149149329867214
4408	22.04	-10.5783422449604	0.149149329867214
4409	22.045	-10.5783422449604	0.149149329867214
4410	22.05	-10.5783422449604	0.149149329867214
4411	22.055	-10.5783422449604	0.149149329867214
4412	22.06	-10.5783422449604	0.149149329867214
4413	22.065	-10.5783422449604	0.149149329867214
4414	22.07	-10.5783422449604	0.149149329867214
4415	22.075	-10.5783422449604	0.149149329867214
4416	22.08	-10.5783422449604	0.147859657881781
4417	22.085	-10.5783422449604	0.147859657881781
4418	22.09	-10.5783422449604	0.149149329867214
4419	22.095	-10.5783422449604	0.149149329867214
4420	22.1	-10.5783422449604	0.147859657881781
4421	22.105	-10.5783422449604	0.149149329867214
4422	22.11	-10.5783422449604	0.149149329867214
4423	22.115	-10.5783422449604	0.147859657881781
4424	22.12	-10.5783422449604	0.147859657881781
4425	22.125	-10.5783422449604	0.147859657881781
4426	22.13	-10.5783422449604	0.147859657881781
4427	22.135	-10.5783422449604	0.147859657881781
4428	22.14	-10.5783422449604	0.149149329867214
4429	22.145	-10.5783422449604	0.147859657881781
4430	22.15	-10.5783422449604	0.149149329867214
4431	22.155	-10.5783422449604	0.149149329867214
4432	22.16	-10.5783422449604	0.147859657881781
4433	22.165	-10.5783422449604	0.147859657881781
4434	22.17	-10.5783422449604	0.147859657881781
4435	22.175	-10.5783422449604	0.147859657881781
4436	22.18	-10.5783422449604	0.147859657881781
4437	22.185	-10.5783422449604	0.147859657881781
4438	22.19	-10.5783422449604	0.147859657881781
4439	22.195	-10.5783422449604	0.147859657881781
4440	22.2	-10.5783422449604	0.147859657881781
4441	22.205	-10.5783422449604	0.147859657881781
4442	22.21	-10.5783422449604	0.147859657881781
4443	22.215	-10.5783422449604	0.147859657881781
4444	22.22	-10.5783422449604	0.147859657881781
4445	22.225	-10.5783422449604	0.147859657881781
4446	22.23	-10.5783422449604	0.147859657881781
4447	22.235	-10.5783422449604	0.147859657881781
4448	22.24	-10.5783422449604	0.147859657881781
4449	22.245	-10.5783422449604	0.147859657881781
4450	22.25	-10.5783422449604	0.147859657881781
4451	22.255	-10.5783422449604	0.147859657881781
4452	22.26	-10.5783422449604	0.147859657881781
4453	22.265	-10.5783422449604	0.146569985896349
4454	22.27	-10.5783422449604	0.147859657881781
4455	22.275	-10.5783422449604	0.147859657881781
4456	22.28	-10.5783422449604	0.147859657881781
4457	22.285	-10.5783422449604	0.147859657881781
4458	22.29	-10.5783422449604	0.147859657881781
4459	22.295	-10.5783422449604	0.147859657881781
4460	22.3	-10.5783422449604	0.147859657881781
4461	22.305	-10.5783422449604	0.147859657881781
4462	22.31	-10.5783422449604	0.147859657881781
4463	22.315	-10.5783422449604	0.146569985896349
4464	22.32	-10.5783422449604	0.147859657881781
4465	22.325	-10.5783422449604	0.146569985896349
4466	22.33	-10.5783422449604	0.146569985896349
4467	22.335	-10.5783422449604	0.146569985896349
4468	22.34	-10.5783422449604	0.146569985896349
4469	22.345	-10.5783422449604	0.146569985896349
4470	22.35	-10.5783422449604	0.146569985896349
4471	22.355	-10.5783422449604	0.146569985896349
4472	22.36	-10.5783422449604	0.146569985896349
4473	22.365	-10.5783422449604	0.146569985896349
4474	22.37	-10.5783422449604	0.146569985896349
4475	22.375	-10.5783422449604	0.146569985896349
4476	22.38	-10.5783422449604	0.146569985896349
4477	22.385	-10.5783422449604	0.146569985896349
4478	22.39	-10.5783422449604	0.147859657881781
4479	22.395	-10.5783422449604	0.146569985896349
4480	22.4	-10.5783422449604	0.146569985896349
4481	22.405	-10.5783422449604	0.146569985896349
4482	22.41	-10.5783422449604	0.146569985896349
4483	22.415	-10.5783422449604	0.146569985896349
4484	22.42	-10.5783422449604	0.146569985896349
4485	22.425	-10.5783422449604	0.146569985896349
4486	22.43	-10.5783422449604	0.146569985896349
4487	22.435	-10.5783422449604	0.146569985896349
4488	22.44	-10.5783422449604	0.146569985896349
4489	22.445	-10.5783422449604	0.146569985896349
4490	22.45	-10.5783422449604	0.147859657881781
4491	22.455	-10.5783422449604	0.146569985896349
4492	22.46	-10.5783422449604	0.147859657881781
4493	22.465	-10.5783422449604	0.146569985896349
4494	22.47	-10.5783422449604	0.146569985896349
4495	22.475	-10.5783422449604	0.146569985896349
4496	22.48	-10.5783422449604	0.146569985896349
4497	22.485	-10.5783422449604	0.146569985896349
4498	22.49	-10.5783422449604	0.146569985896349
4499	22.495	-10.5783422449604	0.146569985896349
4500	22.5	-10.5783422449604	0.146569985896349
4501	22.505	-10.5783422449604	0.146569985896349
4502	22.51	-10.5783422449604	0.146569985896349
4503	22.515	-10.5783422449604	0.146569985896349
4504	22.52	-10.5783422449604	0.146569985896349
4505	22.525	-10.5783422449604	0.146569985896349
4506	22.53	-10.5783422449604	0.145280313910916
4507	22.535	-10.5783422449604	0.146569985896349
4508	22.54	-10.5783422449604	0.146569985896349
4509	22.545	-10.5783422449604	0.145280313910916
4510	22.55	-10.5783422449604	0.146569985896349
4511	22.555	-10.5783422449604	0.145280313910916
4512	22.56	-10.5783422449604	0.145280313910916
4513	22.565	-10.5783422449604	0.146569985896349
4514	22.57	-10.5783422449604	0.145280313910916
4515	22.575	-10.5783422449604	0.146569985896349
4516	22.58	-10.5783422449604	0.145280313910916
4517	22.585	-10.5783422449604	0.146569985896349
4518	22.59	-10.5783422449604	0.145280313910916
4519	22.595	-10.5783422449604	0.145280313910916
4520	22.6	-10.5783422449604	0.145280313910916
4521	22.605	-10.5783422449604	0.145280313910916
4522	22.61	-10.5783422449604	0.146569985896349
4523	22.615	-10.5783422449604	0.145280313910916
4524	22.62	-10.5783422449604	0.145280313910916
4525	22.625	-10.5783422449604	0.146569985896349
4526	22.63	-10.5783422449604	0.145280313910916
4527	22.635	-10.5783422449604	0.145280313910916
4528	22.64	-10.5783422449604	0.145280313910916
4529	22.645	-10.5783422449604	0.145280313910916
4530	22.65	-10.5783422449604	0.145280313910916
4531	22.655	-10.5783422449604	0.145280313910916
4532	22.66	-10.5783422449604	0.145280313910916
4533	22.665	-10.5783422449604	0.145280313910916
4534	22.67	-10.5783422449604	0.145280313910916
4535	22.675	-10.5783422449604	0.145280313910916
4536	22.68	-10.5783422449604	0.145280313910916
4537	22.685	-10.5783422449604	0.145280313910916
4538	22.69	-10.5783422449604	0.145280313910916
4539	22.695	-10.5783422449604	0.145280313910916
4540	22.7	-10.5783422449604	0.145280313910916
4541	22.705	-10.5783422449604	0.143990641925484
4542	22.71	-10.5783422449604	0.145280313910916
4543	22.715	-10.5783422449604	0.145280313910916
4544	22.72	-10.5783422449604	0.143990641925484
4545	22.725	-10.5783422449604	0.145280313910916
4546	22.73	-10.5783422449604	0.145280313910916
4547	22.735	-10.5783422449604	0.143990641925484
4548	22.74	-10.5783422449604	0.145280313910916
4549	22.745	-10.5783422449604	0.145280313910916
4550	22.75	-10.5783422449604	0.145280313910916
4551	22.755	-10.5783422449604	0.145280313910916
4552	22.76	-10.5783422449604	0.145280313910916
4553	22.765	-10.5783422449604	0.145280313910916
4554	22.77	-10.5783422449604	0.145280313910916
4555	22.775	-10.5783422449604	0.143990641925484
4556	22.78	-10.5783422449604	0.143990641925484
4557	22.785	-10.5783422449604	0.145280313910916
4558	22.79	-10.5783422449604	0.143990641925484
4559	22.795	-10.5783422449604	0.145280313910916
4560	22.8	-10.5783422449604	0.143990641925484
4561	22.805	-10.5783422449604	0.145280313910916
4562	22.81	-10.5783422449604	0.143990641925484
4563	22.815	-10.5783422449604	0.145280313910916
4564	22.82	-10.5783422449604	0.143990641925484
4565	22.825	-10.5783422449604	0.143990641925484
4566	22.83	-10.5783422449604	0.143990641925484
4567	22.835	-10.5783422449604	0.145280313910916
4568	22.84	-10.5783422449604	0.143990641925484
4569	22.845	-10.5783422449604	0.145280313910916
4570	22.85	-10.5783422449604	0.143990641925484
4571	22.855	-10.5783422449604	0.145280313910916
4572	22.86	-10.5783422449604	0.143990641925484
4573	22.865	-10.5783422449604	0.145280313910916
4574	22.87	-10.5783422449604	0.143990641925484
4575	22.875	-10.5783422449604	0.143990641925484
4576	22.88	-10.5783422449604	0.145280313910916
4577	22.885	-10.5783422449604	0.143990641925484
4578	22.89	-10.5783422449604	0.143990641925484
4579	22.895	-10.5783422449604	0.143990641925484
4580	22.9	-10.5783422449604	0.143990641925484
4581	22.905	-10.5783422449604	0.143990641925484
4582	22.91	-10.5783422449604	0.143990641925484
4583	22.915	-10.5783422449604	0.143990641925484
4584	22.92	-10.5783422449604	0.143990641925484
4585	22.925	-10.5783422449604	0.143990641925484
4586	22.93	-10.5783422449604	0.143990641925484
4587	22.935	-10.5783422449604	0.143990641925484
4588	22.94	-10.5783422449604	0.142700969940051
4589	22.945	-10.5783422449604	0.143990641925484
4590	22.95	-10.5783422449604	0.143990641925484
4591	22.955	-10.5783422449604	0.143990641925484
4592	22.96	-10.5783422449604	0.143990641925484
4593	22.965	-10.5783422449604	0.142700969940051
4594	22.97	-10.5783422449604	0.143990641925484
4595	22.975	-10.5783422449604	0.143990641925484
4596	22.98	-10.5783422449604	0.143990641925484
4597	22.985	-10.5783422449604	0.143990641925484
4598	22.99	-10.5783422449604	0.143990641925484
4599	22.995	-10.5783422449604	0.143990641925484
4600	23	-10.5783422449604	0.142700969940051
4601	23.005	-10.5783422449604	0.142700969940051
4602	23.01	-10.5783422449604	0.143990641925484
4603	23.015	-10.5783422449604	0.142700969940051
4604	23.02	-10.5783422449604	0.142700969940051
4605	23.025	-10.5783422449604	0.143990641925484
4606	23.03	-10.5783422449604	0.143990641925484
4607	23.035	-10.5783422449604	0.142700969940051
4608	23.04	-10.5783422449604	0.142700969940051
4609	23.045	-10.5783422449604	0.142700969940051
4610	23.05	-10.5783422449604	0.142700969940051
4611	23.055	-10.5783422449604	0.142700969940051
4612	23.06	-10.5783422449604	0.143990641925484
4613	23.065	-10.5783422449604	0.142700969940051
4614	23.07	-10.5783422449604	0.142700969940051
4615	23.075	-10.5783422449604	0.142700969940051
4616	23.08	-10.5783422449604	0.142700969940051
4617	23.085	-10.5783422449604	0.142700969940051
4618	23.09	-10.5783422449604	0.142700969940051
4619	23.095	-10.5783422449604	0.142700969940051
4620	23.1	-10.5783422449604	0.142700969940051
4621	23.105	-10.5783422449604	0.142700969940051
4622	23.11	-10.5783422449604	0.142700969940051
4623	23.115	-10.5783422449604	0.142700969940051
4624	23.12	-10.5783422449604	0.143990641925484
4625	23.125	-10.5783422449604	0.142700969940051
4626	23.13	-10.5783422449604	0.142700969940051
4627	23.135	-10.5783422449604	0.142700969940051
4628	23.14	-10.5783422449604	0.142700969940051
4629	23.145	-10.5783422449604	0.142700969940051
4630	23.15	-10.5783422449604	0.142700969940051
4631	23.155	-10.5783422449604	0.142700969940051
4632	23.16	-10.5783422449604	0.142700969940051
4633	23.165	-10.5783422449604	0.142700969940051
4634	23.17	-10.5783422449604	0.142700969940051
4635	23.175	-10.5783422449604	0.142700969940051
4636	23.18	-10.5783422449604	0.142700969940051
4637	23.185	-10.5783422449604	0.142700969940051
4638	23.19	-10.5783422449604	0.142700969940051
4639	23.195	-10.5783422449604	0.142700969940051
4640	23.2	-10.5783422449604	0.142700969940051
4641	23.205	-10.5783422449604	0.142700969940051
4642	23.21	-10.5783422449604	0.142700969940051
4643	23.215	-10.5783422449604	0.142700969940051
4644	23.22	-10.5783422449604	0.142700969940051
4645	23.225	-10.5783422449604	0.142700969940051
4646	23.23	-10.5783422449604	0.142700969940051
4647	23.235	-10.5783422449604	0.142700969940051
4648	23.24	-10.5783422449604	0.142700969940051
4649	23.245	-10.5783422449604	0.142700969940051
4650	23.25	-10.5783422449604	0.141411297954619
4651	23.255	-10.5783422449604	0.142700969940051
4652	23.26	-10.5783422449604	0.142700969940051
4653	23.265	-10.5783422449604	0.142700969940051
4654	23.27	-10.5783422449604	0.141411297954619
4655	23.275	-10.5783422449604	0.142700969940051
4656	23.28	-10.5783422449604	0.141411297954619
4657	23.285	-10.5783422449604	0.141411297954619
4658	23.29	-10.5783422449604	0.141411297954619
4659	23.295	-10.5783422449604	0.141411297954619
4660	23.3	-10.5783422449604	0.141411297954619
4661	23.305	-10.5783422449604	0.141411297954619
4662	23.31	-10.5783422449604	0.141411297954619
4663	23.315	-10.5783422449604	0.141411297954619
4664	23.32	-10.5783422449604	0.141411297954619
4665	23.325	-10.5783422449604	0.141411297954619
4666	23.33	-10.5783422449604	0.141411297954619
4667	23.335	-10.5783422449604	0.141411297954619
4668	23.34	-10.5783422449604	0.141411297954619
4669	23.345	-10.5783422449604	0.141411297954619
4670	23.35	-10.5783422449604	0.141411297954619
4671	23.355	-10.5783422449604	0.141411297954619
4672	23.36	-10.5783422449604	0.141411297954619
4673	23.365	-10.5783422449604	0.141411297954619
4674	23.37	-10.5783422449604	0.141411297954619
4675	23.375	-10.5783422449604	0.141411297954619
4676	23.38	-10.5783422449604	0.141411297954619
4677	23.385	-10.5783422449604	0.141411297954619
4678	23.39	-10.5783422449604	0.141411297954619
4679	23.395	-10.5783422449604	0.140121625969186
4680	23.4	-10.5783422449604	0.141411297954619
4681	23.405	-10.5783422449604	0.141411297954619
4682	23.41	-10.5783422449604	0.140121625969186
4683	23.415	-10.5783422449604	0.141411297954619
4684	23.42	-10.5783422449604	0.141411297954619
4685	23.425	-10.5783422449604	0.141411297954619
4686	23.43	-10.5783422449604	0.140121625969186
4687	23.435	-10.5783422449604	0.140121625969186
4688	23.44	-10.5783422449604	0.140121625969186
4689	23.445	-10.5783422449604	0.140121625969186
4690	23.45	-10.5783422449604	0.141411297954619
4691	23.455	-10.5783422449604	0.140121625969186
4692	23.46	-10.5783422449604	0.140121625969186
4693	23.465	-10.5783422449604	0.140121625969186
4694	23.47	-10.5783422449604	0.141411297954619
4695	23.475	-10.5783422449604	0.140121625969186
4696	23.48	-10.5783422449604	0.140121625969186
4697	23.485	-10.5783422449604	0.140121625969186
4698	23.49	-10.5783422449604	0.140121625969186
4699	23.495	-10.5783422449604	0.140121625969186
4700	23.5	-10.5783422449604	0.140121625969186
4701	23.505	-10.5783422449604	0.140121625969186
4702	23.51	-10.5783422449604	0.140121625969186
4703	23.515	-10.5783422449604	0.140121625969186
4704	23.52	-10.5783422449604	0.140121625969186
4705	23.525	-10.5783422449604	0.140121625969186
4706	23.53	-10.5783422449604	0.140121625969186
4707	23.535	-10.5783422449604	0.140121625969186
4708	23.54	-10.5783422449604	0.140121625969186
4709	23.545	-10.5783422449604	0.140121625969186
4710	23.55	-10.5783422449604	0.140121625969186
4711	23.555	-10.5783422449604	0.140121625969186
4712	23.56	-10.5783422449604	0.140121625969186
4713	23.565	-10.5783422449604	0.140121625969186
4714	23.57	-10.5783422449604	0.140121625969186
4715	23.575	-10.5783422449604	0.138831953983754
4716	23.58	-10.5783422449604	0.140121625969186
4717	23.585	-10.5783422449604	0.140121625969186
4718	23.59	-10.5783422449604	0.138831953983754
4719	23.595	-10.5783422449604	0.138831953983754
4720	23.6	-10.5783422449604	0.140121625969186
4721	23.605	-10.5783422449604	0.140121625969186
4722	23.61	-10.5783422449604	0.140121625969186
4723	23.615	-10.5783422449604	0.140121625969186
4724	23.62	-10.5783422449604	0.138831953983754
4725	23.625	-10.5783422449604	0.138831953983754
4726	23.63	-10.5783422449604	0.138831953983754
4727	23.635	-10.5783422449604	0.138831953983754
4728	23.64	-10.5783422449604	0.140121625969186
4729	23.645	-10.5783422449604	0.140121625969186
4730	23.65	-10.5783422449604	0.138831953983754
4731	23.655	-10.5783422449604	0.138831953983754
4732	23.66	-10.5783422449604	0.138831953983754
4733	23.665	-10.5783422449604	0.138831953983754
4734	23.67	-10.5783422449604	0.138831953983754
4735	23.675	-10.5783422449604	0.138831953983754
4736	23.68	-10.5783422449604	0.138831953983754
4737	23.685	-10.5783422449604	0.138831953983754
4738	23.69	-10.5783422449604	0.138831953983754
4739	23.695	-10.5783422449604	0.138831953983754
4740	23.7	-10.5783422449604	0.138831953983754
4741	23.705	-10.5783422449604	0.138831953983754
4742	23.71	-10.5783422449604	0.138831953983754
4743	23.715	-10.5783422449604	0.138831953983754
4744	23.72	-10.5783422449604	0.138831953983754
4745	23.725	-10.5783422449604	0.138831953983754
4746	23.73	-10.5783422449604	0.137542281998321
4747	23.735	-10.5783422449604	0.138831953983754
4748	23.74	-10.5783422449604	0.138831953983754
4749	23.745	-10.5783422449604	0.138831953983754
4750	23.75	-10.5783422449604	0.138831953983754
4751	23.755	-10.5783422449604	0.138831953983754
4752	23.76	-10.5783422449604	0.138831953983754
4753	23.765	-10.5783422449604	0.138831953983754
4754	23.77	-10.5783422449604	0.138831953983754
4755	23.775	-10.5783422449604	0.138831953983754
4756	23.78	-10.5783422449604	0.138831953983754
4757	23.785	-10.5783422449604	0.138831953983754
4758	23.79	-10.5783422449604	0.138831953983754
4759	23.795	-10.5783422449604	0.137542281998321
4760	23.8	-10.5783422449604	0.138831953983754
4761	23.805	-10.5783422449604	0.138831953983754
4762	23.81	-10.5783422449604	0.138831953983754
4763	23.815	-10.5783422449604	0.138831953983754
4764	23.82	-10.5783422449604	0.137542281998321
4765	23.825	-10.5783422449604	0.137542281998321
4766	23.83	-10.5783422449604	0.137542281998321
4767	23.835	-10.5783422449604	0.137542281998321
4768	23.84	-10.5783422449604	0.138831953983754
4769	23.845	-10.5783422449604	0.137542281998321
4770	23.85	-10.5783422449604	0.138831953983754
4771	23.855	-10.5783422449604	0.137542281998321
4772	23.86	-10.5783422449604	0.138831953983754
4773	23.865	-10.5783422449604	0.137542281998321
4774	23.87	-10.5783422449604	0.137542281998321
4775	23.875	-10.5783422449604	0.137542281998321
4776	23.88	-10.5783422449604	0.137542281998321
4777	23.885	-10.5783422449604	0.137542281998321
4778	23.89	-10.5783422449604	0.137542281998321
4779	23.895	-10.5783422449604	0.137542281998321
4780	23.9	-10.5783422449604	0.137542281998321
4781	23.905	-10.5783422449604	0.137542281998321
4782	23.91	-10.5783422449604	0.137542281998321
4783	23.915	-10.5783422449604	0.138831953983754
4784	23.92	-10.5783422449604	0.138831953983754
4785	23.925	-10.5783422449604	0.137542281998321
4786	23.93	-10.5783422449604	0.137542281998321
4787	23.935	-10.5783422449604	0.137542281998321
4788	23.94	-10.5783422449604	0.137542281998321
4789	23.945	-10.5783422449604	0.137542281998321
4790	23.95	-10.5783422449604	0.137542281998321
4791	23.955	-10.5783422449604	0.137542281998321
4792	23.96	-10.5783422449604	0.137542281998321
4793	23.965	-10.5783422449604	0.137542281998321
4794	23.97	-10.5783422449604	0.137542281998321
4795	23.975	-10.5783422449604	0.137542281998321
4796	23.98	-10.5783422449604	0.136252610012889
4797	23.985	-10.5783422449604	0.137542281998321
4798	23.99	-10.5783422449604	0.137542281998321
4799	23.995	-10.5783422449604	0.137542281998321
4800	24	-10.5783422449604	0.137542281998321
4801	24.005	-10.5783422449604	0.137542281998321
4802	24.01	-10.5783422449604	0.136252610012889
4803	24.015	-10.5783422449604	0.137542281998321
4804	24.02	-10.5783422449604	0.137542281998321
4805	24.025	-10.5783422449604	0.136252610012889
4806	24.03	-10.5783422449604	0.136252610012889
4807	24.035	-10.5783422449604	0.137542281998321
4808	24.04	-10.5783422449604	0.136252610012889
4809	24.045	-10.5783422449604	0.137542281998321
4810	24.05	-10.5783422449604	0.137542281998321
4811	24.055	-10.5783422449604	0.136252610012889
4812	24.06	-10.5783422449604	0.137542281998321
4813	24.065	-10.5783422449604	0.136252610012889
4814	24.07	-10.5783422449604	0.137542281998321
4815	24.075	-10.5783422449604	0.136252610012889
4816	24.08	-10.5783422449604	0.136252610012889
4817	24.085	-10.5783422449604	0.136252610012889
4818	24.09	-10.5783422449604	0.136252610012889
4819	24.095	-10.5783422449604	0.136252610012889
4820	24.1	-10.5783422449604	0.136252610012889
4821	24.105	-10.5783422449604	0.136252610012889
4822	24.11	-10.5783422449604	0.136252610012889
4823	24.115	-10.5783422449604	0.136252610012889
4824	24.12	-10.5783422449604	0.136252610012889
4825	24.125	-10.5783422449604	0.136252610012889
4826	24.13	-10.5783422449604	0.136252610012889
4827	24.135	-10.5783422449604	0.136252610012889
4828	24.14	-10.5783422449604	0.136252610012889
4829	24.145	-10.5783422449604	0.136252610012889
4830	24.15	-10.5783422449604	0.136252610012889
4831	24.155	-10.5783422449604	0.136252610012889
4832	24.16	-10.5783422449604	0.136252610012889
4833	24.165	-10.5783422449604	0.136252610012889
4834	24.17	-10.5783422449604	0.136252610012889
4835	24.175	-10.5783422449604	0.136252610012889
4836	24.18	-10.5783422449604	0.136252610012889
4837	24.185	-10.5783422449604	0.136252610012889
4838	24.19	-10.5783422449604	0.136252610012889
4839	24.195	-10.5783422449604	0.136252610012889
4840	24.2	-10.5783422449604	0.136252610012889
4841	24.205	-10.5783422449604	0.136252610012889
4842	24.21	-10.5783422449604	0.136252610012889
4843	24.215	-10.5783422449604	0.136252610012889
4844	24.22	-10.5783422449604	0.136252610012889
4845	24.225	-10.5783422449604	0.136252610012889
4846	24.23	-10.5783422449604	0.136252610012889
4847	24.235	-10.5783422449604	0.136252610012889
4848	24.24	-10.5783422449604	0.136252610012889
4849	24.245	-10.5783422449604	0.136252610012889
4850	24.25	-10.5783422449604	0.134962938027456
4851	24.255	-10.5783422449604	0.134962938027456
4852	24.26	-10.5783422449604	0.136252610012889
4853	24.265	-10.5783422449604	0.136252610012889
4854	24.27	-10.5783422449604	0.136252610012889
4855	24.275	-10.5783422449604	0.136252610012889
4856	24.28	-10.5783422449604	0.136252610012889
4857	24.285	-10.5783422449604	0.136252610012889
4858	24.29	-10.5783422449604	0.134962938027456
4859	24.295	-10.5783422449604	0.134962938027456
4860	24.3	-10.5783422449604	0.134962938027456
4861	24.305	-10.5783422449604	0.136252610012889
4862	24.31	-10.5783422449604	0.136252610012889
4863	24.315	-10.5783422449604	0.136252610012889
4864	24.32	-10.5783422449604	0.134962938027456
4865	24.325	-10.5783422449604	0.134962938027456
4866	24.33	-10.5783422449604	0.134962938027456
4867	24.335	-10.5783422449604	0.136252610012889
4868	24.34	-10.5783422449604	0.136252610012889
4869	24.345	-10.5783422449604	0.134962938027456
4870	24.35	-10.5783422449604	0.136252610012889
4871	24.355	-10.5783422449604	0.134962938027456
4872	24.36	-10.5783422449604	0.136252610012889
4873	24.365	-10.5783422449604	0.134962938027456
4874	24.37	-10.5783422449604	0.134962938027456
4875	24.375	-10.5783422449604	0.134962938027456
4876	24.38	-10.5783422449604	0.134962938027456
4877	24.385	-10.5783422449604	0.134962938027456
4878	24.39	-10.5783422449604	0.134962938027456
4879	24.395	-10.5783422449604	0.134962938027456
4880	24.4	-10.5783422449604	0.134962938027456
4881	24.405	-10.5783422449604	0.134962938027456
4882	24.41	-10.5783422449604	0.134962938027456
4883	24.415	-10.5783422449604	0.136252610012889
4884	24.42	-10.5783422449604	0.134962938027456
4885	24.425	-10.5783422449604	0.134962938027456
4886	24.43	-10.5783422449604	0.134962938027456
4887	24.435	-10.5783422449604	0.134962938027456
4888	24.44	-10.5783422449604	0.134962938027456
4889	24.445	-10.5783422449604	0.134962938027456
4890	24.45	-10.5783422449604	0.134962938027456
4891	24.455	-10.5783422449604	0.134962938027456
4892	24.46	-10.5783422449604	0.134962938027456
4893	24.465	-10.5783422449604	0.134962938027456
4894	24.47	-10.5783422449604	0.134962938027456
4895	24.475	-10.5783422449604	0.134962938027456
4896	24.48	-10.5783422449604	0.134962938027456
4897	24.485	-10.5783422449604	0.134962938027456
4898	24.49	-10.5783422449604	0.134962938027456
4899	24.495	-10.5783422449604	0.134962938027456
4900	24.5	-10.5783422449604	0.134962938027456
4901	24.505	-10.5783422449604	0.134962938027456
4902	24.51	-10.5783422449604	0.134962938027456
4903	24.515	-10.5783422449604	0.134962938027456
4904	24.52	-10.5783422449604	0.136252610012889
4905	24.525	-10.5783422449604	0.134962938027456
4906	24.53	-10.5783422449604	0.134962938027456
4907	24.535	-10.5783422449604	0.134962938027456
4908	24.54	-10.5783422449604	0.134962938027456
4909	24.545	-10.5783422449604	0.134962938027456
4910	24.55	-10.5783422449604	0.134962938027456
4911	24.555	-10.5783422449604	0.134962938027456
4912	24.56	-10.5783422449604	0.134962938027456
4913	24.565	-10.5783422449604	0.134962938027456
4914	24.57	-10.5783422449604	0.134962938027456
4915	24.575	-10.5783422449604	0.134962938027456
4916	24.58	-10.5783422449604	0.134962938027456
4917	24.585	-10.5783422449604	0.134962938027456
4918	24.59	-10.5783422449604	0.134962938027456
4919	24.595	-10.5783422449604	0.134962938027456
4920	24.6	-10.5783422449604	0.134962938027456
4921	24.605	-10.5783422449604	0.134962938027456
4922	24.61	-10.5783422449604	0.134962938027456
4923	24.615	-10.5783422449604	0.133673266042024
4924	24.62	-10.5783422449604	0.134962938027456
4925	24.625	-10.5783422449604	0.134962938027456
4926	24.63	-10.5783422449604	0.134962938027456
4927	24.635	-10.5783422449604	0.134962938027456
4928	24.64	-10.5783422449604	0.134962938027456
4929	24.645	-10.5783422449604	0.133673266042024
4930	24.65	-10.5783422449604	0.134962938027456
4931	24.655	-10.5783422449604	0.133673266042024
4932	24.66	-10.5783422449604	0.133673266042024
4933	24.665	-10.5783422449604	0.133673266042024
4934	24.67	-10.5783422449604	0.134962938027456
4935	24.675	-10.5783422449604	0.134962938027456
4936	24.68	-10.5783422449604	0.133673266042024
4937	24.685	-10.5783422449604	0.133673266042024
4938	24.69	-10.5783422449604	0.133673266042024
4939	24.695	-10.5783422449604	0.133673266042024
4940	24.7	-10.5783422449604	0.133673266042024
4941	24.705	-10.5783422449604	0.133673266042024
4942	24.71	-10.5783422449604	0.133673266042024
4943	24.715	-10.5783422449604	0.133673266042024
4944	24.72	-10.5783422449604	0.133673266042024
4945	24.725	-10.5783422449604	0.132383594056591
4946	24.73	-10.5783422449604	0.133673266042024
4947	24.735	-10.5783422449604	0.133673266042024
4948	24.74	-10.5783422449604	0.133673266042024
4949	24.745	-10.5783422449604	0.133673266042024
4950	24.75	-10.5783422449604	0.133673266042024
4951	24.755	-10.5783422449604	0.133673266042024
4952	24.76	-10.5783422449604	0.133673266042024
4953	24.765	-10.5783422449604	0.133673266042024
4954	24.77	-10.5783422449604	0.133673266042024
4955	24.775	-10.5783422449604	0.133673266042024
4956	24.78	-10.5783422449604	0.133673266042024
4957	24.785	-10.5783422449604	0.133673266042024
4958	24.79	-10.5783422449604	0.133673266042024
4959	24.795	-10.5783422449604	0.133673266042024
4960	24.8	-10.5783422449604	0.132383594056591
4961	24.805	-10.5783422449604	0.132383594056591
4962	24.81	-10.5783422449604	0.132383594056591
4963	24.815	-10.5783422449604	0.133673266042024
4964	24.82	-10.5783422449604	0.132383594056591
4965	24.825	-10.5783422449604	0.132383594056591
4966	24.83	-10.5783422449604	0.133673266042024
4967	24.835	-10.5783422449604	0.133673266042024
4968	24.84	-10.5783422449604	0.132383594056591
4969	24.845	-10.5783422449604	0.133673266042024
4970	24.85	-10.5783422449604	0.133673266042024
4971	24.855	-10.5783422449604	0.132383594056591
4972	24.86	-10.5783422449604	0.132383594056591
4973	24.865	-10.5783422449604	0.133673266042024
4974	24.87	-10.5783422449604	0.133673266042024
4975	24.875	-10.5783422449604	0.132383594056591
4976	24.88	-10.5783422449604	0.132383594056591
4977	24.885	-10.5783422449604	0.133673266042024
4978	24.89	-10.5783422449604	0.132383594056591
4979	24.895	-10.5783422449604	0.132383594056591
4980	24.9	-10.5783422449604	0.132383594056591
4981	24.905	-10.5783422449604	0.132383594056591
4982	24.91	-10.5783422449604	0.132383594056591
4983	24.915	-10.5783422449604	0.132383594056591
4984	24.92	-10.5783422449604	0.132383594056591
4985	24.925	-10.5783422449604	0.132383594056591
4986	24.93	-10.5783422449604	0.132383594056591
4987	24.935	-10.5783422449604	0.132383594056591
4988	24.94	-10.5783422449604	0.132383594056591
4989	24.945	-10.5783422449604	0.132383594056591
4990	24.95	-10.5783422449604	0.132383594056591
4991	24.955	-10.5783422449604	0.132383594056591
4992	24.96	-10.5783422449604	0.132383594056591
4993	24.965	-10.5783422449604	0.132383594056591
4994	24.97	-10.5783422449604	0.132383594056591
4995	24.975	-10.5783422449604	0.132383594056591
4996	24.98	-10.5783422449604	0.132383594056591
4997	24.985	-10.5783422449604	0.132383594056591
4998	24.99	-10.5783422449604	0.132383594056591
4999	24.995	-10.5783422449604	0.132383594056591
5000	25	-10.5783422449604	0.132383594056591
5001	25.005	-10.5783422449604	0.132383594056591
5002	25.01	-10.5783422449604	0.132383594056591
5003	25.015	-10.5783422449604	0.131093922071159
5004	25.02	-10.5783422449604	0.132383594056591
5005	25.025	-10.5783422449604	0.132383594056591
5006	25.03	-10.5783422449604	0.132383594056591
5007	25.035	-10.5783422449604	0.132383594056591
5008	25.04	-10.5783422449604	0.131093922071159
5009	25.045	-10.5783422449604	0.131093922071159
5010	25.05	-10.5783422449604	0.131093922071159
5011	25.055	-10.5783422449604	0.131093922071159
5012	25.06	-10.5783422449604	0.131093922071159
5013	25.065	-10.5783422449604	0.131093922071159
5014	25.07	-10.5783422449604	0.131093922071159
5015	25.075	-10.5783422449604	0.132383594056591
5016	25.08	-10.5783422449604	0.131093922071159
5017	25.085	-10.5783422449604	0.131093922071159
5018	25.09	-10.5783422449604	0.131093922071159
5019	25.095	-10.5783422449604	0.131093922071159
5020	25.1	-10.5783422449604	0.131093922071159
5021	25.105	-10.5783422449604	0.131093922071159
5022	25.11	-10.5783422449604	0.131093922071159
5023	25.115	-10.5783422449604	0.131093922071159
5024	25.12	-10.5783422449604	0.131093922071159
5025	25.125	-10.5783422449604	0.129804250085726
5026	25.13	-10.5783422449604	0.131093922071159
5027	25.135	-10.5783422449604	0.131093922071159
5028	25.14	-10.5783422449604	0.131093922071159
5029	25.145	-10.5783422449604	0.131093922071159
5030	25.15	-10.5783422449604	0.131093922071159
5031	25.155	-10.5783422449604	0.131093922071159
5032	25.16	-10.5783422449604	0.131093922071159
5033	25.165	-10.5783422449604	0.131093922071159
5034	25.17	-10.5783422449604	0.131093922071159
5035	25.175	-10.5783422449604	0.131093922071159
5036	25.18	-10.5783422449604	0.131093922071159
5037	25.185	-10.5783422449604	0.131093922071159
5038	25.19	-10.5783422449604	0.131093922071159
5039	25.195	-10.5783422449604	0.131093922071159
5040	25.2	-10.5783422449604	0.131093922071159
5041	25.205	-10.5783422449604	0.131093922071159
5042	25.21	-10.5783422449604	0.129804250085726
5043	25.215	-10.5783422449604	0.131093922071159
5044	25.22	-10.5783422449604	0.129804250085726
5045	25.225	-10.5783422449604	0.129804250085726
5046	25.23	-10.5783422449604	0.131093922071159
5047	25.235	-10.5783422449604	0.129804250085726
5048	25.24	-10.5783422449604	0.131093922071159
5049	25.245	-10.5783422449604	0.129804250085726
5050	25.25	-10.5783422449604	0.129804250085726
5051	25.255	-10.5783422449604	0.129804250085726
5052	25.26	-10.5783422449604	0.129804250085726
5053	25.265	-10.5783422449604	0.129804250085726
5054	25.27	-10.5783422449604	0.129804250085726
5055	25.275	-10.5783422449604	0.129804250085726
5056	25.28	-10.5783422449604	0.129804250085726
5057	25.285	-10.5783422449604	0.129804250085726
5058	25.29	-10.5783422449604	0.129804250085726
5059	25.295	-10.5783422449604	0.129804250085726
5060	25.3	-10.5783422449604	0.129804250085726
5061	25.305	-10.5783422449604	0.129804250085726
5062	25.31	-10.5783422449604	0.129804250085726
5063	25.315	-10.5783422449604	0.129804250085726
5064	25.32	-10.5783422449604	0.129804250085726
5065	25.325	-10.5783422449604	0.129804250085726
5066	25.33	-10.5783422449604	0.129804250085726
5067	25.335	-10.5783422449604	0.129804250085726
5068	25.34	-10.5783422449604	0.129804250085726
5069	25.345	-10.5783422449604	0.129804250085726
5070	25.35	-10.5783422449604	0.129804250085726
5071	25.355	-10.5783422449604	0.129804250085726
5072	25.36	-10.5783422449604	0.129804250085726
5073	25.365	-10.5783422449604	0.129804250085726
5074	25.37	-10.5783422449604	0.128514578100294
5075	25.375	-10.5783422449604	0.129804250085726
5076	25.38	-10.5783422449604	0.129804250085726
5077	25.385	-10.5783422449604	0.129804250085726
5078	25.39	-10.5783422449604	0.128514578100294
5079	25.395	-10.5783422449604	0.129804250085726
5080	25.4	-10.5783422449604	0.129804250085726
5081	25.405	-10.5783422449604	0.129804250085726
5082	25.41	-10.5783422449604	0.129804250085726
5083	25.415	-10.5783422449604	0.129804250085726
5084	25.42	-10.5783422449604	0.129804250085726
5085	25.425	-10.5783422449604	0.129804250085726
5086	25.43	-10.5783422449604	0.129804250085726
5087	25.435	-10.5783422449604	0.128514578100294
5088	25.44	-10.5783422449604	0.129804250085726
5089	25.445	-10.5783422449604	0.128514578100294
5090	25.45	-10.5783422449604	0.129804250085726
5091	25.455	-10.5783422449604	0.128514578100294
5092	25.46	-10.5783422449604	0.128514578100294
5093	25.465	-10.5783422449604	0.128514578100294
5094	25.47	-10.5783422449604	0.128514578100294
5095	25.475	-10.5783422449604	0.128514578100294
5096	25.48	-10.5783422449604	0.129804250085726
5097	25.485	-10.5783422449604	0.129804250085726
5098	25.49	-10.5783422449604	0.128514578100294
5099	25.495	-10.5783422449604	0.128514578100294
5100	25.5	-10.5783422449604	0.128514578100294
5101	25.505	-10.5783422449604	0.128514578100294
5102	25.51	-10.5783422449604	0.128514578100294
5103	25.515	-10.5783422449604	0.128514578100294
5104	25.52	-10.5783422449604	0.128514578100294
5105	25.525	-10.5783422449604	0.128514578100294
5106	25.53	-10.5783422449604	0.128514578100294
5107	25.535	-10.5783422449604	0.128514578100294
5108	25.54	-10.5783422449604	0.128514578100294
5109	25.545	-10.5783422449604	0.128514578100294
5110	25.55	-10.5783422449604	0.128514578100294
5111	25.555	-10.5783422449604	0.128514578100294
5112	25.56	-10.5783422449604	0.128514578100294
5113	25.565	-10.5783422449604	0.128514578100294
5114	25.57	-10.5783422449604	0.128514578100294
5115	25.575	-10.5783422449604	0.128514578100294
5116	25.58	-10.5783422449604	0.128514578100294
5117	25.585	-10.5783422449604	0.128514578100294
5118	25.59	-10.5783422449604	0.128514578100294
5119	25.595	-10.5783422449604	0.128514578100294
5120	25.6	-10.5783422449604	0.128514578100294
5121	25.605	-10.5783422449604	0.127224906114861
5122	25.61	-10.5783422449604	0.128514578100294
5123	25.615	-10.5783422449604	0.128514578100294
5124	25.62	-10.5783422449604	0.127224906114861
5125	25.625	-10.5783422449604	0.127224906114861
5126	25.63	-10.5783422449604	0.127224906114861
5127	25.635	-10.5783422449604	0.127224906114861
5128	25.64	-10.5783422449604	0.127224906114861
5129	25.645	-10.5783422449604	0.127224906114861
5130	25.65	-10.5783422449604	0.128514578100294
5131	25.655	-10.5783422449604	0.127224906114861
5132	25.66	-10.5783422449604	0.127224906114861
5133	25.665	-10.5783422449604	0.127224906114861
5134	25.67	-10.5783422449604	0.128514578100294
5135	25.675	-10.5783422449604	0.127224906114861
5136	25.68	-10.5783422449604	0.127224906114861
5137	25.685	-10.5783422449604	0.127224906114861
5138	25.69	-10.5783422449604	0.125935234129429
5139	25.695	-10.5783422449604	0.127224906114861
5140	25.7	-10.5783422449604	0.127224906114861
5141	25.705	-10.5783422449604	0.127224906114861
5142	25.71	-10.5783422449604	0.127224906114861
5143	25.715	-10.5783422449604	0.127224906114861
5144	25.72	-10.5783422449604	0.127224906114861
5145	25.725	-10.5783422449604	0.127224906114861
5146	25.73	-10.5783422449604	0.127224906114861
5147	25.735	-10.5783422449604	0.127224906114861
5148	25.74	-10.5783422449604	0.125935234129429
5149	25.745	-10.5783422449604	0.127224906114861
5150	25.75	-10.5783422449604	0.127224906114861
5151	25.755	-10.5783422449604	0.125935234129429
5152	25.76	-10.5783422449604	0.125935234129429
5153	25.765	-10.5783422449604	0.125935234129429
5154	25.77	-10.5783422449604	0.125935234129429
5155	25.775	-10.5783422449604	0.125935234129429
5156	25.78	-10.5783422449604	0.125935234129429
5157	25.785	-10.5783422449604	0.127224906114861
5158	25.79	-10.5783422449604	0.125935234129429
5159	25.795	-10.5783422449604	0.125935234129429
5160	25.8	-10.5783422449604	0.125935234129429
5161	25.805	-10.5783422449604	0.125935234129429
5162	25.81	-10.5783422449604	0.125935234129429
5163	25.815	-10.5783422449604	0.125935234129429
5164	25.82	-10.5783422449604	0.125935234129429
5165	25.825	-10.5783422449604	0.125935234129429
5166	25.83	-10.5783422449604	0.125935234129429
5167	25.835	-10.5783422449604	0.125935234129429
5168	25.84	-10.5783422449604	0.125935234129429
5169	25.845	-10.5783422449604	0.125935234129429
5170	25.85	-10.5783422449604	0.125935234129429
5171	25.855	-10.5783422449604	0.125935234129429
5172	25.86	-10.5783422449604	0.125935234129429
5173	25.865	-10.5783422449604	0.125935234129429
5174	25.87	-10.5783422449604	0.124645562143996
5175	25.875	-10.5783422449604	0.125935234129429
5176	25.88	-10.5783422449604	0.125935234129429
5177	25.885	-10.5783422449604	0.125935234129429
5178	25.89	-10.5783422449604	0.125935234129429
5179	25.895	-10.5783422449604	0.124645562143996
5180	25.9	-10.5783422449604	0.124645562143996
5181	25.905	-10.5783422449604	0.125935234129429
5182	25.91	-10.5783422449604	0.125935234129429
5183	25.915	-10.5783422449604	0.125935234129429
5184	25.92	-10.5783422449604	0.124645562143996
5185	25.925	-10.5783422449604	0.125935234129429
5186	25.93	-10.5783422449604	0.125935234129429
5187	25.935	-10.5783422449604	0.124645562143996
5188	25.94	-10.5783422449604	0.124645562143996
5189	25.945	-10.5783422449604	0.124645562143996
5190	25.95	-10.5783422449604	0.125935234129429
5191	25.955	-10.5783422449604	0.124645562143996
5192	25.96	-10.5783422449604	0.124645562143996
5193	25.965	-10.5783422449604	0.124645562143996
5194	25.97	-10.5783422449604	0.124645562143996
5195	25.975	-10.5783422449604	0.124645562143996
5196	25.98	-10.5783422449604	0.124645562143996
5197	25.985	-10.5783422449604	0.124645562143996
5198	25.99	-10.5783422449604	0.124645562143996
5199	25.995	-10.5783422449604	0.124645562143996
5200	26	-10.5783422449604	0.124645562143996
5201	26.005	-10.5783422449604	0.123355890158564
5202	26.01	-10.5783422449604	0.124645562143996
5203	26.015	-10.5783422449604	0.125935234129429
5204	26.02	-10.5783422449604	0.124645562143996
5205	26.025	-10.5783422449604	0.124645562143996
5206	26.03	-10.5783422449604	0.124645562143996
5207	26.035	-10.5783422449604	0.124645562143996
5208	26.04	-10.5783422449604	0.124645562143996
5209	26.045	-10.5783422449604	0.124645562143996
5210	26.05	-10.5783422449604	0.124645562143996
5211	26.055	-10.5783422449604	0.124645562143996
5212	26.06	-10.5783422449604	0.123355890158564
5213	26.065	-10.5783422449604	0.124645562143996
5214	26.07	-10.5783422449604	0.124645562143996
5215	26.075	-10.5783422449604	0.124645562143996
5216	26.08	-10.5783422449604	0.124645562143996
5217	26.085	-10.5783422449604	0.124645562143996
5218	26.09	-10.5783422449604	0.124645562143996
5219	26.095	-10.5783422449604	0.124645562143996
5220	26.1	-10.5783422449604	0.124645562143996
5221	26.105	-10.5783422449604	0.124645562143996
5222	26.11	-10.5783422449604	0.124645562143996
5223	26.115	-10.5783422449604	0.124645562143996
5224	26.12	-10.5783422449604	0.124645562143996
5225	26.125	-10.5783422449604	0.124645562143996
5226	26.13	-10.5783422449604	0.124645562143996
5227	26.135	-10.5783422449604	0.124645562143996
5228	26.14	-10.5783422449604	0.124645562143996
5229	26.145	-10.5783422449604	0.123355890158564
5230	26.15	-10.5783422449604	0.124645562143996
5231	26.155	-10.5783422449604	0.123355890158564
5232	26.16	-10.5783422449604	0.124645562143996
5233	26.165	-10.5783422449604	0.123355890158564
5234	26.17	-10.5783422449604	0.124645562143996
5235	26.175	-10.5783422449604	0.123355890158564
5236	26.18	-10.5783422449604	0.123355890158564
5237	26.185	-10.5783422449604	0.123355890158564
5238	26.19	-10.5783422449604	0.123355890158564
5239	26.195	-10.5783422449604	0.123355890158564
5240	26.2	-10.5783422449604	0.123355890158564
5241	26.205	-10.5783422449604	0.124645562143996
5242	26.21	-10.5783422449604	0.123355890158564
5243	26.215	-10.5783422449604	0.123355890158564
5244	26.22	-10.5783422449604	0.123355890158564
5245	26.225	-10.5783422449604	0.124645562143996
5246	26.23	-10.5783422449604	0.123355890158564
5247	26.235	-10.5783422449604	0.124645562143996
5248	26.24	-10.5783422449604	0.123355890158564
5249	26.245	-10.5783422449604	0.123355890158564
5250	26.25	-10.5783422449604	0.123355890158564
5251	26.255	-10.5783422449604	0.123355890158564
5252	26.26	-10.5783422449604	0.124645562143996
5253	26.265	-10.5783422449604	0.123355890158564
5254	26.27	-10.5783422449604	0.124645562143996
5255	26.275	-10.5783422449604	0.123355890158564
5256	26.28	-10.5783422449604	0.123355890158564
5257	26.285	-10.5783422449604	0.123355890158564
5258	26.29	-10.5783422449604	0.123355890158564
5259	26.295	-10.5783422449604	0.123355890158564
5260	26.3	-10.5783422449604	0.123355890158564
5261	26.305	-10.5783422449604	0.123355890158564
5262	26.31	-10.5783422449604	0.123355890158564
5263	26.315	-10.5783422449604	0.123355890158564
5264	26.32	-10.5783422449604	0.123355890158564
5265	26.325	-10.5783422449604	0.123355890158564
5266	26.33	-10.5783422449604	0.123355890158564
5267	26.335	-10.5783422449604	0.123355890158564
5268	26.34	-10.5783422449604	0.123355890158564
5269	26.345	-10.5783422449604	0.123355890158564
5270	26.35	-10.5783422449604	0.123355890158564
5271	26.355	-10.5783422449604	0.123355890158564
5272	26.36	-10.5783422449604	0.123355890158564
5273	26.365	-10.5783422449604	0.123355890158564
5274	26.37	-10.5783422449604	0.123355890158564
5275	26.375	-10.5783422449604	0.123355890158564
5276	26.38	-10.5783422449604	0.123355890158564
5277	26.385	-10.5783422449604	0.123355890158564
5278	26.39	-10.5783422449604	0.123355890158564
5279	26.395	-10.5783422449604	0.123355890158564
5280	26.4	-10.5783422449604	0.122066218173131
5281	26.405	-10.5783422449604	0.122066218173131
5282	26.41	-10.5783422449604	0.122066218173131
5283	26.415	-10.5783422449604	0.123355890158564
5284	26.42	-10.5783422449604	0.123355890158564
5285	26.425	-10.5783422449604	0.122066218173131
5286	26.43	-10.5783422449604	0.123355890158564
5287	26.435	-10.5783422449604	0.122066218173131
5288	26.44	-10.5783422449604	0.122066218173131
5289	26.445	-10.5783422449604	0.122066218173131
5290	26.45	-10.5783422449604	0.122066218173131
5291	26.455	-10.5783422449604	0.123355890158564
5292	26.46	-10.5783422449604	0.122066218173131
5293	26.465	-10.5783422449604	0.122066218173131
5294	26.47	-10.5783422449604	0.122066218173131
5295	26.475	-10.5783422449604	0.122066218173131
5296	26.48	-10.5783422449604	0.122066218173131
5297	26.485	-10.5783422449604	0.122066218173131
5298	26.49	-10.5783422449604	0.122066218173131
5299	26.495	-10.5783422449604	0.122066218173131
5300	26.5	-10.5783422449604	0.122066218173131
5301	26.505	-10.5783422449604	0.120776546187699
5302	26.51	-10.5783422449604	0.120776546187699
5303	26.515	-10.5783422449604	0.122066218173131
5304	26.52	-10.5783422449604	0.122066218173131
5305	26.525	-10.5783422449604	0.120776546187699
5306	26.53	-10.5783422449604	0.120776546187699
5307	26.535	-10.5783422449604	0.122066218173131
5308	26.54	-10.5783422449604	0.122066218173131
5309	26.545	-10.5783422449604	0.120776546187699
5310	26.55	-10.5783422449604	0.122066218173131
5311	26.555	-10.5783422449604	0.122066218173131
5312	26.56	-10.5783422449604	0.120776546187699
5313	26.565	-10.5783422449604	0.120776546187699
5314	26.57	-10.5783422449604	0.122066218173131
5315	26.575	-10.5783422449604	0.120776546187699
5316	26.58	-10.5783422449604	0.122066218173131
5317	26.585	-10.5783422449604	0.120776546187699
5318	26.59	-10.5783422449604	0.120776546187699
5319	26.595	-10.5783422449604	0.120776546187699
5320	26.6	-10.5783422449604	0.120776546187699
5321	26.605	-10.5783422449604	0.120776546187699
5322	26.61	-10.5783422449604	0.120776546187699
5323	26.615	-10.5783422449604	0.120776546187699
5324	26.62	-10.5783422449604	0.120776546187699
5325	26.625	-10.5783422449604	0.120776546187699
5326	26.63	-10.5783422449604	0.120776546187699
5327	26.635	-10.5783422449604	0.120776546187699
5328	26.64	-10.5783422449604	0.120776546187699
5329	26.645	-10.5783422449604	0.120776546187699
5330	26.65	-10.5783422449604	0.120776546187699
5331	26.655	-10.5783422449604	0.120776546187699
5332	26.66	-10.5783422449604	0.120776546187699
5333	26.665	-10.5783422449604	0.119486874202266
5334	26.67	-10.5783422449604	0.120776546187699
5335	26.675	-10.5783422449604	0.120776546187699
5336	26.68	-10.5783422449604	0.120776546187699
5337	26.685	-10.5783422449604	0.120776546187699
5338	26.69	-10.5783422449604	0.119486874202266
5339	26.695	-10.5783422449604	0.120776546187699
5340	26.7	-10.5783422449604	0.120776546187699
5341	26.705	-10.5783422449604	0.120776546187699
5342	26.71	-10.5783422449604	0.120776546187699
5343	26.715	-10.5783422449604	0.120776546187699
5344	26.72	-10.5783422449604	0.120776546187699
5345	26.725	-10.5783422449604	0.120776546187699
5346	26.73	-10.5783422449604	0.119486874202266
5347	26.735	-10.5783422449604	0.120776546187699
5348	26.74	-10.5783422449604	0.120776546187699
5349	26.745	-10.5783422449604	0.119486874202266
5350	26.75	-10.5783422449604	0.119486874202266
5351	26.755	-10.5783422449604	0.120776546187699
5352	26.76	-10.5783422449604	0.119486874202266
5353	26.765	-10.5783422449604	0.119486874202266
5354	26.77	-10.5783422449604	0.119486874202266
5355	26.775	-10.5783422449604	0.119486874202266
5356	26.78	-10.5783422449604	0.120776546187699
5357	26.785	-10.5783422449604	0.119486874202266
5358	26.79	-10.5783422449604	0.119486874202266
5359	26.795	-10.5783422449604	0.119486874202266
5360	26.8	-10.5783422449604	0.119486874202266
5361	26.805	-10.5783422449604	0.119486874202266
5362	26.81	-10.5783422449604	0.119486874202266
5363	26.815	-10.5783422449604	0.119486874202266
5364	26.82	-10.5783422449604	0.119486874202266
5365	26.825	-10.5783422449604	0.119486874202266
5366	26.83	-10.5783422449604	0.119486874202266
5367	26.835	-10.5783422449604	0.119486874202266
5368	26.84	-10.5783422449604	0.119486874202266
5369	26.845	-10.5783422449604	0.119486874202266
5370	26.85	-10.5783422449604	0.119486874202266
5371	26.855	-10.5783422449604	0.119486874202266
5372	26.86	-10.5783422449604	0.119486874202266
5373	26.865	-10.5783422449604	0.119486874202266
5374	26.87	-10.5783422449604	0.119486874202266
5375	26.875	-10.5783422449604	0.119486874202266
5376	26.88	-10.5783422449604	0.119486874202266
5377	26.885	-10.5783422449604	0.119486874202266
5378	26.89	-10.5783422449604	0.119486874202266
5379	26.895	-10.5783422449604	0.119486874202266
5380	26.9	-10.5783422449604	0.118197202216834
5381	26.905	-10.5783422449604	0.119486874202266
5382	26.91	-10.5783422449604	0.119486874202266
5383	26.915	-10.5783422449604	0.119486874202266
5384	26.92	-10.5783422449604	0.119486874202266
5385	26.925	-10.5783422449604	0.119486874202266
5386	26.93	-10.5783422449604	0.119486874202266
5387	26.935	-10.5783422449604	0.119486874202266
5388	26.94	-10.5783422449604	0.119486874202266
5389	26.945	-10.5783422449604	0.119486874202266
5390	26.95	-10.5783422449604	0.118197202216834
5391	26.955	-10.5783422449604	0.119486874202266
5392	26.96	-10.5783422449604	0.118197202216834
5393	26.965	-10.5783422449604	0.119486874202266
5394	26.97	-10.5783422449604	0.118197202216834
5395	26.975	-10.5783422449604	0.119486874202266
5396	26.98	-10.5783422449604	0.119486874202266
5397	26.985	-10.5783422449604	0.118197202216834
5398	26.99	-10.5783422449604	0.118197202216834
5399	26.995	-10.5783422449604	0.118197202216834
5400	27	-10.5783422449604	0.118197202216834
5401	27.005	-10.5783422449604	0.118197202216834
5402	27.01	-10.5783422449604	0.118197202216834
5403	27.015	-10.5783422449604	0.118197202216834
5404	27.02	-10.5783422449604	0.118197202216834
5405	27.025	-10.5783422449604	0.118197202216834
5406	27.03	-10.5783422449604	0.118197202216834
5407	27.035	-10.5783422449604	0.118197202216834
5408	27.04	-10.5783422449604	0.118197202216834
5409	27.045	-10.5783422449604	0.118197202216834
5410	27.05	-10.5783422449604	0.118197202216834
5411	27.055	-10.5783422449604	0.118197202216834
5412	27.06	-10.5783422449604	0.118197202216834
5413	27.065	-10.5783422449604	0.118197202216834
5414	27.07	-10.5783422449604	0.116907530231401
5415	27.075	-10.5783422449604	0.118197202216834
5416	27.08	-10.5783422449604	0.116907530231401
5417	27.085	-10.5783422449604	0.118197202216834
5418	27.09	-10.5783422449604	0.116907530231401
5419	27.095	-10.5783422449604	0.116907530231401
5420	27.1	-10.5783422449604	0.116907530231401
5421	27.105	-10.5783422449604	0.118197202216834
5422	27.11	-10.5783422449604	0.116907530231401
5423	27.115	-10.5783422449604	0.116907530231401
5424	27.12	-10.5577074931934	0.116907530231401
5425	27.125	-10.5280450375285	0.118197202216834
5426	27.13	-10.5344933974557	0.118197202216834
5427	27.135	-10.4854858620092	0.116907530231401
5428	27.14	-10.4235816067085	0.118197202216834
5429	27.145	-10.3836017751601	0.116907530231401
5430	27.15	-10.3578083354514	0.116907530231401
5431	27.155	-10.3229871918447	0.116907530231401
5432	27.16	-10.2623726085294	0.116907530231401
5433	27.165	-10.2327101528645	0.116907530231401
5434	27.17	-10.2004683532286	0.118197202216834
5435	27.175	-10.1398537699133	0.116907530231401
5436	27.18	-10.0586044348311	0.116907530231401
5437	27.185	-10.0121762433555	0.116907530231401
5438	27.19	-9.97219641180709	0.116907530231401
5439	27.195	-10.0044382114429	0.116907530231401
5440	27.2	-9.99798985151574	0.116907530231401
5441	27.205	-9.91674051643349	0.116907530231401
5442	27.21	-9.88320904481225	0.116907530231401
5443	27.215	-9.79551134980284	0.116907530231401
5444	27.22	-9.75682119023986	0.116907530231401
5445	27.225	-9.77100758207962	0.116907530231401
5446	27.23	-9.75682119023986	0.116907530231401
5447	27.235	-9.70652398280799	0.115617858245969
5448	27.24	-9.63559202360921	0.116907530231401
5449	27.245	-9.56079104845412	0.116907530231401
5450	27.25	-9.52081121690571	0.115617858245969
5451	27.255	-9.51694220094942	0.116907530231401
5452	27.26	-9.4885694172699	0.116907530231401
5453	27.265	-9.49501777719706	0.116907530231401
5454	27.27	-9.40603041020222	0.116907530231401
5455	27.275	-9.40345106623136	0.116907530231401
5456	27.28	-9.41247877012938	0.116907530231401
5457	27.285	-9.44601024175063	0.116907530231401
5458	27.29	-9.39184401836246	0.116907530231401
5459	27.295	-9.34154681093059	0.115617858245969
5460	27.3	-9.31317402725108	0.115617858245969
5461	27.305	-9.26803550776094	0.116907530231401
5462	27.31	-9.21773830032907	0.115617858245969
5463	27.315	-9.17646879679523	0.115617858245969
5464	27.32	-9.15583404502831	0.116907530231401
5465	27.325	-9.11327486950904	0.115617858245969
5466	27.33	-9.06297766207717	0.115617858245969
5467	27.335	-9.00494242273271	0.115617858245969
5468	27.34	-8.9688316071406	0.115617858245969
5469	27.345	-8.93787947949022	0.115617858245969
5470	27.35	-8.86049916036427	0.116907530231401
5471	27.355	-8.83470572065562	0.115617858245969
5472	27.36	-8.8102019529324	0.115617858245969
5473	27.365	-8.73411130579188	0.115617858245969
5474	27.37	-8.74958736961707	0.115617858245969
5475	27.375	-8.65802065865137	0.115617858245969
5476	27.38	-8.66833803453483	0.115617858245969
5477	27.385	-8.62319951504469	0.115617858245969
5478	27.39	-8.59353705937974	0.115617858245969
5479	27.395	-8.55097788386047	0.115617858245969
5480	27.4	-8.52260510018095	0.115617858245969
5481	27.405	-8.49810133245774	0.115617858245969
5482	27.41	-8.44651445304044	0.115617858245969
5483	27.415	-8.43361773318611	0.115617858245969
5484	27.42	-8.44135576509871	0.115617858245969
5485	27.425	-8.38461019773968	0.115617858245969
5486	27.43	-8.32528528640978	0.115617858245969
5487	27.435	-8.26209135912359	0.115617858245969
5488	27.44	-8.20147677580826	0.115617858245969
5489	27.445	-8.17439366411418	0.115617858245969
5490	27.45	-8.13699317653663	0.115617858245969
5491	27.455	-8.12538612866774	0.115617858245969
5492	27.46	-8.09314432903193	0.115617858245969
5493	27.465	-8.02350204181857	0.115617858245969
5494	27.47	-7.99899827409536	0.115617858245969
5495	27.475	-8.02608138578944	0.115617858245969
5496	27.48	-8.01189499394968	0.115617858245969
5497	27.485	-8.02737105777487	0.115617858245969
5498	27.49	-7.96030811453238	0.114328186260536
5499	27.495	-7.89969353121705	0.115617858245969
5500	27.5	-7.8777691074647	0.115617858245969
5501	27.505	-7.85197566775605	0.115617858245969
5502	27.51	-7.82876157201827	0.115617858245969
5503	27.515	-7.71784978127107	0.115617858245969
5504	27.52	-7.6791596217081	0.115617858245969
5505	27.525	-7.5127919355873	0.115617858245969
5506	27.53	-7.49989521573298	0.115617858245969
5507	27.535	-7.41864588065073	0.114328186260536
5508	27.54	-7.31547212181613	0.115617858245969
5509	27.545	-7.2587265544571	0.115617858245969
5510	27.55	-7.08204149245284	0.114328186260536
5511	27.555	-7.04335133288987	0.114328186260536
5512	27.56	-6.93630855809897	0.115617858245969
5513	27.565	-6.84861086308956	0.115617858245969
5514	27.57	-6.76994087197818	0.114328186260536
5515	27.575	-6.64871170534752	0.114328186260536
5516	27.58	-6.57906941813417	0.114328186260536
5517	27.585	-6.47460598731413	0.115617858245969
5518	27.59	-6.40367402811535	0.115617858245969
5519	27.595	-6.35208714869805	0.115617858245969
5520	27.6	-6.28244486148469	0.114328186260536
5521	27.605	-6.26825846964493	0.115617858245969
5522	27.61	-6.19861618243158	0.114328186260536
5523	27.615	-6.1637950388249	0.114328186260536
5524	27.62	-6.10575979948044	0.114328186260536
5525	27.625	-6.02966915233992	0.114328186260536
5526	27.63	-5.97937194490805	0.114328186260536
5527	27.635	-5.92520572151989	0.114328186260536
5528	27.64	-5.88006720202975	0.114328186260536
5529	27.645	-5.78979016304947	0.114328186260536
5530	27.65	-5.73562393966131	0.115617858245969
5531	27.655	-5.62084313295782	0.114328186260536
5532	27.66	-5.53830412589014	0.114328186260536
5533	27.665	-5.4970346223563	0.114328186260536
5534	27.67	-5.41449561528862	0.114328186260536
5535	27.675	-5.34743267204612	0.113038514275104
5536	27.68	-5.26618333696388	0.114328186260536
5537	27.685	-5.20685842563398	0.114328186260536
5538	27.69	-5.16687859408557	0.113038514275104
5539	27.695	-5.08176024304703	0.113038514275104
5540	27.7	-5.05209778738208	0.114328186260536
5541	27.705	-4.9695587803144	0.114328186260536
5542	27.71	-4.90507518104278	0.114328186260536
5543	27.715	-4.83672256581485	0.114328186260536
5544	27.72	-4.77094929455779	0.113038514275104
5545	27.725	-4.73870749492198	0.114328186260536
5546	27.73	-4.71291405521333	0.114328186260536
5547	27.735	-4.61618865630589	0.114328186260536
5548	27.74	-4.55815341696143	0.113038514275104
5549	27.745	-4.54267735313624	0.113038514275104
5550	27.75	-4.49109047371894	0.114328186260536
5551	27.755	-4.4021031067241	0.114328186260536
5552	27.76	-4.37759933900088	0.113038514275104
5553	27.765	-4.3027983638458	0.113038514275104
5554	27.77	-4.24089410854504	0.113038514275104
5555	27.775	-4.1918865730986	0.113038514275104
5556	27.78	-4.09387150220573	0.113038514275104
5557	27.785	-4.05647101462819	0.113038514275104
5558	27.79	-3.9855390554294	0.113038514275104
5559	27.795	-3.91847611218691	0.113038514275104
5560	27.8	-3.8307784171775	0.113038514275104
5561	27.805	-3.78048120974563	0.113038514275104
5562	27.81	-3.70954925054684	0.113038514275104
5563	27.815	-3.620561883552	0.113038514275104
5564	27.82	-3.61411352362484	0.113038514275104
5565	27.825	-3.55220926832408	0.111748842289671
5566	27.83	-3.49546370096505	0.113038514275104
5567	27.835	-3.43613878963515	0.113038514275104
5568	27.84	-3.38842092617415	0.111748842289671
5569	27.845	-3.34457207866944	0.113038514275104
5570	27.85	-3.32651667087339	0.113038514275104
5571	27.855	-3.2517156957183	0.111748842289671
5572	27.86	-3.18723209644668	0.113038514275104
5573	27.865	-3.11243112129159	0.111748842289671
5574	27.87	-3.08276866562665	0.111748842289671
5575	27.875	-3.05181653797626	0.111748842289671
5576	27.88	-2.99893998657353	0.113038514275104
5577	27.885	-2.94864277914166	0.111748842289671
5578	27.89	-2.91124229156412	0.111748842289671
5579	27.895	-2.85191738023423	0.111748842289671
5580	27.9	-2.81967558059841	0.111748842289671
5581	27.905	-2.76164034125395	0.111748842289671
5582	27.91	-2.69586706999689	0.111748842289671
5583	27.915	-2.6803910061717	0.111748842289671
5584	27.92	-2.61848675087094	0.111748842289671
5585	27.925	-2.55658249557018	0.111748842289671
5586	27.93	-2.54368577571586	0.111748842289671
5587	27.935	-2.51918200799264	0.111748842289671
5588	27.94	-2.46243644063361	0.111748842289671
5589	27.945	-2.42374628107063	0.111748842289671
5590	27.95	-2.38634579349309	0.111748842289671
5591	27.955	-2.36055235378444	0.111748842289671
5592	27.96	-2.35410399385728	0.111748842289671
5593	27.965	-2.3154138342943	0.111748842289671
5594	27.97	-2.29993777046911	0.110459170304239
5595	27.975	-2.24706121906638	0.111748842289671
5596	27.98	-2.263826954877	0.111748842289671
5597	27.985	-2.22126777935773	0.111748842289671
5598	27.99	-2.23416449921206	0.110459170304239
5599	27.995	-2.19676401163451	0.110459170304239
5600	28	-2.18128794780932	0.110459170304239
5601	28.005	-2.168391227955	0.110459170304239
5602	28.01	-2.13099074037746	0.110459170304239
5603	28.015	-2.14388746023178	0.110459170304239
5604	28.02	-2.10648697265424	0.110459170304239
5605	28.025	-2.09874894074164	0.110459170304239
5606	28.03	-2.08327287691645	0.110459170304239
5607	28.035	-2.0690864850767	0.110459170304239
5608	28.04	-2.0690864850767	0.110459170304239
5609	28.045	-2.05618976522237	0.110459170304239
5610	28.05	-2.03684468544088	0.110459170304239
5611	28.055	-2.01620993367396	0.110459170304239
5612	28.06	-2.00073386984877	0.110459170304239
5613	28.065	-2.00847190176137	0.110459170304239
5614	28.07	-2.0136305897031	0.110459170304239
5615	28.075	-1.99299583793618	0.110459170304239
5616	28.08	-1.99041649396531	0.110459170304239
5617	28.085	-1.98912682197988	0.110459170304239
5618	28.09	-1.97623010212556	0.110459170304239
5619	28.095	-1.98525780602358	0.110459170304239
5620	28.1	-2.00847190176137	0.110459170304239
5621	28.105	-1.97365075815469	0.110459170304239
5622	28.11	-1.9620437102858	0.109169498318806
5623	28.115	-1.96720239822753	0.109169498318806
5624	28.12	-1.99299583793618	0.109169498318806
5625	28.125	-1.98396813403815	0.110459170304239
5626	28.13	-1.96720239822753	0.110459170304239
5627	28.135	-1.9581746943295	0.110459170304239
5628	28.14	-1.9581746943295	0.109169498318806
5629	28.145	-1.97236108616926	0.110459170304239
5630	28.15	-1.9620437102858	0.110459170304239
5631	28.155	-1.96462305425666	0.109169498318806
5632	28.16	-1.95688502234407	0.109169498318806
5633	28.165	-1.9543056783732	0.109169498318806
5634	28.17	-1.95946436631493	0.110459170304239
5635	28.175	-1.97494043014012	0.109169498318806
5636	28.18	-1.94785731844604	0.109169498318806
5637	28.185	-1.9543056783732	0.110459170304239
5638	28.19	-1.94656764646061	0.109169498318806
5639	28.195	-1.93238125462085	0.109169498318806
5640	28.2	-1.94527797447518	0.107879826333374
5641	28.205	-1.9620437102858	0.109169498318806
5642	28.21	-1.95688502234407	0.109169498318806
5643	28.215	-1.9543056783732	0.109169498318806
5644	28.22	-1.96075403830037	0.109169498318806
5645	28.225	-1.95688502234407	0.109169498318806
5646	28.23	-1.96333338227123	0.109169498318806
5647	28.235	-1.95301600638777	0.107879826333374
5648	28.24	-1.98267846205272	0.107879826333374
5649	28.245	-1.98267846205272	0.107879826333374
5650	28.25	-1.96849207021296	0.109169498318806
5651	28.255	-1.97236108616926	0.109169498318806
5652	28.26	-1.98009911808185	0.109169498318806
5653	28.265	-1.99428550992161	0.109169498318806
5654	28.27	-1.9659127262421	0.107879826333374
5655	28.275	-2.00202354183421	0.109169498318806
5656	28.28	-1.98525780602358	0.107879826333374
5657	28.285	-2.00847190176137	0.107879826333374
5658	28.29	-2.01878927764483	0.107879826333374
5659	28.295	-2.03168599749915	0.107879826333374
5660	28.3	-2.02910665352829	0.107879826333374
5661	28.305	-2.03426534147002	0.107879826333374
5662	28.31	-2.06263812514953	0.107879826333374
5663	28.315	-2.03942402941175	0.107879826333374
5664	28.32	-2.05361042125151	0.109169498318806
5665	28.325	-2.0652174691204	0.107879826333374
5666	28.33	-2.07166582904756	0.107879826333374
5667	28.335	-2.07940386096016	0.107879826333374
5668	28.34	-2.10519730066881	0.107879826333374
5669	28.345	-2.08198320493102	0.107879826333374
5670	28.35	-2.09616959677078	0.107879826333374
5671	28.355	-2.10261795669794	0.107879826333374
5672	28.36	-2.12196303647943	0.107879826333374
5673	28.365	-2.13099074037746	0.107879826333374
5674	28.37	-2.12583205243573	0.106590154347941
5675	28.375	-2.15420483611524	0.107879826333374
5676	28.38	-2.1606531960424	0.106590154347941
5677	28.385	-2.16581188398413	0.107879826333374
5678	28.39	-2.17870860383846	0.107879826333374
5679	28.395	-2.18773630773649	0.107879826333374
5680	28.4	-2.20063302759081	0.106590154347941
5681	28.405	-2.22126777935773	0.107879826333374
5682	28.41	-2.26253728289157	0.106590154347941
5683	28.415	-2.26124761090614	0.106590154347941
5684	28.42	-2.26511662686244	0.107879826333374
5685	28.425	-2.30122744245455	0.106590154347941
5686	28.43	-2.32186219422147	0.107879826333374
5687	28.435	-2.36055235378444	0.106590154347941
5688	28.44	-2.37215940165333	0.106590154347941
5689	28.445	-2.36184202576987	0.106590154347941
5690	28.45	-2.39666316937655	0.106590154347941
5691	28.455	-2.39666316937655	0.106590154347941
5692	28.46	-2.42890496901236	0.106590154347941
5693	28.465	-2.45727775269188	0.106590154347941
5694	28.47	-2.48822988034226	0.106590154347941
5695	28.475	-2.46888480056077	0.106590154347941
5696	28.48	-2.51402332005091	0.106590154347941
5697	28.485	-2.53465807181783	0.106590154347941
5698	28.49	-2.56818954343908	0.106590154347941
5699	28.495	-2.57205855939537	0.106590154347941
5700	28.5	-2.60945904697292	0.106590154347941
5701	28.505	-2.59269331116229	0.106590154347941
5702	28.51	-2.64299051859416	0.106590154347941
5703	28.515	-2.66104592639022	0.106590154347941
5704	28.52	-2.66878395830281	0.105300482362509
5705	28.525	-2.72552952566184	0.106590154347941
5706	28.53	-2.70618444588035	0.105300482362509
5707	28.535	-2.72939854161814	0.106590154347941
5708	28.54	-2.74745394941419	0.106590154347941
5709	28.545	-2.79646148486063	0.106590154347941
5710	28.55	-2.84160000435077	0.105300482362509
5711	28.555	-2.87513147597201	0.105300482362509
5712	28.56	-2.86868311604485	0.105300482362509
5713	28.565	-2.90479393163696	0.106590154347941
5714	28.57	-2.91253196354955	0.106590154347941
5715	28.575	-2.97572589083575	0.105300482362509
5716	28.58	-2.99249162664637	0.106590154347941
5717	28.585	-3.00409867451526	0.105300482362509
5718	28.59	-3.02344375429675	0.105300482362509
5719	28.595	-3.0453681780491	0.106590154347941
5720	28.6	-3.07116161775775	0.105300482362509
5721	28.605	-3.10340341739357	0.105300482362509
5722	28.61	-3.11630013724789	0.105300482362509
5723	28.615	-3.11243112129159	0.105300482362509
5724	28.62	-3.15499029681087	0.105300482362509
5725	28.625	-3.14596259291284	0.105300482362509
5726	28.63	-3.17304570460692	0.105300482362509
5727	28.635	-3.18078373651952	0.105300482362509
5728	28.64	-3.21947389608249	0.105300482362509
5729	28.645	-3.24268799182028	0.105300482362509
5730	28.65	-3.23108094395138	0.105300482362509
5731	28.655	-3.24010864784941	0.105300482362509
5732	28.66	-3.28008847939782	0.105300482362509
5733	28.665	-3.3071715910919	0.105300482362509
5734	28.67	-3.33554437477142	0.105300482362509
5735	28.675	-3.37165519036353	0.105300482362509
5736	28.68	-3.36520683043636	0.105300482362509
5737	28.685	-3.39100027014501	0.105300482362509
5738	28.69	-3.40905567794107	0.105300482362509
5739	28.695	-3.42195239779539	0.105300482362509
5740	28.7	-3.45419419743121	0.105300482362509
5741	28.705	-3.45677354140207	0.104010810377076
5742	28.71	-3.45032518147491	0.104010810377076
5743	28.715	-3.4580632133875	0.105300482362509
5744	28.72	-3.48901534103788	0.105300482362509
5745	28.725	-3.48643599706702	0.104010810377076
5746	28.73	-3.51867779670283	0.104010810377076
5747	28.735	-3.54189189244062	0.105300482362509
5748	28.74	-3.55736795626581	0.105300482362509
5749	28.745	-3.55994730023667	0.105300482362509
5750	28.75	-3.55220926832408	0.105300482362509
5751	28.755	-3.62701024347916	0.104010810377076
5752	28.76	-3.63990696333349	0.104010810377076
5753	28.765	-3.64635532326065	0.104010810377076
5754	28.77	-3.64764499524608	0.104010810377076
5755	28.775	-3.69407318672165	0.104010810377076
5756	28.78	-3.69278351473622	0.104010810377076
5757	28.785	-3.76113612996414	0.104010810377076
5758	28.79	-3.79208825761452	0.104010810377076
5759	28.795	-3.79208825761452	0.105300482362509
5760	28.8	-3.80240563349798	0.105300482362509
5761	28.805	-3.8307784171775	0.104010810377076
5762	28.81	-3.87204792071134	0.104010810377076
5763	28.815	-3.90815873630345	0.104010810377076
5764	28.82	-3.9339521760121	0.104010810377076
5765	28.825	-3.90686906431802	0.104010810377076
5766	28.83	-3.91589676821604	0.104010810377076
5767	28.835	-3.95845594373532	0.104010810377076
5768	28.84	-4.02809823094867	0.104010810377076
5769	28.845	-4.04228462278843	0.104010810377076
5770	28.85	-4.03841560683213	0.104010810377076
5771	28.855	-4.01133249513805	0.104010810377076
5772	28.86	-4.05518134264275	0.104010810377076
5773	28.865	-4.09129215823486	0.104010810377076
5774	28.87	-4.12740297382697	0.104010810377076
5775	28.875	-4.17254149331711	0.104010810377076
5776	28.88	-4.15577575750649	0.104010810377076
5777	28.885	-4.18672788515687	0.104010810377076
5778	28.89	-4.2473424684722	0.104010810377076
5779	28.895	-4.30021901987493	0.104010810377076
5780	28.9	-4.31698475568555	0.102721138391644
5781	28.905	-4.31698475568555	0.102721138391644
5782	28.91	-4.32085377164185	0.102721138391644
5783	28.915	-4.36212327517569	0.104010810377076
5784	28.92	-4.42015851452015	0.104010810377076
5785	28.925	-4.4575590020977	0.104010810377076
5786	28.93	-4.4975388336461	0.102721138391644
5787	28.935	-4.44853129819967	0.102721138391644
5788	28.94	-4.48593178577721	0.102721138391644
5789	28.945	-4.54138768115081	0.102721138391644
5790	28.95	-4.61360931233503	0.104010810377076
5791	28.955	-4.61876800027676	0.102721138391644
5792	28.96	-4.6639065197669	0.102721138391644
5793	28.965	-4.63682340807281	0.104010810377076
5794	28.97	-4.67551356763579	0.102721138391644
5795	28.975	-4.72323143109679	0.102721138391644
5796	28.98	-4.74902487080544	0.102721138391644
5797	28.985	-4.78513568639755	0.102721138391644
5798	28.99	-4.82124650198966	0.102721138391644
5799	28.995	-4.83285354985856	0.102721138391644
5800	29	-4.88186108530499	0.102721138391644
5801	29.005	-4.93086862075143	0.102721138391644
5802	29.01	-4.98761418811046	0.102721138391644
5803	29.015	-5.04693909944035	0.102721138391644
5804	29.02	-5.0211456597317	0.102721138391644
5805	29.025	-5.04951844341122	0.102721138391644
5806	29.03	-5.09723630687222	0.102721138391644
5807	29.035	-5.20041006570682	0.102721138391644
5808	29.04	-5.19138236180879	0.102721138391644
5809	29.045	-5.21588612953201	0.101431466406211
5810	29.05	-5.24941760115325	0.102721138391644
5811	29.055	-5.28165940078907	0.102721138391644
5812	29.06	-5.31261152843945	0.101431466406211
5813	29.065	-5.35903971991502	0.101431466406211
5814	29.07	-5.36290873587132	0.101431466406211
5815	29.075	-5.3306669362355	0.101431466406211
5816	29.08	-5.3899918475654	0.101431466406211
5817	29.085	-5.37967447168194	0.101431466406211
5818	29.09	-5.47511019860394	0.101431466406211
5819	29.095	-5.45189610286616	0.101431466406211
5820	29.1	-5.445447742939	0.101431466406211
5821	29.105	-5.45060643088073	0.101431466406211
5822	29.11	-5.48800691845827	0.101431466406211
5823	29.115	-5.45705479080789	0.101431466406211
5824	29.12	-5.48413790250197	0.101431466406211
5825	29.125	-5.52153839007951	0.101431466406211
5826	29.13	-5.53185576596297	0.101431466406211
5827	29.135	-5.55506986170076	0.101431466406211
5828	29.14	-5.52798675000668	0.100141794420779
5829	29.145	-5.56022854964249	0.101431466406211
5830	29.15	-5.54346281383187	0.101431466406211
5831	29.155	-5.56796658155508	0.101431466406211
5832	29.16	-5.588601333322	0.101431466406211
5833	29.165	-5.58473231736571	0.100141794420779
5834	29.17	-5.56925625354052	0.100141794420779
5835	29.175	-5.55378018971533	0.100141794420779
5836	29.18	-5.53314543794841	0.100141794420779
5837	29.185	-5.58215297339484	0.101431466406211
5838	29.19	-5.56796658155508	0.101431466406211
5839	29.195	-5.57828395743854	0.100141794420779
5840	29.2	-5.54346281383187	0.101431466406211
5841	29.205	-5.52540740603581	0.100141794420779
5842	29.21	-5.54604215780273	0.100141794420779
5843	29.215	-5.58989100530744	0.101431466406211
5844	29.22	-5.58344264538027	0.101431466406211
5845	29.225	-5.62729149288498	0.101431466406211
5846	29.23	-5.55635953368619	0.101431466406211
5847	29.235	-5.53572478191927	0.101431466406211
5848	29.24	-5.53443510993384	0.100141794420779
5849	29.245	-5.56022854964249	0.100141794420779
5850	29.25	-5.5924703492783	0.100141794420779
5851	29.255	-5.57957362942398	0.100141794420779
5852	29.26	-5.57957362942398	0.100141794420779
5853	29.265	-5.56538723758422	0.100141794420779
5854	29.27	-5.58215297339484	0.100141794420779
5855	29.275	-5.59504969324917	0.100141794420779
5856	29.28	-5.63889854075387	0.100141794420779
5857	29.285	-5.63116050884128	0.100141794420779
5858	29.29	-5.63631919678301	0.100141794420779
5859	29.295	-5.69048542017117	0.100141794420779
5860	29.3	-5.79107983503491	0.100141794420779
5861	29.305	-5.84137704246677	0.100141794420779
5862	29.31	-5.8981226098258	0.100141794420779
5863	29.315	-5.92907473747618	0.100141794420779
5864	29.32	-5.92778506549075	0.100141794420779
5865	29.325	-5.96260620909743	0.100141794420779
5866	29.33	-6.06706963991746	0.100141794420779
5867	29.335	-6.1122081594076	0.0988521224353462
5868	29.34	-6.15218799095601	0.100141794420779
5869	29.345	-6.16508471081033	0.100141794420779
5870	29.35	-6.15734667889774	0.100141794420779
5871	29.355	-6.22440962214023	0.100141794420779
5872	29.36	-6.24504437390715	0.100141794420779
5873	29.365	-6.30178994126618	0.100141794420779
5874	29.37	-6.26954814163037	0.100141794420779
5875	29.375	-6.27728617354296	0.0988521224353462
5876	29.38	-6.26181010971777	0.100141794420779
5877	29.385	-6.29534158133902	0.0988521224353462
5878	29.39	-6.3146866611205	0.100141794420779
5879	29.395	-6.26954814163037	0.100141794420779
5880	29.4	-6.23859601397999	0.100141794420779
5881	29.405	-6.19861618243158	0.0988521224353462
5882	29.41	-6.2231199501548	0.100141794420779
5883	29.415	-6.20635421434417	0.0988521224353462
5884	29.42	-6.24375470192172	0.0988521224353462
5885	29.425	-6.20506454235874	0.0988521224353462
5886	29.43	-6.20248519838788	0.0988521224353462
5887	29.435	-6.2115129022859	0.0988521224353462
5888	29.44	-6.23085798206739	0.0988521224353462
5889	29.445	-6.24504437390715	0.0988521224353462
5890	29.45	-6.24504437390715	0.0988521224353462
5891	29.455	-6.28115518949926	0.0988521224353462
5892	29.46	-6.24375470192172	0.0988521224353462
5893	29.465	-6.24375470192172	0.0988521224353462
5894	29.47	-6.25020306184888	0.0988521224353462
5895	29.475	-6.27341715758666	0.100141794420779
5896	29.48	-6.25794109376147	0.0988521224353462
5897	29.485	-6.23472699802369	0.0988521224353462
5898	29.49	-6.2630997817032	0.0988521224353462
5899	29.495	-6.19216782250442	0.0988521224353462
5900	29.5	-6.26181010971777	0.0988521224353462
5901	29.505	-6.28373453347012	0.0988521224353462
5902	29.51	-6.27728617354296	0.0988521224353462
5903	29.515	-6.28760354942642	0.0988521224353462
5904	29.52	-6.30565895722248	0.0988521224353462
5905	29.525	-6.33532141288742	0.0988521224353462
5906	29.53	-6.37272190046497	0.0988521224353462
5907	29.535	-6.39722566818818	0.0988521224353462
5908	29.54	-6.44236418767832	0.0988521224353462
5909	29.545	-6.47202664334327	0.0988521224353462
5910	29.55	-6.49395106709562	0.0988521224353462
5911	29.555	-6.56359335430898	0.0988521224353462
5912	29.56	-6.58551777806133	0.0988521224353462
5913	29.565	-6.61002154578455	0.0975624504499137
5914	29.57	-6.65258072130382	0.0988521224353462
5915	29.575	-6.70287792873569	0.0975624504499137
5916	29.58	-6.74801644822583	0.0988521224353462
5917	29.585	-6.77380988793448	0.0975624504499137
5918	29.59	-6.7944446397014	0.0975624504499137
5919	29.595	-6.84474184713326	0.0975624504499137
5920	29.6	-6.83184512727894	0.0975624504499137
5921	29.605	-6.82539676735178	0.0975624504499137
5922	29.61	-6.84861086308956	0.0975624504499137
5923	29.615	-6.87698364676908	0.0975624504499137
5924	29.62	-6.85376955103129	0.0975624504499137
5925	29.625	-6.87053528684191	0.0975624504499137
5926	29.63	-6.87440430279821	0.0975624504499137
5927	29.635	-6.87827331875451	0.0975624504499137
5928	29.64	-6.87440430279821	0.0975624504499137
5929	29.645	-6.83571414323524	0.0975624504499137
5930	29.65	-6.85892823897302	0.0975624504499137
5931	29.655	-6.87569397478364	0.0975624504499137
5932	29.66	-6.83055545529351	0.0975624504499137
5933	29.665	-6.83700381522067	0.0962727784644812
5934	29.67	-6.84990053507499	0.0962727784644812
5935	29.675	-6.84087283117697	0.0975624504499137
5936	29.68	-6.84732119110413	0.0962727784644812
5937	29.685	-6.83958315919153	0.0962727784644812
5938	29.69	-6.86279725492932	0.0962727784644812
5939	29.695	-6.83958315919153	0.0962727784644812
5940	29.7	-6.87053528684191	0.0975624504499137
5941	29.705	-6.82668643933721	0.0962727784644812
5942	29.71	-6.87827331875451	0.0962727784644812
5943	29.715	-6.90922544640489	0.0962727784644812
5944	29.72	-6.88214233471081	0.0962727784644812
5945	29.725	-6.84087283117697	0.0975624504499137
5946	29.73	-6.83571414323524	0.0962727784644812
5947	29.735	-6.85892823897302	0.0962727784644812
5948	29.74	-6.87827331875451	0.0962727784644812
5949	29.745	-6.88472167868167	0.0962727784644812
5950	29.75	-6.86150758294389	0.0962727784644812
5951	29.755	-6.85376955103129	0.0962727784644812
5952	29.76	-6.8421625031624	0.0962727784644812
5953	29.765	-6.86408692691475	0.0962727784644812
5954	29.77	-6.87440430279821	0.0962727784644812
5955	29.775	-6.8937493825797	0.0962727784644812
5956	29.78	-6.86924561485648	0.0962727784644812
5957	29.785	-6.83313479926437	0.0962727784644812
5958	29.79	-6.88085266272537	0.0962727784644812
5959	29.795	-6.89245971059427	0.0949831064790487
5960	29.8	-6.90664610243402	0.0962727784644812
5961	29.805	-6.92341183824465	0.0962727784644812
5962	29.81	-6.9375982300844	0.0949831064790487
5963	29.815	-6.92986019817181	0.0949831064790487
5964	29.82	-6.94404659001157	0.0949831064790487
5965	29.825	-6.94791560596786	0.0949831064790487
5966	29.83	-7.00595084531233	0.0962727784644812
5967	29.835	-6.99176445347257	0.0949831064790487
5968	29.84	-7.01497854921035	0.0949831064790487
5969	29.845	-7.02658559707925	0.0962727784644812
5970	29.85	-7.00981986126862	0.0962727784644812
5971	29.855	-7.04979969281703	0.0949831064790487
5972	29.86	-7.01497854921035	0.0949831064790487
5973	29.865	-7.01239920523949	0.0949831064790487
5974	29.87	-7.01239920523949	0.0949831064790487
5975	29.875	-7.02142690913752	0.0949831064790487
5976	29.88	-7.05366870877333	0.0949831064790487
5977	29.885	-7.00724051729776	0.0949831064790487
5978	29.89	-7.00595084531233	0.0949831064790487
5979	29.895	-7.02529592509381	0.0949831064790487
5980	29.9	-7.02013723715208	0.0949831064790487
5981	29.905	-7.02400625310838	0.0949831064790487
5982	29.91	-7.02916494105011	0.0949831064790487
5983	29.915	-7.03174428502098	0.0949831064790487
5984	29.92	-7.04593067686073	0.0949831064790487
5985	29.925	-7.00337150134146	0.0949831064790487
5986	29.93	-7.03432362899184	0.0949831064790487
5987	29.935	-7.00337150134146	0.0949831064790487
5988	29.94	-7.04335133288987	0.0949831064790487
5989	29.945	-6.99047478148714	0.0949831064790487
5990	29.95	-7.00208182935603	0.0949831064790487
5991	29.955	-7.03561330097727	0.0949831064790487
5992	29.96	-7.03690297296271	0.0949831064790487
5993	29.965	-7.03432362899184	0.0949831064790487
5994	29.97	-6.99950248538516	0.0949831064790487
5995	29.975	-7.04206166090444	0.0949831064790487
5996	29.98	-7.00595084531233	0.0949831064790487
5997	29.985	-7.01884756516665	0.0949831064790487
5998	29.99	-6.99563346942887	0.0936934344936162
5999	29.995	-7.01884756516665	0.0936934344936162
6000	30	-7.02142690913752	0.0949831064790487
6001	30.005	-7.04206166090444	0.0936934344936162
6002	30.01	-7.05495838075876	0.0936934344936162
6003	30.015	-7.03948231693357	0.0936934344936162
6004	30.02	-7.04206166090444	0.0936934344936162
6005	30.025	-7.00853018928319	0.0936934344936162
6006	30.03	-7.01368887722492	0.0936934344936162
6007	30.035	-7.04593067686073	0.0936934344936162
6008	30.04	-7.00337150134146	0.0936934344936162
6009	30.045	-6.99821281339973	0.0936934344936162
6010	30.05	-7.06656542862765	0.0936934344936162
6011	30.055	-7.05108936480246	0.0936934344936162
6012	30.06	-7.02658559707925	0.0936934344936162
6013	30.065	-7.04979969281703	0.0936934344936162
6014	30.07	-7.03948231693357	0.0936934344936162
6015	30.075	-7.02787526906468	0.0936934344936162
6016	30.08	-7.04206166090444	0.0936934344936162
6017	30.085	-7.05495838075876	0.0936934344936162
6018	30.09	-7.03045461303554	0.0936934344936162
6019	30.095	-7.03432362899184	0.0936934344936162
6020	30.1	-7.04722034884617	0.0936934344936162
6021	30.105	-7.05882739671506	0.0936934344936162
6022	30.11	-7.01368887722492	0.0936934344936162
6023	30.115	-7.0446410048753	0.0936934344936162
6024	30.12	-7.02658559707925	0.0936934344936162
6025	30.125	-7.04722034884617	0.0924037625081837
6026	30.13	-7.00595084531233	0.0936934344936162
6027	30.135	-7.03045461303554	0.0936934344936162
6028	30.14	-6.98531609354541	0.0936934344936162
6029	30.145	-6.9891851095017	0.0924037625081837
6030	30.15	-6.96210199780762	0.0924037625081837
6031	30.155	-6.96984002972022	0.0936934344936162
6032	30.16	-6.92986019817181	0.0936934344936162
6033	30.165	-6.92857052618638	0.0936934344936162
6034	30.17	-6.897618398536	0.0936934344936162
6035	30.175	-6.88730102265254	0.0924037625081837
6036	30.18	-6.86408692691475	0.0936934344936162
6037	30.185	-6.83958315919153	0.0936934344936162
6038	30.19	-6.80089299962856	0.0924037625081837
6039	30.195	-6.76994087197818	0.0936934344936162
6040	30.2	-6.74801644822583	0.0924037625081837
6041	30.205	-6.73383005638607	0.0924037625081837
6042	30.21	-6.71577464859001	0.0924037625081837
6043	30.215	-6.72609202447347	0.0924037625081837
6044	30.22	-6.70416760072112	0.0924037625081837
6045	30.225	-6.66676711314358	0.0924037625081837
6046	30.23	-6.68611219292507	0.0924037625081837
6047	30.235	-6.6874018649105	0.0924037625081837
6048	30.24	-6.66676711314358	0.0924037625081837
6049	30.245	-6.66934645711444	0.0924037625081837
6050	30.25	-6.63452531350777	0.0924037625081837
6051	30.255	-6.65387039328925	0.0924037625081837
6052	30.26	-6.68482252093963	0.0924037625081837
6053	30.265	-6.64742203336209	0.0924037625081837
6054	30.27	-6.66031875321642	0.0924037625081837
6055	30.275	-6.64484268939123	0.0924037625081837
6056	30.28	-6.62420793762431	0.0924037625081837
6057	30.285	-6.58551777806133	0.0924037625081837
6058	30.29	-6.59454548195936	0.0924037625081837
6059	30.295	-6.57262105820701	0.0924037625081837
6060	30.3	-6.57777974614874	0.0924037625081837
6061	30.305	-6.56230368232355	0.0924037625081837
6062	30.31	-6.54037925857119	0.0924037625081837
6063	30.315	-6.53522057062946	0.0924037625081837
6064	30.32	-6.55069663445465	0.0924037625081837
6065	30.325	-6.54166893055663	0.0924037625081837
6066	30.33	-6.55198630644009	0.0924037625081837
6067	30.335	-6.52361352276057	0.0924037625081837
6068	30.34	-6.50297877099365	0.0924037625081837
6069	30.345	-6.52361352276057	0.0924037625081837
6070	30.35	-6.52361352276057	0.0924037625081837
6071	30.355	-6.54166893055663	0.0924037625081837
6072	30.36	-6.54424827452749	0.0924037625081837
6073	30.365	-6.52748253871687	0.0911140905227512
6074	30.37	-6.51587549084798	0.0924037625081837
6075	30.375	-6.55327597842552	0.0924037625081837
6076	30.38	-6.53006188268773	0.0924037625081837
6077	30.385	-6.54295860254206	0.0924037625081837
6078	30.39	-6.52619286673144	0.0911140905227512
6079	30.395	-6.54295860254206	0.0924037625081837
6080	30.4	-6.524903194746	0.0924037625081837
6081	30.405	-6.54037925857119	0.0911140905227512
6082	30.41	-6.50168909900822	0.0924037625081837
6083	30.415	-6.49653041106649	0.0911140905227512
6084	30.42	-6.48621303518303	0.0911140905227512
6085	30.425	-6.4733163153287	0.0911140905227512
6086	30.43	-6.48621303518303	0.0911140905227512
6087	30.435	-6.42817779583856	0.0911140905227512
6088	30.44	-6.45268156356178	0.0924037625081837
6089	30.445	-6.41915009194054	0.0911140905227512
6090	30.45	-6.43462615576573	0.0911140905227512
6091	30.455	-6.38174960436299	0.0911140905227512
6092	30.46	-6.38819796429016	0.0911140905227512
6093	30.465	-6.3662735405378	0.0911140905227512
6094	30.47	-6.35853550862521	0.0911140905227512
6095	30.475	-6.38174960436299	0.0911140905227512
6096	30.48	-6.34692846075632	0.0911140905227512
6097	30.485	-6.29018289339729	0.0911140905227512
6098	30.49	-6.29405190935358	0.0911140905227512
6099	30.495	-6.27212748560123	0.0911140905227512
6100	30.5	-6.29792092530988	0.0911140905227512
6101	30.505	-6.28889322141185	0.0911140905227512
6102	30.51	-6.25794109376147	0.0911140905227512
6103	30.515	-6.25794109376147	0.0911140905227512
6104	30.52	-6.24117535795085	0.0911140905227512
6105	30.525	-6.22827863809653	0.0911140905227512
6106	30.53	-6.21409224625677	0.0911140905227512
6107	30.535	-6.22054060618393	0.0898244185373187
6108	30.54	-6.1715330707375	0.0911140905227512
6109	30.545	-6.14187061507255	0.0898244185373187
6110	30.55	-6.1083391434513	0.0898244185373187
6111	30.555	-6.10575979948044	0.0898244185373187
6112	30.56	-6.08254570374265	0.0911140905227512
6113	30.565	-6.08641471969895	0.0898244185373187
6114	30.57	-6.06191095197573	0.0898244185373187
6115	30.575	-6.01419308851473	0.0898244185373187
6116	30.58	-6.02837948035449	0.0911140905227512
6117	30.585	-6.01935177645646	0.0898244185373187
6118	30.59	-5.99613768071868	0.0898244185373187
6119	30.595	-5.98066161689349	0.0898244185373187
6120	30.6	-5.93939211335965	0.0898244185373187
6121	30.605	-5.93165408144705	0.0898244185373187
6122	30.61	-5.93939211335965	0.0898244185373187
6123	30.615	-5.96389588108286	0.0898244185373187
6124	30.62	-5.89296392188407	0.0885347465518862
6125	30.625	-5.9097296576947	0.0898244185373187
6126	30.63	-5.8504047463648	0.0898244185373187
6127	30.635	-5.86201179423369	0.0898244185373187
6128	30.64	-5.85943245026283	0.0898244185373187
6129	30.645	-5.83105966658331	0.0885347465518862
6130	30.65	-5.81687327474356	0.0898244185373187
6131	30.655	-5.81171458680183	0.0898244185373187
6132	30.66	-5.79623852297664	0.0885347465518862
6133	30.665	-5.78334180312231	0.0898244185373187
6134	30.67	-5.76270705135539	0.0885347465518862
6135	30.675	-5.72014787583612	0.0885347465518862
6136	30.68	-5.69693378009833	0.0885347465518862
6137	30.685	-5.68016804428771	0.0885347465518862
6138	30.69	-5.69822345208377	0.0885347465518862
6139	30.695	-5.6956441081129	0.0885347465518862
6140	30.7	-5.66082296450622	0.0885347465518862
6141	30.705	-5.64534690068103	0.0885347465518862
6142	30.71	-5.63502952479757	0.0885347465518862
6143	30.715	-5.62213280494325	0.0885347465518862
6144	30.72	-5.59376002126373	0.0885347465518862
6145	30.725	-5.60407739714719	0.0885347465518862
6146	30.73	-5.56667690956965	0.0885347465518862
6147	30.735	-5.56151822162792	0.0885347465518862
6148	30.74	-5.56409756559879	0.0885347465518862
6149	30.745	-5.54217314184643	0.0885347465518862
6150	30.75	-5.55893887765706	0.0872450745664537
6151	30.755	-5.54346281383187	0.0885347465518862
6152	30.76	-5.53185576596297	0.0885347465518862
6153	30.765	-5.49961396632716	0.0872450745664537
6154	30.77	-5.50735199823976	0.0872450745664537
6155	30.775	-5.47768954257481	0.0885347465518862
6156	30.78	-5.4931656064	0.0885347465518862
6157	30.785	-5.47897921456024	0.0885347465518862
6158	30.79	-5.41449561528862	0.0885347465518862
6159	30.795	-5.41707495925948	0.0872450745664537
6160	30.8	-5.43513036705554	0.0885347465518862
6161	30.805	-5.37580545572564	0.0885347465518862
6162	30.81	-5.36419840785675	0.0872450745664537
6163	30.815	-5.36677775182761	0.0872450745664537
6164	30.82	-5.32163923233747	0.0872450745664537
6165	30.825	-5.31777021638118	0.0872450745664537
6166	30.83	-5.29971480858512	0.0872450745664537
6167	30.835	-5.30874251248315	0.0872450745664537
6168	30.84	-5.26231432100758	0.0872450745664537
6169	30.845	-5.28552841674536	0.0872450745664537
6170	30.85	-5.2274931774009	0.0872450745664537
6171	30.855	-5.2313621933572	0.0872450745664537
6172	30.86	-5.21072744159028	0.0872450745664537
6173	30.865	-5.21717580151744	0.0872450745664537
6174	30.87	-5.17461662599817	0.0872450745664537
6175	30.875	-5.18493400188163	0.0872450745664537
6176	30.88	-5.15914056217298	0.0872450745664537
6177	30.885	-5.15785089018755	0.0872450745664537
6178	30.89	-5.1281884345226	0.0872450745664537
6179	30.895	-5.13850581040606	0.0872450745664537
6180	30.9	-5.15785089018755	0.0872450745664537
6181	30.905	-5.10497433878481	0.0859554025810212
6182	30.91	-5.06628417922184	0.0872450745664537
6183	30.915	-5.05725647532381	0.0872450745664537
6184	30.92	-5.05854614730924	0.0859554025810212
6185	30.925	-5.0288836916443	0.0872450745664537
6186	30.93	-5.04564942745492	0.0872450745664537
6187	30.935	-5.01082828384824	0.0872450745664537
6188	30.94	-4.95924140443094	0.0859554025810212
6189	30.945	-4.96182074840181	0.0872450745664537
6190	30.95	-4.94376534060575	0.0872450745664537
6191	30.955	-4.93215829273686	0.0859554025810212
6192	30.96	-4.93602730869316	0.0872450745664537
6193	30.965	-4.9141028849408	0.0859554025810212
6194	30.97	-4.9179719008971	0.0859554025810212
6195	30.975	-4.87928174133413	0.0859554025810212
6196	30.98	-4.89604747714475	0.0859554025810212
6197	30.985	-4.83285354985856	0.0859554025810212
6198	30.99	-4.84832961368375	0.0859554025810212
6199	30.995	-4.8186671580188	0.0859554025810212
6200	31	-4.80319109419361	0.0859554025810212
6201	31.005	-4.82640518993139	0.0859554025810212
6202	31.01	-4.8147981420625	0.0859554025810212
6203	31.015	-4.78771503036842	0.0859554025810212
6204	31.02	-4.7670802786015	0.0859554025810212
6205	31.025	-4.73870749492198	0.0859554025810212
6206	31.03	-4.75031454279087	0.0859554025810212
6207	31.035	-4.72323143109679	0.0859554025810212
6208	31.04	-4.7077553672716	0.0859554025810212
6209	31.045	-4.68841028749011	0.0859554025810212
6210	31.05	-4.68454127153382	0.0859554025810212
6211	31.055	-4.66648586373776	0.0859554025810212
6212	31.06	-4.67680323962122	0.0859554025810212
6213	31.065	-4.63811308005825	0.0859554025810212
6214	31.07	-4.63682340807281	0.0859554025810212
6215	31.075	-4.59813324850984	0.0859554025810212
6216	31.08	-4.59297456056811	0.0859554025810212
6217	31.085	-4.58007784071378	0.0859554025810212
6218	31.09	-4.57362948078662	0.0859554025810212
6219	31.095	-4.6123196403496	0.0859554025810212
6220	31.1	-4.54525669710711	0.0846657305955887
6221	31.105	-4.52591161732562	0.0859554025810212
6222	31.11	-4.52333227335475	0.0859554025810212
6223	31.115	-4.52591161732562	0.0859554025810212
6224	31.12	-4.49495948967524	0.0846657305955887
6225	31.125	-4.47303506592289	0.0859554025810212
6226	31.13	-4.49366981768981	0.0859554025810212
6227	31.135	-4.45497965812683	0.0859554025810212
6228	31.14	-4.46529703401029	0.0846657305955887
6229	31.145	-4.41757917054929	0.0859554025810212
6230	31.15	-4.38275802694261	0.0846657305955887
6231	31.155	-4.36599229113199	0.0859554025810212
6232	31.16	-4.37501999503002	0.0846657305955887
6233	31.165	-4.34922655532137	0.0846657305955887
6234	31.17	-4.31053639575839	0.0846657305955887
6235	31.175	-4.3027983638458	0.0859554025810212
6236	31.18	-4.30150869186036	0.0859554025810212
6237	31.185	-4.2911913159769	0.0846657305955887
6238	31.19	-4.24476312450133	0.0846657305955887
6239	31.195	-4.20865230890922	0.0846657305955887
6240	31.2	-4.18285886920057	0.0859554025810212
6241	31.205	-4.18285886920057	0.0846657305955887
6242	31.21	-4.16996214934625	0.0846657305955887
6243	31.215	-4.14158936566673	0.0846657305955887
6244	31.22	-4.12740297382697	0.0846657305955887
6245	31.225	-4.09387150220573	0.0846657305955887
6246	31.23	-4.10289920610376	0.0846657305955887
6247	31.235	-4.06034003058448	0.0846657305955887
6248	31.24	-4.02680855896324	0.0859554025810212
6249	31.245	-4.02551888697781	0.0846657305955887
6250	31.25	-4.00230479124002	0.0846657305955887
6251	31.255	-3.99972544726916	0.0846657305955887
6252	31.26	-3.9855390554294	0.0846657305955887
6253	31.265	-3.95974561572075	0.0846657305955887
6254	31.27	-3.92750381608494	0.0846657305955887
6255	31.275	-3.93137283204123	0.0846657305955887
6256	31.28	-3.8862343125511	0.0846657305955887
6257	31.285	-3.88494464056566	0.0846657305955887
6258	31.29	-3.85786152887158	0.0846657305955887
6259	31.295	-3.83980612107553	0.0846657305955887
6260	31.3	-3.8230403852649	0.0833760586101562
6261	31.305	-3.79208825761452	0.0846657305955887
6262	31.31	-3.77403284981847	0.0846657305955887
6263	31.315	-3.75081875408068	0.0846657305955887
6264	31.32	-3.73921170621179	0.0846657305955887
6265	31.325	-3.70954925054684	0.0846657305955887
6266	31.33	-3.70954925054684	0.0846657305955887
6267	31.335	-3.66054171510041	0.0846657305955887
6268	31.34	-3.66956941899844	0.0833760586101562
6269	31.345	-3.64119663531892	0.0833760586101562
6270	31.35	-3.63990696333349	0.0833760586101562
6271	31.355	-3.62572057149373	0.0833760586101562
6272	31.36	-3.6128238516394	0.0833760586101562
6273	31.365	-3.61153417965397	0.0833760586101562
6274	31.37	-3.60379614774138	0.0833760586101562
6275	31.375	-3.59218909987248	0.0846657305955887
6276	31.38	-3.59605811582878	0.0833760586101562
6277	31.385	-3.58445106795989	0.0833760586101562
6278	31.39	-3.572844020091	0.0833760586101562
6279	31.395	-3.56252664420754	0.0833760586101562
6280	31.4	-3.55220926832408	0.0833760586101562
6281	31.405	-3.54834025236778	0.0833760586101562
6282	31.41	-3.54447123641148	0.0833760586101562
6283	31.415	-3.5212571406737	0.0833760586101562
6284	31.42	-3.48643599706702	0.0833760586101562
6285	31.425	-3.48127730912529	0.0833760586101562
6286	31.43	-3.47224960522726	0.0833760586101562
6287	31.435	-3.4619322293438	0.0820863866247237
6288	31.44	-3.45935288537294	0.0833760586101562
6289	31.445	-3.43484911764972	0.0833760586101562
6290	31.45	-3.40389698999934	0.0833760586101562
6291	31.455	-3.37165519036353	0.0833760586101562
6292	31.46	-3.37294486234896	0.0820863866247237
6293	31.465	-3.35102043859661	0.0833760586101562
6294	31.47	-3.33812371874228	0.0833760586101562
6295	31.475	-3.32522699888796	0.0820863866247237
6296	31.48	-3.31619929498993	0.0820863866247237
6297	31.485	-3.3071715910919	0.0820863866247237
6298	31.49	-3.3033025751356	0.0820863866247237
6299	31.495	-3.28524716733955	0.0820863866247237
6300	31.5	-3.26461241557263	0.0820863866247237
6301	31.505	-3.24784667976201	0.0820863866247237
6302	31.51	-3.24655700777657	0.0820863866247237
6303	31.515	-3.23366028792225	0.0820863866247237
6304	31.52	-3.22205324005336	0.0820863866247237
6305	31.525	-3.200128816301	0.0820863866247237
6306	31.53	-3.22592225600965	0.0820863866247237
6307	31.535	-3.19883914431557	0.0833760586101562
6308	31.54	-3.15885931276716	0.0820863866247237
6309	31.545	-3.14338324894197	0.0820863866247237
6310	31.55	-3.13435554504395	0.0820863866247237
6311	31.555	-3.09437571349554	0.0820863866247237
6312	31.56	-3.08276866562665	0.0820863866247237
6313	31.565	-3.07245128974319	0.0820863866247237
6314	31.57	-3.05826489790343	0.0820863866247237
6315	31.575	-3.05568555393256	0.0820863866247237
6316	31.58	-3.02086441032588	0.0820863866247237
6317	31.585	-2.98604326671921	0.0820863866247237
6318	31.59	-2.97830523480661	0.0820863866247237
6319	31.595	-2.96282917098142	0.0820863866247237
6320	31.6	-2.95251179509796	0.0820863866247237
6321	31.605	-2.94864277914166	0.0820863866247237
6322	31.61	-2.9383254032582	0.0820863866247237
6323	31.615	-2.92155966744758	0.0807967146392912
6324	31.62	-2.89963524369523	0.0820863866247237
6325	31.625	-2.8983455717098	0.0820863866247237
6326	31.63	-2.87642114795744	0.0820863866247237
6327	31.635	-2.86997278803028	0.0820863866247237
6328	31.64	-2.86739344405942	0.0820863866247237
6329	31.645	-2.85191738023423	0.0807967146392912
6330	31.65	-2.85062770824879	0.0820863866247237
6331	31.655	-2.83128262846731	0.0820863866247237
6332	31.66	-2.81064787670039	0.0807967146392912
6333	31.665	-2.80162017280236	0.0807967146392912
6334	31.67	-2.80548918875866	0.0807967146392912
6335	31.675	-2.77969574905001	0.0807967146392912
6336	31.68	-2.77840607706457	0.0820863866247237
6337	31.685	-2.77582673309371	0.0807967146392912
6338	31.69	-2.75777132529765	0.0807967146392912
6339	31.695	-2.73713657353073	0.0807967146392912
6340	31.7	-2.71779149374925	0.0807967146392912
6341	31.705	-2.71134313382208	0.0820863866247237
6342	31.71	-2.67523231822997	0.0807967146392912
6343	31.715	-2.6803910061717	0.0807967146392912
6344	31.72	-2.66104592639022	0.0807967146392912
6345	31.725	-2.65975625440478	0.0820863866247237
6346	31.73	-2.65459756646305	0.0807967146392912
6347	31.735	-2.61977642285638	0.0807967146392912
6348	31.74	-2.61590740690008	0.0807967146392912
6349	31.745	-2.588824295206	0.0807967146392912
6350	31.75	-2.57979659130797	0.0807967146392912
6351	31.755	-2.54626511968672	0.0807967146392912
6352	31.76	-2.55142380762845	0.0807967146392912
6353	31.765	-2.54239610373043	0.0807967146392912
6354	31.77	-2.5294993838761	0.0807967146392912
6355	31.775	-2.51402332005091	0.0807967146392912
6356	31.78	-2.51660266402178	0.0807967146392912
6357	31.785	-2.49854725622572	0.0820863866247237
6358	31.79	-2.49467824026942	0.0807967146392912
6359	31.795	-2.48436086438596	0.0807967146392912
6360	31.8	-2.46630545658991	0.0807967146392912
6361	31.805	-2.4740434885025	0.0807967146392912
6362	31.81	-2.47275381651707	0.0807967146392912
6363	31.815	-2.43664300092496	0.0807967146392912
6364	31.82	-2.43277398496866	0.0807967146392912
6365	31.825	-2.40698054526001	0.0807967146392912
6366	31.83	-2.40698054526001	0.0807967146392912
6367	31.835	-2.39279415342025	0.0807967146392912
6368	31.84	-2.38118710555136	0.0807967146392912
6369	31.845	-2.37602841760963	0.0807967146392912
6370	31.85	-2.34378661797382	0.0807967146392912
6371	31.855	-2.33088989811949	0.0807967146392912
6372	31.86	-2.31799317826517	0.0807967146392912
6373	31.865	-2.31670350627974	0.0807967146392912
6374	31.87	-2.29606875451282	0.0807967146392912
6375	31.875	-2.28188236267306	0.0807967146392912
6376	31.88	-2.27414433076046	0.0807967146392912
6377	31.885	-2.26253728289157	0.0807967146392912
6378	31.89	-2.22900581127033	0.0807967146392912
6379	31.895	-2.22513679531403	0.0807967146392912
6380	31.9	-2.19805368361995	0.0807967146392912
6381	31.905	-2.20450204354711	0.0807967146392912
6382	31.91	-2.18773630773649	0.0807967146392912
6383	31.915	-2.17612925986759	0.0807967146392912
6384	31.92	-2.14775647618808	0.0807967146392912
6385	31.925	-2.14775647618808	0.0807967146392912
6386	31.93	-2.12841139640659	0.0807967146392912
6387	31.935	-2.11551467655227	0.0807967146392912
6388	31.94	-2.10261795669794	0.0807967146392912
6389	31.945	-2.09101090882905	0.0807967146392912
6390	31.95	-2.06779681309126	0.0795070426538587
6391	31.955	-2.06005878117867	0.0795070426538587
6392	31.96	-2.03813435742632	0.0795070426538587
6393	31.965	-2.01105124573223	0.0807967146392912
6394	31.97	-2.00202354183421	0.0807967146392912
6395	31.975	-1.98396813403815	0.0807967146392912
6396	31.98	-1.97365075815469	0.0795070426538587
6397	31.985	-1.94011928653345	0.0807967146392912
6398	31.99	-1.92851223866455	0.0807967146392912
6399	31.995	-1.90529814292677	0.0795070426538587
6400	32	-1.88724273513071	0.0807967146392912
6401	32.005	-1.87434601527639	0.0807967146392912
6402	32.01	-1.8550009354949	0.0807967146392912
6403	32.015	-1.84339388762601	0.0795070426538587
6404	32.02	-1.82791782380082	0.0795070426538587
6405	32.025	-1.80212438409217	0.0795070426538587
6406	32.03	-1.7995450401213	0.0795070426538587
6407	32.035	-1.7995450401213	0.0795070426538587
6408	32.04	-1.78148963232525	0.0795070426538587
6409	32.045	-1.76730324048549	0.0795070426538587
6410	32.05	-1.74537881673314	0.0795070426538587
6411	32.055	-1.72861308092251	0.0795070426538587
6412	32.06	-1.71958537702449	0.0795070426538587
6413	32.065	-1.72603373695165	0.0795070426538587
6414	32.07	-1.71958537702449	0.0795070426538587
6415	32.075	-1.70152996922843	0.0795070426538587
6416	32.08	-1.70668865717016	0.0795070426538587
6417	32.085	-1.67831587349065	0.0795070426538587
6418	32.09	-1.66670882562175	0.0795070426538587
6419	32.095	-1.66412948165089	0.0795070426538587
6420	32.1	-1.64994308981113	0.0795070426538587
6421	32.105	-1.64349472988397	0.0795070426538587
6422	32.11	-1.63575669797137	0.0795070426538587
6423	32.115	-1.62801866605878	0.0795070426538587
6424	32.12	-1.60996325826272	0.0795070426538587
6425	32.125	-1.60996325826272	0.0795070426538587
6426	32.13	-1.59190785046667	0.0795070426538587
6427	32.135	-1.58674916252494	0.0795070426538587
6428	32.14	-1.57385244267061	0.0795070426538587
6429	32.145	-1.58030080259778	0.0795070426538587
6430	32.15	-1.56611441075802	0.0795070426538587
6431	32.155	-1.5493486749474	0.0795070426538587
6432	32.16	-1.54676933097653	0.0795070426538587
6433	32.165	-1.54418998700567	0.0795070426538587
6434	32.17	-1.5416106430348	0.0795070426538587
6435	32.175	-1.53258293913677	0.0795070426538587
6436	32.18	-1.51323785935529	0.0782173706684262
6437	32.185	-1.51452753134072	0.0795070426538587
6438	32.19	-1.49131343560293	0.0782173706684262
6439	32.195	-1.4977617955301	0.0795070426538587
6440	32.2	-1.4977617955301	0.0782173706684262
6441	32.205	-1.47454769979231	0.0795070426538587
6442	32.21	-1.46938901185058	0.0782173706684262
6443	32.215	-1.45907163596712	0.0782173706684262
6444	32.22	-1.4461749161128	0.0782173706684262
6445	32.225	-1.44101622817107	0.0782173706684262
6446	32.23	-1.42167114838958	0.0782173706684262
6447	32.235	-1.40490541257896	0.0782173706684262
6448	32.24	-1.38813967676833	0.0782173706684262
6449	32.245	-1.38427066081204	0.0795070426538587
6450	32.25	-1.38427066081204	0.0782173706684262
6451	32.255	-1.38942934875377	0.0795070426538587
6452	32.26	-1.3430011572782	0.0782173706684262
6453	32.265	-1.33784246933647	0.0782173706684262
6454	32.27	-1.31978706154041	0.0782173706684262
6455	32.275	-1.32623542146757	0.0782173706684262
6456	32.28	-1.31333870161325	0.0782173706684262
6457	32.285	-1.29141427786089	0.0782173706684262
6458	32.29	-1.25401379028335	0.0782173706684262
6459	32.295	-1.24498608638532	0.0782173706684262
6460	32.3	-1.23337903851643	0.0782173706684262
6461	32.305	-1.22951002256013	0.0782173706684262
6462	32.31	-1.21532363072038	0.0782173706684262
6463	32.315	-1.19597855093889	0.0782173706684262
6464	32.32	-1.18308183108456	0.0782173706684262
6465	32.325	-1.1766334711574	0.0782173706684262
6466	32.33	-1.16115740733221	0.0782173706684262
6467	32.335	-1.16244707931764	0.0782173706684262
6468	32.34	-1.15084003144875	0.0782173706684262
6469	32.345	-1.13020527968183	0.0782173706684262
6470	32.35	-1.12633626372553	0.0782173706684262
6471	32.355	-1.11472921585664	0.0782173706684262
6472	32.36	-1.11214987188578	0.0782173706684262
6473	32.365	-1.13149495166726	0.0782173706684262
6474	32.37	-1.10699118394405	0.0782173706684262
6475	32.375	-1.11472921585664	0.0782173706684262
6476	32.38	-1.09538413607515	0.0782173706684262
6477	32.385	-1.10054282401688	0.0782173706684262
6478	32.39	-1.09538413607515	0.0782173706684262
6479	32.395	-1.08377708820626	0.0769276986829937
6480	32.4	-1.08635643217713	0.0782173706684262
6481	32.405	-1.07603905629367	0.0782173706684262
6482	32.41	-1.07861840026453	0.0769276986829937
6483	32.415	-1.06830102438107	0.0782173706684262
6484	32.42	-1.06056299246848	0.0782173706684262
6485	32.425	-1.05540430452675	0.0782173706684262
6486	32.43	-1.03992824070156	0.0782173706684262
6487	32.435	-1.04121791268699	0.0782173706684262
6488	32.44	-1.04637660062872	0.0782173706684262
6489	32.445	-1.02832119283266	0.0782173706684262
6490	32.45	-1.00768644106574	0.0782173706684262
6491	32.455	-1.00897611305118	0.0769276986829937
6492	32.46	-0.996079393196851	0.0769276986829937
6493	32.465	-0.996079393196851	0.0782173706684262
6494	32.47	-0.989631033269688	0.0782173706684262
6495	32.475	-0.987051689298823	0.0769276986829937
6496	32.48	-0.984472345327958	0.0769276986829937
6497	32.485	-0.974154969444498	0.0769276986829937
6498	32.49	-0.966416937531903	0.0769276986829937
6499	32.495	-0.952230545692146	0.0769276986829937
6500	32.5	-0.949651201721281	0.0769276986829937
6501	32.505	-0.950940873706713	0.0769276986829937
6502	32.51	-0.939333825837821	0.0769276986829937
6503	32.515	-0.918699074070901	0.0769276986829937
6504	32.52	-0.930306121939793	0.0769276986829937
6505	32.525	-0.919988746056333	0.0769276986829937
6506	32.53	-0.922568090027198	0.0769276986829937
6507	32.535	-0.909671370172873	0.0769276986829937
6508	32.54	-0.894195306347683	0.0769276986829937
6509	32.545	-0.885167602449656	0.0769276986829937
6510	32.55	-0.890326290391386	0.0769276986829937
6511	32.555	-0.878719242522493	0.0769276986829937
6512	32.56	-0.868401866639033	0.0769276986829937
6513	32.565	-0.858084490755573	0.0769276986829937
6514	32.57	-0.849056786857545	0.0769276986829937
6515	32.575	-0.840029082959518	0.0769276986829937
6516	32.58	-0.828422035090625	0.0769276986829937
6517	32.585	-0.812945971265435	0.0769276986829937
6518	32.59	-0.814235643250868	0.0769276986829937
6519	32.595	-0.792311219498515	0.0769276986829937
6520	32.6	-0.78457318758592	0.0769276986829937
6521	32.605	-0.778124827658758	0.0769276986829937
6522	32.61	-0.767807451775298	0.0769276986829937
6523	32.615	-0.751041715964675	0.0769276986829937
6524	32.62	-0.736855324124917	0.0756380266975611
6525	32.625	-0.726537948241457	0.0769276986829937
6526	32.63	-0.723958604270592	0.0769276986829937
6527	32.635	-0.700744508532807	0.0769276986829937
6528	32.64	-0.69171680463478	0.0769276986829937
6529	32.645	-0.69171680463478	0.0769276986829937
6530	32.65	-0.685268444707617	0.0769276986829937
6531	32.655	-0.678820084780455	0.0769276986829937
6532	32.66	-0.672371724853292	0.0769276986829937
6533	32.665	-0.659475004998967	0.0769276986829937
6534	32.67	-0.662054348969832	0.0756380266975611
6535	32.675	-0.664633692940697	0.0769276986829937
6536	32.68	-0.654316317057237	0.0769276986829937
6537	32.685	-0.646578285144642	0.0756380266975611
6538	32.69	-0.629812549334019	0.0756380266975611
6539	32.695	-0.631102221319452	0.0756380266975611
6540	32.7	-0.628522877348587	0.0756380266975611
6541	32.705	-0.627233205363154	0.0756380266975611
6542	32.71	-0.625943533377722	0.0756380266975611
6543	32.715	-0.624653861392289	0.0756380266975611
6544	32.72	-0.607888125581667	0.0756380266975611
6545	32.725	-0.605308781610802	0.0756380266975611
6546	32.73	-0.598860421683639	0.0756380266975611
6547	32.735	-0.602729437639937	0.0756380266975611
6548	32.74	-0.593701733741909	0.0756380266975611
6549	32.745	-0.591122389771044	0.0756380266975611
6550	32.75	-0.579515341902152	0.0756380266975611
6551	32.755	-0.582094685873017	0.0769276986829937
6552	32.76	-0.575646325945854	0.0769276986829937
6553	32.765	-0.583384357858449	0.0756380266975611
6554	32.77	-0.574356653960422	0.0756380266975611
6555	32.775	-0.569197966018692	0.0756380266975611
6556	32.78	-0.565328950062394	0.0756380266975611
6557	32.785	-0.561459934106097	0.0756380266975611
6558	32.79	-0.553721902193502	0.0756380266975611
6559	32.795	-0.556301246164367	0.0756380266975611
6560	32.8	-0.535666494397447	0.0756380266975611
6561	32.805	-0.529218134470284	0.0756380266975611
6562	32.81	-0.529218134470284	0.0756380266975611
6563	32.815	-0.524059446528554	0.0743483547121286
6564	32.82	-0.518900758586824	0.0756380266975611
6565	32.825	-0.511162726674229	0.0756380266975611
6566	32.83	-0.487948630936444	0.0756380266975611
6567	32.835	-0.490527974907309	0.0756380266975611
6568	32.84	-0.478920927038416	0.0756380266975611
6569	32.845	-0.476341583067551	0.0756380266975611
6570	32.85	-0.480210599023849	0.0756380266975611
6571	32.855	-0.462155191227794	0.0756380266975611
6572	32.86	-0.446679127402604	0.0743483547121286
6573	32.865	-0.437651423504576	0.0743483547121286
6574	32.87	-0.435072079533711	0.0756380266975611
6575	32.875	-0.427334047621116	0.0743483547121286
6576	32.88	-0.423465031664819	0.0756380266975611
6577	32.885	-0.414437327766791	0.0756380266975611
6578	32.89	-0.405409623868763	0.0756380266975611
6579	32.895	-0.392512904014438	0.0756380266975611
6580	32.9	-0.395092247985303	0.0756380266975611
6581	32.905	-0.398961263941601	0.0743483547121286
6582	32.91	-0.388643888058141	0.0743483547121286
6583	32.915	-0.382195528130978	0.0743483547121286
6584	32.92	-0.370588480262086	0.0743483547121286
6585	32.925	-0.369298808276653	0.0743483547121286
6586	32.93	-0.365429792320356	0.0743483547121286
6587	32.935	-0.365429792320356	0.0743483547121286
6588	32.94	-0.365429792320356	0.0743483547121286
6589	32.945	-0.356402088422328	0.0756380266975611
6590	32.95	-0.347374384524301	0.0743483547121286
6591	32.955	-0.343505368568003	0.0743483547121286
6592	32.96	-0.338346680626273	0.0743483547121286
6593	32.965	-0.339636352611706	0.0743483547121286
6594	32.97	-0.342215696582571	0.0743483547121286
6595	32.975	-0.330608648713678	0.0743483547121286
6596	32.98	-0.325449960771948	0.0743483547121286
6597	32.985	-0.319001600844786	0.0743483547121286
6598	32.99	-0.321580944815651	0.0743483547121286
6599	32.995	-0.320291272830218	0.0743483547121286
6600	33	-0.319001600844786	0.0743483547121286
6601	33.005	-0.308684224961326	0.0743483547121286
6602	33.01	-0.304815209005028	0.0743483547121286
6603	33.015	-0.30094619304873	0.0743483547121286
6604	33.02	-0.304815209005028	0.0743483547121286
6605	33.025	-0.294497833121568	0.0743483547121286
6606	33.03	-0.294497833121568	0.0743483547121286
6607	33.035	-0.284180457238108	0.0730586827266961
6608	33.04	-0.276442425325513	0.0730586827266961
6609	33.045	-0.273863081354648	0.0743483547121286
6610	33.05	-0.26999406539835	0.0730586827266961
6611	33.055	-0.266125049442053	0.0743483547121286
6612	33.06	-0.25451800157316	0.0743483547121286
6613	33.065	-0.24935931363143	0.0730586827266961
6614	33.07	-0.240331609733403	0.0743483547121286
6615	33.075	-0.23904193774797	0.0730586827266961
6616	33.08	-0.231303905835375	0.0730586827266961
6617	33.085	-0.22872456186451	0.0730586827266961
6618	33.09	-0.224855545908213	0.0730586827266961
6619	33.095	-0.219696857966483	0.0730586827266961
6620	33.1	-0.217117513995618	0.0743483547121286
6621	33.105	-0.209379482083023	0.0730586827266961
6622	33.11	-0.209379482083023	0.0730586827266961
6623	33.115	-0.20808981009759	0.0730586827266961
6624	33.12	-0.211958826053888	0.0730586827266961
6625	33.125	-0.201641450170428	0.0730586827266961
6626	33.13	-0.201641450170428	0.0730586827266961
6627	33.135	-0.201641450170428	0.0730586827266961
6628	33.14	-0.201641450170428	0.0730586827266961
6629	33.145	-0.20293112215586	0.0730586827266961
6630	33.15	-0.204220794141293	0.0717690107412636
6631	33.155	-0.204220794141293	0.0730586827266961
6632	33.16	-0.201641450170428	0.0730586827266961
6633	33.165	-0.20293112215586	0.0730586827266961
6634	33.17	-0.204220794141293	0.0730586827266961
6635	33.175	-0.200351778184995	0.0730586827266961
6636	33.18	-0.205510466126725	0.0730586827266961
6637	33.185	-0.205510466126725	0.0730586827266961
6638	33.19	-0.201641450170428	0.0730586827266961
6639	33.195	-0.204220794141293	0.0730586827266961
6640	33.2	-0.204220794141293	0.0730586827266961
6641	33.205	-0.206800138112158	0.0730586827266961
6642	33.21	-0.204220794141293	0.0730586827266961
6643	33.215	-0.201641450170428	0.0730586827266961
6644	33.22	-0.201641450170428	0.0730586827266961
6645	33.225	-0.20293112215586	0.0717690107412636
6646	33.23	-0.20293112215586	0.0730586827266961
6647	33.235	-0.19777243421413	0.0730586827266961
6648	33.24	-0.20293112215586	0.0730586827266961
6649	33.245	-0.204220794141293	0.0730586827266961
6650	33.25	-0.199062106199563	0.0730586827266961
6651	33.255	-0.200351778184995	0.0730586827266961
6652	33.26	-0.201641450170428	0.0730586827266961
6653	33.265	-0.19777243421413	0.0717690107412636
6654	33.27	-0.199062106199563	0.0730586827266961
6655	33.275	-0.193903418257833	0.0717690107412636
6656	33.28	-0.190034402301535	0.0730586827266961
6657	33.285	-0.190034402301535	0.0730586827266961
6658	33.29	-0.18745505833067	0.0730586827266961
6659	33.295	-0.17713768244721	0.0730586827266961
6660	33.3	-0.179717026418075	0.0730586827266961
6661	33.305	-0.17713768244721	0.0730586827266961
6662	33.31	-0.174558338476345	0.0717690107412636
6663	33.315	-0.169399650534615	0.0717690107412636
6664	33.32	-0.169399650534615	0.0730586827266961
6665	33.325	-0.16166161862202	0.0730586827266961
6666	33.33	-0.164240962592885	0.0730586827266961
6667	33.335	-0.164240962592885	0.0717690107412636
6668	33.34	-0.157792602665722	0.0730586827266961
6669	33.345	-0.160371946636587	0.0717690107412636
6670	33.35	-0.15650293068029	0.0717690107412636
6671	33.355	-0.153923586709425	0.0717690107412636
6672	33.36	-0.155213258694857	0.0730586827266961
6673	33.365	-0.157792602665722	0.0717690107412636
6674	33.37	-0.159082274651155	0.0717690107412636
6675	33.375	-0.157792602665722	0.0730586827266961
6676	33.38	-0.155213258694857	0.0730586827266961
6677	33.385	-0.159082274651155	0.0717690107412636
6678	33.39	-0.157792602665722	0.0717690107412636
6679	33.395	-0.157792602665722	0.0717690107412636
6680	33.4	-0.15134424273856	0.0717690107412636
6681	33.405	-0.155213258694857	0.0717690107412636
6682	33.41	-0.15650293068029	0.0717690107412636
6683	33.415	-0.159082274651155	0.0730586827266961
6684	33.42	-0.15650293068029	0.0717690107412636
6685	33.425	-0.157792602665722	0.0717690107412636
6686	33.43	-0.157792602665722	0.0717690107412636
6687	33.435	-0.15650293068029	0.0717690107412636
6688	33.44	-0.15650293068029	0.0717690107412636
6689	33.445	-0.159082274651155	0.0717690107412636
6690	33.45	-0.15650293068029	0.0717690107412636
6691	33.455	-0.159082274651155	0.0717690107412636
6692	33.46	-0.157792602665722	0.0717690107412636
6693	33.465	-0.152633914723992	0.0717690107412636
6694	33.47	-0.157792602665722	0.0717690107412636
6695	33.475	-0.15650293068029	0.0717690107412636
6696	33.48	-0.153923586709425	0.0717690107412636
6697	33.485	-0.159082274651155	0.0717690107412636
6698	33.49	-0.159082274651155	0.0717690107412636
6699	33.495	-0.155213258694857	0.0717690107412636
6700	33.5	-0.15650293068029	0.0717690107412636
6701	33.505	-0.15650293068029	0.0717690107412636
6702	33.51	-0.16166161862202	0.0717690107412636
6703	33.515	-0.159082274651155	0.0717690107412636
6704	33.52	-0.15650293068029	0.0717690107412636
6705	33.525	-0.15650293068029	0.0717690107412636
6706	33.53	-0.15650293068029	0.0717690107412636
6707	33.535	-0.159082274651155	0.0717690107412636
6708	33.54	-0.155213258694857	0.0717690107412636
6709	33.545	-0.155213258694857	0.0730586827266961
6710	33.55	-0.15650293068029	0.0717690107412636
6711	33.555	-0.15650293068029	0.0717690107412636
6712	33.56	-0.153923586709425	0.0717690107412636
6713	33.565	-0.153923586709425	0.0717690107412636
6714	33.57	-0.155213258694857	0.0717690107412636
6715	33.575	-0.160371946636587	0.0717690107412636
6716	33.58	-0.15650293068029	0.0717690107412636
6717	33.585	-0.160371946636587	0.0717690107412636
6718	33.59	-0.157792602665722	0.0717690107412636
6719	33.595	-0.162951290607452	0.0704793387558311
6720	33.6	-0.16682030656375	0.0704793387558311
6721	33.605	-0.169399650534615	0.0717690107412636
6722	33.61	-0.169399650534615	0.0717690107412636
6723	33.615	-0.170689322520047	0.0717690107412636
6724	33.62	-0.173268666490912	0.0717690107412636
6725	33.625	-0.173268666490912	0.0704793387558311
6726	33.63	-0.179717026418075	0.0717690107412636
6727	33.635	-0.179717026418075	0.0704793387558311
6728	33.64	-0.181006698403507	0.0717690107412636
6729	33.645	-0.186165386345237	0.0717690107412636
6730	33.65	-0.18745505833067	0.0717690107412636
6731	33.655	-0.186165386345237	0.0704793387558311
6732	33.66	-0.188744730316103	0.0704793387558311
6733	33.665	-0.1926137462724	0.0717690107412636
6734	33.67	-0.195193090243265	0.0704793387558311
6735	33.675	-0.19777243421413	0.0704793387558311
6736	33.68	-0.19777243421413	0.0717690107412636
6737	33.685	-0.200351778184995	0.0704793387558311
6738	33.69	-0.201641450170428	0.0704793387558311
6739	33.695	-0.204220794141293	0.0704793387558311
6740	33.7	-0.200351778184995	0.0704793387558311
6741	33.705	-0.199062106199563	0.0704793387558311
6742	33.71	-0.196482762228698	0.0704793387558311
6743	33.715	-0.19777243421413	0.0704793387558311
6744	33.72	-0.195193090243265	0.0704793387558311
6745	33.725	-0.191324074286968	0.0704793387558311
6746	33.73	-0.200351778184995	0.0704793387558311
6747	33.735	-0.1926137462724	0.0704793387558311
6748	33.74	-0.193903418257833	0.0704793387558311
6749	33.745	-0.1926137462724	0.0704793387558311
6750	33.75	-0.19777243421413	0.0704793387558311
6751	33.755	-0.196482762228698	0.0704793387558311
6752	33.76	-0.193903418257833	0.0691896667703986
6753	33.765	-0.1926137462724	0.0704793387558311
6754	33.77	-0.199062106199563	0.0704793387558311
6755	33.775	-0.200351778184995	0.0704793387558311
6756	33.78	-0.195193090243265	0.0704793387558311
6757	33.785	-0.196482762228698	0.0704793387558311
6758	33.79	-0.195193090243265	0.0704793387558311
6759	33.795	-0.200351778184995	0.0691896667703986
6760	33.8	-0.19777243421413	0.0704793387558311
6761	33.805	-0.19777243421413	0.0704793387558311
6762	33.81	-0.195193090243265	0.0704793387558311
6763	33.815	-0.20293112215586	0.0704793387558311
6764	33.82	-0.199062106199563	0.0691896667703986
6765	33.825	-0.204220794141293	0.0704793387558311
6766	33.83	-0.20808981009759	0.0704793387558311
6767	33.835	-0.21324849803932	0.0691896667703986
6768	33.84	-0.204220794141293	0.0704793387558311
6769	33.845	-0.215827842010185	0.0691896667703986
6770	33.85	-0.220986529951915	0.0691896667703986
6771	33.855	-0.22872456186451	0.0691896667703986
6772	33.86	-0.22872456186451	0.0691896667703986
6773	33.865	-0.237752265762538	0.0704793387558311
6774	33.87	-0.245490297675133	0.0691896667703986
6775	33.875	-0.25451800157316	0.0704793387558311
6776	33.88	-0.25967668951489	0.0691896667703986
6777	33.885	-0.277732097310945	0.0691896667703986
6778	33.89	-0.289339145179838	0.0691896667703986
6779	33.895	-0.298366849077865	0.0704793387558311
6780	33.9	-0.307394552975893	0.0691896667703986
6781	33.905	-0.325449960771948	0.0691896667703986
6782	33.91	-0.322870616801083	0.0691896667703986
6783	33.915	-0.342215696582571	0.0691896667703986
6784	33.92	-0.340926024597138	0.0691896667703986
6785	33.925	-0.353822744451463	0.0691896667703986
6786	33.93	-0.365429792320356	0.0691896667703986
6787	33.935	-0.370588480262086	0.0691896667703986
6788	33.94	-0.369298808276653	0.0691896667703986
6789	33.945	-0.368009136291221	0.0691896667703986
6790	33.95	-0.370588480262086	0.0691896667703986
6791	33.955	-0.378326512174681	0.0691896667703986
6792	33.96	-0.371878152247518	0.0691896667703986
6793	33.965	-0.373167824232951	0.0691896667703986
6794	33.97	-0.378326512174681	0.0691896667703986
6795	33.975	-0.379616184160113	0.0691896667703986
6796	33.98	-0.378326512174681	0.0691896667703986
6797	33.985	-0.375747168203816	0.0691896667703986
6798	33.99	-0.377036840189248	0.0691896667703986
6799	33.995	-0.375747168203816	0.0691896667703986
6800	34	-0.377036840189248	0.0691896667703986
6801	34.005	-0.374457496218383	0.0678999947849661
6802	34.01	-0.373167824232951	0.0678999947849661
6803	34.015	-0.371878152247518	0.0691896667703986
6804	34.02	-0.371878152247518	0.0691896667703986
6805	34.025	-0.377036840189248	0.0691896667703986
6806	34.03	-0.380905856145546	0.0691896667703986
6807	34.035	-0.375747168203816	0.0678999947849661
6808	34.04	-0.380905856145546	0.0678999947849661
6809	34.045	-0.378326512174681	0.0678999947849661
6810	34.05	-0.373167824232951	0.0678999947849661
6811	34.055	-0.386064544087276	0.0678999947849661
6812	34.06	-0.379616184160113	0.0691896667703986
6813	34.065	-0.377036840189248	0.0691896667703986
6814	34.07	-0.383485200116411	0.0691896667703986
6815	34.075	-0.388643888058141	0.0691896667703986
6816	34.08	-0.388643888058141	0.0691896667703986
6817	34.085	-0.391223232029006	0.0678999947849661
6818	34.09	-0.404119951883331	0.0691896667703986
6819	34.095	-0.410568311810493	0.0678999947849661
6820	34.1	-0.415726999752223	0.0691896667703986
6821	34.105	-0.424754703650251	0.0678999947849661
6822	34.11	-0.432492735562846	0.0691896667703986
6823	34.115	-0.447968799388036	0.0678999947849661
6824	34.12	-0.458286175271496	0.0678999947849661
6825	34.125	-0.473762239096686	0.0678999947849661
6826	34.13	-0.477631255052984	0.0678999947849661
6827	34.135	-0.508583382703364	0.0678999947849661
6828	34.14	-0.513742070645094	0.0678999947849661
6829	34.145	-0.542114854324609	0.0678999947849661
6830	34.15	-0.557590918149799	0.0678999947849661
6831	34.155	-0.564039278076962	0.0678999947849661
6832	34.16	-0.587253373814747	0.0678999947849661
6833	34.165	-0.592412061756477	0.0678999947849661
6834	34.17	-0.601439765654504	0.0678999947849661
6835	34.175	-0.628522877348587	0.0678999947849661
6836	34.18	-0.632391893304884	0.0678999947849661
6837	34.185	-0.636260909261182	0.0691896667703986
6838	34.19	-0.643998941173777	0.0678999947849661
6839	34.195	-0.65560598904267	0.0678999947849661
6840	34.2	-0.6607646769844	0.0678999947849661
6841	34.205	-0.682689100736752	0.0678999947849661
6842	34.21	-0.678820084780455	0.0678999947849661
6843	34.215	-0.687847788678482	0.0678999947849661
6844	34.22	-0.68655811669305	0.0678999947849661
6845	34.225	-0.689137460663915	0.0678999947849661
6846	34.23	-0.705903196474537	0.0678999947849661
6847	34.235	-0.714930900372565	0.0678999947849661
6848	34.24	-0.718799916328862	0.0678999947849661
6849	34.245	-0.739434668095782	0.0678999947849661
6850	34.25	-0.74846237199381	0.0666103227995336
6851	34.255	-0.740724340081215	0.0678999947849661
6852	34.26	-0.760069419862702	0.0666103227995336
6853	34.265	-0.766517779789865	0.0666103227995336
6854	34.27	-0.776835155673325	0.0678999947849661
6855	34.275	-0.780704171629623	0.0666103227995336
6856	34.28	-0.791021547513083	0.0666103227995336
6857	34.285	-0.785862859571353	0.0666103227995336
6858	34.29	-0.793600891483948	0.0678999947849661
6859	34.295	-0.803918267367408	0.0666103227995336
6860	34.3	-0.811656299280003	0.0666103227995336
6861	34.305	-0.814235643250868	0.0678999947849661
6862	34.31	-0.818104659207165	0.0666103227995336
6863	34.315	-0.82068400317803	0.0678999947849661
6864	34.32	-0.82068400317803	0.0666103227995336
6865	34.325	-0.807787283323705	0.0666103227995336
6866	34.33	-0.809076955309138	0.0666103227995336
6867	34.335	-0.816814987221733	0.0666103227995336
6868	34.34	-0.816814987221733	0.0666103227995336
6869	34.345	-0.833580723032355	0.0666103227995336
6870	34.35	-0.812945971265435	0.0666103227995336
6871	34.355	-0.83100137906149	0.0666103227995336
6872	34.36	-0.832291051046923	0.0666103227995336
6873	34.365	-0.840029082959518	0.0666103227995336
6874	34.37	-0.854215474799275	0.0666103227995336
6875	34.375	-0.84647744288668	0.0666103227995336
6876	34.38	-0.86195350671187	0.0666103227995336
6877	34.385	-0.852925802813843	0.0666103227995336
6878	34.39	-0.873560554580763	0.0666103227995336
6879	34.395	-0.886457274435088	0.0666103227995336
6880	34.4	-0.898064322303981	0.0666103227995336
6881	34.405	-0.905802354216576	0.0666103227995336
6882	34.41	-0.905802354216576	0.0653206508141011
6883	34.415	-0.903223010245711	0.0666103227995336
6884	34.42	-0.925147433998063	0.0666103227995336
6885	34.425	-0.944492513779551	0.0666103227995336
6886	34.43	-0.944492513779551	0.0666103227995336
6887	34.435	-0.943202841794118	0.0666103227995336
6888	34.44	-0.959968577604741	0.0666103227995336
6889	34.445	-0.965127265546471	0.0666103227995336
6890	34.45	-0.968996281502768	0.0666103227995336
6891	34.455	-0.987051689298823	0.0666103227995336
6892	34.46	-0.999948409153149	0.0666103227995336
6893	34.465	-1.01026578503661	0.0666103227995336
6894	34.47	-1.00897611305118	0.0653206508141011
6895	34.475	-1.03219020878896	0.0666103227995336
6896	34.48	-1.03476955275983	0.0653206508141011
6897	34.485	-1.05540430452675	0.0666103227995336
6898	34.49	-1.0811977442354	0.0666103227995336
6899	34.495	-1.09280479210429	0.0666103227995336
6900	34.5	-1.09538413607515	0.0666103227995336
6901	34.505	-1.09925315203145	0.0666103227995336
6902	34.51	-1.11214987188578	0.0653206508141011
6903	34.515	-1.12762593571097	0.0653206508141011
6904	34.52	-1.14826068747789	0.0653206508141011
6905	34.525	-1.16244707931764	0.0653206508141011
6906	34.53	-1.16502642328851	0.0653206508141011
6907	34.535	-1.1727644552011	0.0653206508141011
6908	34.54	-1.18308183108456	0.0653206508141011
6909	34.545	-1.19081986299716	0.0653206508141011
6910	34.55	-1.19984756689519	0.0653206508141011
6911	34.555	-1.20500625483692	0.0653206508141011
6912	34.56	-1.21274428674951	0.0653206508141011
6913	34.565	-1.21274428674951	0.0653206508141011
6914	34.57	-1.23466871050186	0.0653206508141011
6915	34.575	-1.24111707042903	0.0653206508141011
6916	34.58	-1.25143444631249	0.0653206508141011
6917	34.585	-1.24111707042903	0.0653206508141011
6918	34.59	-1.24111707042903	0.0653206508141011
6919	34.595	-1.25143444631249	0.0653206508141011
6920	34.6	-1.26046215021051	0.0640309788286686
6921	34.605	-1.26691051013768	0.0653206508141011
6922	34.61	-1.27722788602114	0.0653206508141011
6923	34.615	-1.27077952609397	0.0653206508141011
6924	34.62	-1.26562083815224	0.0653206508141011
6925	34.625	-1.26304149418138	0.0640309788286686
6926	34.63	-1.27335887006484	0.0653206508141011
6927	34.635	-1.28496591793373	0.0640309788286686
6928	34.64	-1.2875452619046	0.0653206508141011
6929	34.645	-1.2836762459483	0.0640309788286686
6930	34.65	-1.28625558991916	0.0653206508141011
6931	34.655	-1.29012460587546	0.0653206508141011
6932	34.66	-1.29399362183176	0.0640309788286686
6933	34.665	-1.32494574948214	0.0640309788286686
6934	34.67	-1.30302132572979	0.0653206508141011
6935	34.675	-1.29657296580262	0.0640309788286686
6936	34.68	-1.29915230977349	0.0640309788286686
6937	34.685	-1.30431099771522	0.0640309788286686
6938	34.69	-1.32107673352584	0.0640309788286686
6939	34.695	-1.33010443742387	0.0640309788286686
6940	34.7	-1.3352631253656	0.0640309788286686
6941	34.705	-1.32623542146757	0.0640309788286686
6942	34.71	-1.33268378139473	0.0653206508141011
6943	34.715	-1.34429082926363	0.0640309788286686
6944	34.72	-1.34815984521993	0.0640309788286686
6945	34.725	-1.34042181330733	0.0640309788286686
6946	34.73	-1.34815984521993	0.0640309788286686
6947	34.735	-1.34687017323449	0.0640309788286686
6948	34.74	-1.36621525301598	0.0640309788286686
6949	34.745	-1.38813967676833	0.0640309788286686
6950	34.75	-1.37782230088487	0.0640309788286686
6951	34.755	-1.39329836471006	0.0640309788286686
6952	34.76	-1.39716738066636	0.0640309788286686
6953	34.765	-1.40103639662266	0.0640309788286686
6954	34.77	-1.42296082037501	0.0640309788286686
6955	34.775	-1.43585754022934	0.0640309788286686
6956	34.78	-1.4423059001565	0.0640309788286686
6957	34.785	-1.44101622817107	0.0640309788286686
6958	34.79	-1.45649229199626	0.0640309788286686
6959	34.795	-1.46938901185058	0.0640309788286686
6960	34.8	-1.4977617955301	0.0640309788286686
6961	34.805	-1.51581720332615	0.0640309788286686
6962	34.81	-1.51581720332615	0.0640309788286686
6963	34.815	-1.52742425119504	0.0640309788286686
6964	34.82	-1.54418998700567	0.0640309788286686
6965	34.825	-1.55063834693283	0.0640309788286686
6966	34.83	-1.56611441075802	0.0640309788286686
6967	34.835	-1.5970665384084	0.0640309788286686
6968	34.84	-1.61254260223359	0.0640309788286686
6969	34.845	-1.61512194620445	0.0640309788286686
6970	34.85	-1.62930833804421	0.0627413068432361
6971	34.855	-1.63446702598594	0.0640309788286686
6972	34.86	-1.66155013768002	0.0627413068432361
6973	34.865	-1.67444685753435	0.0640309788286686
6974	34.87	-1.6963712812867	0.0627413068432361
6975	34.875	-1.71700603305362	0.0627413068432361
6976	34.88	-1.72087504900992	0.0640309788286686
6977	34.885	-1.73506144084968	0.0640309788286686
6978	34.89	-1.74666848871857	0.0640309788286686
6979	34.895	-1.75827553658746	0.0627413068432361
6980	34.9	-1.76859291247092	0.0627413068432361
6981	34.905	-1.78535864828154	0.0640309788286686
6982	34.91	-1.78406897629611	0.0627413068432361
6983	34.915	-1.82662815181538	0.0627413068432361
6984	34.92	-1.82017979188822	0.0640309788286686
6985	34.925	-1.82146946387365	0.0640309788286686
6986	34.93	-1.84855257556774	0.0627413068432361
6987	34.935	-1.85629060748033	0.0627413068432361
6988	34.94	-1.86660798336379	0.0627413068432361
6989	34.945	-1.87950470321812	0.0627413068432361
6990	34.95	-1.88466339115985	0.0627413068432361
6991	34.955	-1.89627043902874	0.0627413068432361
6992	34.96	-1.91303617483936	0.0627413068432361
6993	34.965	-1.9143258468248	0.0627413068432361
6994	34.97	-1.92851223866455	0.0627413068432361
6995	34.975	-1.92464322270826	0.0627413068432361
6996	34.98	-1.95043666241691	0.0627413068432361
6997	34.985	-1.9581746943295	0.0627413068432361
6998	34.99	-1.97107141418383	0.0627413068432361
6999	34.995	-1.97623010212556	0.0627413068432361
7000	35	-1.98138879006729	0.0627413068432361
7001	35.005	-1.9659127262421	0.0627413068432361
7002	35.01	-1.97880944609642	0.0627413068432361
7003	35.015	-1.99815452587791	0.0627413068432361
7004	35.02	-1.99944419786334	0.0627413068432361
7005	35.025	-2.02136862161569	0.0614516348578036
7006	35.03	-2.0136305897031	0.0614516348578036
7007	35.035	-2.03039632551372	0.0614516348578036
7008	35.04	-2.0058925577905	0.0627413068432361
7009	35.045	-2.00847190176137	0.0627413068432361
7010	35.05	-2.02007894963026	0.0627413068432361
7011	35.055	-2.03039632551372	0.0627413068432361
7012	35.06	-2.04716206132434	0.0627413068432361
7013	35.065	-2.04587238933891	0.0614516348578036
7014	35.07	-2.04716206132434	0.0614516348578036
7015	35.075	-2.05361042125151	0.0627413068432361
7016	35.08	-2.06263812514953	0.0614516348578036
7017	35.085	-2.07424517301843	0.0614516348578036
7018	35.09	-2.0613484531641	0.0614516348578036
7019	35.095	-2.06650714110583	0.0614516348578036
7020	35.1	-2.0652174691204	0.0614516348578036
7021	35.105	-2.08972123684362	0.0614516348578036
7022	35.11	-2.07682451698929	0.0614516348578036
7023	35.115	-2.09616959677078	0.0614516348578036
7024	35.12	-2.10003861272708	0.0614516348578036
7025	35.125	-2.10777664463967	0.0614516348578036
7026	35.13	-2.10261795669794	0.0614516348578036
7027	35.135	-2.10648697265424	0.0614516348578036
7028	35.14	-2.11809402052313	0.0614516348578036
7029	35.145	-2.12196303647943	0.0614516348578036
7030	35.15	-2.11938369250856	0.0614516348578036
7031	35.155	-2.13099074037746	0.0614516348578036
7032	35.16	-2.13485975633375	0.0614516348578036
7033	35.165	-2.15678418008611	0.0614516348578036
7034	35.17	-2.16323254001327	0.0614516348578036
7035	35.175	-2.15807385207154	0.0614516348578036
7036	35.18	-2.18386729178019	0.0601619628723711
7037	35.185	-2.16710155596957	0.0614516348578036
7038	35.19	-2.17354991589673	0.0614516348578036
7039	35.195	-2.18773630773649	0.0614516348578036
7040	35.2	-2.18128794780932	0.0601619628723711
7041	35.205	-2.20450204354711	0.0601619628723711
7042	35.21	-2.19934335560538	0.0601619628723711
7043	35.215	-2.19676401163451	0.0601619628723711
7044	35.22	-2.21352974744514	0.0601619628723711
7045	35.225	-2.21868843538687	0.0601619628723711
7046	35.23	-2.21868843538687	0.0601619628723711
7047	35.235	-2.20321237156168	0.0601619628723711
7048	35.24	-2.23932318715379	0.0601619628723711
7049	35.245	-2.24577154708095	0.0601619628723711
7050	35.25	-2.25479925097898	0.0601619628723711
7051	35.255	-2.24835089105181	0.0601619628723711
7052	35.26	-2.24835089105181	0.0601619628723711
7053	35.265	-2.24577154708095	0.0601619628723711
7054	35.27	-2.25866826693527	0.0601619628723711
7055	35.275	-2.263826954877	0.0601619628723711
7056	35.28	-2.2676959708333	0.0601619628723711
7057	35.285	-2.28059269068763	0.0601619628723711
7058	35.29	-2.29219973855652	0.0601619628723711
7059	35.295	-2.28962039458565	0.0601619628723711
7060	35.3	-2.28704105061479	0.0601619628723711
7061	35.305	-2.30380678642541	0.0601619628723711
7062	35.31	-2.30509645841084	0.0601619628723711
7063	35.315	-2.29864809848368	0.0601619628723711
7064	35.32	-2.29091006657109	0.0601619628723711
7065	35.325	-2.29993777046911	0.0601619628723711
7066	35.33	-2.31283449032344	0.0601619628723711
7067	35.335	-2.31799317826517	0.0601619628723711
7068	35.34	-2.30896547436714	0.0601619628723711
7069	35.345	-2.30251711443998	0.0588722908869386
7070	35.35	-2.31283449032344	0.0601619628723711
7071	35.355	-2.30638613039628	0.0588722908869386
7072	35.36	-2.35152464988641	0.0588722908869386
7073	35.365	-2.33733825804666	0.0588722908869386
7074	35.37	-2.32186219422147	0.0588722908869386
7075	35.375	-2.33733825804666	0.0588722908869386
7076	35.38	-2.33604858606122	0.0588722908869386
7077	35.385	-2.32573121017776	0.0588722908869386
7078	35.39	-2.32960022613406	0.0588722908869386
7079	35.395	-2.35281432187185	0.0588722908869386
7080	35.4	-2.34378661797382	0.0588722908869386
7081	35.405	-2.34378661797382	0.0588722908869386
7082	35.41	-2.3270208821632	0.0588722908869386
7083	35.415	-2.34636596194468	0.0588722908869386
7084	35.42	-2.34894530591555	0.0588722908869386
7085	35.425	-2.35539366584271	0.0588722908869386
7086	35.43	-2.35281432187185	0.0588722908869386
7087	35.435	-2.34507628995925	0.0588722908869386
7088	35.44	-2.36055235378444	0.0588722908869386
7089	35.445	-2.38247677753679	0.0588722908869386
7090	35.45	-2.37344907363877	0.0588722908869386
7091	35.455	-2.39021480944939	0.0588722908869386
7092	35.46	-2.35539366584271	0.0588722908869386
7093	35.465	-2.36571104172617	0.0588722908869386
7094	35.47	-2.35668333782814	0.0588722908869386
7095	35.475	-2.38118710555136	0.0588722908869386
7096	35.48	-2.37344907363877	0.0588722908869386
7097	35.485	-2.39537349739112	0.0588722908869386
7098	35.49	-2.37215940165333	0.0588722908869386
7099	35.495	-2.39021480944939	0.0588722908869386
7100	35.5	-2.3786077615805	0.0588722908869386
7101	35.505	-2.38892513746396	0.0575826189015061
7102	35.51	-2.37602841760963	0.0588722908869386
7103	35.515	-2.39537349739112	0.0588722908869386
7104	35.52	-2.37731808959506	0.0588722908869386
7105	35.525	-2.38634579349309	0.0588722908869386
7106	35.53	-2.39408382540569	0.0588722908869386
7107	35.535	-2.40698054526001	0.0588722908869386
7108	35.54	-2.40955988923088	0.0575826189015061
7109	35.545	-2.40569087327458	0.0575826189015061
7110	35.55	-2.38892513746396	0.0588722908869386
7111	35.555	-2.39924251334742	0.0588722908869386
7112	35.56	-2.40053218533285	0.0588722908869386
7113	35.565	-2.39666316937655	0.0575826189015061
7114	35.57	-2.41471857717261	0.0575826189015061
7115	35.575	-2.4301946409978	0.0575826189015061
7116	35.58	-2.41729792114347	0.0575826189015061
7117	35.585	-2.42374628107063	0.0588722908869386
7118	35.59	-2.41471857717261	0.0588722908869386
7119	35.595	-2.40182185731828	0.0575826189015061
7120	35.6	-2.41213923320174	0.0575826189015061
7121	35.605	-2.40955988923088	0.0575826189015061
7122	35.61	-2.41600824915804	0.0575826189015061
7123	35.615	-2.44051201688126	0.0575826189015061
7124	35.62	-2.41084956121631	0.0575826189015061
7125	35.625	-2.42374628107063	0.0575826189015061
7126	35.63	-2.44051201688126	0.0575826189015061
7127	35.635	-2.43535332893953	0.0575826189015061
7128	35.64	-2.43664300092496	0.0575826189015061
7129	35.645	-2.4224566090852	0.0575826189015061
7130	35.65	-2.44309136085212	0.0575826189015061
7131	35.655	-2.44438103283755	0.0575826189015061
7132	35.66	-2.44696037680842	0.0575826189015061
7133	35.665	-2.45727775269188	0.0562929469160736
7134	35.67	-2.44953972077928	0.0575826189015061
7135	35.675	-2.45598808070645	0.0575826189015061
7136	35.68	-2.45082939276472	0.0575826189015061
7137	35.685	-2.45082939276472	0.0562929469160736
7138	35.69	-2.43922234489582	0.0575826189015061
7139	35.695	-2.45082939276472	0.0562929469160736
7140	35.7	-2.45598808070645	0.0562929469160736
7141	35.705	-2.45727775269188	0.0575826189015061
7142	35.71	-2.45340873673558	0.0562929469160736
7143	35.715	-2.46630545658991	0.0562929469160736
7144	35.72	-2.48307119240053	0.0575826189015061
7145	35.725	-2.45985709666274	0.0575826189015061
7146	35.73	-2.47533316048793	0.0562929469160736
7147	35.735	-2.45340873673558	0.0562929469160736
7148	35.74	-2.46501578460447	0.0562929469160736
7149	35.745	-2.47275381651707	0.0562929469160736
7150	35.75	-2.44953972077928	0.0562929469160736
7151	35.755	-2.46888480056077	0.0562929469160736
7152	35.76	-2.47533316048793	0.0562929469160736
7153	35.765	-2.45082939276472	0.0562929469160736
7154	35.77	-2.45856742467731	0.0575826189015061
7155	35.775	-2.45598808070645	0.0562929469160736
7156	35.78	-2.45469840872101	0.0562929469160736
7157	35.785	-2.45082939276472	0.0562929469160736
7158	35.79	-2.45856742467731	0.0562929469160736
7159	35.795	-2.4740434885025	0.0562929469160736
7160	35.8	-2.45469840872101	0.0562929469160736
7161	35.805	-2.44696037680842	0.0562929469160736
7162	35.81	-2.45340873673558	0.0562929469160736
7163	35.815	-2.47533316048793	0.0562929469160736
7164	35.82	-2.46759512857534	0.0562929469160736
7165	35.825	-2.45469840872101	0.0562929469160736
7166	35.83	-2.45211906475015	0.0562929469160736
7167	35.835	-2.46114676864818	0.0562929469160736
7168	35.84	-2.44696037680842	0.0562929469160736
7169	35.845	-2.44825004879385	0.0550032749306411
7170	35.85	-2.45340873673558	0.0562929469160736
7171	35.855	-2.45985709666274	0.0562929469160736
7172	35.86	-2.45727775269188	0.0562929469160736
7173	35.865	-2.44696037680842	0.0550032749306411
7174	35.87	-2.44438103283755	0.0550032749306411
7175	35.875	-2.44696037680842	0.0562929469160736
7176	35.88	-2.44953972077928	0.0550032749306411
7177	35.885	-2.46630545658991	0.0550032749306411
7178	35.89	-2.43148431298323	0.0550032749306411
7179	35.895	-2.44567070482299	0.0550032749306411
7180	35.9	-2.44438103283755	0.0550032749306411
7181	35.905	-2.43535332893953	0.0550032749306411
7182	35.91	-2.44953972077928	0.0550032749306411
7183	35.915	-2.45469840872101	0.0550032749306411
7184	35.92	-2.43277398496866	0.0550032749306411
7185	35.925	-2.43277398496866	0.0550032749306411
7186	35.93	-2.4263256250415	0.0550032749306411
7187	35.935	-2.43535332893953	0.0550032749306411
7188	35.94	-2.44438103283755	0.0550032749306411
7189	35.945	-2.4224566090852	0.0550032749306411
7190	35.95	-2.4224566090852	0.0550032749306411
7191	35.955	-2.41729792114347	0.0550032749306411
7192	35.96	-2.44567070482299	0.0550032749306411
7193	35.965	-2.43148431298323	0.0550032749306411
7194	35.97	-2.42116693709977	0.0550032749306411
7195	35.975	-2.41471857717261	0.0537136029452085
7196	35.98	-2.42116693709977	0.0550032749306411
7197	35.985	-2.4185875931289	0.0537136029452085
7198	35.99	-2.44309136085212	0.0550032749306411
7199	35.995	-2.41213923320174	0.0550032749306411
7200	36	-2.41213923320174	0.0537136029452085
7201	36.005	-2.40698054526001	0.0537136029452085
7202	36.01	-2.40955988923088	0.0550032749306411
7203	36.015	-2.42503595305607	0.0537136029452085
7204	36.02	-2.40440120128915	0.0537136029452085
7205	36.025	-2.40955988923088	0.0537136029452085
7206	36.03	-2.41471857717261	0.0537136029452085
7207	36.035	-2.40311152930371	0.0550032749306411
7208	36.04	-2.41213923320174	0.0537136029452085
7209	36.045	-2.40311152930371	0.0550032749306411
7210	36.05	-2.39021480944939	0.0537136029452085
7211	36.055	-2.40827021724544	0.0537136029452085
7212	36.06	-2.39279415342025	0.0537136029452085
7213	36.065	-2.40698054526001	0.0537136029452085
7214	36.07	-2.40827021724544	0.0537136029452085
7215	36.075	-2.39537349739112	0.0537136029452085
7216	36.08	-2.36571104172617	0.0537136029452085
7217	36.085	-2.40698054526001	0.0537136029452085
7218	36.09	-2.37215940165333	0.0537136029452085
7219	36.095	-2.38892513746396	0.0537136029452085
7220	36.1	-2.39279415342025	0.0537136029452085
7221	36.105	-2.35926268179901	0.0537136029452085
7222	36.11	-2.37602841760963	0.0537136029452085
7223	36.115	-2.37602841760963	0.0537136029452085
7224	36.12	-2.37731808959506	0.052423930959776
7225	36.125	-2.36184202576987	0.0537136029452085
7226	36.13	-2.35152464988641	0.0537136029452085
7227	36.135	-2.33346924209036	0.0537136029452085
7228	36.14	-2.32057252223603	0.0537136029452085
7229	36.145	-2.33475891407579	0.052423930959776
7230	36.15	-2.32444153819233	0.0537136029452085
7231	36.155	-2.32573121017776	0.0537136029452085
7232	36.16	-2.31025514635257	0.0537136029452085
7233	36.165	-2.30767580238171	0.0537136029452085
7234	36.17	-2.29735842649825	0.0537136029452085
7235	36.175	-2.29091006657109	0.0537136029452085
7236	36.18	-2.30122744245455	0.0537136029452085
7237	36.185	-2.29606875451282	0.052423930959776
7238	36.19	-2.28446170664392	0.0537136029452085
7239	36.195	-2.29477908252738	0.052423930959776
7240	36.2	-2.28059269068763	0.052423930959776
7241	36.205	-2.28446170664392	0.0537136029452085
7242	36.21	-2.27930301870219	0.052423930959776
7243	36.215	-2.2676959708333	0.052423930959776
7244	36.22	-2.27285465877503	0.052423930959776
7245	36.225	-2.26124761090614	0.052423930959776
7246	36.23	-2.25866826693527	0.052423930959776
7247	36.235	-2.24448187509552	0.052423930959776
7248	36.24	-2.25479925097898	0.052423930959776
7249	36.245	-2.24706121906638	0.052423930959776
7250	36.25	-2.24190253112465	0.052423930959776
7251	36.255	-2.24061285913922	0.052423930959776
7252	36.26	-2.22900581127033	0.052423930959776
7253	36.265	-2.24061285913922	0.052423930959776
7254	36.27	-2.22642646729946	0.052423930959776
7255	36.275	-2.22771613928489	0.052423930959776
7256	36.28	-2.21868843538687	0.052423930959776
7257	36.285	-2.2199781073723	0.052423930959776
7258	36.29	-2.20966073148884	0.052423930959776
7259	36.295	-2.20966073148884	0.052423930959776
7260	36.3	-2.2238471233286	0.052423930959776
7261	36.305	-2.21095040347427	0.052423930959776
7262	36.31	-2.20192269957624	0.052423930959776
7263	36.315	-2.21352974744514	0.052423930959776
7264	36.32	-2.20192269957624	0.052423930959776
7265	36.325	-2.18902597972192	0.0511342589743435
7266	36.33	-2.19418466766365	0.052423930959776
7267	36.335	-2.18128794780932	0.052423930959776
7268	36.34	-2.19547433964908	0.052423930959776
7269	36.345	-2.18128794780932	0.052423930959776
7270	36.35	-2.17999827582389	0.052423930959776
7271	36.355	-2.17097057192586	0.0511342589743435
7272	36.36	-2.16710155596957	0.0511342589743435
7273	36.365	-2.15936352405697	0.052423930959776
7274	36.37	-2.16581188398413	0.052423930959776
7275	36.375	-2.15678418008611	0.052423930959776
7276	36.38	-2.15033582015894	0.0511342589743435
7277	36.385	-2.1168043485377	0.0511342589743435
7278	36.39	-2.11551467655227	0.0511342589743435
7279	36.395	-2.11422500456683	0.0511342589743435
7280	36.4	-2.1090663166251	0.0511342589743435
7281	36.405	-2.10003861272708	0.0511342589743435
7282	36.41	-2.08972123684362	0.0511342589743435
7283	36.415	-2.06263812514953	0.0511342589743435
7284	36.42	-2.05618976522237	0.0511342589743435
7285	36.425	-2.04716206132434	0.0511342589743435
7286	36.43	-2.04200337338261	0.0511342589743435
7287	36.435	-2.02136862161569	0.0511342589743435
7288	36.44	-2.0097615737468	0.0511342589743435
7289	36.445	-2.00202354183421	0.0511342589743435
7290	36.45	-1.99815452587791	0.0511342589743435
7291	36.455	-2.0136305897031	0.0511342589743435
7292	36.46	-1.99041649396531	0.0511342589743435
7293	36.465	-1.99041649396531	0.049844586988911
7294	36.47	-1.99299583793618	0.0511342589743435
7295	36.475	-1.98525780602358	0.0511342589743435
7296	36.48	-1.98654747800902	0.0511342589743435
7297	36.485	-1.98267846205272	0.0511342589743435
7298	36.49	-1.99428550992161	0.0511342589743435
7299	36.495	-1.97236108616926	0.0511342589743435
7300	36.5	-1.97236108616926	0.0511342589743435
7301	36.505	-1.98654747800902	0.0511342589743435
7302	36.51	-2.00460288580507	0.049844586988911
7303	36.515	-1.98783714999445	0.0511342589743435
7304	36.52	-1.98138879006729	0.049844586988911
7305	36.525	-1.97751977411099	0.0511342589743435
7306	36.53	-1.98138879006729	0.049844586988911
7307	36.535	-1.9659127262421	0.049844586988911
7308	36.54	-1.98138879006729	0.0511342589743435
7309	36.545	-1.98267846205272	0.0511342589743435
7310	36.55	-1.99557518190704	0.0511342589743435
7311	36.555	-1.99686485389248	0.0511342589743435
7312	36.56	-1.97623010212556	0.0511342589743435
7313	36.565	-1.97365075815469	0.049844586988911
7314	36.57	-1.97494043014012	0.0511342589743435
7315	36.575	-1.9659127262421	0.049844586988911
7316	36.58	-1.9659127262421	0.049844586988911
7317	36.585	-1.9581746943295	0.049844586988911
7318	36.59	-1.95301600638777	0.049844586988911
7319	36.595	-1.92593289469369	0.049844586988911
7320	36.6	-1.92980191064999	0.049844586988911
7321	36.605	-1.91819486278109	0.049844586988911
7322	36.61	-1.89756011101417	0.049844586988911
7323	36.615	-1.9065878149122	0.049844586988911
7324	36.62	-1.87692535924725	0.049844586988911
7325	36.625	-1.86402863939293	0.049844586988911
7326	36.63	-1.84984224755317	0.049844586988911
7327	36.635	-1.84339388762601	0.049844586988911
7328	36.64	-1.81889011990279	0.049844586988911
7329	36.645	-1.79309668019414	0.049844586988911
7330	36.65	-1.79180700820871	0.0485549150034785
7331	36.655	-1.77117225644179	0.049844586988911
7332	36.66	-1.75440652063116	0.049844586988911
7333	36.665	-1.7518271766603	0.049844586988911
7334	36.67	-1.73635111283511	0.049844586988911
7335	36.675	-1.73377176886424	0.049844586988911
7336	36.68	-1.71958537702449	0.049844586988911
7337	36.685	-1.70926800114103	0.049844586988911
7338	36.69	-1.68218488944694	0.049844586988911
7339	36.695	-1.69379193731584	0.0485549150034785
7340	36.7	-1.67444685753435	0.049844586988911
7341	36.705	-1.67444685753435	0.0485549150034785
7342	36.71	-1.66541915363632	0.049844586988911
7343	36.715	-1.66155013768002	0.0485549150034785
7344	36.72	-1.65768112172373	0.0485549150034785
7345	36.725	-1.65768112172373	0.049844586988911
7346	36.73	-1.65381210576743	0.0485549150034785
7347	36.735	-1.65123276179656	0.0485549150034785
7348	36.74	-1.64607407385483	0.049844586988911
7349	36.745	-1.63833604194224	0.0485549150034785
7350	36.75	-1.6447844018694	0.0485549150034785
7351	36.755	-1.65897079370916	0.0485549150034785
7352	36.76	-1.652522433782	0.0485549150034785
7353	36.765	-1.66928816959262	0.0485549150034785
7354	36.77	-1.67573652951978	0.0485549150034785
7355	36.775	-1.66026046569459	0.0485549150034785
7356	36.78	-1.67186751356348	0.0485549150034785
7357	36.785	-1.67315718554892	0.0485549150034785
7358	36.79	-1.65897079370916	0.0485549150034785
7359	36.795	-1.65510177775286	0.0485549150034785
7360	36.8	-1.67444685753435	0.0485549150034785
7361	36.805	-1.65768112172373	0.0485549150034785
7362	36.81	-1.66412948165089	0.0485549150034785
7363	36.815	-1.64349472988397	0.0485549150034785
7364	36.82	-1.6486534178257	0.0485549150034785
7365	36.825	-1.64994308981113	0.0485549150034785
7366	36.83	-1.65768112172373	0.0485549150034785
7367	36.835	-1.652522433782	0.0485549150034785
7368	36.84	-1.6486534178257	0.047265243018046
7369	36.845	-1.63962571392767	0.0485549150034785
7370	36.85	-1.66026046569459	0.0485549150034785
7371	36.855	-1.66283980966546	0.0485549150034785
7372	36.86	-1.63704636995681	0.047265243018046
7373	36.865	-1.63833604194224	0.047265243018046
7374	36.87	-1.61512194620445	0.047265243018046
7375	36.875	-1.62543932208791	0.0485549150034785
7376	36.88	-1.61125293024816	0.047265243018046
7377	36.885	-1.57901113061234	0.047265243018046
7378	36.89	-1.57772145862691	0.047265243018046
7379	36.895	-1.56740408274345	0.047265243018046
7380	36.9	-1.55321769090369	0.047265243018046
7381	36.905	-1.52742425119504	0.047265243018046
7382	36.91	-1.51065851538442	0.047265243018046
7383	36.915	-1.48873409163207	0.047265243018046
7384	36.92	-1.45649229199626	0.047265243018046
7385	36.925	-1.4345678682439	0.047265243018046
7386	36.93	-1.41135377250612	0.047265243018046
7387	36.935	-1.38427066081204	0.047265243018046
7388	36.94	-1.36363590904512	0.047265243018046
7389	36.945	-1.33397345338017	0.047265243018046
7390	36.95	-1.31204902962781	0.047265243018046
7391	36.955	-1.29915230977349	0.047265243018046
7392	36.96	-1.2759382140357	0.047265243018046
7393	36.965	-1.26820018212311	0.047265243018046
7394	36.97	-1.23853772645816	0.047265243018046
7395	36.975	-1.24369641439989	0.047265243018046
7396	36.98	-1.24627575837076	0.047265243018046
7397	36.985	-1.21919264667667	0.047265243018046
7398	36.99	-1.21790297469124	0.047265243018046
7399	36.995	-1.21403395873494	0.0459755710326135
7400	37	-1.19855789490975	0.0459755710326135
7401	37.005	-1.19210953498259	0.047265243018046
7402	37.01	-1.19855789490975	0.047265243018046
7403	37.015	-1.18824051902629	0.0459755710326135
7404	37.02	-1.18308183108456	0.0459755710326135
7405	37.025	-1.17147478321567	0.0459755710326135
7406	37.03	-1.16373675130308	0.047265243018046
7407	37.035	-1.15857806336135	0.0459755710326135
7408	37.04	-1.15470904740505	0.0459755710326135
7409	37.045	-1.16244707931764	0.0459755710326135
7410	37.05	-1.15084003144875	0.0459755710326135
7411	37.055	-1.14826068747789	0.0459755710326135
7412	37.06	-1.13794331159443	0.0459755710326135
7413	37.065	-1.15857806336135	0.0459755710326135
7414	37.07	-1.14052265556529	0.0459755710326135
7415	37.075	-1.16115740733221	0.0459755710326135
7416	37.08	-1.15212970343418	0.0459755710326135
7417	37.085	-1.17147478321567	0.0459755710326135
7418	37.09	-1.16502642328851	0.0459755710326135
7419	37.095	-1.16760576725937	0.0459755710326135
7420	37.1	-1.17921281512827	0.0459755710326135
7421	37.105	-1.18824051902629	0.0459755710326135
7422	37.11	-1.15986773534678	0.0459755710326135
7423	37.115	-1.15599871939048	0.0459755710326135
7424	37.12	-1.1727644552011	0.0459755710326135
7425	37.125	-1.15084003144875	0.044685899047181
7426	37.13	-1.17147478321567	0.0459755710326135
7427	37.135	-1.16115740733221	0.0459755710326135
7428	37.14	-1.15857806336135	0.0459755710326135
7429	37.145	-1.15728839137591	0.0459755710326135
7430	37.15	-1.13665363960899	0.044685899047181
7431	37.155	-1.14439167152159	0.044685899047181
7432	37.16	-1.12375691975467	0.044685899047181
7433	37.165	-1.10957052791491	0.044685899047181
7434	37.17	-1.08635643217713	0.044685899047181
7435	37.175	-1.08764610416256	0.0459755710326135
7436	37.18	-1.05669397651218	0.0459755710326135
7437	37.185	-1.03734889673069	0.044685899047181
7438	37.19	-1.0180038169492	0.044685899047181
7439	37.195	-0.997369065182284	0.044685899047181
7440	37.2	-0.972865297459066	0.044685899047181
7441	37.205	-0.966416937531903	0.044685899047181
7442	37.21	-0.917409402085468	0.044685899047181
7443	37.215	-0.922568090027198	0.044685899047181
7444	37.22	-0.892905634362251	0.044685899047181
7445	37.225	-0.882588258478791	0.044685899047181
7446	37.23	-0.85679481877014	0.044685899047181
7447	37.235	-0.84131875494495	0.044685899047181
7448	37.24	-0.834870395017788	0.044685899047181
7449	37.245	-0.824553019134328	0.044685899047181
7450	37.25	-0.812945971265435	0.044685899047181
7451	37.255	-0.80520793935284	0.044685899047181
7452	37.26	-0.797469907440245	0.044685899047181
7453	37.265	-0.78973187552765	0.044685899047181
7454	37.27	-0.79489056346938	0.044685899047181
7455	37.275	-0.775545483687893	0.044685899047181
7456	37.28	-0.78973187552765	0.044685899047181
7457	37.285	-0.788442203542218	0.0433962270617485
7458	37.29	-0.781993843615055	0.044685899047181
7459	37.295	-0.783283515600488	0.0433962270617485
7460	37.3	-0.771676467731595	0.0433962270617485
7461	37.305	-0.77425581170246	0.0433962270617485
7462	37.31	-0.772966139717028	0.044685899047181
7463	37.315	-0.791021547513083	0.0433962270617485
7464	37.32	-0.77941449964419	0.044685899047181
7465	37.325	-0.771676467731595	0.0433962270617485
7466	37.33	-0.775545483687893	0.0433962270617485
7467	37.335	-0.767807451775298	0.0433962270617485
7468	37.34	-0.775545483687893	0.0433962270617485
7469	37.345	-0.762648763833568	0.0433962270617485
7470	37.35	-0.771676467731595	0.0433962270617485
7471	37.355	-0.770386795746163	0.0433962270617485
7472	37.36	-0.771676467731595	0.0433962270617485
7473	37.365	-0.77425581170246	0.0433962270617485
7474	37.37	-0.776835155673325	0.0433962270617485
7475	37.375	-0.776835155673325	0.0433962270617485
7476	37.38	-0.778124827658758	0.0433962270617485
7477	37.385	-0.775545483687893	0.0433962270617485
7478	37.39	-0.763938435819	0.0433962270617485
7479	37.395	-0.772966139717028	0.042106555076316
7480	37.4	-0.77425581170246	0.0433962270617485
7481	37.405	-0.775545483687893	0.0433962270617485
7482	37.41	-0.765228107804433	0.0433962270617485
7483	37.415	-0.77425581170246	0.0433962270617485
7484	37.42	-0.770386795746163	0.0433962270617485
7485	37.425	-0.771676467731595	0.0433962270617485
7486	37.43	-0.760069419862702	0.0433962270617485
7487	37.435	-0.76909712376073	0.0433962270617485
7488	37.44	-0.771676467731595	0.0433962270617485
7489	37.445	-0.757490075891837	0.042106555076316
7490	37.45	-0.754910731920972	0.0433962270617485
7491	37.455	-0.747172700008377	0.042106555076316
7492	37.46	-0.739434668095782	0.042106555076316
7493	37.465	-0.725248276256025	0.0433962270617485
7494	37.47	-0.730406964197755	0.042106555076316
7495	37.475	-0.721379260299727	0.0433962270617485
7496	37.48	-0.713641228387132	0.042106555076316
7497	37.485	-0.69687549257651	0.042106555076316
7498	37.49	-0.682689100736752	0.0433962270617485
7499	37.495	-0.685268444707617	0.042106555076316
7500	37.5	-0.668502708896995	0.042106555076316
7501	37.505	-0.656895661028102	0.042106555076316
7502	37.51	-0.646578285144642	0.042106555076316
7503	37.515	-0.643998941173777	0.042106555076316
7504	37.52	-0.636260909261182	0.042106555076316
7505	37.525	-0.615626157494262	0.042106555076316
7506	37.53	-0.622074517421424	0.042106555076316
7507	37.535	-0.607888125581667	0.042106555076316
7508	37.54	-0.598860421683639	0.042106555076316
7509	37.545	-0.604019109625369	0.042106555076316
7510	37.55	-0.593701733741909	0.042106555076316
7511	37.555	-0.593701733741909	0.042106555076316
7512	37.56	-0.584674029843882	0.042106555076316
7513	37.565	-0.582094685873017	0.042106555076316
7514	37.57	-0.582094685873017	0.0408168830908835
7515	37.575	-0.580805013887584	0.0408168830908835
7516	37.58	-0.570487638004124	0.042106555076316
7517	37.585	-0.569197966018692	0.042106555076316
7518	37.59	-0.561459934106097	0.0408168830908835
7519	37.595	-0.565328950062394	0.042106555076316
7520	37.6	-0.562749606091529	0.0408168830908835
7521	37.605	-0.552432230208069	0.0408168830908835
7522	37.61	-0.553721902193502	0.0408168830908835
7523	37.615	-0.552432230208069	0.0408168830908835
7524	37.62	-0.544694198295474	0.0408168830908835
7525	37.625	-0.533087150426582	0.042106555076316
7526	37.63	-0.534376822412014	0.0408168830908835
7527	37.635	-0.530507806455716	0.0408168830908835
7528	37.64	-0.536956166382879	0.0408168830908835
7529	37.645	-0.527928462484851	0.0408168830908835
7530	37.65	-0.525349118513986	0.042106555076316
7531	37.655	-0.531797478441149	0.0408168830908835
7532	37.66	-0.524059446528554	0.0408168830908835
7533	37.665	-0.527928462484851	0.0408168830908835
7534	37.67	-0.525349118513986	0.0408168830908835
7535	37.675	-0.527928462484851	0.0408168830908835
7536	37.68	-0.520190430572256	0.042106555076316
7537	37.685	-0.521480102557689	0.0408168830908835
7538	37.69	-0.524059446528554	0.0408168830908835
7539	37.695	-0.530507806455716	0.0408168830908835
7540	37.7	-0.533087150426582	0.0408168830908835
7541	37.705	-0.516321414615959	0.0408168830908835
7542	37.71	-0.512452398659661	0.0408168830908835
7543	37.715	-0.513742070645094	0.0408168830908835
7544	37.72	-0.513742070645094	0.0408168830908835
7545	37.725	-0.511162726674229	0.042106555076316
7546	37.73	-0.509873054688796	0.0408168830908835
7547	37.735	-0.499555678805336	0.0408168830908835
7548	37.74	-0.504714366747066	0.0408168830908835
7549	37.745	-0.495686662849039	0.0408168830908835
7550	37.75	-0.498266006819904	0.042106555076316
7551	37.755	-0.495686662849039	0.039527211105451
7552	37.76	-0.485369286965579	0.0408168830908835
7553	37.765	-0.480210599023849	0.0408168830908835
7554	37.77	-0.477631255052984	0.0408168830908835
7555	37.775	-0.477631255052984	0.0408168830908835
7556	37.78	-0.480210599023849	0.0408168830908835
7557	37.785	-0.473762239096686	0.0408168830908835
7558	37.79	-0.466024207184091	0.0408168830908835
7559	37.795	-0.469893223140389	0.0408168830908835
7560	37.8	-0.458286175271496	0.0408168830908835
7561	37.805	-0.458286175271496	0.0408168830908835
7562	37.81	-0.441520439460874	0.0408168830908835
7563	37.815	-0.451837815344334	0.0408168830908835
7564	37.82	-0.441520439460874	0.0408168830908835
7565	37.825	-0.438941095490009	0.0408168830908835
7566	37.83	-0.428623719606549	0.0408168830908835
7567	37.835	-0.424754703650251	0.0408168830908835
7568	37.84	-0.424754703650251	0.0408168830908835
7569	37.845	-0.409278639825061	0.039527211105451
7570	37.85	-0.404119951883331	0.0408168830908835
7571	37.855	-0.393802575999871	0.039527211105451
7572	37.86	-0.393802575999871	0.0408168830908835
7573	37.865	-0.384774872101843	0.0408168830908835
7574	37.87	-0.375747168203816	0.0408168830908835
7575	37.875	-0.366719464305788	0.0408168830908835
7576	37.88	-0.362850448349491	0.0408168830908835
7577	37.885	-0.358981432393193	0.039527211105451
7578	37.89	-0.356402088422328	0.0408168830908835
7579	37.895	-0.343505368568003	0.039527211105451
7580	37.9	-0.344795040553436	0.039527211105451
7581	37.905	-0.335767336655408	0.039527211105451
7582	37.91	-0.326739632757381	0.039527211105451
7583	37.915	-0.330608648713678	0.039527211105451
7584	37.92	-0.326739632757381	0.0408168830908835
7585	37.925	-0.319001600844786	0.039527211105451
7586	37.93	-0.311263568932191	0.039527211105451
7587	37.935	-0.311263568932191	0.039527211105451
7588	37.94	-0.303525537019596	0.039527211105451
7589	37.945	-0.306104880990461	0.039527211105451
7590	37.95	-0.302235865034163	0.039527211105451
7591	37.955	-0.298366849077865	0.039527211105451
7592	37.96	-0.291918489150703	0.039527211105451
7593	37.965	-0.289339145179838	0.039527211105451
7594	37.97	-0.284180457238108	0.039527211105451
7595	37.975	-0.286759801208973	0.039527211105451
7596	37.98	-0.282890785252675	0.039527211105451
7597	37.985	-0.26483537745662	0.039527211105451
7598	37.99	-0.26483537745662	0.039527211105451
7599	37.995	-0.267414721427485	0.0382375391200185
7600	38	-0.262256033485755	0.039527211105451
7601	38.005	-0.258387017529458	0.039527211105451
7602	38.01	-0.260966361500323	0.039527211105451
7603	38.015	-0.257097345544025	0.0382375391200185
7604	38.02	-0.251938657602295	0.0382375391200185
7605	38.025	-0.248069641645998	0.0382375391200185
7606	38.03	-0.246779969660565	0.0382375391200185
7607	38.035	-0.251938657602295	0.0382375391200185
7608	38.04	-0.246779969660565	0.0382375391200185
7609	38.045	-0.237752265762538	0.0382375391200185
7610	38.05	-0.240331609733403	0.0382375391200185
7611	38.055	-0.235172921791673	0.0382375391200185
7612	38.06	-0.237752265762538	0.0382375391200185
7613	38.065	-0.232593577820808	0.0382375391200185
7614	38.07	-0.23388324980624	0.0382375391200185
7615	38.075	-0.22872456186451	0.0382375391200185
7616	38.08	-0.226145217893645	0.0382375391200185
7617	38.085	-0.224855545908213	0.0382375391200185
7618	38.09	-0.222276201937348	0.0382375391200185
7619	38.095	-0.215827842010185	0.0382375391200185
7620	38.1	-0.217117513995618	0.0382375391200185
7621	38.105	-0.209379482083023	0.0382375391200185
7622	38.11	-0.21324849803932	0.0382375391200185
7623	38.115	-0.20808981009759	0.0382375391200185
7624	38.12	-0.206800138112158	0.0382375391200185
7625	38.125	-0.205510466126725	0.0382375391200185
7626	38.13	-0.200351778184995	0.036947867134586
7627	38.135	-0.200351778184995	0.0382375391200185
7628	38.14	-0.199062106199563	0.036947867134586
7629	38.145	-0.196482762228698	0.0382375391200185
7630	38.15	-0.190034402301535	0.036947867134586
7631	38.155	-0.196482762228698	0.0382375391200185
7632	38.16	-0.1926137462724	0.0382375391200185
7633	38.165	-0.191324074286968	0.0382375391200185
7634	38.17	-0.186165386345237	0.0382375391200185
7635	38.175	-0.18745505833067	0.0382375391200185
7636	38.18	-0.188744730316103	0.0382375391200185
7637	38.185	-0.184875714359805	0.0382375391200185
7638	38.19	-0.188744730316103	0.036947867134586
7639	38.195	-0.183586042374372	0.0382375391200185
7640	38.2	-0.184875714359805	0.036947867134586
7641	38.205	-0.178427354432642	0.036947867134586
7642	38.21	-0.178427354432642	0.0382375391200185
7643	38.215	-0.178427354432642	0.036947867134586
7644	38.22	-0.178427354432642	0.036947867134586
7645	38.225	-0.178427354432642	0.036947867134586
7646	38.23	-0.170689322520047	0.0382375391200185
7647	38.235	-0.17197899450548	0.0382375391200185
7648	38.24	-0.173268666490912	0.0382375391200185
7649	38.245	-0.168109978549182	0.036947867134586
7650	38.25	-0.17197899450548	0.036947867134586
7651	38.255	-0.169399650534615	0.036947867134586
7652	38.26	-0.16682030656375	0.0382375391200185
7653	38.265	-0.168109978549182	0.036947867134586
7654	38.27	-0.165530634578317	0.036947867134586
7655	38.275	-0.165530634578317	0.036947867134586
7656	38.28	-0.164240962592885	0.0382375391200185
7657	38.285	-0.164240962592885	0.036947867134586
7658	38.29	-0.157792602665722	0.036947867134586
7659	38.295	-0.162951290607452	0.036947867134586
7660	38.3	-0.162951290607452	0.036947867134586
7661	38.305	-0.162951290607452	0.036947867134586
7662	38.31	-0.159082274651155	0.036947867134586
7663	38.315	-0.160371946636587	0.0356581951491535
7664	38.32	-0.16166161862202	0.0356581951491535
7665	38.325	-0.160371946636587	0.036947867134586
7666	38.33	-0.153923586709425	0.036947867134586
7667	38.335	-0.155213258694857	0.036947867134586
7668	38.34	-0.155213258694857	0.0356581951491535
7669	38.345	-0.150054570753127	0.036947867134586
7670	38.35	-0.15134424273856	0.036947867134586
7671	38.355	-0.153923586709425	0.036947867134586
7672	38.36	-0.15134424273856	0.0356581951491535
7673	38.365	-0.150054570753127	0.0356581951491535
7674	38.37	-0.150054570753127	0.036947867134586
7675	38.375	-0.14618555479683	0.0356581951491535
7676	38.38	-0.148764898767695	0.0356581951491535
7677	38.385	-0.144895882811397	0.0356581951491535
7678	38.39	-0.14618555479683	0.036947867134586
7679	38.395	-0.14618555479683	0.036947867134586
7680	38.4	-0.150054570753127	0.0356581951491535
7681	38.405	-0.147475226782262	0.0356581951491535
7682	38.41	-0.144895882811397	0.036947867134586
7683	38.415	-0.148764898767695	0.036947867134586
7684	38.42	-0.147475226782262	0.0356581951491535
7685	38.425	-0.143606210825965	0.036947867134586
7686	38.43	-0.144895882811397	0.0356581951491535
7687	38.435	-0.148764898767695	0.0356581951491535
7688	38.44	-0.144895882811397	0.0356581951491535
7689	38.445	-0.142316538840532	0.0356581951491535
7690	38.45	-0.139737194869667	0.0356581951491535
7691	38.455	-0.1410268668551	0.0356581951491535
7692	38.46	-0.143606210825965	0.0356581951491535
7693	38.465	-0.142316538840532	0.0356581951491535
7694	38.47	-0.1410268668551	0.0356581951491535
7695	38.475	-0.143606210825965	0.0356581951491535
7696	38.48	-0.138447522884235	0.0356581951491535
7697	38.485	-0.147475226782262	0.0356581951491535
7698	38.49	-0.14618555479683	0.0356581951491535
7699	38.495	-0.144895882811397	0.0356581951491535
7700	38.5	-0.142316538840532	0.0356581951491535
7701	38.505	-0.1410268668551	0.034368523163721
7702	38.51	-0.142316538840532	0.0356581951491535
7703	38.515	-0.143606210825965	0.0356581951491535
7704	38.52	-0.148764898767695	0.0356581951491535
7705	38.525	-0.14618555479683	0.034368523163721
7706	38.53	-0.142316538840532	0.0356581951491535
7707	38.535	-0.1410268668551	0.034368523163721
7708	38.54	-0.1410268668551	0.0356581951491535
7709	38.545	-0.142316538840532	0.034368523163721
7710	38.55	-0.144895882811397	0.034368523163721
7711	38.555	-0.144895882811397	0.034368523163721
7712	38.56	-0.14618555479683	0.034368523163721
7713	38.565	-0.139737194869667	0.0356581951491535
7714	38.57	-0.14618555479683	0.034368523163721
7715	38.575	-0.144895882811397	0.034368523163721
7716	38.58	-0.144895882811397	0.034368523163721
7717	38.585	-0.14618555479683	0.0356581951491535
7718	38.59	-0.147475226782262	0.034368523163721
7719	38.595	-0.14618555479683	0.034368523163721
7720	38.6	-0.142316538840532	0.034368523163721
7721	38.605	-0.148764898767695	0.034368523163721
7722	38.61	-0.144895882811397	0.034368523163721
7723	38.615	-0.14618555479683	0.034368523163721
7724	38.62	-0.148764898767695	0.034368523163721
7725	38.625	-0.144895882811397	0.034368523163721
7726	38.63	-0.147475226782262	0.034368523163721
7727	38.635	-0.148764898767695	0.034368523163721
7728	38.64	-0.147475226782262	0.034368523163721
7729	38.645	-0.150054570753127	0.034368523163721
7730	38.65	-0.152633914723992	0.034368523163721
7731	38.655	-0.148764898767695	0.034368523163721
7732	38.66	-0.148764898767695	0.034368523163721
7733	38.665	-0.15134424273856	0.034368523163721
7734	38.67	-0.153923586709425	0.034368523163721
7735	38.675	-0.15134424273856	0.034368523163721
7736	38.68	-0.152633914723992	0.034368523163721
7737	38.685	-0.15134424273856	0.034368523163721
7738	38.69	-0.152633914723992	0.034368523163721
7739	38.695	-0.152633914723992	0.034368523163721
7740	38.7	-0.157792602665722	0.034368523163721
7741	38.705	-0.153923586709425	0.0330788511782885
7742	38.71	-0.152633914723992	0.034368523163721
7743	38.715	-0.159082274651155	0.034368523163721
7744	38.72	-0.16166161862202	0.034368523163721
7745	38.725	-0.15650293068029	0.034368523163721
7746	38.73	-0.153923586709425	0.0330788511782885
7747	38.735	-0.159082274651155	0.0330788511782885
7748	38.74	-0.16166161862202	0.0330788511782885
7749	38.745	-0.155213258694857	0.034368523163721
7750	38.75	-0.164240962592885	0.034368523163721
7751	38.755	-0.16166161862202	0.0330788511782885
7752	38.76	-0.164240962592885	0.0330788511782885
7753	38.765	-0.16682030656375	0.034368523163721
7754	38.77	-0.165530634578317	0.034368523163721
7755	38.775	-0.169399650534615	0.0330788511782885
7756	38.78	-0.16682030656375	0.0330788511782885
7757	38.785	-0.169399650534615	0.0330788511782885
7758	38.79	-0.169399650534615	0.0330788511782885
7759	38.795	-0.17713768244721	0.0330788511782885
7760	38.8	-0.173268666490912	0.0330788511782885
7761	38.805	-0.175848010461777	0.0330788511782885
7762	38.81	-0.175848010461777	0.0330788511782885
7763	38.815	-0.183586042374372	0.0330788511782885
7764	38.82	-0.181006698403507	0.0330788511782885
7765	38.825	-0.174558338476345	0.0330788511782885
7766	38.83	-0.183586042374372	0.0330788511782885
7767	38.835	-0.184875714359805	0.0330788511782885
7768	38.84	-0.188744730316103	0.0330788511782885
7769	38.845	-0.190034402301535	0.034368523163721
7770	38.85	-0.191324074286968	0.0330788511782885
7771	38.855	-0.193903418257833	0.0330788511782885
7772	38.86	-0.19777243421413	0.0330788511782885
7773	38.865	-0.199062106199563	0.0330788511782885
7774	38.87	-0.201641450170428	0.0330788511782885
7775	38.875	-0.201641450170428	0.0330788511782885
7776	38.88	-0.204220794141293	0.0330788511782885
7777	38.885	-0.206800138112158	0.0330788511782885
7778	38.89	-0.209379482083023	0.0330788511782885
7779	38.895	-0.211958826053888	0.0330788511782885
7780	38.9	-0.209379482083023	0.031789179192856
7781	38.905	-0.214538170024753	0.031789179192856
7782	38.91	-0.21324849803932	0.0330788511782885
7783	38.915	-0.224855545908213	0.031789179192856
7784	38.92	-0.224855545908213	0.0330788511782885
7785	38.925	-0.22356587392278	0.0330788511782885
7786	38.93	-0.230014233849943	0.031789179192856
7787	38.935	-0.22872456186451	0.0330788511782885
7788	38.94	-0.23388324980624	0.031789179192856
7789	38.945	-0.23388324980624	0.031789179192856
7790	38.95	-0.237752265762538	0.031789179192856
7791	38.955	-0.248069641645998	0.031789179192856
7792	38.96	-0.246779969660565	0.031789179192856
7793	38.965	-0.2442006256897	0.031789179192856
7794	38.97	-0.253228329587728	0.031789179192856
7795	38.975	-0.257097345544025	0.031789179192856
7796	38.98	-0.266125049442053	0.031789179192856
7797	38.985	-0.268704393412918	0.031789179192856
7798	38.99	-0.266125049442053	0.031789179192856
7799	38.995	-0.26999406539835	0.031789179192856
7800	39	-0.26999406539835	0.031789179192856
7801	39.005	-0.279021769296378	0.031789179192856
7802	39.01	-0.277732097310945	0.031789179192856
7803	39.015	-0.284180457238108	0.031789179192856
7804	39.02	-0.276442425325513	0.031789179192856
7805	39.025	-0.281601113267243	0.031789179192856
7806	39.03	-0.282890785252675	0.031789179192856
7807	39.035	-0.291918489150703	0.031789179192856
7808	39.04	-0.294497833121568	0.031789179192856
7809	39.045	-0.30094619304873	0.031789179192856
7810	39.05	-0.304815209005028	0.031789179192856
7811	39.055	-0.297077177092433	0.0304995072074234
7812	39.06	-0.306104880990461	0.031789179192856
7813	39.065	-0.304815209005028	0.031789179192856
7814	39.07	-0.315132584888488	0.0304995072074234
7815	39.075	-0.320291272830218	0.031789179192856
7816	39.08	-0.328029304742813	0.031789179192856
7817	39.085	-0.330608648713678	0.0304995072074234
7818	39.09	-0.331898320699111	0.0304995072074234
7819	39.095	-0.342215696582571	0.031789179192856
7820	39.1	-0.338346680626273	0.0304995072074234
7821	39.105	-0.347374384524301	0.0304995072074234
7822	39.11	-0.349953728495166	0.0304995072074234
7823	39.115	-0.369298808276653	0.031789179192856
7824	39.12	-0.365429792320356	0.031789179192856
7825	39.125	-0.360271104378626	0.0304995072074234
7826	39.13	-0.370588480262086	0.0304995072074234
7827	39.135	-0.374457496218383	0.0304995072074234
7828	39.14	-0.383485200116411	0.0304995072074234
7829	39.145	-0.389933560043573	0.0304995072074234
7830	39.15	-0.384774872101843	0.0304995072074234
7831	39.155	-0.400250935927033	0.0304995072074234
7832	39.16	-0.404119951883331	0.0304995072074234
7833	39.165	-0.398961263941601	0.0304995072074234
7834	39.17	-0.414437327766791	0.0304995072074234
7835	39.175	-0.414437327766791	0.0304995072074234
7836	39.18	-0.417016671737656	0.0304995072074234
7837	39.185	-0.423465031664819	0.0304995072074234
7838	39.19	-0.429913391591981	0.0304995072074234
7839	39.195	-0.435072079533711	0.0304995072074234
7840	39.2	-0.445389455417171	0.0304995072074234
7841	39.205	-0.444099783431739	0.0304995072074234
7842	39.21	-0.454417159315199	0.0304995072074234
7843	39.215	-0.460865519242361	0.0304995072074234
7844	39.22	-0.463444863213226	0.0304995072074234
7845	39.225	-0.480210599023849	0.0292098352219909
7846	39.23	-0.477631255052984	0.0304995072074234
7847	39.235	-0.485369286965579	0.0292098352219909
7848	39.24	-0.482789942994714	0.0304995072074234
7849	39.245	-0.496976334834471	0.0304995072074234
7850	39.25	-0.499555678805336	0.0292098352219909
7851	39.255	-0.511162726674229	0.0292098352219909
7852	39.26	-0.511162726674229	0.0304995072074234
7853	39.265	-0.520190430572256	0.0292098352219909
7854	39.27	-0.516321414615959	0.0292098352219909
7855	39.275	-0.515031742630526	0.0292098352219909
7856	39.28	-0.520190430572256	0.0292098352219909
7857	39.285	-0.527928462484851	0.0292098352219909
7858	39.29	-0.534376822412014	0.0292098352219909
7859	39.295	-0.549852886237204	0.0292098352219909
7860	39.3	-0.533087150426582	0.0292098352219909
7861	39.305	-0.536956166382879	0.0292098352219909
7862	39.31	-0.543404526310042	0.0292098352219909
7863	39.315	-0.555011574178934	0.0292098352219909
7864	39.32	-0.547273542266339	0.0292098352219909
7865	39.325	-0.553721902193502	0.0292098352219909
7866	39.33	-0.565328950062394	0.0292098352219909
7867	39.335	-0.567908294033259	0.0292098352219909
7868	39.34	-0.565328950062394	0.0292098352219909
7869	39.345	-0.573066981974989	0.0292098352219909
7870	39.35	-0.573066981974989	0.0292098352219909
7871	39.355	-0.587253373814747	0.0279201632365584
7872	39.36	-0.582094685873017	0.0292098352219909
7873	39.365	-0.592412061756477	0.0292098352219909
7874	39.37	-0.600150093669072	0.0292098352219909
7875	39.375	-0.602729437639937	0.0279201632365584
7876	39.38	-0.602729437639937	0.0279201632365584
7877	39.385	-0.604019109625369	0.0279201632365584
7878	39.39	-0.607888125581667	0.0292098352219909
7879	39.395	-0.622074517421424	0.0292098352219909
7880	39.4	-0.618205501465127	0.0279201632365584
7881	39.405	-0.623364189406857	0.0279201632365584
7882	39.41	-0.623364189406857	0.0279201632365584
7883	39.415	-0.625943533377722	0.0279201632365584
7884	39.42	-0.631102221319452	0.0279201632365584
7885	39.425	-0.631102221319452	0.0279201632365584
7886	39.43	-0.643998941173777	0.0279201632365584
7887	39.435	-0.646578285144642	0.0279201632365584
7888	39.44	-0.651736973086372	0.0279201632365584
7889	39.445	-0.65560598904267	0.0279201632365584
7890	39.45	-0.668502708896995	0.0279201632365584
7891	39.455	-0.66592336492613	0.0279201632365584
7892	39.46	-0.67108205286786	0.0279201632365584
7893	39.465	-0.680109756765887	0.0279201632365584
7894	39.47	-0.68139942875132	0.0279201632365584
7895	39.475	-0.678820084780455	0.0266304912511259
7896	39.48	-0.69171680463478	0.0279201632365584
7897	39.485	-0.70203418051824	0.0279201632365584
7898	39.49	-0.700744508532807	0.0279201632365584
7899	39.495	-0.714930900372565	0.0279201632365584
7900	39.5	-0.70719286845997	0.0279201632365584
7901	39.505	-0.711061884416267	0.0266304912511259
7902	39.51	-0.718799916328862	0.0279201632365584
7903	39.515	-0.714930900372565	0.0266304912511259
7904	39.52	-0.725248276256025	0.0279201632365584
7905	39.525	-0.731696636183187	0.0279201632365584
7906	39.53	-0.73814499611035	0.0279201632365584
7907	39.535	-0.740724340081215	0.0279201632365584
7908	39.54	-0.742014012066647	0.0279201632365584
7909	39.545	-0.752331387950107	0.0266304912511259
7910	39.55	-0.756200403906405	0.0266304912511259
7911	39.555	-0.767807451775298	0.0266304912511259
7912	39.56	-0.762648763833568	0.0266304912511259
7913	39.565	-0.781993843615055	0.0266304912511259
7914	39.57	-0.783283515600488	0.0266304912511259
7915	39.575	-0.781993843615055	0.0266304912511259
7916	39.58	-0.77941449964419	0.0266304912511259
7917	39.585	-0.785862859571353	0.0266304912511259
7918	39.59	-0.796180235454813	0.0266304912511259
7919	39.595	-0.811656299280003	0.0266304912511259
7920	39.6	-0.811656299280003	0.0266304912511259
7921	39.605	-0.8155253152363	0.0266304912511259
7922	39.61	-0.814235643250868	0.0266304912511259
7923	39.615	-0.818104659207165	0.0266304912511259
7924	39.62	-0.83616006700322	0.0253408192656934
7925	39.625	-0.834870395017788	0.0253408192656934
7926	39.63	-0.83616006700322	0.0266304912511259
7927	39.635	-0.838739410974085	0.0266304912511259
7928	39.64	-0.849056786857545	0.0266304912511259
7929	39.645	-0.854215474799275	0.0266304912511259
7930	39.65	-0.855505146784708	0.0253408192656934
7931	39.655	-0.864532850682735	0.0266304912511259
7932	39.66	-0.868401866639033	0.0253408192656934
7933	39.665	-0.865822522668168	0.0266304912511259
7934	39.67	-0.858084490755573	0.0266304912511259
7935	39.675	-0.878719242522493	0.0253408192656934
7936	39.68	-0.883877930464223	0.0253408192656934
7937	39.685	-0.87742957053706	0.0266304912511259
7938	39.69	-0.878719242522493	0.0266304912511259
7939	39.695	-0.900643666274846	0.0253408192656934
7940	39.7	-0.887746946420521	0.0253408192656934
7941	39.705	-0.905802354216576	0.0253408192656934
7942	39.71	-0.905802354216576	0.0253408192656934
7943	39.715	-0.910961042158306	0.0253408192656934
7944	39.72	-0.918699074070901	0.0253408192656934
7945	39.725	-0.930306121939793	0.0253408192656934
7946	39.73	-0.938044153852388	0.0253408192656934
7947	39.735	-0.926437105983496	0.0253408192656934
7948	39.74	-0.954809889663011	0.0253408192656934
7949	39.745	-0.947071857750416	0.0253408192656934
7950	39.75	-0.952230545692146	0.0253408192656934
7951	39.755	-0.958678905619308	0.0253408192656934
7952	39.76	-0.967706609517336	0.0253408192656934
7953	39.765	-0.965127265546471	0.0253408192656934
7954	39.77	-0.957389233633876	0.0240511472802609
7955	39.775	-0.974154969444498	0.0240511472802609
7956	39.78	-0.972865297459066	0.0253408192656934
7957	39.785	-0.999948409153149	0.0253408192656934
7958	39.79	-0.993500049225986	0.0253408192656934
7959	39.795	-0.980603329371661	0.0253408192656934
7960	39.8	-0.984472345327958	0.0240511472802609
7961	39.805	-0.990920705255121	0.0240511472802609
7962	39.81	-1.00123808113858	0.0240511472802609
7963	39.815	-1.02316250489093	0.0240511472802609
7964	39.82	-1.0180038169492	0.0240511472802609
7965	39.825	-1.01155545702204	0.0240511472802609
7966	39.83	-1.00639676908031	0.0240511472802609
7967	39.835	-1.01929348893464	0.0240511472802609
7968	39.84	-1.0218728329055	0.0240511472802609
7969	39.845	-1.03347988077439	0.0240511472802609
7970	39.85	-1.03090053680353	0.0240511472802609
7971	39.855	-1.03863856871612	0.0240511472802609
7972	39.86	-1.03476955275983	0.0240511472802609
7973	39.865	-1.03734889673069	0.0240511472802609
7974	39.87	-1.03734889673069	0.0240511472802609
7975	39.875	-1.05540430452675	0.0253408192656934
7976	39.88	-1.04121791268699	0.0240511472802609
7977	39.885	-1.05798364849761	0.0240511472802609
7978	39.89	-1.04637660062872	0.0240511472802609
7979	39.895	-1.06056299246848	0.0240511472802609
7980	39.9	-1.0695906963665	0.0240511472802609
7981	39.905	-1.05927332048304	0.0240511472802609
7982	39.91	-1.0773287282791	0.0240511472802609
7983	39.915	-1.07861840026453	0.0240511472802609
7984	39.92	-1.06572168041021	0.0240511472802609
7985	39.925	-1.06830102438107	0.0227614752948284
7986	39.93	-1.07990807224996	0.0227614752948284
7987	39.935	-1.08506676019169	0.0227614752948284
7988	39.94	-1.09280479210429	0.0227614752948284
7989	39.945	-1.08893577614799	0.0227614752948284
7990	39.95	-1.09409446408972	0.0227614752948284
7991	39.955	-1.11343954387121	0.0227614752948284
7992	39.96	-1.11730855982751	0.0227614752948284
7993	39.965	-1.11214987188578	0.0227614752948284
7994	39.97	-1.11214987188578	0.0227614752948284
7995	39.975	-1.12246724776924	0.0227614752948284
7996	39.98	-1.11988790379837	0.0227614752948284
7997	39.985	-1.12246724776924	0.0227614752948284
7998	39.99	-1.11472921585664	0.0227614752948284
7999	39.995	-1.1250465917401	0.0227614752948284
8000	40	-1.13536396762356	0.0227614752948284
8001	40.005	-1.13923298357986	0.0227614752948284
8002	40.01	-1.13665363960899	0.0227614752948284
8003	40.015	-1.13536396762356	0.0227614752948284
8004	40.02	-1.14052265556529	0.0227614752948284
8005	40.025	-1.13665363960899	0.0227614752948284
8006	40.03	-1.15084003144875	0.0227614752948284
8007	40.035	-1.14568134350702	0.0227614752948284
8008	40.04	-1.14568134350702	0.0214718033093959
8009	40.045	-1.16373675130308	0.0227614752948284
8010	40.05	-1.15599871939048	0.0227614752948284
8011	40.055	-1.16631609527394	0.0214718033093959
8012	40.06	-1.15986773534678	0.0214718033093959
8013	40.065	-1.16760576725937	0.0227614752948284
8014	40.07	-1.14826068747789	0.0214718033093959
8015	40.075	-1.17405412718654	0.0214718033093959
8016	40.08	-1.18695084704086	0.0214718033093959
8017	40.085	-1.17921281512827	0.0214718033093959
8018	40.09	-1.17792314314283	0.0214718033093959
8019	40.095	-1.18695084704086	0.0214718033093959
8020	40.1	-1.17921281512827	0.0214718033093959
8021	40.105	-1.17405412718654	0.0214718033093959
8022	40.11	-1.18695084704086	0.0214718033093959
8023	40.115	-1.18308183108456	0.0214718033093959
8024	40.12	-1.18695084704086	0.0214718033093959
8025	40.125	-1.18566117505543	0.0214718033093959
8026	40.13	-1.1766334711574	0.0214718033093959
8027	40.135	-1.18824051902629	0.0214718033093959
8028	40.14	-1.18437150307	0.0214718033093959
8029	40.145	-1.20887527079321	0.0201821313239634
8030	40.15	-1.18179215909913	0.0214718033093959
8031	40.155	-1.19726822292432	0.0214718033093959
8032	40.16	-1.20113723888062	0.0214718033093959
8033	40.165	-1.19468887895346	0.0201821313239634
8034	40.17	-1.19339920696802	0.0201821313239634
8035	40.175	-1.20500625483692	0.0214718033093959
8036	40.18	-1.20887527079321	0.0214718033093959
8037	40.185	-1.20242691086605	0.0214718033093959
8038	40.19	-1.20371658285148	0.0201821313239634
8039	40.195	-1.19855789490975	0.0214718033093959
8040	40.2	-1.19855789490975	0.0201821313239634
8041	40.205	-1.20629592682235	0.0214718033093959
8042	40.21	-1.20629592682235	0.0214718033093959
8043	40.215	-1.21403395873494	0.0201821313239634
8044	40.22	-1.20500625483692	0.0201821313239634
8045	40.225	-1.21274428674951	0.0201821313239634
8046	40.23	-1.21661330270581	0.0201821313239634
8047	40.235	-1.21016494277865	0.0201821313239634
8048	40.24	-1.20629592682235	0.0201821313239634
8049	40.245	-1.21016494277865	0.0201821313239634
8050	40.25	-1.20500625483692	0.0201821313239634
8051	40.255	-1.20887527079321	0.0201821313239634
8052	40.26	-1.20371658285148	0.0201821313239634
8053	40.265	-1.20371658285148	0.0201821313239634
8054	40.27	-1.20371658285148	0.0201821313239634
8055	40.275	-1.21016494277865	0.0188924593385309
8056	40.28	-1.21790297469124	0.0201821313239634
8057	40.285	-1.22177199064754	0.0201821313239634
8058	40.29	-1.20887527079321	0.0201821313239634
8059	40.295	-1.22306166263297	0.0201821313239634
8060	40.3	-1.21403395873494	0.0201821313239634
8061	40.305	-1.22177199064754	0.0188924593385309
8062	40.31	-1.21274428674951	0.0188924593385309
8063	40.315	-1.21532363072038	0.0188924593385309
8064	40.32	-1.21532363072038	0.0188924593385309
8065	40.325	-1.22306166263297	0.0188924593385309
8066	40.33	-1.21919264667667	0.0188924593385309
8067	40.335	-1.2243513346184	0.0188924593385309
8068	40.34	-1.21919264667667	0.0201821313239634
8069	40.345	-1.232089366531	0.0188924593385309
8070	40.35	-1.21790297469124	0.0188924593385309
8071	40.355	-1.23337903851643	0.0188924593385309
8072	40.36	-1.2243513346184	0.0188924593385309
8073	40.365	-1.22693067858927	0.0188924593385309
8074	40.37	-1.2282203505747	0.0188924593385309
8075	40.375	-1.2243513346184	0.0188924593385309
8076	40.38	-1.22564100660384	0.0188924593385309
8077	40.385	-1.22048231866211	0.0188924593385309
8078	40.39	-1.21790297469124	0.0188924593385309
8079	40.395	-1.2282203505747	0.0188924593385309
8080	40.4	-1.20242691086605	0.0188924593385309
8081	40.405	-1.21145461476408	0.0176027873530984
8082	40.41	-1.22693067858927	0.0176027873530984
8083	40.415	-1.23079969454557	0.0188924593385309
8084	40.42	-1.21532363072038	0.0188924593385309
8085	40.425	-1.232089366531	0.0188924593385309
8086	40.43	-1.21661330270581	0.0176027873530984
8087	40.435	-1.2282203505747	0.0188924593385309
8088	40.44	-1.22177199064754	0.0176027873530984
8089	40.445	-1.22306166263297	0.0176027873530984
8090	40.45	-1.20113723888062	0.0176027873530984
8091	40.455	-1.2243513346184	0.0176027873530984
8092	40.46	-1.21661330270581	0.0188924593385309
8093	40.465	-1.21532363072038	0.0176027873530984
8094	40.47	-1.2243513346184	0.0176027873530984
8095	40.475	-1.2243513346184	0.0176027873530984
8096	40.48	-1.21919264667667	0.0176027873530984
8097	40.485	-1.20758559880778	0.0176027873530984
8098	40.49	-1.20758559880778	0.0176027873530984
8099	40.495	-1.19339920696802	0.0176027873530984
8100	40.5	-1.20887527079321	0.0176027873530984
8101	40.505	-1.22693067858927	0.0176027873530984
8102	40.51	-1.21145461476408	0.0176027873530984
8103	40.515	-1.19726822292432	0.0176027873530984
8104	40.52	-1.19081986299716	0.0176027873530984
8105	40.525	-1.21661330270581	0.0176027873530984
8106	40.53	-1.20758559880778	0.0176027873530984
8107	40.535	-1.18824051902629	0.0176027873530984
8108	40.54	-1.20113723888062	0.0176027873530984
8109	40.545	-1.20242691086605	0.0163131153676659
8110	40.55	-1.19984756689519	0.0176027873530984
8111	40.555	-1.20242691086605	0.0163131153676659
8112	40.56	-1.19855789490975	0.0163131153676659
8113	40.565	-1.21919264667667	0.0176027873530984
8114	40.57	-1.18437150307	0.0163131153676659
8115	40.575	-1.19726822292432	0.0176027873530984
8116	40.58	-1.19339920696802	0.0163131153676659
8117	40.585	-1.19468887895346	0.0163131153676659
8118	40.59	-1.19339920696802	0.0176027873530984
8119	40.595	-1.18824051902629	0.0163131153676659
8120	40.6	-1.19339920696802	0.0163131153676659
8121	40.605	-1.19984756689519	0.0176027873530984
8122	40.61	-1.19339920696802	0.0163131153676659
8123	40.615	-1.1805024871137	0.0163131153676659
8124	40.62	-1.18953019101173	0.0163131153676659
8125	40.625	-1.19468887895346	0.0163131153676659
8126	40.63	-1.1805024871137	0.0163131153676659
8127	40.635	-1.18695084704086	0.0163131153676659
8128	40.64	-1.17018511123024	0.0163131153676659
8129	40.645	-1.19339920696802	0.0163131153676659
8130	40.65	-1.18308183108456	0.0163131153676659
8131	40.655	-1.1805024871137	0.0150234433822334
8132	40.66	-1.1727644552011	0.0163131153676659
8133	40.665	-1.17792314314283	0.0150234433822334
8134	40.67	-1.17921281512827	0.0150234433822334
8135	40.675	-1.17921281512827	0.0150234433822334
8136	40.68	-1.1727644552011	0.0150234433822334
8137	40.685	-1.17534379917197	0.0163131153676659
8138	40.69	-1.16373675130308	0.0150234433822334
8139	40.695	-1.15728839137591	0.0150234433822334
8140	40.7	-1.16889543924481	0.0150234433822334
8141	40.705	-1.16760576725937	0.0163131153676659
8142	40.71	-1.15857806336135	0.0150234433822334
8143	40.715	-1.15728839137591	0.0150234433822334
8144	40.72	-1.15599871939048	0.0150234433822334
8145	40.725	-1.14826068747789	0.0163131153676659
8146	40.73	-1.14955035946332	0.0150234433822334
8147	40.735	-1.15084003144875	0.0163131153676659
8148	40.74	-1.16373675130308	0.0150234433822334
8149	40.745	-1.15986773534678	0.0163131153676659
8150	40.75	-1.14826068747789	0.0150234433822334
8151	40.755	-1.13923298357986	0.0150234433822334
8152	40.76	-1.13923298357986	0.0150234433822334
8153	40.765	-1.14697101549245	0.0150234433822334
8154	40.77	-1.13020527968183	0.0150234433822334
8155	40.775	-1.1289156076964	0.0150234433822334
8156	40.78	-1.13020527968183	0.0150234433822334
8157	40.785	-1.1327846236527	0.0150234433822334
8158	40.79	-1.12633626372553	0.0150234433822334
8159	40.795	-1.11730855982751	0.0150234433822334
8160	40.8	-1.13923298357986	0.0150234433822334
8161	40.805	-1.11472921585664	0.0150234433822334
8162	40.81	-1.11859823181294	0.0150234433822334
8163	40.815	-1.10312216798775	0.0150234433822334
8164	40.82	-1.1211775757838	0.0150234433822334
8165	40.825	-1.10183249600232	0.0150234433822334
8166	40.83	-1.10312216798775	0.0150234433822334
8167	40.835	-1.09667380806059	0.0150234433822334
8168	40.84	-1.10054282401688	0.0150234433822334
8169	40.845	-1.10312216798775	0.0137337713968009
8170	40.85	-1.09796348004602	0.0150234433822334
8171	40.855	-1.08893577614799	0.0150234433822334
8172	40.86	-1.09151512011886	0.0137337713968009
8173	40.865	-1.08635643217713	0.0150234433822334
8174	40.87	-1.07217004033737	0.0137337713968009
8175	40.875	-1.08248741622083	0.0137337713968009
8176	40.88	-1.07861840026453	0.0137337713968009
8177	40.885	-1.08635643217713	0.0137337713968009
8178	40.89	-1.07603905629367	0.0137337713968009
8179	40.895	-1.07088036835194	0.0150234433822334
8180	40.9	-1.06056299246848	0.0137337713968009
8181	40.905	-1.06185266445391	0.0137337713968009
8182	40.91	-1.06572168041021	0.0137337713968009
8183	40.915	-1.05798364849761	0.0137337713968009
8184	40.92	-1.05282496055588	0.0137337713968009
8185	40.925	-1.06185266445391	0.0137337713968009
8186	40.93	-1.04895594459958	0.0137337713968009
8187	40.935	-1.06185266445391	0.0137337713968009
8188	40.94	-1.05927332048304	0.0137337713968009
8189	40.945	-1.04895594459958	0.0137337713968009
8190	40.95	-1.04508692864329	0.0137337713968009
8191	40.955	-1.04379725665785	0.0137337713968009
8192	40.96	-1.04250758467242	0.0137337713968009
8193	40.965	-1.02832119283266	0.0124440994113684
8194	40.97	-1.03347988077439	0.0137337713968009
8195	40.975	-1.04250758467242	0.0124440994113684
8196	40.98	-1.02703152084723	0.0124440994113684
8197	40.985	-1.02445217687637	0.0137337713968009
8198	40.99	-1.0218728329055	0.0124440994113684
8199	40.995	-1.02058316092007	0.0124440994113684
8200	41	-1.0218728329055	0.0124440994113684
8201	41.005	-1.01542447297834	0.0124440994113684
8202	41.01	-1.01026578503661	0.0124440994113684
8203	41.015	-1.00768644106574	0.0137337713968009
8204	41.02	-1.00639676908031	0.0124440994113684
8205	41.025	-1.00639676908031	0.0124440994113684
8206	41.03	-0.999948409153149	0.0124440994113684
8207	41.035	-0.985762017313391	0.0124440994113684
8208	41.04	-0.997369065182284	0.0124440994113684
8209	41.045	-0.979313657386228	0.0124440994113684
8210	41.05	-0.981893001357093	0.0124440994113684
8211	41.055	-0.978023985400796	0.0124440994113684
8212	41.06	-0.981893001357093	0.0124440994113684
8213	41.065	-0.962547921575606	0.0124440994113684
8214	41.07	-0.970285953488201	0.0124440994113684
8215	41.075	-0.967706609517336	0.0124440994113684
8216	41.08	-0.953520217677578	0.0124440994113684
8217	41.085	-0.956099561648443	0.0124440994113684
8218	41.09	-0.957389233633876	0.0124440994113684
8219	41.095	-0.956099561648443	0.0124440994113684
8220	41.1	-0.938044153852388	0.0124440994113684
8221	41.105	-0.936754481866956	0.0124440994113684
8222	41.11	-0.925147433998063	0.0124440994113684
8223	41.115	-0.939333825837821	0.0111544274259359
8224	41.12	-0.926437105983496	0.0124440994113684
8225	41.125	-0.923857762012631	0.0124440994113684
8226	41.13	-0.927726777968928	0.0124440994113684
8227	41.135	-0.918699074070901	0.0111544274259359
8228	41.14	-0.901933338260278	0.0111544274259359
8229	41.145	-0.907092026202008	0.0111544274259359
8230	41.15	-0.900643666274846	0.0111544274259359
8231	41.155	-0.898064322303981	0.0124440994113684
8232	41.16	-0.891615962376818	0.0111544274259359
8233	41.165	-0.890326290391386	0.0111544274259359
8234	41.17	-0.886457274435088	0.0111544274259359
8235	41.175	-0.87742957053706	0.0111544274259359
8236	41.18	-0.874850226566195	0.0111544274259359
8237	41.185	-0.883877930464223	0.0111544274259359
8238	41.19	-0.868401866639033	0.0111544274259359
8239	41.195	-0.869691538624465	0.0111544274259359
8240	41.2	-0.85679481877014	0.0111544274259359
8241	41.205	-0.85163613082841	0.0111544274259359
8242	41.21	-0.855505146784708	0.0111544274259359
8243	41.215	-0.845187770901248	0.0111544274259359
8244	41.22	-0.842608426930383	0.0111544274259359
8245	41.225	-0.83100137906149	0.0111544274259359
8246	41.23	-0.838739410974085	0.0111544274259359
8247	41.235	-0.816814987221733	0.0111544274259359
8248	41.24	-0.82584269111976	0.0111544274259359
8249	41.245	-0.8155253152363	0.0111544274259359
8250	41.25	-0.811656299280003	0.0111544274259359
8251	41.255	-0.807787283323705	0.0111544274259359
8252	41.26	-0.806497611338273	0.0111544274259359
8253	41.265	-0.798759579425678	0.0111544274259359
8254	41.27	-0.798759579425678	0.0111544274259359
8255	41.275	-0.79489056346938	0.0111544274259359
8256	41.28	-0.81036662729457	0.0111544274259359
8257	41.285	-0.797469907440245	0.0111544274259359
8258	41.29	-0.797469907440245	0.0111544274259359
8259	41.295	-0.78973187552765	0.0111544274259359
8260	41.3	-0.78457318758592	0.00986475544050336
8261	41.305	-0.780704171629623	0.00986475544050336
8262	41.31	-0.780704171629623	0.0111544274259359
8263	41.315	-0.77941449964419	0.0111544274259359
8264	41.32	-0.76909712376073	0.00986475544050336
8265	41.325	-0.762648763833568	0.00986475544050336
8266	41.33	-0.767807451775298	0.00986475544050336
8267	41.335	-0.749752043979242	0.00986475544050336
8268	41.34	-0.760069419862702	0.00986475544050336
8269	41.345	-0.751041715964675	0.00986475544050336
8270	41.35	-0.75877974787727	0.00986475544050336
8271	41.355	-0.756200403906405	0.00986475544050336
8272	41.36	-0.74330368405208	0.00986475544050336
8273	41.365	-0.736855324124917	0.00986475544050336
8274	41.37	-0.739434668095782	0.00986475544050336
8275	41.375	-0.736855324124917	0.00986475544050336
8276	41.38	-0.723958604270592	0.00986475544050336
8277	41.385	-0.721379260299727	0.00986475544050336
8278	41.39	-0.721379260299727	0.00986475544050336
8279	41.395	-0.72266893228516	0.00986475544050336
8280	41.4	-0.713641228387132	0.00857508345507085
8281	41.405	-0.716220572357997	0.00986475544050336
8282	41.41	-0.721379260299727	0.00986475544050336
8283	41.415	-0.699454836547375	0.00986475544050336
8284	41.42	-0.711061884416267	0.00986475544050336
8285	41.425	-0.700744508532807	0.00986475544050336
8286	41.43	-0.704613524489105	0.00857508345507085
8287	41.435	-0.695585820591077	0.00857508345507085
8288	41.44	-0.69171680463478	0.00857508345507085
8289	41.445	-0.68655811669305	0.00857508345507085
8290	41.45	-0.687847788678482	0.00857508345507085
8291	41.455	-0.680109756765887	0.00986475544050336
8292	41.46	-0.68139942875132	0.00857508345507085
8293	41.465	-0.663344020955265	0.00857508345507085
8294	41.47	-0.66592336492613	0.00857508345507085
8295	41.475	-0.664633692940697	0.00857508345507085
8296	41.48	-0.662054348969832	0.00986475544050336
8297	41.485	-0.66592336492613	0.00986475544050336
8298	41.49	-0.65560598904267	0.00857508345507085
8299	41.495	-0.656895661028102	0.00857508345507085
8300	41.5	-0.640129925217479	0.00857508345507085
8301	41.505	-0.638840253232047	0.00857508345507085
8302	41.51	-0.636260909261182	0.00857508345507085
8303	41.515	-0.633681565290317	0.00857508345507085
8304	41.52	-0.638840253232047	0.00857508345507085
8305	41.525	-0.634971237275749	0.00857508345507085
8306	41.53	-0.628522877348587	0.00857508345507085
8307	41.535	-0.625943533377722	0.00857508345507085
8308	41.54	-0.618205501465127	0.00857508345507085
8309	41.545	-0.611757141537964	0.00857508345507085
8310	41.55	-0.615626157494262	0.00857508345507085
8311	41.555	-0.602729437639937	0.00857508345507085
8312	41.56	-0.609177797567099	0.00857508345507085
8313	41.565	-0.598860421683639	0.00857508345507085
8314	41.57	-0.580805013887584	0.00857508345507085
8315	41.575	-0.593701733741909	0.00857508345507085
8316	41.58	-0.588543045800179	0.00728541146963835
8317	41.585	-0.588543045800179	0.00857508345507085
8318	41.59	-0.576935997931287	0.00857508345507085
8319	41.595	-0.578225669916719	0.00857508345507085
8320	41.6	-0.570487638004124	0.00728541146963835
8321	41.605	-0.575646325945854	0.00728541146963835
8322	41.61	-0.565328950062394	0.00728541146963835
8323	41.615	-0.567908294033259	0.00728541146963835
8324	41.62	-0.566618622047827	0.00857508345507085
8325	41.625	-0.558880590135232	0.00728541146963835
8326	41.63	-0.549852886237204	0.00728541146963835
8327	41.635	-0.543404526310042	0.00728541146963835
8328	41.64	-0.552432230208069	0.00728541146963835
8329	41.645	-0.545983870280907	0.00728541146963835
8330	41.65	-0.549852886237204	0.00728541146963835
8331	41.655	-0.539535510353744	0.00728541146963835
8332	41.66	-0.522769774543121	0.00728541146963835
8333	41.665	-0.531797478441149	0.00728541146963835
8334	41.67	-0.529218134470284	0.00728541146963835
8335	41.675	-0.526638790499419	0.00728541146963835
8336	41.68	-0.524059446528554	0.00728541146963835
8337	41.685	-0.520190430572256	0.00599573948420584
8338	41.69	-0.518900758586824	0.00728541146963835
8339	41.695	-0.522769774543121	0.00728541146963835
8340	41.7	-0.506004038732499	0.00728541146963835
8341	41.705	-0.506004038732499	0.00728541146963835
8342	41.71	-0.511162726674229	0.00728541146963835
8343	41.715	-0.503424694761634	0.00599573948420584
8344	41.72	-0.504714366747066	0.00599573948420584
8345	41.725	-0.499555678805336	0.00599573948420584
8346	41.73	-0.485369286965579	0.00728541146963835
8347	41.735	-0.495686662849039	0.00599573948420584
8348	41.74	-0.484079614980146	0.00728541146963835
8349	41.745	-0.484079614980146	0.00599573948420584
8350	41.75	-0.478920927038416	0.00728541146963835
8351	41.755	-0.473762239096686	0.00599573948420584
8352	41.76	-0.468603551154956	0.00599573948420584
8353	41.765	-0.463444863213226	0.00599573948420584
8354	41.77	-0.463444863213226	0.00599573948420584
8355	41.775	-0.460865519242361	0.00599573948420584
8356	41.78	-0.458286175271496	0.00599573948420584
8357	41.785	-0.451837815344334	0.00599573948420584
8358	41.79	-0.456996503286064	0.00599573948420584
8359	41.795	-0.445389455417171	0.00599573948420584
8360	41.8	-0.438941095490009	0.00599573948420584
8361	41.805	-0.431203063577414	0.00728541146963835
8362	41.81	-0.435072079533711	0.00599573948420584
8363	41.815	-0.426044375635684	0.00599573948420584
8364	41.82	-0.426044375635684	0.00599573948420584
8365	41.825	-0.422175359679386	0.00599573948420584
8366	41.83	-0.417016671737656	0.00599573948420584
8367	41.835	-0.415726999752223	0.00599573948420584
8368	41.84	-0.419596015708521	0.00599573948420584
8369	41.845	-0.410568311810493	0.00599573948420584
8370	41.85	-0.402830279897898	0.00599573948420584
8371	41.855	-0.398961263941601	0.00599573948420584
8372	41.86	-0.400250935927033	0.00599573948420584
8373	41.865	-0.393802575999871	0.00599573948420584
8374	41.87	-0.391223232029006	0.00599573948420584
8375	41.875	-0.387354216072708	0.00599573948420584
8376	41.88	-0.388643888058141	0.00470606749877334
8377	41.885	-0.379616184160113	0.00599573948420584
8378	41.89	-0.368009136291221	0.00470606749877334
8379	41.895	-0.362850448349491	0.00599573948420584
8380	41.9	-0.357691760407761	0.00470606749877334
8381	41.905	-0.360271104378626	0.00470606749877334
8382	41.91	-0.364140120334923	0.00470606749877334
8383	41.915	-0.348664056509733	0.00470606749877334
8384	41.92	-0.347374384524301	0.00470606749877334
8385	41.925	-0.342215696582571	0.00599573948420584
8386	41.93	-0.331898320699111	0.00470606749877334
8387	41.935	-0.339636352611706	0.00470606749877334
8388	41.94	-0.333187992684543	0.00599573948420584
8389	41.945	-0.320291272830218	0.00470606749877334
8390	41.95	-0.320291272830218	0.00470606749877334
8391	41.955	-0.320291272830218	0.00470606749877334
8392	41.96	-0.320291272830218	0.00470606749877334
8393	41.965	-0.312553240917623	0.00470606749877334
8394	41.97	-0.311263568932191	0.00470606749877334
8395	41.975	-0.304815209005028	0.00470606749877334
8396	41.98	-0.309973896946758	0.00470606749877334
8397	41.985	-0.302235865034163	0.00470606749877334
8398	41.99	-0.291918489150703	0.00470606749877334
8399	41.995	-0.298366849077865	0.00470606749877334
8400	42	-0.30094619304873	0.00470606749877334
8401	42.005	-0.298366849077865	0.00470606749877334
8402	42.01	-0.294497833121568	0.00341639551334083
8403	42.015	-0.293208161136135	0.00341639551334083
8404	42.02	-0.28547012922354	0.00341639551334083
8405	42.025	-0.289339145179838	0.00341639551334083
8406	42.03	-0.288049473194405	0.00470606749877334
8407	42.035	-0.281601113267243	0.00470606749877334
8408	42.04	-0.28031144128181	0.00470606749877334
8409	42.045	-0.268704393412918	0.00341639551334083
8410	42.05	-0.273863081354648	0.00470606749877334
8411	42.055	-0.26999406539835	0.00341639551334083
8412	42.06	-0.267414721427485	0.00341639551334083
8413	42.065	-0.266125049442053	0.00341639551334083
8414	42.07	-0.262256033485755	0.00341639551334083
8415	42.075	-0.262256033485755	0.00341639551334083
8416	42.08	-0.263545705471188	0.00341639551334083
8417	42.085	-0.258387017529458	0.00470606749877334
8418	42.09	-0.250648985616863	0.00341639551334083
8419	42.095	-0.257097345544025	0.00341639551334083
8420	42.1	-0.246779969660565	0.00341639551334083
8421	42.105	-0.24935931363143	0.00341639551334083
8422	42.11	-0.24935931363143	0.00341639551334083
8423	42.115	-0.241621281718835	0.00341639551334083
8424	42.12	-0.241621281718835	0.00341639551334083
8425	42.125	-0.23904193774797	0.00341639551334083
8426	42.13	-0.236462593777105	0.00341639551334083
8427	42.135	-0.230014233849943	0.00212672352790833
8428	42.14	-0.232593577820808	0.00341639551334083
8429	42.145	-0.23388324980624	0.00212672352790833
8430	42.15	-0.220986529951915	0.00212672352790833
8431	42.155	-0.22356587392278	0.00341639551334083
8432	42.16	-0.217117513995618	0.00341639551334083
8433	42.165	-0.21324849803932	0.00341639551334083
8434	42.17	-0.21324849803932	0.00341639551334083
8435	42.175	-0.211958826053888	0.00341639551334083
8436	42.18	-0.20293112215586	0.00212672352790833
8437	42.185	-0.20293112215586	0.00212672352790833
8438	42.19	-0.1926137462724	0.00212672352790833
8439	42.195	-0.196482762228698	0.00341639551334083
8440	42.2	-0.1926137462724	0.00212672352790833
8441	42.205	-0.191324074286968	0.00341639551334083
8442	42.21	-0.184875714359805	0.00212672352790833
8443	42.215	-0.18229637038894	0.00212672352790833
8444	42.22	-0.183586042374372	0.00212672352790833
8445	42.225	-0.18229637038894	0.00212672352790833
8446	42.23	-0.184875714359805	0.00212672352790833
8447	42.235	-0.181006698403507	0.00212672352790833
8448	42.24	-0.178427354432642	0.00212672352790833
8449	42.245	-0.174558338476345	0.00212672352790833
8450	42.25	-0.175848010461777	0.00212672352790833
8451	42.255	-0.178427354432642	0.00083705154247582
8452	42.26	-0.170689322520047	0.00212672352790833
8453	42.265	-0.170689322520047	0.00212672352790833
8454	42.27	-0.169399650534615	0.00212672352790833
8455	42.275	-0.17197899450548	0.00083705154247582
8456	42.28	-0.17197899450548	0.00212672352790833
8457	42.285	-0.17197899450548	0.00212672352790833
8458	42.29	-0.174558338476345	0.00212672352790833
8459	42.295	-0.17197899450548	0.00083705154247582
8460	42.3	-0.170689322520047	0.00083705154247582
8461	42.305	-0.17197899450548	0.00083705154247582
8462	42.31	-0.168109978549182	0.00083705154247582
8463	42.315	-0.169399650534615	0.00083705154247582
8464	42.32	-0.168109978549182	0.00083705154247582
8465	42.325	-0.168109978549182	0.00083705154247582
8466	42.33	-0.168109978549182	0.00083705154247582
8467	42.335	-0.174558338476345	0.00083705154247582
8468	42.34	-0.174558338476345	0.00083705154247582
8469	42.345	-0.173268666490912	0.00083705154247582
8470	42.35	-0.170689322520047	0.00083705154247582
8471	42.355	-0.168109978549182	0.00083705154247582
8472	42.36	-0.169399650534615	0.00083705154247582
8473	42.365	-0.170689322520047	0.00083705154247582
8474	42.37	-0.16682030656375	0.00083705154247582
8475	42.375	-0.170689322520047	-0.000452620442956686
8476	42.38	-0.165530634578317	0.00083705154247582
8477	42.385	-0.168109978549182	0.00083705154247582
8478	42.39	-0.168109978549182	0.00083705154247582
8479	42.395	-0.160371946636587	-0.000452620442956686
8480	42.4	-0.160371946636587	-0.000452620442956686
8481	42.405	-0.160371946636587	0.00083705154247582
8482	42.41	-0.160371946636587	0.00083705154247582
8483	42.415	-0.16166161862202	-0.000452620442956686
8484	42.42	-0.160371946636587	0.00083705154247582
8485	42.425	-0.160371946636587	0.00083705154247582
8486	42.43	-0.159082274651155	-0.000452620442956686
8487	42.435	-0.157792602665722	0.00083705154247582
8488	42.44	-0.152633914723992	0.00083705154247582
8489	42.445	-0.15134424273856	-0.000452620442956686
8490	42.45	-0.150054570753127	0.00083705154247582
8491	42.455	-0.150054570753127	-0.000452620442956686
8492	42.46	-0.150054570753127	-0.000452620442956686
8493	42.465	-0.153923586709425	-0.000452620442956686
8494	42.47	-0.150054570753127	-0.000452620442956686
8495	42.475	-0.148764898767695	-0.000452620442956686
8496	42.48	-0.147475226782262	0.00083705154247582
8497	42.485	-0.15134424273856	-0.000452620442956686
8498	42.49	-0.148764898767695	-0.000452620442956686
8499	42.495	-0.14618555479683	0.00083705154247582
8500	42.5	-0.147475226782262	-0.000452620442956686
8501	42.505	-0.148764898767695	-0.000452620442956686
8502	42.51	-0.143606210825965	-0.000452620442956686
8503	42.515	-0.148764898767695	-0.000452620442956686
8504	42.52	-0.150054570753127	-0.000452620442956686
8505	42.525	-0.14618555479683	-0.000452620442956686
8506	42.53	-0.150054570753127	-0.000452620442956686
8507	42.535	-0.148764898767695	-0.000452620442956686
8508	42.54	-0.152633914723992	-0.000452620442956686
8509	42.545	-0.155213258694857	-0.000452620442956686
8510	42.55	-0.15134424273856	-0.000452620442956686
8511	42.555	-0.155213258694857	-0.000452620442956686
8512	42.56	-0.148764898767695	-0.00174229242838919
8513	42.565	-0.150054570753127	-0.000452620442956686
8514	42.57	-0.148764898767695	-0.000452620442956686
8515	42.575	-0.150054570753127	-0.000452620442956686
8516	42.58	-0.157792602665722	-0.00174229242838919
8517	42.585	-0.153923586709425	-0.00174229242838919
8518	42.59	-0.152633914723992	-0.00174229242838919
8519	42.595	-0.147475226782262	-0.000452620442956686
8520	42.6	-0.15134424273856	-0.00174229242838919
8521	42.605	-0.15134424273856	-0.00174229242838919
8522	42.61	-0.147475226782262	-0.00174229242838919
8523	42.615	-0.152633914723992	-0.000452620442956686
8524	42.62	-0.148764898767695	-0.00174229242838919
8525	42.625	-0.150054570753127	-0.000452620442956686
8526	42.63	-0.150054570753127	-0.00174229242838919
8527	42.635	-0.153923586709425	-0.00174229242838919
8528	42.64	-0.147475226782262	-0.00174229242838919
8529	42.645	-0.142316538840532	-0.00174229242838919
8530	42.65	-0.15134424273856	-0.00174229242838919
8531	42.655	-0.15134424273856	-0.00174229242838919
8532	42.66	-0.155213258694857	-0.00174229242838919
8533	42.665	-0.148764898767695	-0.00174229242838919
8534	42.67	-0.147475226782262	-0.00174229242838919
8535	42.675	-0.148764898767695	-0.00174229242838919
8536	42.68	-0.150054570753127	-0.00174229242838919
8537	42.685	-0.148764898767695	-0.00174229242838919
8538	42.69	-0.15134424273856	-0.00174229242838919
8539	42.695	-0.15134424273856	-0.00174229242838919
8540	42.7	-0.152633914723992	-0.00174229242838919
8541	42.705	-0.153923586709425	-0.00174229242838919
8542	42.71	-0.150054570753127	-0.00174229242838919
8543	42.715	-0.152633914723992	-0.00174229242838919
8544	42.72	-0.152633914723992	-0.00174229242838919
8545	42.725	-0.15134424273856	-0.00174229242838919
8546	42.73	-0.153923586709425	-0.0030319644138217
8547	42.735	-0.152633914723992	-0.00174229242838919
8548	42.74	-0.153923586709425	-0.00174229242838919
8549	42.745	-0.15134424273856	-0.00174229242838919
8550	42.75	-0.148764898767695	-0.0030319644138217
8551	42.755	-0.15650293068029	-0.0030319644138217
8552	42.76	-0.15134424273856	-0.0030319644138217
8553	42.765	-0.155213258694857	-0.0030319644138217
8554	42.77	-0.15650293068029	-0.0030319644138217
8555	42.775	-0.159082274651155	-0.0030319644138217
8556	42.78	-0.16166161862202	-0.00174229242838919
8557	42.785	-0.165530634578317	-0.00174229242838919
8558	42.79	-0.170689322520047	-0.0030319644138217
8559	42.795	-0.165530634578317	-0.0030319644138217
8560	42.8	-0.17197899450548	-0.0030319644138217
8561	42.805	-0.17713768244721	-0.0030319644138217
8562	42.81	-0.183586042374372	-0.00174229242838919
8563	42.815	-0.190034402301535	-0.0030319644138217
8564	42.82	-0.193903418257833	-0.0030319644138217
8565	42.825	-0.193903418257833	-0.0030319644138217
8566	42.83	-0.199062106199563	-0.0030319644138217
8567	42.835	-0.200351778184995	-0.0030319644138217
8568	42.84	-0.205510466126725	-0.0030319644138217
8569	42.845	-0.205510466126725	-0.0043216363992542
8570	42.85	-0.204220794141293	-0.0030319644138217
8571	42.855	-0.20808981009759	-0.0030319644138217
8572	42.86	-0.21324849803932	-0.0030319644138217
8573	42.865	-0.21324849803932	-0.0043216363992542
8574	42.87	-0.214538170024753	-0.0043216363992542
8575	42.875	-0.211958826053888	-0.0043216363992542
8576	42.88	-0.217117513995618	-0.0043216363992542
8577	42.885	-0.215827842010185	-0.0043216363992542
8578	42.89	-0.209379482083023	-0.0043216363992542
8579	42.895	-0.20808981009759	-0.0043216363992542
8580	42.9	-0.215827842010185	-0.0043216363992542
8581	42.905	-0.211958826053888	-0.0043216363992542
8582	42.91	-0.209379482083023	-0.0043216363992542
8583	42.915	-0.204220794141293	-0.0043216363992542
8584	42.92	-0.206800138112158	-0.0043216363992542
8585	42.925	-0.210669154068455	-0.0043216363992542
8586	42.93	-0.210669154068455	-0.0043216363992542
8587	42.935	-0.20293112215586	-0.0043216363992542
8588	42.94	-0.209379482083023	-0.0043216363992542
8589	42.945	-0.209379482083023	-0.0043216363992542
8590	42.95	-0.210669154068455	-0.0043216363992542
8591	42.955	-0.210669154068455	-0.0043216363992542
8592	42.96	-0.214538170024753	-0.00561130838468671
8593	42.965	-0.214538170024753	-0.0043216363992542
8594	42.97	-0.214538170024753	-0.0043216363992542
8595	42.975	-0.206800138112158	-0.0043216363992542
8596	42.98	-0.21324849803932	-0.0043216363992542
8597	42.985	-0.211958826053888	-0.0043216363992542
8598	42.99	-0.211958826053888	-0.00561130838468671
8599	42.995	-0.214538170024753	-0.00561130838468671
8600	43	-0.214538170024753	-0.0043216363992542
8601	43.005	-0.214538170024753	-0.00561130838468671
8602	43.01	-0.209379482083023	-0.0043216363992542
8603	43.015	-0.21324849803932	-0.0043216363992542
8604	43.02	-0.214538170024753	-0.00561130838468671
8605	43.025	-0.21324849803932	-0.00561130838468671
8606	43.03	-0.20808981009759	-0.0043216363992542
8607	43.035	-0.209379482083023	-0.0043216363992542
8608	43.04	-0.217117513995618	-0.00561130838468671
8609	43.045	-0.214538170024753	-0.0043216363992542
8610	43.05	-0.21324849803932	-0.00561130838468671
8611	43.055	-0.21324849803932	-0.0043216363992542
8612	43.06	-0.211958826053888	-0.00561130838468671
8613	43.065	-0.211958826053888	-0.00561130838468671
8614	43.07	-0.215827842010185	-0.00561130838468671
8615	43.075	-0.217117513995618	-0.00561130838468671
8616	43.08	-0.219696857966483	-0.00561130838468671
8617	43.085	-0.224855545908213	-0.00561130838468671
8618	43.09	-0.231303905835375	-0.00561130838468671
8619	43.095	-0.22872456186451	-0.00561130838468671
8620	43.1	-0.235172921791673	-0.00561130838468671
8621	43.105	-0.2442006256897	-0.00561130838468671
8622	43.11	-0.241621281718835	-0.00561130838468671
8623	43.115	-0.250648985616863	-0.00561130838468671
8624	43.12	-0.250648985616863	-0.00561130838468671
8625	43.125	-0.255807673558593	-0.00561130838468671
8626	43.13	-0.26483537745662	-0.00561130838468671
8627	43.135	-0.266125049442053	-0.00561130838468671
8628	43.14	-0.268704393412918	-0.00561130838468671
8629	43.145	-0.26483537745662	-0.00561130838468671
8630	43.15	-0.272573409369215	-0.00561130838468671
8631	43.155	-0.27515275334008	-0.00561130838468671
8632	43.16	-0.291918489150703	-0.00561130838468671
8633	43.165	-0.277732097310945	-0.00561130838468671
8634	43.17	-0.286759801208973	-0.00561130838468671
8635	43.175	-0.295787505107	-0.00561130838468671
8636	43.18	-0.293208161136135	-0.00690098037011921
8637	43.185	-0.302235865034163	-0.00690098037011921
8638	43.19	-0.297077177092433	-0.00690098037011921
8639	43.195	-0.299656521063298	-0.00690098037011921
8640	43.2	-0.302235865034163	-0.00561130838468671
8641	43.205	-0.304815209005028	-0.00561130838468671
8642	43.21	-0.306104880990461	-0.00690098037011921
8643	43.215	-0.307394552975893	-0.00690098037011921
8644	43.22	-0.306104880990461	-0.00690098037011921
8645	43.225	-0.311263568932191	-0.00561130838468671
8646	43.23	-0.308684224961326	-0.00690098037011921
8647	43.235	-0.304815209005028	-0.00690098037011921
8648	43.24	-0.309973896946758	-0.00561130838468671
8649	43.245	-0.307394552975893	-0.00690098037011921
8650	43.25	-0.308684224961326	-0.00561130838468671
8651	43.255	-0.307394552975893	-0.00690098037011921
8652	43.26	-0.313842912903056	-0.00690098037011921
8653	43.265	-0.309973896946758	-0.00690098037011921
8654	43.27	-0.308684224961326	-0.00690098037011921
8655	43.275	-0.304815209005028	-0.00690098037011921
8656	43.28	-0.30094619304873	-0.00690098037011921
8657	43.285	-0.306104880990461	-0.00690098037011921
8658	43.29	-0.306104880990461	-0.00690098037011921
8659	43.295	-0.306104880990461	-0.00690098037011921
8660	43.3	-0.306104880990461	-0.00690098037011921
8661	43.305	-0.308684224961326	-0.00561130838468671
8662	43.31	-0.302235865034163	-0.00690098037011921
8663	43.315	-0.304815209005028	-0.00690098037011921
8664	43.32	-0.313842912903056	-0.00690098037011921
8665	43.325	-0.313842912903056	-0.00690098037011921
8666	43.33	-0.308684224961326	-0.00690098037011921
8667	43.335	-0.303525537019596	-0.00690098037011921
8668	43.34	-0.315132584888488	-0.00690098037011921
8669	43.345	-0.304815209005028	-0.00690098037011921
8670	43.35	-0.306104880990461	-0.00690098037011921
8671	43.355	-0.315132584888488	-0.00690098037011921
8672	43.36	-0.316422256873921	-0.00690098037011921
8673	43.365	-0.309973896946758	-0.00819065235555172
8674	43.37	-0.308684224961326	-0.00819065235555172
8675	43.375	-0.309973896946758	-0.00690098037011921
8676	43.38	-0.311263568932191	-0.00819065235555172
8677	43.385	-0.308684224961326	-0.00690098037011921
8678	43.39	-0.309973896946758	-0.00690098037011921
8679	43.395	-0.309973896946758	-0.00690098037011921
8680	43.4	-0.317711928859353	-0.00819065235555172
8681	43.405	-0.319001600844786	-0.00690098037011921
8682	43.41	-0.316422256873921	-0.00819065235555172
8683	43.415	-0.317711928859353	-0.00690098037011921
8684	43.42	-0.321580944815651	-0.00690098037011921
8685	43.425	-0.325449960771948	-0.00819065235555172
8686	43.43	-0.330608648713678	-0.00819065235555172
8687	43.435	-0.328029304742813	-0.00819065235555172
8688	43.44	-0.335767336655408	-0.00819065235555172
8689	43.445	-0.331898320699111	-0.00819065235555172
8690	43.45	-0.338346680626273	-0.00690098037011921
8691	43.455	-0.343505368568003	-0.00819065235555172
8692	43.46	-0.349953728495166	-0.00819065235555172
8693	43.465	-0.352533072466031	-0.00819065235555172
8694	43.47	-0.357691760407761	-0.00819065235555172
8695	43.475	-0.364140120334923	-0.00819065235555172
8696	43.48	-0.375747168203816	-0.00819065235555172
8697	43.485	-0.378326512174681	-0.00819065235555172
8698	43.49	-0.375747168203816	-0.00819065235555172
8699	43.495	-0.378326512174681	-0.00819065235555172
8700	43.5	-0.384774872101843	-0.00690098037011921
8701	43.505	-0.383485200116411	-0.00819065235555172
8702	43.51	-0.392512904014438	-0.00819065235555172
8703	43.515	-0.393802575999871	-0.00819065235555172
8704	43.52	-0.397671591956168	-0.00819065235555172
8705	43.525	-0.406699295854196	-0.00819065235555172
8706	43.53	-0.402830279897898	-0.00819065235555172
8707	43.535	-0.411857983795926	-0.00819065235555172
8708	43.54	-0.415726999752223	-0.00819065235555172
8709	43.545	-0.414437327766791	-0.00819065235555172
8710	43.55	-0.407988967839628	-0.00948032434098423
8711	43.555	-0.420885687693954	-0.00948032434098423
8712	43.56	-0.419596015708521	-0.00819065235555172
8713	43.565	-0.415726999752223	-0.00819065235555172
8714	43.57	-0.426044375635684	-0.00819065235555172
8715	43.575	-0.428623719606549	-0.00948032434098423
8716	43.58	-0.428623719606549	-0.00948032434098423
8717	43.585	-0.431203063577414	-0.00948032434098423
8718	43.59	-0.438941095490009	-0.00819065235555172
8719	43.595	-0.435072079533711	-0.00948032434098423
8720	43.6	-0.444099783431739	-0.00948032434098423
8721	43.605	-0.444099783431739	-0.00948032434098423
8722	43.61	-0.449258471373469	-0.00948032434098423
8723	43.615	-0.458286175271496	-0.00948032434098423
8724	43.62	-0.467313879169524	-0.00948032434098423
8725	43.625	-0.463444863213226	-0.00948032434098423
8726	43.63	-0.463444863213226	-0.00948032434098423
8727	43.635	-0.458286175271496	-0.00948032434098423
8728	43.64	-0.464734535198659	-0.00948032434098423
8729	43.645	-0.464734535198659	-0.00948032434098423
8730	43.65	-0.468603551154956	-0.00948032434098423
8731	43.655	-0.471182895125821	-0.00948032434098423
8732	43.66	-0.490527974907309	-0.00948032434098423
8733	43.665	-0.478920927038416	-0.00948032434098423
8734	43.67	-0.480210599023849	-0.00948032434098423
8735	43.675	-0.482789942994714	-0.00948032434098423
8736	43.68	-0.487948630936444	-0.00948032434098423
8737	43.685	-0.489238302921876	-0.00948032434098423
8738	43.69	-0.486658958951011	-0.0107699963264167
8739	43.695	-0.490527974907309	-0.00948032434098423
8740	43.7	-0.496976334834471	-0.00948032434098423
8741	43.705	-0.493107318878174	-0.0107699963264167
8742	43.71	-0.506004038732499	-0.00948032434098423
8743	43.715	-0.508583382703364	-0.0107699963264167
8744	43.72	-0.507293710717931	-0.0107699963264167
8745	43.725	-0.504714366747066	-0.0107699963264167
8746	43.73	-0.513742070645094	-0.0107699963264167
8747	43.735	-0.522769774543121	-0.00948032434098423
8748	43.74	-0.520190430572256	-0.00948032434098423
8749	43.745	-0.517611086601391	-0.0107699963264167
8750	43.75	-0.522769774543121	-0.0107699963264167
8751	43.755	-0.524059446528554	-0.0107699963264167
8752	43.76	-0.524059446528554	-0.0107699963264167
8753	43.765	-0.524059446528554	-0.0107699963264167
8754	43.77	-0.529218134470284	-0.0107699963264167
8755	43.775	-0.529218134470284	-0.0107699963264167
8756	43.78	-0.531797478441149	-0.0107699963264167
8757	43.785	-0.549852886237204	-0.0107699963264167
8758	43.79	-0.534376822412014	-0.0107699963264167
8759	43.795	-0.538245838368312	-0.0107699963264167
8760	43.8	-0.544694198295474	-0.0107699963264167
8761	43.805	-0.551142558222637	-0.0107699963264167
8762	43.81	-0.551142558222637	-0.0107699963264167
8763	43.815	-0.552432230208069	-0.0107699963264167
8764	43.82	-0.553721902193502	-0.0120596683118492
8765	43.825	-0.556301246164367	-0.0107699963264167
8766	43.83	-0.553721902193502	-0.0107699963264167
8767	43.835	-0.561459934106097	-0.0107699963264167
8768	43.84	-0.560170262120664	-0.0107699963264167
8769	43.845	-0.562749606091529	-0.0107699963264167
8770	43.85	-0.565328950062394	-0.0107699963264167
8771	43.855	-0.562749606091529	-0.0107699963264167
8772	43.86	-0.570487638004124	-0.0107699963264167
8773	43.865	-0.562749606091529	-0.0107699963264167
8774	43.87	-0.571777309989557	-0.0120596683118492
8775	43.875	-0.570487638004124	-0.0120596683118492
8776	43.88	-0.574356653960422	-0.0120596683118492
8777	43.885	-0.573066981974989	-0.0107699963264167
8778	43.89	-0.584674029843882	-0.0120596683118492
8779	43.895	-0.588543045800179	-0.0107699963264167
8780	43.9	-0.580805013887584	-0.0107699963264167
8781	43.905	-0.593701733741909	-0.0120596683118492
8782	43.91	-0.580805013887584	-0.0120596683118492
8783	43.915	-0.589832717785612	-0.0120596683118492
8784	43.92	-0.594991405727342	-0.0120596683118492
8785	43.925	-0.597570749698207	-0.0120596683118492
8786	43.93	-0.597570749698207	-0.0107699963264167
8787	43.935	-0.600150093669072	-0.0120596683118492
8788	43.94	-0.601439765654504	-0.0120596683118492
8789	43.945	-0.607888125581667	-0.0120596683118492
8790	43.95	-0.604019109625369	-0.0120596683118492
8791	43.955	-0.607888125581667	-0.0120596683118492
8792	43.96	-0.609177797567099	-0.0120596683118492
8793	43.965	-0.609177797567099	-0.0120596683118492
8794	43.97	-0.611757141537964	-0.0133493402972817
8795	43.975	-0.611757141537964	-0.0120596683118492
8796	43.98	-0.613046813523397	-0.0120596683118492
8797	43.985	-0.618205501465127	-0.0120596683118492
8798	43.99	-0.622074517421424	-0.0120596683118492
8799	43.995	-0.618205501465127	-0.0120596683118492
8800	44	-0.616915829479694	-0.0120596683118492
8801	44.005	-0.615626157494262	-0.0120596683118492
8802	44.01	-0.633681565290317	-0.0120596683118492
8803	44.015	-0.629812549334019	-0.0133493402972817
8804	44.02	-0.623364189406857	-0.0133493402972817
8805	44.025	-0.631102221319452	-0.0120596683118492
8806	44.03	-0.624653861392289	-0.0120596683118492
8807	44.035	-0.627233205363154	-0.0133493402972817
8808	44.04	-0.632391893304884	-0.0133493402972817
8809	44.045	-0.625943533377722	-0.0133493402972817
8810	44.05	-0.628522877348587	-0.0133493402972817
8811	44.055	-0.628522877348587	-0.0133493402972817
8812	44.06	-0.637550581246614	-0.0133493402972817
8813	44.065	-0.627233205363154	-0.0133493402972817
8814	44.07	-0.629812549334019	-0.0133493402972817
8815	44.075	-0.636260909261182	-0.0120596683118492
8816	44.08	-0.640129925217479	-0.0133493402972817
8817	44.085	-0.642709269188344	-0.0133493402972817
8818	44.09	-0.643998941173777	-0.0133493402972817
8819	44.095	-0.645288613159209	-0.0133493402972817
8820	44.1	-0.649157629115507	-0.0133493402972817
8821	44.105	-0.640129925217479	-0.0133493402972817
8822	44.11	-0.643998941173777	-0.0133493402972817
8823	44.115	-0.651736973086372	-0.0133493402972817
8824	44.12	-0.6607646769844	-0.0133493402972817
8825	44.125	-0.658185333013535	-0.0146390122827142
8826	44.13	-0.649157629115507	-0.0146390122827142
8827	44.135	-0.664633692940697	-0.0133493402972817
8828	44.14	-0.662054348969832	-0.0133493402972817
8829	44.145	-0.664633692940697	-0.0133493402972817
8830	44.15	-0.672371724853292	-0.0133493402972817
8831	44.155	-0.668502708896995	-0.0133493402972817
8832	44.16	-0.680109756765887	-0.0133493402972817
8833	44.165	-0.677530412795022	-0.0146390122827142
8834	44.17	-0.67624074080959	-0.0146390122827142
8835	44.175	-0.674951068824157	-0.0146390122827142
8836	44.18	-0.67624074080959	-0.0146390122827142
8837	44.185	-0.68139942875132	-0.0133493402972817
8838	44.19	-0.67624074080959	-0.0146390122827142
8839	44.195	-0.677530412795022	-0.0146390122827142
8840	44.2	-0.689137460663915	-0.0146390122827142
8841	44.205	-0.67624074080959	-0.0146390122827142
8842	44.21	-0.682689100736752	-0.0133493402972817
8843	44.215	-0.68655811669305	-0.0146390122827142
8844	44.22	-0.693006476620212	-0.0146390122827142
8845	44.225	-0.68655811669305	-0.0146390122827142
8846	44.23	-0.690427132649347	-0.0146390122827142
8847	44.235	-0.685268444707617	-0.0133493402972817
8848	44.24	-0.695585820591077	-0.0146390122827142
8849	44.245	-0.70719286845997	-0.0133493402972817
8850	44.25	-0.694296148605645	-0.0146390122827142
8851	44.255	-0.687847788678482	-0.0133493402972817
8852	44.26	-0.698165164561942	-0.0146390122827142
8853	44.265	-0.703323852503672	-0.0146390122827142
8854	44.27	-0.709772212430835	-0.0146390122827142
8855	44.275	-0.70203418051824	-0.0146390122827142
8856	44.28	-0.711061884416267	-0.0146390122827142
8857	44.285	-0.708482540445402	-0.0146390122827142
8858	44.29	-0.703323852503672	-0.0146390122827142
8859	44.295	-0.713641228387132	-0.0146390122827142
8860	44.3	-0.720089588314295	-0.0146390122827142
8861	44.305	-0.71751024434343	-0.0146390122827142
8862	44.31	-0.709772212430835	-0.0146390122827142
8863	44.315	-0.7123515564017	-0.0159286842681468
8864	44.32	-0.71751024434343	-0.0146390122827142
8865	44.325	-0.71751024434343	-0.0159286842681468
8866	44.33	-0.716220572357997	-0.0159286842681468
8867	44.335	-0.730406964197755	-0.0159286842681468
8868	44.34	-0.721379260299727	-0.0159286842681468
8869	44.345	-0.71751024434343	-0.0159286842681468
8870	44.35	-0.726537948241457	-0.0159286842681468
8871	44.355	-0.721379260299727	-0.0159286842681468
8872	44.36	-0.73298630816862	-0.0159286842681468
8873	44.365	-0.718799916328862	-0.0159286842681468
8874	44.37	-0.714930900372565	-0.0159286842681468
8875	44.375	-0.71751024434343	-0.0146390122827142
8876	44.38	-0.72266893228516	-0.0159286842681468
8877	44.385	-0.720089588314295	-0.0159286842681468
8878	44.39	-0.716220572357997	-0.0159286842681468
8879	44.395	-0.725248276256025	-0.0146390122827142
8880	44.4	-0.718799916328862	-0.0159286842681468
8881	44.405	-0.721379260299727	-0.0159286842681468
8882	44.41	-0.720089588314295	-0.0159286842681468
8883	44.415	-0.72266893228516	-0.0159286842681468
8884	44.42	-0.729117292212322	-0.0159286842681468
8885	44.425	-0.731696636183187	-0.0159286842681468
8886	44.43	-0.731696636183187	-0.0159286842681468
8887	44.435	-0.721379260299727	-0.0159286842681468
8888	44.44	-0.73298630816862	-0.0159286842681468
8889	44.445	-0.726537948241457	-0.0172183562535793
8890	44.45	-0.729117292212322	-0.0172183562535793
8891	44.455	-0.731696636183187	-0.0159286842681468
8892	44.46	-0.744593356037512	-0.0172183562535793
8893	44.465	-0.723958604270592	-0.0172183562535793
8894	44.47	-0.73298630816862	-0.0159286842681468
8895	44.475	-0.73814499611035	-0.0159286842681468
8896	44.48	-0.736855324124917	-0.0172183562535793
8897	44.485	-0.739434668095782	-0.0159286842681468
8898	44.49	-0.739434668095782	-0.0172183562535793
8899	44.495	-0.740724340081215	-0.0172183562535793
8900	44.5	-0.740724340081215	-0.0172183562535793
8901	44.505	-0.74330368405208	-0.0172183562535793
8902	44.51	-0.73298630816862	-0.0159286842681468
8903	44.515	-0.752331387950107	-0.0159286842681468
8904	44.52	-0.754910731920972	-0.0172183562535793
8905	44.525	-0.742014012066647	-0.0172183562535793
8906	44.53	-0.74330368405208	-0.0172183562535793
8907	44.535	-0.74846237199381	-0.0172183562535793
8908	44.54	-0.752331387950107	-0.0172183562535793
8909	44.545	-0.75362105993554	-0.0172183562535793
8910	44.55	-0.749752043979242	-0.0172183562535793
8911	44.555	-0.745883028022945	-0.0172183562535793
8912	44.56	-0.75362105993554	-0.0172183562535793
8913	44.565	-0.752331387950107	-0.0172183562535793
8914	44.57	-0.749752043979242	-0.0172183562535793
8915	44.575	-0.752331387950107	-0.0172183562535793
8916	44.58	-0.75362105993554	-0.0172183562535793
8917	44.585	-0.751041715964675	-0.0172183562535793
8918	44.59	-0.756200403906405	-0.0172183562535793
8919	44.595	-0.751041715964675	-0.0172183562535793
8920	44.6	-0.754910731920972	-0.0172183562535793
8921	44.605	-0.754910731920972	-0.0172183562535793
8922	44.61	-0.751041715964675	-0.0172183562535793
8923	44.615	-0.761359091848135	-0.0172183562535793
8924	44.62	-0.756200403906405	-0.0172183562535793
8925	44.625	-0.761359091848135	-0.0172183562535793
8926	44.63	-0.762648763833568	-0.0172183562535793
8927	44.635	-0.757490075891837	-0.0172183562535793
8928	44.64	-0.756200403906405	-0.0172183562535793
8929	44.645	-0.757490075891837	-0.0172183562535793
8930	44.65	-0.75877974787727	-0.0172183562535793
8931	44.655	-0.765228107804433	-0.0185080282390118
8932	44.66	-0.771676467731595	-0.0172183562535793
8933	44.665	-0.763938435819	-0.0172183562535793
8934	44.67	-0.766517779789865	-0.0185080282390118
8935	44.675	-0.770386795746163	-0.0172183562535793
8936	44.68	-0.778124827658758	-0.0172183562535793
8937	44.685	-0.765228107804433	-0.0185080282390118
8938	44.69	-0.771676467731595	-0.0185080282390118
8939	44.695	-0.762648763833568	-0.0172183562535793
8940	44.7	-0.760069419862702	-0.0185080282390118
8941	44.705	-0.783283515600488	-0.0185080282390118
8942	44.71	-0.765228107804433	-0.0185080282390118
8943	44.715	-0.76909712376073	-0.0185080282390118
8944	44.72	-0.763938435819	-0.0185080282390118
8945	44.725	-0.763938435819	-0.0185080282390118
8946	44.73	-0.765228107804433	-0.0185080282390118
8947	44.735	-0.776835155673325	-0.0185080282390118
8948	44.74	-0.767807451775298	-0.0185080282390118
8949	44.745	-0.770386795746163	-0.0185080282390118
8950	44.75	-0.765228107804433	-0.0185080282390118
8951	44.755	-0.762648763833568	-0.0185080282390118
8952	44.76	-0.756200403906405	-0.0185080282390118
8953	44.765	-0.767807451775298	-0.0185080282390118
8954	44.77	-0.772966139717028	-0.0197977002244443
8955	44.775	-0.783283515600488	-0.0197977002244443
8956	44.78	-0.760069419862702	-0.0185080282390118
8957	44.785	-0.765228107804433	-0.0185080282390118
8958	44.79	-0.766517779789865	-0.0185080282390118
8959	44.795	-0.76909712376073	-0.0185080282390118
8960	44.8	-0.776835155673325	-0.0197977002244443
8961	44.805	-0.761359091848135	-0.0185080282390118
8962	44.81	-0.775545483687893	-0.0197977002244443
8963	44.815	-0.771676467731595	-0.0185080282390118
8964	44.82	-0.770386795746163	-0.0197977002244443
8965	44.825	-0.763938435819	-0.0197977002244443
8966	44.83	-0.761359091848135	-0.0197977002244443
8967	44.835	-0.770386795746163	-0.0197977002244443
8968	44.84	-0.778124827658758	-0.0197977002244443
8969	44.845	-0.776835155673325	-0.0197977002244443
8970	44.85	-0.761359091848135	-0.0197977002244443
8971	44.855	-0.771676467731595	-0.0197977002244443
8972	44.86	-0.76909712376073	-0.0197977002244443
8973	44.865	-0.76909712376073	-0.0197977002244443
8974	44.87	-0.767807451775298	-0.0197977002244443
8975	44.875	-0.770386795746163	-0.0197977002244443
8976	44.88	-0.77941449964419	-0.0197977002244443
8977	44.885	-0.771676467731595	-0.0197977002244443
8978	44.89	-0.770386795746163	-0.0197977002244443
8979	44.895	-0.75877974787727	-0.0197977002244443
8980	44.9	-0.76909712376073	-0.0197977002244443
8981	44.905	-0.776835155673325	-0.0197977002244443
8982	44.91	-0.770386795746163	-0.0197977002244443
8983	44.915	-0.766517779789865	-0.0197977002244443
8984	44.92	-0.762648763833568	-0.0197977002244443
8985	44.925	-0.761359091848135	-0.0197977002244443
8986	44.93	-0.761359091848135	-0.0197977002244443
8987	44.935	-0.767807451775298	-0.0197977002244443
8988	44.94	-0.765228107804433	-0.0210873722098768
8989	44.945	-0.765228107804433	-0.0197977002244443
8990	44.95	-0.760069419862702	-0.0210873722098768
8991	44.955	-0.75877974787727	-0.0197977002244443
8992	44.96	-0.765228107804433	-0.0197977002244443
8993	44.965	-0.75877974787727	-0.0197977002244443
8994	44.97	-0.760069419862702	-0.0197977002244443
8995	44.975	-0.756200403906405	-0.0197977002244443
8996	44.98	-0.75877974787727	-0.0197977002244443
8997	44.985	-0.762648763833568	-0.0197977002244443
8998	44.99	-0.754910731920972	-0.0210873722098768
8999	44.995	-0.757490075891837	-0.0197977002244443
9000	45	-0.74846237199381	-0.0197977002244443
9001	45.005	-0.761359091848135	-0.0197977002244443
9002	45.01	-0.749752043979242	-0.0197977002244443
9003	45.015	-0.752331387950107	-0.0197977002244443
9004	45.02	-0.752331387950107	-0.0197977002244443
9005	45.025	-0.740724340081215	-0.0210873722098768
9006	45.03	-0.74330368405208	-0.0197977002244443
9007	45.035	-0.740724340081215	-0.0197977002244443
9008	45.04	-0.731696636183187	-0.0210873722098768
9009	45.045	-0.739434668095782	-0.0210873722098768
9010	45.05	-0.73814499611035	-0.0210873722098768
9011	45.055	-0.726537948241457	-0.0197977002244443
9012	45.06	-0.731696636183187	-0.0210873722098768
9013	45.065	-0.73298630816862	-0.0210873722098768
9014	45.07	-0.729117292212322	-0.0210873722098768
9015	45.075	-0.72782762022689	-0.0210873722098768
9016	45.08	-0.729117292212322	-0.0210873722098768
9017	45.085	-0.73298630816862	-0.0210873722098768
9018	45.09	-0.718799916328862	-0.0210873722098768
9019	45.095	-0.723958604270592	-0.0210873722098768
9020	45.1	-0.721379260299727	-0.0210873722098768
9021	45.105	-0.709772212430835	-0.0210873722098768
9022	45.11	-0.70719286845997	-0.0210873722098768
9023	45.115	-0.711061884416267	-0.0210873722098768
9024	45.12	-0.708482540445402	-0.0210873722098768
9025	45.125	-0.705903196474537	-0.0210873722098768
9026	45.13	-0.71751024434343	-0.0210873722098768
9027	45.135	-0.708482540445402	-0.0210873722098768
9028	45.14	-0.69171680463478	-0.0223770441953093
9029	45.145	-0.703323852503672	-0.0223770441953093
9030	45.15	-0.69687549257651	-0.0210873722098768
9031	45.155	-0.705903196474537	-0.0210873722098768
9032	45.16	-0.70719286845997	-0.0210873722098768
9033	45.165	-0.69171680463478	-0.0223770441953093
9034	45.17	-0.699454836547375	-0.0210873722098768
9035	45.175	-0.69171680463478	-0.0210873722098768
9036	45.18	-0.694296148605645	-0.0210873722098768
9037	45.185	-0.70719286845997	-0.0210873722098768
9038	45.19	-0.70203418051824	-0.0210873722098768
9039	45.195	-0.69687549257651	-0.0223770441953093
9040	45.2	-0.69687549257651	-0.0210873722098768
9041	45.205	-0.67624074080959	-0.0210873722098768
9042	45.21	-0.694296148605645	-0.0210873722098768
9043	45.215	-0.69171680463478	-0.0223770441953093
9044	45.22	-0.69171680463478	-0.0223770441953093
9045	45.225	-0.683978772722185	-0.0223770441953093
9046	45.23	-0.678820084780455	-0.0210873722098768
9047	45.235	-0.672371724853292	-0.0223770441953093
9048	45.24	-0.680109756765887	-0.0210873722098768
9049	45.245	-0.67108205286786	-0.0223770441953093
9050	45.25	-0.668502708896995	-0.0223770441953093
9051	45.255	-0.659475004998967	-0.0223770441953093
9052	45.26	-0.664633692940697	-0.0223770441953093
9053	45.265	-0.65044730110094	-0.0223770441953093
9054	45.27	-0.651736973086372	-0.0210873722098768
9055	45.275	-0.656895661028102	-0.0223770441953093
9056	45.28	-0.65044730110094	-0.0223770441953093
9057	45.285	-0.642709269188344	-0.0223770441953093
9058	45.29	-0.640129925217479	-0.0223770441953093
9059	45.295	-0.637550581246614	-0.0223770441953093
9060	45.3	-0.633681565290317	-0.0223770441953093
9061	45.305	-0.628522877348587	-0.0223770441953093
9062	45.31	-0.632391893304884	-0.0236667161807418
9063	45.315	-0.619495173450559	-0.0223770441953093
9064	45.32	-0.632391893304884	-0.0236667161807418
9065	45.325	-0.614336485508829	-0.0223770441953093
9066	45.33	-0.609177797567099	-0.0223770441953093
9067	45.335	-0.611757141537964	-0.0223770441953093
9068	45.34	-0.610467469552532	-0.0223770441953093
9069	45.345	-0.601439765654504	-0.0236667161807418
9070	45.35	-0.596281077712774	-0.0236667161807418
9071	45.355	-0.606598453596234	-0.0223770441953093
9072	45.36	-0.597570749698207	-0.0236667161807418
9073	45.365	-0.604019109625369	-0.0223770441953093
9074	45.37	-0.601439765654504	-0.0236667161807418
9075	45.375	-0.601439765654504	-0.0223770441953093
9076	45.38	-0.605308781610802	-0.0236667161807418
9077	45.385	-0.598860421683639	-0.0236667161807418
9078	45.39	-0.597570749698207	-0.0236667161807418
9079	45.395	-0.607888125581667	-0.0236667161807418
9080	45.4	-0.605308781610802	-0.0236667161807418
9081	45.405	-0.592412061756477	-0.0236667161807418
9082	45.41	-0.601439765654504	-0.0223770441953093
9083	45.415	-0.598860421683639	-0.0223770441953093
9084	45.42	-0.601439765654504	-0.0236667161807418
9085	45.425	-0.596281077712774	-0.0249563881661743
9086	45.43	-0.594991405727342	-0.0236667161807418
9087	45.435	-0.584674029843882	-0.0236667161807418
9088	45.44	-0.592412061756477	-0.0236667161807418
9089	45.445	-0.589832717785612	-0.0236667161807418
9090	45.45	-0.594991405727342	-0.0236667161807418
9091	45.455	-0.588543045800179	-0.0236667161807418
9092	45.46	-0.583384357858449	-0.0236667161807418
9093	45.465	-0.584674029843882	-0.0236667161807418
9094	45.47	-0.574356653960422	-0.0236667161807418
9095	45.475	-0.587253373814747	-0.0236667161807418
9096	45.48	-0.582094685873017	-0.0236667161807418
9097	45.485	-0.578225669916719	-0.0236667161807418
9098	45.49	-0.578225669916719	-0.0236667161807418
9099	45.495	-0.569197966018692	-0.0236667161807418
9100	45.5	-0.569197966018692	-0.0236667161807418
9101	45.505	-0.557590918149799	-0.0236667161807418
9102	45.51	-0.548563214251772	-0.0236667161807418
9103	45.515	-0.544694198295474	-0.0249563881661743
9104	45.52	-0.544694198295474	-0.0249563881661743
9105	45.525	-0.536956166382879	-0.0236667161807418
9106	45.53	-0.524059446528554	-0.0236667161807418
9107	45.535	-0.518900758586824	-0.0249563881661743
9108	45.54	-0.520190430572256	-0.0236667161807418
9109	45.545	-0.515031742630526	-0.0249563881661743
9110	45.55	-0.493107318878174	-0.0249563881661743
9111	45.555	-0.496976334834471	-0.0249563881661743
9112	45.56	-0.484079614980146	-0.0249563881661743
9113	45.565	-0.468603551154956	-0.0249563881661743
9114	45.57	-0.456996503286064	-0.0249563881661743
9115	45.575	-0.446679127402604	-0.0249563881661743
9116	45.58	-0.445389455417171	-0.0249563881661743
9117	45.585	-0.436361751519144	-0.0249563881661743
9118	45.59	-0.431203063577414	-0.0249563881661743
9119	45.595	-0.424754703650251	-0.0249563881661743
9120	45.6	-0.415726999752223	-0.0249563881661743
9121	45.605	-0.413147655781358	-0.0249563881661743
9122	45.61	-0.405409623868763	-0.0262460601516068
9123	45.615	-0.398961263941601	-0.0249563881661743
9124	45.62	-0.401540607912466	-0.0249563881661743
9125	45.625	-0.407988967839628	-0.0262460601516068
9126	45.63	-0.401540607912466	-0.0262460601516068
9127	45.635	-0.404119951883331	-0.0249563881661743
9128	45.64	-0.406699295854196	-0.0262460601516068
9129	45.645	-0.406699295854196	-0.0262460601516068
9130	45.65	-0.400250935927033	-0.0262460601516068
9131	45.655	-0.401540607912466	-0.0262460601516068
9132	45.66	-0.407988967839628	-0.0249563881661743
9133	45.665	-0.407988967839628	-0.0262460601516068
9134	45.67	-0.409278639825061	-0.0262460601516068
9135	45.675	-0.420885687693954	-0.0262460601516068
9136	45.68	-0.411857983795926	-0.0249563881661743
9137	45.685	-0.415726999752223	-0.0262460601516068
9138	45.69	-0.409278639825061	-0.0262460601516068
9139	45.695	-0.413147655781358	-0.0262460601516068
9140	45.7	-0.419596015708521	-0.0262460601516068
9141	45.705	-0.415726999752223	-0.0262460601516068
9142	45.71	-0.407988967839628	-0.0262460601516068
9143	45.715	-0.409278639825061	-0.0262460601516068
9144	45.72	-0.405409623868763	-0.0262460601516068
9145	45.725	-0.401540607912466	-0.0262460601516068
9146	45.73	-0.400250935927033	-0.0262460601516068
9147	45.735	-0.391223232029006	-0.0275357321370393
9148	45.74	-0.398961263941601	-0.0275357321370393
9149	45.745	-0.398961263941601	-0.0275357321370393
9150	45.75	-0.391223232029006	-0.0262460601516068
9151	45.755	-0.398961263941601	-0.0275357321370393
9152	45.76	-0.392512904014438	-0.0262460601516068
9153	45.765	-0.398961263941601	-0.0262460601516068
9154	45.77	-0.398961263941601	-0.0275357321370393
9155	45.775	-0.391223232029006	-0.0275357321370393
9156	45.78	-0.388643888058141	-0.0275357321370393
9157	45.785	-0.389933560043573	-0.0275357321370393
9158	45.79	-0.383485200116411	-0.0275357321370393
9159	45.795	-0.377036840189248	-0.0275357321370393
9160	45.8	-0.379616184160113	-0.0275357321370393
9161	45.805	-0.374457496218383	-0.0275357321370393
9162	45.81	-0.368009136291221	-0.0275357321370393
9163	45.815	-0.353822744451463	-0.0275357321370393
9164	45.82	-0.352533072466031	-0.0275357321370393
9165	45.825	-0.344795040553436	-0.0275357321370393
9166	45.83	-0.330608648713678	-0.0275357321370393
9167	45.835	-0.329318976728246	-0.0275357321370393
9168	45.84	-0.317711928859353	-0.0275357321370393
9169	45.845	-0.313842912903056	-0.0275357321370393
9170	45.85	-0.306104880990461	-0.0275357321370393
9171	45.855	-0.307394552975893	-0.0275357321370393
9172	45.86	-0.295787505107	-0.0275357321370393
9173	45.865	-0.291918489150703	-0.0275357321370393
9174	45.87	-0.288049473194405	-0.0275357321370393
9175	45.875	-0.277732097310945	-0.0275357321370393
9176	45.88	-0.279021769296378	-0.0275357321370393
9177	45.885	-0.271283737383783	-0.0275357321370393
9178	45.89	-0.272573409369215	-0.0275357321370393
9179	45.895	-0.27515275334008	-0.0275357321370393
9180	45.9	-0.271283737383783	-0.0275357321370393
9181	45.905	-0.26483537745662	-0.0275357321370393
9182	45.91	-0.26483537745662	-0.0275357321370393
9183	45.915	-0.262256033485755	-0.0288254041224718
9184	45.92	-0.267414721427485	-0.0275357321370393
9185	45.925	-0.258387017529458	-0.0275357321370393
9186	45.93	-0.255807673558593	-0.0288254041224718
9187	45.935	-0.250648985616863	-0.0288254041224718
9188	45.94	-0.253228329587728	-0.0288254041224718
9189	45.945	-0.248069641645998	-0.0275357321370393
9190	45.95	-0.2442006256897	-0.0288254041224718
9191	45.955	-0.23904193774797	-0.0288254041224718
9192	45.96	-0.240331609733403	-0.0288254041224718
9193	45.965	-0.23388324980624	-0.0288254041224718
9194	45.97	-0.235172921791673	-0.0288254041224718
9195	45.975	-0.231303905835375	-0.0288254041224718
9196	45.98	-0.227434889879078	-0.0275357321370393
9197	45.985	-0.22356587392278	-0.0288254041224718
9198	45.99	-0.217117513995618	-0.0288254041224718
9199	45.995	-0.217117513995618	-0.0288254041224718
9200	46	-0.217117513995618	-0.0288254041224718
9201	46.005	-0.210669154068455	-0.0288254041224718
9202	46.01	-0.21324849803932	-0.0288254041224718
9203	46.015	-0.21324849803932	-0.0288254041224718
9204	46.02	-0.210669154068455	-0.0288254041224718
9205	46.025	-0.211958826053888	-0.0288254041224718
9206	46.03	-0.204220794141293	-0.0288254041224718
9207	46.035	-0.206800138112158	-0.0288254041224718
9208	46.04	-0.204220794141293	-0.0288254041224718
9209	46.045	-0.206800138112158	-0.0288254041224718
9210	46.05	-0.201641450170428	-0.0288254041224718
9211	46.055	-0.201641450170428	-0.0288254041224718
9212	46.06	-0.200351778184995	-0.0288254041224718
9213	46.065	-0.19777243421413	-0.0288254041224718
9214	46.07	-0.193903418257833	-0.0288254041224718
9215	46.075	-0.190034402301535	-0.0288254041224718
9216	46.08	-0.195193090243265	-0.0288254041224718
9217	46.085	-0.191324074286968	-0.0301150761079043
9218	46.09	-0.193903418257833	-0.0288254041224718
9219	46.095	-0.186165386345237	-0.0301150761079043
9220	46.1	-0.181006698403507	-0.0288254041224718
9221	46.105	-0.184875714359805	-0.0301150761079043
9222	46.11	-0.183586042374372	-0.0288254041224718
9223	46.115	-0.179717026418075	-0.0301150761079043
9224	46.12	-0.178427354432642	-0.0288254041224718
9225	46.125	-0.178427354432642	-0.0301150761079043
9226	46.13	-0.175848010461777	-0.0301150761079043
9227	46.135	-0.174558338476345	-0.0288254041224718
9228	46.14	-0.174558338476345	-0.0301150761079043
9229	46.145	-0.173268666490912	-0.0301150761079043
9230	46.15	-0.17197899450548	-0.0301150761079043
9231	46.155	-0.17197899450548	-0.0301150761079043
9232	46.16	-0.168109978549182	-0.0301150761079043
9233	46.165	-0.168109978549182	-0.0301150761079043
9234	46.17	-0.168109978549182	-0.0301150761079043
9235	46.175	-0.165530634578317	-0.0301150761079043
9236	46.18	-0.16682030656375	-0.0301150761079043
9237	46.185	-0.164240962592885	-0.0301150761079043
9238	46.19	-0.162951290607452	-0.0301150761079043
9239	46.195	-0.16166161862202	-0.0301150761079043
9240	46.2	-0.159082274651155	-0.0301150761079043
9241	46.205	-0.164240962592885	-0.0301150761079043
9242	46.21	-0.153923586709425	-0.0314047480933368
9243	46.215	-0.159082274651155	-0.0301150761079043
9244	46.22	-0.155213258694857	-0.0301150761079043
9245	46.225	-0.15650293068029	-0.0301150761079043
9246	46.23	-0.152633914723992	-0.0301150761079043
9247	46.235	-0.15134424273856	-0.0301150761079043
9248	46.24	-0.152633914723992	-0.0314047480933368
9249	46.245	-0.15134424273856	-0.0314047480933368
9250	46.25	-0.147475226782262	-0.0301150761079043
9251	46.255	-0.150054570753127	-0.0301150761079043
9252	46.26	-0.153923586709425	-0.0314047480933368
9253	46.265	-0.148764898767695	-0.0301150761079043
9254	46.27	-0.14618555479683	-0.0301150761079043
9255	46.275	-0.144895882811397	-0.0314047480933368
9256	46.28	-0.147475226782262	-0.0314047480933368
9257	46.285	-0.143606210825965	-0.0301150761079043
9258	46.29	-0.150054570753127	-0.0314047480933368
9259	46.295	-0.142316538840532	-0.0301150761079043
9260	46.3	-0.142316538840532	-0.0314047480933368
9261	46.305	-0.139737194869667	-0.0301150761079043
9262	46.31	-0.144895882811397	-0.0314047480933368
9263	46.315	-0.138447522884235	-0.0301150761079043
9264	46.32	-0.143606210825965	-0.0314047480933368
9265	46.325	-0.13586817891337	-0.0314047480933368
9266	46.33	-0.138447522884235	-0.0314047480933368
9267	46.335	-0.138447522884235	-0.0314047480933368
9268	46.34	-0.142316538840532	-0.0314047480933368
9269	46.345	-0.137157850898802	-0.0314047480933368
9270	46.35	-0.133288834942505	-0.0314047480933368
9271	46.355	-0.131999162957072	-0.0314047480933368
9272	46.36	-0.139737194869667	-0.0314047480933368
9273	46.365	-0.134578506927937	-0.0314047480933368
9274	46.37	-0.13070949097164	-0.0314047480933368
9275	46.375	-0.131999162957072	-0.0326944200787693
9276	46.38	-0.131999162957072	-0.0301150761079043
9277	46.385	-0.133288834942505	-0.0314047480933368
9278	46.39	-0.129419818986207	-0.0314047480933368
9279	46.395	-0.128130147000775	-0.0314047480933368
9280	46.4	-0.13070949097164	-0.0326944200787693
9281	46.405	-0.129419818986207	-0.0326944200787693
9282	46.41	-0.124261131044477	-0.0314047480933368
9283	46.415	-0.129419818986207	-0.0326944200787693
9284	46.42	-0.13070949097164	-0.0326944200787693
9285	46.425	-0.126840475015342	-0.0314047480933368
9286	46.43	-0.12555080302991	-0.0326944200787693
9287	46.435	-0.131999162957072	-0.0314047480933368
9288	46.44	-0.126840475015342	-0.0314047480933368
9289	46.445	-0.12555080302991	-0.0314047480933368
9290	46.45	-0.12555080302991	-0.0326944200787693
9291	46.455	-0.126840475015342	-0.0326944200787693
9292	46.46	-0.12555080302991	-0.0326944200787693
9293	46.465	-0.126840475015342	-0.0326944200787693
9294	46.47	-0.124261131044477	-0.0314047480933368
9295	46.475	-0.124261131044477	-0.0326944200787693
9296	46.48	-0.12555080302991	-0.0326944200787693
9297	46.485	-0.122971459059045	-0.0326944200787693
9298	46.49	-0.121681787073612	-0.0326944200787693
9299	46.495	-0.122971459059045	-0.0326944200787693
9300	46.5	-0.121681787073612	-0.0326944200787693
9301	46.505	-0.122971459059045	-0.0326944200787693
9302	46.51	-0.112654083175585	-0.0326944200787693
9303	46.515	-0.117812771117315	-0.0326944200787693
9304	46.52	-0.122971459059045	-0.0326944200787693
9305	46.525	-0.12039211508818	-0.0326944200787693
9306	46.53	-0.117812771117315	-0.0339840920642018
9307	46.535	-0.12039211508818	-0.0326944200787693
9308	46.54	-0.122971459059045	-0.0326944200787693
9309	46.545	-0.119102443102747	-0.0326944200787693
9310	46.55	-0.12039211508818	-0.0326944200787693
9311	46.555	-0.121681787073612	-0.0326944200787693
9312	46.56	-0.124261131044477	-0.0339840920642018
9313	46.565	-0.12039211508818	-0.0326944200787693
9314	46.57	-0.117812771117315	-0.0339840920642018
9315	46.575	-0.12039211508818	-0.0339840920642018
9316	46.58	-0.119102443102747	-0.0339840920642018
9317	46.585	-0.12039211508818	-0.0326944200787693
9318	46.59	-0.117812771117315	-0.0326944200787693
9319	46.595	-0.12039211508818	-0.0339840920642018
9320	46.6	-0.121681787073612	-0.0326944200787693
9321	46.605	-0.121681787073612	-0.0339840920642018
9322	46.61	-0.117812771117315	-0.0339840920642018
9323	46.615	-0.119102443102747	-0.0326944200787693
9324	46.62	-0.12039211508818	-0.0339840920642018
9325	46.625	-0.117812771117315	-0.0339840920642018
9326	46.63	-0.117812771117315	-0.0339840920642018
9327	46.635	-0.11523342714645	-0.0326944200787693
9328	46.64	-0.119102443102747	-0.0339840920642018
9329	46.645	-0.121681787073612	-0.0339840920642018
9330	46.65	-0.11523342714645	-0.0339840920642018
9331	46.655	-0.117812771117315	-0.0339840920642018
9332	46.66	-0.119102443102747	-0.0339840920642018
9333	46.665	-0.12039211508818	-0.0339840920642018
9334	46.67	-0.116523099131882	-0.0339840920642018
9335	46.675	-0.12039211508818	-0.0339840920642018
9336	46.68	-0.122971459059045	-0.0339840920642018
9337	46.685	-0.12039211508818	-0.0339840920642018
9338	46.69	-0.12039211508818	-0.0339840920642018
9339	46.695	-0.121681787073612	-0.0339840920642018
9340	46.7	-0.122971459059045	-0.0339840920642018
9341	46.705	-0.121681787073612	-0.0339840920642018
9342	46.71	-0.12555080302991	-0.0352737640496343
9343	46.715	-0.121681787073612	-0.0352737640496343
9344	46.72	-0.122971459059045	-0.0339840920642018
9345	46.725	-0.124261131044477	-0.0352737640496343
9346	46.73	-0.122971459059045	-0.0352737640496343
9347	46.735	-0.121681787073612	-0.0339840920642018
9348	46.74	-0.124261131044477	-0.0339840920642018
9349	46.745	-0.126840475015342	-0.0339840920642018
9350	46.75	-0.126840475015342	-0.0352737640496343
9351	46.755	-0.122971459059045	-0.0339840920642018
9352	46.76	-0.124261131044477	-0.0352737640496343
9353	46.765	-0.122971459059045	-0.0352737640496343
9354	46.77	-0.122971459059045	-0.0352737640496343
9355	46.775	-0.122971459059045	-0.0352737640496343
9356	46.78	-0.124261131044477	-0.0352737640496343
9357	46.785	-0.124261131044477	-0.0352737640496343
9358	46.79	-0.12555080302991	-0.0352737640496343
9359	46.795	-0.12555080302991	-0.0352737640496343
9360	46.8	-0.126840475015342	-0.0352737640496343
9361	46.805	-0.126840475015342	-0.0352737640496343
9362	46.81	-0.126840475015342	-0.0352737640496343
9363	46.815	-0.126840475015342	-0.0352737640496343
9364	46.82	-0.131999162957072	-0.0352737640496343
9365	46.825	-0.13070949097164	-0.0352737640496343
9366	46.83	-0.133288834942505	-0.0352737640496343
9367	46.835	-0.133288834942505	-0.0352737640496343
9368	46.84	-0.13586817891337	-0.0352737640496343
9369	46.845	-0.137157850898802	-0.0352737640496343
9370	46.85	-0.13586817891337	-0.0365634360350668
9371	46.855	-0.1410268668551	-0.0352737640496343
9372	46.86	-0.138447522884235	-0.0352737640496343
9373	46.865	-0.1410268668551	-0.0352737640496343
9374	46.87	-0.139737194869667	-0.0365634360350668
9375	46.875	-0.138447522884235	-0.0352737640496343
9376	46.88	-0.14618555479683	-0.0352737640496343
9377	46.885	-0.143606210825965	-0.0365634360350668
9378	46.89	-0.14618555479683	-0.0352737640496343
9379	46.895	-0.1410268668551	-0.0352737640496343
9380	46.9	-0.14618555479683	-0.0365634360350668
9381	46.905	-0.142316538840532	-0.0365634360350668
9382	46.91	-0.143606210825965	-0.0352737640496343
9383	46.915	-0.147475226782262	-0.0365634360350668
9384	46.92	-0.148764898767695	-0.0365634360350668
9385	46.925	-0.152633914723992	-0.0365634360350668
9386	46.93	-0.152633914723992	-0.0365634360350668
9387	46.935	-0.147475226782262	-0.0365634360350668
9388	46.94	-0.155213258694857	-0.0365634360350668
9389	46.945	-0.16166161862202	-0.0365634360350668
9390	46.95	-0.159082274651155	-0.0365634360350668
9391	46.955	-0.159082274651155	-0.0378531080204993
9392	46.96	-0.16682030656375	-0.0365634360350668
9393	46.965	-0.16682030656375	-0.0378531080204993
9394	46.97	-0.16166161862202	-0.0365634360350668
9395	46.975	-0.16682030656375	-0.0365634360350668
9396	46.98	-0.169399650534615	-0.0365634360350668
9397	46.985	-0.168109978549182	-0.0365634360350668
9398	46.99	-0.170689322520047	-0.0378531080204993
9399	46.995	-0.175848010461777	-0.0378531080204993
9400	47	-0.175848010461777	-0.0378531080204993
9401	47.005	-0.179717026418075	-0.0378531080204993
9402	47.01	-0.18229637038894	-0.0378531080204993
9403	47.015	-0.175848010461777	-0.0378531080204993
9404	47.02	-0.18229637038894	-0.0378531080204993
9405	47.025	-0.191324074286968	-0.0378531080204993
9406	47.03	-0.1926137462724	-0.0378531080204993
9407	47.035	-0.193903418257833	-0.0378531080204993
9408	47.04	-0.1926137462724	-0.0378531080204993
9409	47.045	-0.193903418257833	-0.0378531080204993
9410	47.05	-0.199062106199563	-0.0378531080204993
9411	47.055	-0.19777243421413	-0.0378531080204993
9412	47.06	-0.201641450170428	-0.0378531080204993
9413	47.065	-0.20808981009759	-0.0378531080204993
9414	47.07	-0.20808981009759	-0.0378531080204993
9415	47.075	-0.209379482083023	-0.0391427800059319
9416	47.08	-0.206800138112158	-0.0391427800059319
9417	47.085	-0.217117513995618	-0.0378531080204993
9418	47.09	-0.219696857966483	-0.0391427800059319
9419	47.095	-0.219696857966483	-0.0391427800059319
9420	47.1	-0.220986529951915	-0.0391427800059319
9421	47.105	-0.22356587392278	-0.0391427800059319
9422	47.11	-0.226145217893645	-0.0391427800059319
9423	47.115	-0.232593577820808	-0.0391427800059319
9424	47.12	-0.227434889879078	-0.0391427800059319
9425	47.125	-0.23388324980624	-0.0391427800059319
9426	47.13	-0.230014233849943	-0.0391427800059319
9427	47.135	-0.236462593777105	-0.0404324519913644
9428	47.14	-0.242910953704268	-0.0404324519913644
9429	47.145	-0.237752265762538	-0.0391427800059319
9430	47.15	-0.240331609733403	-0.0404324519913644
9431	47.155	-0.23904193774797	-0.0404324519913644
9432	47.16	-0.2442006256897	-0.0391427800059319
9433	47.165	-0.240331609733403	-0.0391427800059319
9434	47.17	-0.248069641645998	-0.0404324519913644
9435	47.175	-0.248069641645998	-0.0404324519913644
9436	47.18	-0.25451800157316	-0.0391427800059319
9437	47.185	-0.253228329587728	-0.0404324519913644
9438	47.19	-0.253228329587728	-0.0404324519913644
9439	47.195	-0.255807673558593	-0.0404324519913644
9440	47.2	-0.260966361500323	-0.0404324519913644
9441	47.205	-0.26483537745662	-0.0404324519913644
9442	47.21	-0.263545705471188	-0.0404324519913644
9443	47.215	-0.266125049442053	-0.0404324519913644
9444	47.22	-0.276442425325513	-0.0404324519913644
9445	47.225	-0.276442425325513	-0.0404324519913644
9446	47.23	-0.273863081354648	-0.0404324519913644
9447	47.235	-0.266125049442053	-0.0404324519913644
9448	47.24	-0.277732097310945	-0.0417221239767969
9449	47.245	-0.272573409369215	-0.0417221239767969
9450	47.25	-0.273863081354648	-0.0404324519913644
9451	47.255	-0.279021769296378	-0.0417221239767969
9452	47.26	-0.28547012922354	-0.0417221239767969
9453	47.265	-0.288049473194405	-0.0417221239767969
9454	47.27	-0.286759801208973	-0.0404324519913644
9455	47.275	-0.29062881716527	-0.0417221239767969
9456	47.28	-0.297077177092433	-0.0417221239767969
9457	47.285	-0.298366849077865	-0.0417221239767969
9458	47.29	-0.30094619304873	-0.0417221239767969
9459	47.295	-0.295787505107	-0.0417221239767969
9460	47.3	-0.299656521063298	-0.0430117959622294
9461	47.305	-0.30094619304873	-0.0417221239767969
9462	47.31	-0.309973896946758	-0.0417221239767969
9463	47.315	-0.30094619304873	-0.0417221239767969
9464	47.32	-0.309973896946758	-0.0417221239767969
9465	47.325	-0.311263568932191	-0.0430117959622294
9466	47.33	-0.311263568932191	-0.0417221239767969
9467	47.335	-0.308684224961326	-0.0417221239767969
9468	47.34	-0.312553240917623	-0.0430117959622294
9469	47.345	-0.312553240917623	-0.0430117959622294
9470	47.35	-0.313842912903056	-0.0430117959622294
9471	47.355	-0.321580944815651	-0.0430117959622294
9472	47.36	-0.326739632757381	-0.0430117959622294
9473	47.365	-0.330608648713678	-0.0430117959622294
9474	47.37	-0.325449960771948	-0.0430117959622294
9475	47.375	-0.333187992684543	-0.0430117959622294
9476	47.38	-0.331898320699111	-0.0430117959622294
9477	47.385	-0.338346680626273	-0.0430117959622294
9478	47.39	-0.329318976728246	-0.0443014679476619
9479	47.395	-0.329318976728246	-0.0430117959622294
9480	47.4	-0.333187992684543	-0.0443014679476619
9481	47.405	-0.328029304742813	-0.0430117959622294
9482	47.41	-0.337057008640841	-0.0430117959622294
9483	47.415	-0.338346680626273	-0.0430117959622294
9484	47.42	-0.340926024597138	-0.0430117959622294
9485	47.425	-0.343505368568003	-0.0443014679476619
9486	47.43	-0.331898320699111	-0.0443014679476619
9487	47.435	-0.338346680626273	-0.0430117959622294
9488	47.44	-0.342215696582571	-0.0430117959622294
9489	47.445	-0.337057008640841	-0.0443014679476619
9490	47.45	-0.335767336655408	-0.0443014679476619
9491	47.455	-0.340926024597138	-0.0443014679476619
9492	47.46	-0.338346680626273	-0.0443014679476619
9493	47.465	-0.334477664669976	-0.0443014679476619
9494	47.47	-0.338346680626273	-0.0443014679476619
9495	47.475	-0.339636352611706	-0.0443014679476619
9496	47.48	-0.339636352611706	-0.0443014679476619
9497	47.485	-0.343505368568003	-0.0443014679476619
9498	47.49	-0.343505368568003	-0.0443014679476619
9499	47.495	-0.348664056509733	-0.0443014679476619
9500	47.5	-0.344795040553436	-0.0443014679476619
9501	47.505	-0.351243400480598	-0.0443014679476619
9502	47.51	-0.351243400480598	-0.0443014679476619
9503	47.515	-0.355112416436896	-0.0443014679476619
9504	47.52	-0.351243400480598	-0.0443014679476619
9505	47.525	-0.356402088422328	-0.0443014679476619
9506	47.53	-0.360271104378626	-0.0443014679476619
9507	47.535	-0.362850448349491	-0.0443014679476619
9508	47.54	-0.364140120334923	-0.0443014679476619
9509	47.545	-0.373167824232951	-0.0443014679476619
9510	47.55	-0.368009136291221	-0.0443014679476619
9511	47.555	-0.360271104378626	-0.0455911399330944
9512	47.56	-0.368009136291221	-0.0455911399330944
9513	47.565	-0.366719464305788	-0.0455911399330944
9514	47.57	-0.364140120334923	-0.0455911399330944
9515	47.575	-0.371878152247518	-0.0455911399330944
9516	47.58	-0.361560776364058	-0.0455911399330944
9517	47.585	-0.374457496218383	-0.0443014679476619
9518	47.59	-0.374457496218383	-0.0455911399330944
9519	47.595	-0.370588480262086	-0.0455911399330944
9520	47.6	-0.368009136291221	-0.0455911399330944
9521	47.605	-0.369298808276653	-0.0455911399330944
9522	47.61	-0.378326512174681	-0.0455911399330944
9523	47.615	-0.371878152247518	-0.0455911399330944
9524	47.62	-0.374457496218383	-0.0455911399330944
9525	47.625	-0.374457496218383	-0.0455911399330944
9526	47.63	-0.371878152247518	-0.0455911399330944
9527	47.635	-0.379616184160113	-0.0455911399330944
9528	47.64	-0.386064544087276	-0.0455911399330944
9529	47.645	-0.388643888058141	-0.0455911399330944
9530	47.65	-0.384774872101843	-0.0468808119185269
9531	47.655	-0.388643888058141	-0.0455911399330944
9532	47.66	-0.388643888058141	-0.0468808119185269
9533	47.665	-0.393802575999871	-0.0468808119185269
9534	47.67	-0.392512904014438	-0.0468808119185269
9535	47.675	-0.386064544087276	-0.0468808119185269
9536	47.68	-0.388643888058141	-0.0468808119185269
9537	47.685	-0.388643888058141	-0.0468808119185269
9538	47.69	-0.391223232029006	-0.0468808119185269
9539	47.695	-0.387354216072708	-0.0468808119185269
9540	47.7	-0.392512904014438	-0.0468808119185269
9541	47.705	-0.393802575999871	-0.0468808119185269
9542	47.71	-0.388643888058141	-0.0468808119185269
9543	47.715	-0.387354216072708	-0.0468808119185269
9544	47.72	-0.392512904014438	-0.0468808119185269
9545	47.725	-0.392512904014438	-0.0468808119185269
9546	47.73	-0.395092247985303	-0.0468808119185269
9547	47.735	-0.388643888058141	-0.0468808119185269
9548	47.74	-0.395092247985303	-0.0468808119185269
9549	47.745	-0.391223232029006	-0.0468808119185269
9550	47.75	-0.386064544087276	-0.0468808119185269
9551	47.755	-0.393802575999871	-0.0468808119185269
9552	47.76	-0.388643888058141	-0.0481704839039594
9553	47.765	-0.401540607912466	-0.0481704839039594
9554	47.77	-0.397671591956168	-0.0468808119185269
9555	47.775	-0.389933560043573	-0.0468808119185269
9556	47.78	-0.397671591956168	-0.0468808119185269
9557	47.785	-0.401540607912466	-0.0481704839039594
9558	47.79	-0.392512904014438	-0.0468808119185269
9559	47.795	-0.388643888058141	-0.0481704839039594
9560	47.8	-0.392512904014438	-0.0468808119185269
9561	47.805	-0.391223232029006	-0.0481704839039594
9562	47.81	-0.388643888058141	-0.0481704839039594
9563	47.815	-0.388643888058141	-0.0468808119185269
9564	47.82	-0.395092247985303	-0.0481704839039594
9565	47.825	-0.395092247985303	-0.0481704839039594
9566	47.83	-0.389933560043573	-0.0468808119185269
9567	47.835	-0.391223232029006	-0.0481704839039594
9568	47.84	-0.396381919970736	-0.0468808119185269
9569	47.845	-0.388643888058141	-0.0481704839039594
9570	47.85	-0.391223232029006	-0.0481704839039594
9571	47.855	-0.387354216072708	-0.0481704839039594
9572	47.86	-0.388643888058141	-0.0481704839039594
9573	47.865	-0.387354216072708	-0.0481704839039594
9574	47.87	-0.391223232029006	-0.0481704839039594
9575	47.875	-0.393802575999871	-0.0481704839039594
9576	47.88	-0.397671591956168	-0.0481704839039594
9577	47.885	-0.396381919970736	-0.0481704839039594
9578	47.89	-0.393802575999871	-0.0481704839039594
9579	47.895	-0.396381919970736	-0.0468808119185269
9580	47.9	-0.393802575999871	-0.0481704839039594
9581	47.905	-0.401540607912466	-0.0481704839039594
9582	47.91	-0.395092247985303	-0.0481704839039594
9583	47.915	-0.396381919970736	-0.0481704839039594
9584	47.92	-0.402830279897898	-0.0481704839039594
9585	47.925	-0.398961263941601	-0.0481704839039594
9586	47.93	-0.392512904014438	-0.0481704839039594
9587	47.935	-0.393802575999871	-0.0481704839039594
9588	47.94	-0.401540607912466	-0.0494601558893919
9589	47.945	-0.405409623868763	-0.0481704839039594
9590	47.95	-0.398961263941601	-0.0481704839039594
9591	47.955	-0.404119951883331	-0.0481704839039594
9592	47.96	-0.407988967839628	-0.0481704839039594
9593	47.965	-0.402830279897898	-0.0481704839039594
9594	47.97	-0.410568311810493	-0.0481704839039594
9595	47.975	-0.406699295854196	-0.0494601558893919
9596	47.98	-0.404119951883331	-0.0494601558893919
9597	47.985	-0.409278639825061	-0.0481704839039594
9598	47.99	-0.411857983795926	-0.0481704839039594
9599	47.995	-0.423465031664819	-0.0494601558893919
9600	48	-0.424754703650251	-0.0494601558893919
9601	48.005	-0.415726999752223	-0.0494601558893919
9602	48.01	-0.417016671737656	-0.0494601558893919
9603	48.015	-0.414437327766791	-0.0494601558893919
9604	48.02	-0.413147655781358	-0.0494601558893919
9605	48.025	-0.417016671737656	-0.0494601558893919
9606	48.03	-0.409278639825061	-0.0494601558893919
9607	48.035	-0.413147655781358	-0.0494601558893919
9608	48.04	-0.417016671737656	-0.0494601558893919
9609	48.045	-0.415726999752223	-0.0507498278748244
9610	48.05	-0.422175359679386	-0.0494601558893919
9611	48.055	-0.420885687693954	-0.0494601558893919
9612	48.06	-0.417016671737656	-0.0507498278748244
9613	48.065	-0.420885687693954	-0.0494601558893919
9614	48.07	-0.417016671737656	-0.0494601558893919
9615	48.075	-0.419596015708521	-0.0507498278748244
9616	48.08	-0.414437327766791	-0.0494601558893919
9617	48.085	-0.410568311810493	-0.0494601558893919
9618	48.09	-0.417016671737656	-0.0494601558893919
9619	48.095	-0.418306343723089	-0.0507498278748244
9620	48.1	-0.422175359679386	-0.0507498278748244
9621	48.105	-0.418306343723089	-0.0507498278748244
9622	48.11	-0.413147655781358	-0.0507498278748244
9623	48.115	-0.420885687693954	-0.0507498278748244
9624	48.12	-0.422175359679386	-0.0507498278748244
9625	48.125	-0.424754703650251	-0.0507498278748244
9626	48.13	-0.419596015708521	-0.0507498278748244
9627	48.135	-0.418306343723089	-0.0507498278748244
9628	48.14	-0.418306343723089	-0.0507498278748244
9629	48.145	-0.420885687693954	-0.0507498278748244
9630	48.15	-0.418306343723089	-0.0507498278748244
9631	48.155	-0.418306343723089	-0.0507498278748244
9632	48.16	-0.418306343723089	-0.0507498278748244
9633	48.165	-0.422175359679386	-0.0507498278748244
9634	48.17	-0.422175359679386	-0.0507498278748244
9635	48.175	-0.415726999752223	-0.0507498278748244
9636	48.18	-0.417016671737656	-0.0507498278748244
9637	48.185	-0.419596015708521	-0.0507498278748244
9638	48.19	-0.415726999752223	-0.0520394998602569
9639	48.195	-0.422175359679386	-0.0507498278748244
9640	48.2	-0.422175359679386	-0.0507498278748244
9641	48.205	-0.422175359679386	-0.0507498278748244
9642	48.21	-0.417016671737656	-0.0520394998602569
9643	48.215	-0.413147655781358	-0.0520394998602569
9644	48.22	-0.415726999752223	-0.0507498278748244
9645	48.225	-0.417016671737656	-0.0507498278748244
9646	48.23	-0.414437327766791	-0.0507498278748244
9647	48.235	-0.414437327766791	-0.0520394998602569
9648	48.24	-0.414437327766791	-0.0520394998602569
9649	48.245	-0.409278639825061	-0.0520394998602569
9650	48.25	-0.411857983795926	-0.0520394998602569
9651	48.255	-0.413147655781358	-0.0520394998602569
9652	48.26	-0.414437327766791	-0.0520394998602569
9653	48.265	-0.418306343723089	-0.0520394998602569
9654	48.27	-0.418306343723089	-0.0507498278748244
9655	48.275	-0.407988967839628	-0.0520394998602569
9656	48.28	-0.414437327766791	-0.0520394998602569
9657	48.285	-0.418306343723089	-0.0520394998602569
9658	48.29	-0.415726999752223	-0.0520394998602569
9659	48.295	-0.406699295854196	-0.0520394998602569
9660	48.3	-0.417016671737656	-0.0520394998602569
9661	48.305	-0.411857983795926	-0.0520394998602569
9662	48.31	-0.415726999752223	-0.0520394998602569
9663	48.315	-0.405409623868763	-0.0520394998602569
9664	48.32	-0.410568311810493	-0.0520394998602569
9665	48.325	-0.415726999752223	-0.0520394998602569
9666	48.33	-0.407988967839628	-0.0520394998602569
9667	48.335	-0.406699295854196	-0.0520394998602569
9668	48.34	-0.410568311810493	-0.0520394998602569
9669	48.345	-0.404119951883331	-0.0520394998602569
9670	48.35	-0.406699295854196	-0.0520394998602569
9671	48.355	-0.402830279897898	-0.0520394998602569
9672	48.36	-0.406699295854196	-0.0520394998602569
9673	48.365	-0.400250935927033	-0.0520394998602569
9674	48.37	-0.395092247985303	-0.0533291718456894
9675	48.375	-0.400250935927033	-0.0520394998602569
9676	48.38	-0.398961263941601	-0.0533291718456894
9677	48.385	-0.406699295854196	-0.0533291718456894
9678	48.39	-0.401540607912466	-0.0533291718456894
9679	48.395	-0.404119951883331	-0.0533291718456894
9680	48.4	-0.396381919970736	-0.0533291718456894
9681	48.405	-0.406699295854196	-0.0533291718456894
9682	48.41	-0.397671591956168	-0.0533291718456894
9683	48.415	-0.398961263941601	-0.0533291718456894
9684	48.42	-0.396381919970736	-0.0533291718456894
9685	48.425	-0.398961263941601	-0.0533291718456894
9686	48.43	-0.391223232029006	-0.0533291718456894
9687	48.435	-0.393802575999871	-0.0533291718456894
9688	48.44	-0.395092247985303	-0.0533291718456894
9689	48.445	-0.395092247985303	-0.0533291718456894
9690	48.45	-0.396381919970736	-0.0533291718456894
9691	48.455	-0.392512904014438	-0.0533291718456894
9692	48.46	-0.396381919970736	-0.0533291718456894
9693	48.465	-0.389933560043573	-0.0533291718456894
9694	48.47	-0.388643888058141	-0.0533291718456894
9695	48.475	-0.386064544087276	-0.0533291718456894
9696	48.48	-0.391223232029006	-0.0533291718456894
9697	48.485	-0.389933560043573	-0.0533291718456894
9698	48.49	-0.391223232029006	-0.0533291718456894
9699	48.495	-0.395092247985303	-0.0546188438311219
9700	48.5	-0.389933560043573	-0.0533291718456894
9701	48.505	-0.386064544087276	-0.0546188438311219
9702	48.51	-0.383485200116411	-0.0533291718456894
9703	48.515	-0.383485200116411	-0.0546188438311219
9704	48.52	-0.388643888058141	-0.0533291718456894
9705	48.525	-0.388643888058141	-0.0546188438311219
9706	48.53	-0.389933560043573	-0.0546188438311219
9707	48.535	-0.378326512174681	-0.0546188438311219
9708	48.54	-0.387354216072708	-0.0546188438311219
9709	48.545	-0.386064544087276	-0.0533291718456894
9710	48.55	-0.382195528130978	-0.0546188438311219
9711	48.555	-0.383485200116411	-0.0546188438311219
9712	48.56	-0.377036840189248	-0.0546188438311219
9713	48.565	-0.387354216072708	-0.0546188438311219
9714	48.57	-0.384774872101843	-0.0546188438311219
9715	48.575	-0.380905856145546	-0.0546188438311219
9716	48.58	-0.380905856145546	-0.0546188438311219
9717	48.585	-0.379616184160113	-0.0546188438311219
9718	48.59	-0.389933560043573	-0.0546188438311219
9719	48.595	-0.375747168203816	-0.0546188438311219
9720	48.6	-0.387354216072708	-0.0546188438311219
9721	48.605	-0.382195528130978	-0.0546188438311219
9722	48.61	-0.378326512174681	-0.0546188438311219
9723	48.615	-0.377036840189248	-0.0546188438311219
9724	48.62	-0.378326512174681	-0.0546188438311219
9725	48.625	-0.370588480262086	-0.0546188438311219
9726	48.63	-0.373167824232951	-0.0559085158165544
9727	48.635	-0.371878152247518	-0.0559085158165544
9728	48.64	-0.368009136291221	-0.0546188438311219
9729	48.645	-0.360271104378626	-0.0559085158165544
9730	48.65	-0.369298808276653	-0.0559085158165544
9731	48.655	-0.356402088422328	-0.0546188438311219
9732	48.66	-0.360271104378626	-0.0559085158165544
9733	48.665	-0.360271104378626	-0.0559085158165544
9734	48.67	-0.360271104378626	-0.0559085158165544
9735	48.675	-0.352533072466031	-0.0559085158165544
9736	48.68	-0.362850448349491	-0.0546188438311219
9737	48.685	-0.360271104378626	-0.0559085158165544
9738	48.69	-0.362850448349491	-0.0559085158165544
9739	48.695	-0.355112416436896	-0.0559085158165544
9740	48.7	-0.349953728495166	-0.0559085158165544
9741	48.705	-0.353822744451463	-0.0559085158165544
9742	48.71	-0.352533072466031	-0.0559085158165544
9743	48.715	-0.349953728495166	-0.0559085158165544
9744	48.72	-0.351243400480598	-0.0559085158165544
9745	48.725	-0.353822744451463	-0.0559085158165544
9746	48.73	-0.347374384524301	-0.0559085158165544
9747	48.735	-0.348664056509733	-0.0559085158165544
9748	48.74	-0.349953728495166	-0.0559085158165544
9749	48.745	-0.348664056509733	-0.0559085158165544
9750	48.75	-0.337057008640841	-0.0559085158165544
9751	48.755	-0.334477664669976	-0.0559085158165544
9752	48.76	-0.335767336655408	-0.0559085158165544
9753	48.765	-0.337057008640841	-0.0571981878019869
9754	48.77	-0.333187992684543	-0.0559085158165544
9755	48.775	-0.334477664669976	-0.0559085158165544
9756	48.78	-0.334477664669976	-0.0571981878019869
9757	48.785	-0.334477664669976	-0.0571981878019869
9758	48.79	-0.328029304742813	-0.0559085158165544
9759	48.795	-0.321580944815651	-0.0559085158165544
9760	48.8	-0.330608648713678	-0.0571981878019869
9761	48.805	-0.328029304742813	-0.0559085158165544
9762	48.81	-0.326739632757381	-0.0571981878019869
9763	48.815	-0.325449960771948	-0.0559085158165544
9764	48.82	-0.329318976728246	-0.0571981878019869
9765	48.825	-0.320291272830218	-0.0571981878019869
9766	48.83	-0.325449960771948	-0.0571981878019869
9767	48.835	-0.322870616801083	-0.0571981878019869
9768	48.84	-0.324160288786516	-0.0571981878019869
9769	48.845	-0.319001600844786	-0.0571981878019869
9770	48.85	-0.320291272830218	-0.0571981878019869
9771	48.855	-0.319001600844786	-0.0584878597874194
9772	48.86	-0.317711928859353	-0.0559085158165544
9773	48.865	-0.317711928859353	-0.0571981878019869
9774	48.87	-0.315132584888488	-0.0571981878019869
9775	48.875	-0.307394552975893	-0.0571981878019869
9776	48.88	-0.315132584888488	-0.0571981878019869
9777	48.885	-0.319001600844786	-0.0571981878019869
9778	48.89	-0.311263568932191	-0.0584878597874194
9779	48.895	-0.309973896946758	-0.0584878597874194
9780	48.9	-0.306104880990461	-0.0571981878019869
9781	48.905	-0.306104880990461	-0.0571981878019869
9782	48.91	-0.299656521063298	-0.0571981878019869
9783	48.915	-0.303525537019596	-0.0584878597874194
9784	48.92	-0.306104880990461	-0.0584878597874194
9785	48.925	-0.302235865034163	-0.0584878597874194
9786	48.93	-0.295787505107	-0.0571981878019869
9787	48.935	-0.297077177092433	-0.0584878597874194
9788	48.94	-0.294497833121568	-0.0584878597874194
9789	48.945	-0.298366849077865	-0.0584878597874194
9790	48.95	-0.294497833121568	-0.0584878597874194
9791	48.955	-0.294497833121568	-0.0584878597874194
9792	48.96	-0.29062881716527	-0.0584878597874194
9793	48.965	-0.293208161136135	-0.0584878597874194
9794	48.97	-0.29062881716527	-0.0584878597874194
9795	48.975	-0.28547012922354	-0.0584878597874194
9796	48.98	-0.281601113267243	-0.0584878597874194
9797	48.985	-0.281601113267243	-0.0584878597874194
9798	48.99	-0.279021769296378	-0.0584878597874194
9799	48.995	-0.279021769296378	-0.0584878597874194
9800	49	-0.282890785252675	-0.0584878597874194
9801	49.005	-0.271283737383783	-0.0584878597874194
9802	49.01	-0.276442425325513	-0.0584878597874194
9803	49.015	-0.276442425325513	-0.0584878597874194
9804	49.02	-0.27515275334008	-0.0584878597874194
9805	49.025	-0.26999406539835	-0.0597775317728519
9806	49.03	-0.26483537745662	-0.0584878597874194
9807	49.035	-0.268704393412918	-0.0597775317728519
9808	49.04	-0.268704393412918	-0.0584878597874194
9809	49.045	-0.26483537745662	-0.0597775317728519
9810	49.05	-0.257097345544025	-0.0597775317728519
9811	49.055	-0.257097345544025	-0.0597775317728519
9812	49.06	-0.258387017529458	-0.0584878597874194
9813	49.065	-0.257097345544025	-0.0597775317728519
9814	49.07	-0.250648985616863	-0.0584878597874194
9815	49.075	-0.250648985616863	-0.0597775317728519
9816	49.08	-0.253228329587728	-0.0597775317728519
9817	49.085	-0.250648985616863	-0.0597775317728519
9818	49.09	-0.246779969660565	-0.0597775317728519
9819	49.095	-0.25967668951489	-0.0597775317728519
9820	49.1	-0.248069641645998	-0.0597775317728519
9821	49.105	-0.24935931363143	-0.0597775317728519
9822	49.11	-0.241621281718835	-0.0597775317728519
9823	49.115	-0.24935931363143	-0.0610672037582844
9824	49.12	-0.245490297675133	-0.0597775317728519
9825	49.125	-0.241621281718835	-0.0597775317728519
9826	49.13	-0.240331609733403	-0.0597775317728519
9827	49.135	-0.236462593777105	-0.0597775317728519
9828	49.14	-0.236462593777105	-0.0597775317728519
9829	49.145	-0.240331609733403	-0.0597775317728519
9830	49.15	-0.235172921791673	-0.0597775317728519
9831	49.155	-0.23388324980624	-0.0597775317728519
9832	49.16	-0.236462593777105	-0.0610672037582844
9833	49.165	-0.22872456186451	-0.0610672037582844
9834	49.17	-0.22872456186451	-0.0610672037582844
9835	49.175	-0.224855545908213	-0.0597775317728519
9836	49.18	-0.220986529951915	-0.0610672037582844
9837	49.185	-0.230014233849943	-0.0597775317728519
9838	49.19	-0.222276201937348	-0.0610672037582844
9839	49.195	-0.222276201937348	-0.0597775317728519
9840	49.2	-0.219696857966483	-0.0610672037582844
9841	49.205	-0.226145217893645	-0.0610672037582844
9842	49.21	-0.21840718598105	-0.0597775317728519
9843	49.215	-0.215827842010185	-0.0610672037582844
9844	49.22	-0.217117513995618	-0.0610672037582844
9845	49.225	-0.217117513995618	-0.0610672037582844
9846	49.23	-0.21324849803932	-0.0610672037582844
9847	49.235	-0.210669154068455	-0.0610672037582844
9848	49.24	-0.209379482083023	-0.0610672037582844
9849	49.245	-0.209379482083023	-0.0610672037582844
9850	49.25	-0.20808981009759	-0.0610672037582844
9851	49.255	-0.200351778184995	-0.0610672037582844
9852	49.26	-0.205510466126725	-0.062356875743717
9853	49.265	-0.201641450170428	-0.0610672037582844
9854	49.27	-0.19777243421413	-0.0610672037582844
9855	49.275	-0.195193090243265	-0.0610672037582844
9856	49.28	-0.199062106199563	-0.0610672037582844
9857	49.285	-0.190034402301535	-0.0610672037582844
9858	49.29	-0.1926137462724	-0.0610672037582844
9859	49.295	-0.184875714359805	-0.062356875743717
9860	49.3	-0.18745505833067	-0.062356875743717
9861	49.305	-0.188744730316103	-0.0610672037582844
9862	49.31	-0.18745505833067	-0.062356875743717
9863	49.315	-0.190034402301535	-0.062356875743717
9864	49.32	-0.188744730316103	-0.062356875743717
9865	49.325	-0.183586042374372	-0.062356875743717
9866	49.33	-0.184875714359805	-0.062356875743717
9867	49.335	-0.178427354432642	-0.062356875743717
9868	49.34	-0.183586042374372	-0.062356875743717
9869	49.345	-0.178427354432642	-0.062356875743717
9870	49.35	-0.178427354432642	-0.062356875743717
9871	49.355	-0.179717026418075	-0.062356875743717
9872	49.36	-0.178427354432642	-0.062356875743717
9873	49.365	-0.179717026418075	-0.062356875743717
9874	49.37	-0.179717026418075	-0.062356875743717
9875	49.375	-0.174558338476345	-0.062356875743717
9876	49.38	-0.175848010461777	-0.062356875743717
9877	49.385	-0.179717026418075	-0.062356875743717
9878	49.39	-0.178427354432642	-0.062356875743717
9879	49.395	-0.178427354432642	-0.062356875743717
9880	49.4	-0.17713768244721	-0.062356875743717
9881	49.405	-0.178427354432642	-0.062356875743717
9882	49.41	-0.175848010461777	-0.0636465477291495
9883	49.415	-0.174558338476345	-0.0636465477291495
9884	49.42	-0.173268666490912	-0.062356875743717
9885	49.425	-0.175848010461777	-0.0636465477291495
9886	49.43	-0.174558338476345	-0.062356875743717
9887	49.435	-0.169399650534615	-0.062356875743717
9888	49.44	-0.16682030656375	-0.0636465477291495
9889	49.445	-0.168109978549182	-0.0636465477291495
9890	49.45	-0.157792602665722	-0.0636465477291495
9891	49.455	-0.157792602665722	-0.0636465477291495
9892	49.46	-0.16166161862202	-0.0636465477291495
9893	49.465	-0.155213258694857	-0.0636465477291495
9894	49.47	-0.153923586709425	-0.0636465477291495
9895	49.475	-0.15650293068029	-0.062356875743717
9896	49.48	-0.155213258694857	-0.0636465477291495
9897	49.485	-0.150054570753127	-0.0636465477291495
9898	49.49	-0.15134424273856	-0.0636465477291495
9899	49.495	-0.14618555479683	-0.0636465477291495
9900	49.5	-0.150054570753127	-0.0636465477291495
9901	49.505	-0.150054570753127	-0.0636465477291495
9902	49.51	-0.147475226782262	-0.0636465477291495
9903	49.515	-0.14618555479683	-0.0636465477291495
9904	49.52	-0.14618555479683	-0.0636465477291495
9905	49.525	-0.143606210825965	-0.064936219714582
9906	49.53	-0.147475226782262	-0.0636465477291495
9907	49.535	-0.142316538840532	-0.0636465477291495
9908	49.54	-0.142316538840532	-0.064936219714582
9909	49.545	-0.1410268668551	-0.0636465477291495
9910	49.55	-0.1410268668551	-0.064936219714582
9911	49.555	-0.138447522884235	-0.0636465477291495
9912	49.56	-0.137157850898802	-0.064936219714582
9913	49.565	-0.13586817891337	-0.064936219714582
9914	49.57	-0.138447522884235	-0.064936219714582
9915	49.575	-0.137157850898802	-0.064936219714582
9916	49.58	-0.133288834942505	-0.064936219714582
9917	49.585	-0.13070949097164	-0.064936219714582
9918	49.59	-0.131999162957072	-0.064936219714582
9919	49.595	-0.133288834942505	-0.064936219714582
9920	49.6	-0.13586817891337	-0.064936219714582
9921	49.605	-0.133288834942505	-0.064936219714582
9922	49.61	-0.129419818986207	-0.064936219714582
9923	49.615	-0.131999162957072	-0.064936219714582
9924	49.62	-0.129419818986207	-0.064936219714582
9925	49.625	-0.129419818986207	-0.064936219714582
9926	49.63	-0.13070949097164	-0.064936219714582
9927	49.635	-0.128130147000775	-0.064936219714582
9928	49.64	-0.128130147000775	-0.064936219714582
9929	49.645	-0.13070949097164	-0.0662258917000145
9930	49.65	-0.13070949097164	-0.064936219714582
9931	49.655	-0.13070949097164	-0.064936219714582
9932	49.66	-0.133288834942505	-0.064936219714582
9933	49.665	-0.131999162957072	-0.064936219714582
9934	49.67	-0.13070949097164	-0.064936219714582
9935	49.675	-0.124261131044477	-0.064936219714582
9936	49.68	-0.126840475015342	-0.064936219714582
9937	49.685	-0.126840475015342	-0.064936219714582
9938	49.69	-0.122971459059045	-0.064936219714582
9939	49.695	-0.13070949097164	-0.064936219714582
9940	49.7	-0.12555080302991	-0.064936219714582
9941	49.705	-0.126840475015342	-0.064936219714582
9942	49.71	-0.12039211508818	-0.064936219714582
9943	49.715	-0.12555080302991	-0.0662258917000145
9944	49.72	-0.12039211508818	-0.064936219714582
9945	49.725	-0.121681787073612	-0.0662258917000145
9946	49.73	-0.122971459059045	-0.064936219714582
9947	49.735	-0.12039211508818	-0.0662258917000145
9948	49.74	-0.12039211508818	-0.064936219714582
9949	49.745	-0.12039211508818	-0.064936219714582
9950	49.75	-0.121681787073612	-0.0662258917000145
9951	49.755	-0.117812771117315	-0.0662258917000145
9952	49.76	-0.117812771117315	-0.0662258917000145
9953	49.765	-0.122971459059045	-0.0662258917000145
9954	49.77	-0.121681787073612	-0.0662258917000145
9955	49.775	-0.119102443102747	-0.0662258917000145
9956	49.78	-0.117812771117315	-0.0662258917000145
9957	49.785	-0.117812771117315	-0.0662258917000145
9958	49.79	-0.113943755161017	-0.0662258917000145
9959	49.795	-0.116523099131882	-0.0662258917000145
9960	49.8	-0.116523099131882	-0.0662258917000145
9961	49.805	-0.11523342714645	-0.0662258917000145
9962	49.81	-0.113943755161017	-0.0662258917000145
9963	49.815	-0.116523099131882	-0.0662258917000145
9964	49.82	-0.116523099131882	-0.067515563685447
9965	49.825	-0.113943755161017	-0.0662258917000145
9966	49.83	-0.112654083175585	-0.0662258917000145
9967	49.835	-0.113943755161017	-0.0662258917000145
9968	49.84	-0.11523342714645	-0.0662258917000145
9969	49.845	-0.113943755161017	-0.0662258917000145
9970	49.85	-0.11523342714645	-0.0662258917000145
9971	49.855	-0.112654083175585	-0.0662258917000145
9972	49.86	-0.106205723248422	-0.0662258917000145
9973	49.865	-0.11007473920472	-0.0662258917000145
9974	49.87	-0.108785067219287	-0.067515563685447
9975	49.875	-0.108785067219287	-0.067515563685447
9976	49.88	-0.112654083175585	-0.0662258917000145
9977	49.885	-0.11007473920472	-0.067515563685447
9978	49.89	-0.107495395233855	-0.067515563685447
9979	49.895	-0.111364411190152	-0.067515563685447
9980	49.9	-0.11007473920472	-0.067515563685447
9981	49.905	-0.111364411190152	-0.067515563685447
9982	49.91	-0.108785067219287	-0.067515563685447
9983	49.915	-0.108785067219287	-0.0662258917000145
9984	49.92	-0.10491605126299	-0.067515563685447
9985	49.925	-0.11007473920472	-0.067515563685447
9986	49.93	-0.103626379277557	-0.067515563685447
9987	49.935	-0.103626379277557	-0.0662258917000145
9988	49.94	-0.103626379277557	-0.067515563685447
9989	49.945	-0.106205723248422	-0.067515563685447
9990	49.95	-0.10491605126299	-0.0662258917000145
9991	49.955	-0.0984676913358271	-0.067515563685447
9992	49.96	-0.10491605126299	-0.067515563685447
9993	49.965	-0.102336707292125	-0.067515563685447
9994	49.97	-0.10491605126299	-0.067515563685447
9995	49.975	-0.102336707292125	-0.067515563685447
9996	49.98	-0.101047035306692	-0.067515563685447
9997	49.985	-0.0984676913358271	-0.067515563685447
9998	49.99	-0.0984676913358271	-0.067515563685447
9999	49.995	-0.0945986753795296	-0.067515563685447
10000	50	-0.0971780193503946	-0.067515563685447
10001	50.005	-0.0958883473649621	-0.067515563685447
10002	50.01	-0.0958883473649621	-0.0688052356708795
10003	50.015	-0.0945986753795296	-0.067515563685447
10004	50.02	-0.0920193314086646	-0.0688052356708795
10005	50.025	-0.0920193314086646	-0.067515563685447
10006	50.03	-0.0933090033940971	-0.067515563685447
10007	50.035	-0.0920193314086646	-0.0688052356708795
10008	50.04	-0.0920193314086646	-0.0688052356708795
10009	50.045	-0.0920193314086646	-0.067515563685447
10010	50.05	-0.0894399874377996	-0.0688052356708795
10011	50.055	-0.0920193314086646	-0.0688052356708795
10012	50.06	-0.0907296594232321	-0.0688052356708795
10013	50.065	-0.0920193314086646	-0.0688052356708795
10014	50.07	-0.0907296594232321	-0.0688052356708795
10015	50.075	-0.0868606434669346	-0.0688052356708795
10016	50.08	-0.0894399874377996	-0.0688052356708795
10017	50.085	-0.0907296594232321	-0.0688052356708795
10018	50.09	-0.0920193314086646	-0.067515563685447
10019	50.095	-0.0855709714815021	-0.0688052356708795
10020	50.1	-0.0920193314086646	-0.0688052356708795
10021	50.105	-0.0881503154523671	-0.0688052356708795
10022	50.11	-0.0855709714815021	-0.0688052356708795
10023	50.115	-0.0894399874377996	-0.0688052356708795
10024	50.12	-0.0881503154523671	-0.0688052356708795
10025	50.125	-0.0868606434669346	-0.0688052356708795
10026	50.13	-0.0920193314086646	-0.0688052356708795
10027	50.135	-0.0907296594232321	-0.0688052356708795
10028	50.14	-0.0907296594232321	-0.070094907656312
10029	50.145	-0.0907296594232321	-0.0688052356708795
10030	50.15	-0.0894399874377996	-0.0688052356708795
10031	50.155	-0.0920193314086646	-0.0688052356708795
10032	50.16	-0.0907296594232321	-0.0688052356708795
10033	50.165	-0.0933090033940971	-0.0688052356708795
10034	50.17	-0.0894399874377996	-0.0688052356708795
10035	50.175	-0.0881503154523671	-0.0688052356708795
10036	50.18	-0.0894399874377996	-0.0688052356708795
10037	50.185	-0.0881503154523671	-0.070094907656312
10038	50.19	-0.0907296594232321	-0.070094907656312
10039	50.195	-0.0920193314086646	-0.0688052356708795
10040	50.2	-0.0881503154523671	-0.070094907656312
10041	50.205	-0.0920193314086646	-0.0688052356708795
10042	50.21	-0.0868606434669346	-0.0688052356708795
10043	50.215	-0.0881503154523671	-0.0688052356708795
10044	50.22	-0.0894399874377996	-0.0688052356708795
10045	50.225	-0.0894399874377996	-0.070094907656312
10046	50.23	-0.0920193314086646	-0.0688052356708795
10047	50.235	-0.0894399874377996	-0.070094907656312
10048	50.24	-0.0894399874377996	-0.070094907656312
10049	50.245	-0.0881503154523671	-0.070094907656312
10050	50.25	-0.0868606434669346	-0.070094907656312
10051	50.255	-0.0881503154523671	-0.070094907656312
10052	50.26	-0.0868606434669346	-0.070094907656312
10053	50.265	-0.0881503154523671	-0.070094907656312
10054	50.27	-0.0894399874377996	-0.070094907656312
10055	50.275	-0.0894399874377996	-0.070094907656312
10056	50.28	-0.0894399874377996	-0.070094907656312
10057	50.285	-0.0881503154523671	-0.070094907656312
10058	50.29	-0.0881503154523671	-0.070094907656312
10059	50.295	-0.0907296594232321	-0.070094907656312
10060	50.3	-0.0894399874377996	-0.070094907656312
10061	50.305	-0.0894399874377996	-0.070094907656312
10062	50.31	-0.0881503154523671	-0.070094907656312
10063	50.315	-0.0855709714815021	-0.070094907656312
10064	50.32	-0.0907296594232321	-0.070094907656312
10065	50.325	-0.0933090033940971	-0.070094907656312
10066	50.33	-0.0933090033940971	-0.070094907656312
10067	50.335	-0.0894399874377996	-0.070094907656312
10068	50.34	-0.0920193314086646	-0.070094907656312
10069	50.345	-0.0920193314086646	-0.0713845796417445
10070	50.35	-0.0907296594232321	-0.070094907656312
10071	50.355	-0.0907296594232321	-0.0713845796417445
10072	50.36	-0.0907296594232321	-0.070094907656312
10073	50.365	-0.0933090033940971	-0.070094907656312
10074	50.37	-0.0971780193503946	-0.070094907656312
10075	50.375	-0.0907296594232321	-0.070094907656312
10076	50.38	-0.0945986753795296	-0.0713845796417445
10077	50.385	-0.0971780193503946	-0.070094907656312
10078	50.39	-0.0945986753795296	-0.070094907656312
10079	50.395	-0.0971780193503946	-0.070094907656312
10080	50.4	-0.0971780193503946	-0.0713845796417445
10081	50.405	-0.0997573633212596	-0.070094907656312
10082	50.41	-0.0984676913358271	-0.0713845796417445
10083	50.415	-0.0984676913358271	-0.0713845796417445
10084	50.42	-0.0971780193503946	-0.0713845796417445
10085	50.425	-0.0997573633212596	-0.070094907656312
10086	50.43	-0.0997573633212596	-0.0713845796417445
10087	50.435	-0.0997573633212596	-0.0713845796417445
10088	50.44	-0.0997573633212596	-0.070094907656312
10089	50.445	-0.102336707292125	-0.0713845796417445
10090	50.45	-0.102336707292125	-0.0713845796417445
10091	50.455	-0.0984676913358271	-0.0713845796417445
10092	50.46	-0.0997573633212596	-0.0713845796417445
10093	50.465	-0.101047035306692	-0.0713845796417445
10094	50.47	-0.101047035306692	-0.0713845796417445
10095	50.475	-0.0984676913358271	-0.0713845796417445
10096	50.48	-0.101047035306692	-0.0713845796417445
10097	50.485	-0.103626379277557	-0.0713845796417445
10098	50.49	-0.0997573633212596	-0.0713845796417445
10099	50.495	-0.0997573633212596	-0.0713845796417445
10100	50.5	-0.0984676913358271	-0.0713845796417445
10101	50.505	-0.102336707292125	-0.0713845796417445
10102	50.51	-0.0997573633212596	-0.0713845796417445
10103	50.515	-0.0997573633212596	-0.0713845796417445
10104	50.52	-0.102336707292125	-0.0713845796417445
10105	50.525	-0.101047035306692	-0.070094907656312
10106	50.53	-0.0997573633212596	-0.0713845796417445
10107	50.535	-0.0984676913358271	-0.0713845796417445
10108	50.54	-0.0997573633212596	-0.0713845796417445
10109	50.545	-0.10491605126299	-0.0713845796417445
10110	50.55	-0.101047035306692	-0.0713845796417445
10111	50.555	-0.0958883473649621	-0.0713845796417445
10112	50.56	-0.101047035306692	-0.0713845796417445
10113	50.565	-0.103626379277557	-0.0713845796417445
10114	50.57	-0.0984676913358271	-0.0713845796417445
10115	50.575	-0.0997573633212596	-0.0713845796417445
10116	50.58	-0.0997573633212596	-0.0713845796417445
10117	50.585	-0.102336707292125	-0.0713845796417445
10118	50.59	-0.102336707292125	-0.072674251627177
10119	50.595	-0.0997573633212596	-0.0713845796417445
10120	50.6	-0.0984676913358271	-0.072674251627177
10121	50.605	-0.101047035306692	-0.072674251627177
10122	50.61	-0.0997573633212596	-0.0713845796417445
10123	50.615	-0.102336707292125	-0.072674251627177
10124	50.62	-0.103626379277557	-0.0713845796417445
10125	50.625	-0.103626379277557	-0.072674251627177
10126	50.63	-0.10491605126299	-0.072674251627177
10127	50.635	-0.10491605126299	-0.072674251627177
10128	50.64	-0.10491605126299	-0.072674251627177
10129	50.645	-0.112654083175585	-0.072674251627177
10130	50.65	-0.107495395233855	-0.0713845796417445
10131	50.655	-0.107495395233855	-0.072674251627177
10132	50.66	-0.112654083175585	-0.072674251627177
10133	50.665	-0.11007473920472	-0.072674251627177
10134	50.67	-0.112654083175585	-0.072674251627177
10135	50.675	-0.113943755161017	-0.072674251627177
10136	50.68	-0.11523342714645	-0.072674251627177
10137	50.685	-0.11523342714645	-0.072674251627177
10138	50.69	-0.117812771117315	-0.072674251627177
10139	50.695	-0.116523099131882	-0.072674251627177
10140	50.7	-0.119102443102747	-0.072674251627177
10141	50.705	-0.122971459059045	-0.072674251627177
10142	50.71	-0.12555080302991	-0.072674251627177
10143	50.715	-0.126840475015342	-0.0739639236126095
10144	50.72	-0.131999162957072	-0.072674251627177
10145	50.725	-0.128130147000775	-0.072674251627177
10146	50.73	-0.131999162957072	-0.072674251627177
10147	50.735	-0.128130147000775	-0.072674251627177
10148	50.74	-0.131999162957072	-0.072674251627177
10149	50.745	-0.133288834942505	-0.072674251627177
10150	50.75	-0.133288834942505	-0.0739639236126095
10151	50.755	-0.13586817891337	-0.0739639236126095
10152	50.76	-0.137157850898802	-0.0739639236126095
10153	50.765	-0.137157850898802	-0.0739639236126095
10154	50.77	-0.139737194869667	-0.0739639236126095
10155	50.775	-0.138447522884235	-0.0739639236126095
10156	50.78	-0.138447522884235	-0.0739639236126095
10157	50.785	-0.142316538840532	-0.0739639236126095
10158	50.79	-0.144895882811397	-0.0739639236126095
10159	50.795	-0.142316538840532	-0.075253595598042
10160	50.8	-0.144895882811397	-0.0739639236126095
10161	50.805	-0.148764898767695	-0.075253595598042
10162	50.81	-0.143606210825965	-0.0739639236126095
10163	50.815	-0.147475226782262	-0.0739639236126095
10164	50.82	-0.157792602665722	-0.0739639236126095
10165	50.825	-0.152633914723992	-0.0739639236126095
10166	50.83	-0.148764898767695	-0.075253595598042
10167	50.835	-0.148764898767695	-0.0739639236126095
10168	50.84	-0.152633914723992	-0.0739639236126095
10169	50.845	-0.155213258694857	-0.0739639236126095
10170	50.85	-0.155213258694857	-0.0739639236126095
10171	50.855	-0.15650293068029	-0.075253595598042
10172	50.86	-0.15650293068029	-0.075253595598042
10173	50.865	-0.157792602665722	-0.075253595598042
10174	50.87	-0.157792602665722	-0.075253595598042
10175	50.875	-0.155213258694857	-0.075253595598042
10176	50.88	-0.162951290607452	-0.0739639236126095
10177	50.885	-0.16166161862202	-0.075253595598042
10178	50.89	-0.159082274651155	-0.075253595598042
10179	50.895	-0.15650293068029	-0.075253595598042
10180	50.9	-0.16166161862202	-0.075253595598042
10181	50.905	-0.159082274651155	-0.075253595598042
10182	50.91	-0.157792602665722	-0.075253595598042
10183	50.915	-0.16166161862202	-0.075253595598042
10184	50.92	-0.16166161862202	-0.075253595598042
10185	50.925	-0.162951290607452	-0.075253595598042
10186	50.93	-0.162951290607452	-0.075253595598042
10187	50.935	-0.162951290607452	-0.075253595598042
10188	50.94	-0.169399650534615	-0.075253595598042
10189	50.945	-0.16682030656375	-0.075253595598042
10190	50.95	-0.169399650534615	-0.075253595598042
10191	50.955	-0.16166161862202	-0.075253595598042
10192	50.96	-0.164240962592885	-0.0765432675834745
10193	50.965	-0.16682030656375	-0.075253595598042
10194	50.97	-0.165530634578317	-0.075253595598042
10195	50.975	-0.164240962592885	-0.0765432675834745
10196	50.98	-0.168109978549182	-0.0765432675834745
10197	50.985	-0.17197899450548	-0.0765432675834745
10198	50.99	-0.16682030656375	-0.075253595598042
10199	50.995	-0.16682030656375	-0.0765432675834745
10200	51	-0.169399650534615	-0.0765432675834745
10201	51.005	-0.170689322520047	-0.0765432675834745
10202	51.01	-0.169399650534615	-0.0765432675834745
10203	51.015	-0.16682030656375	-0.0765432675834745
10204	51.02	-0.169399650534615	-0.0765432675834745
10205	51.025	-0.17197899450548	-0.0765432675834745
10206	51.03	-0.17197899450548	-0.0765432675834745
10207	51.035	-0.169399650534615	-0.075253595598042
10208	51.04	-0.174558338476345	-0.0765432675834745
10209	51.045	-0.173268666490912	-0.0765432675834745
10210	51.05	-0.17197899450548	-0.0765432675834745
10211	51.055	-0.173268666490912	-0.0765432675834745
10212	51.06	-0.178427354432642	-0.077832939568907
10213	51.065	-0.174558338476345	-0.0765432675834745
10214	51.07	-0.174558338476345	-0.0765432675834745
10215	51.075	-0.174558338476345	-0.0765432675834745
10216	51.08	-0.170689322520047	-0.0765432675834745
10217	51.085	-0.169399650534615	-0.0765432675834745
10218	51.09	-0.178427354432642	-0.0765432675834745
10219	51.095	-0.17197899450548	-0.0765432675834745
10220	51.1	-0.17197899450548	-0.0765432675834745
10221	51.105	-0.174558338476345	-0.0765432675834745
10222	51.11	-0.174558338476345	-0.0765432675834745
10223	51.115	-0.17713768244721	-0.077832939568907
10224	51.12	-0.174558338476345	-0.077832939568907
10225	51.125	-0.178427354432642	-0.077832939568907
10226	51.13	-0.174558338476345	-0.077832939568907
10227	51.135	-0.173268666490912	-0.077832939568907
10228	51.14	-0.17713768244721	-0.077832939568907
10229	51.145	-0.179717026418075	-0.077832939568907
10230	51.15	-0.174558338476345	-0.077832939568907
10231	51.155	-0.174558338476345	-0.077832939568907
10232	51.16	-0.181006698403507	-0.077832939568907
10233	51.165	-0.178427354432642	-0.077832939568907
10234	51.17	-0.17713768244721	-0.077832939568907
10235	51.175	-0.181006698403507	-0.077832939568907
10236	51.18	-0.183586042374372	-0.077832939568907
10237	51.185	-0.181006698403507	-0.077832939568907
10238	51.19	-0.179717026418075	-0.077832939568907
10239	51.195	-0.179717026418075	-0.077832939568907
10240	51.2	-0.181006698403507	-0.077832939568907
10241	51.205	-0.183586042374372	-0.077832939568907
10242	51.21	-0.183586042374372	-0.077832939568907
10243	51.215	-0.183586042374372	-0.077832939568907
10244	51.22	-0.186165386345237	-0.077832939568907
10245	51.225	-0.18745505833067	-0.0791226115543395
10246	51.23	-0.186165386345237	-0.0791226115543395
10247	51.235	-0.18745505833067	-0.0791226115543395
10248	51.24	-0.186165386345237	-0.077832939568907
10249	51.245	-0.188744730316103	-0.077832939568907
10250	51.25	-0.191324074286968	-0.0791226115543395
10251	51.255	-0.18745505833067	-0.077832939568907
10252	51.26	-0.18745505833067	-0.0791226115543395
10253	51.265	-0.193903418257833	-0.0791226115543395
10254	51.27	-0.188744730316103	-0.0791226115543395
10255	51.275	-0.190034402301535	-0.0791226115543395
10256	51.28	-0.190034402301535	-0.0791226115543395
10257	51.285	-0.191324074286968	-0.0791226115543395
10258	51.29	-0.1926137462724	-0.0791226115543395
10259	51.295	-0.195193090243265	-0.0791226115543395
10260	51.3	-0.193903418257833	-0.0791226115543395
10261	51.305	-0.196482762228698	-0.0791226115543395
10262	51.31	-0.19777243421413	-0.0791226115543395
10263	51.315	-0.196482762228698	-0.0791226115543395
10264	51.32	-0.195193090243265	-0.0791226115543395
10265	51.325	-0.19777243421413	-0.0791226115543395
10266	51.33	-0.201641450170428	-0.0791226115543395
10267	51.335	-0.200351778184995	-0.080412283539772
10268	51.34	-0.19777243421413	-0.0791226115543395
10269	51.345	-0.19777243421413	-0.0791226115543395
10270	51.35	-0.20293112215586	-0.0791226115543395
10271	51.355	-0.201641450170428	-0.0791226115543395
10272	51.36	-0.200351778184995	-0.080412283539772
10273	51.365	-0.205510466126725	-0.0791226115543395
10274	51.37	-0.204220794141293	-0.080412283539772
10275	51.375	-0.201641450170428	-0.0791226115543395
10276	51.38	-0.20808981009759	-0.080412283539772
10277	51.385	-0.205510466126725	-0.0791226115543395
10278	51.39	-0.20808981009759	-0.0791226115543395
10279	51.395	-0.20293112215586	-0.080412283539772
10280	51.4	-0.20808981009759	-0.0791226115543395
10281	51.405	-0.204220794141293	-0.080412283539772
10282	51.41	-0.20808981009759	-0.080412283539772
10283	51.415	-0.210669154068455	-0.080412283539772
10284	51.42	-0.211958826053888	-0.0791226115543395
10285	51.425	-0.214538170024753	-0.080412283539772
10286	51.43	-0.21324849803932	-0.0791226115543395
10287	51.435	-0.211958826053888	-0.080412283539772
10288	51.44	-0.214538170024753	-0.080412283539772
10289	51.445	-0.220986529951915	-0.0791226115543395
10290	51.45	-0.21840718598105	-0.080412283539772
10291	51.455	-0.217117513995618	-0.080412283539772
10292	51.46	-0.224855545908213	-0.080412283539772
10293	51.465	-0.22872456186451	-0.080412283539772
10294	51.47	-0.231303905835375	-0.080412283539772
10295	51.475	-0.222276201937348	-0.080412283539772
10296	51.48	-0.22872456186451	-0.080412283539772
10297	51.485	-0.231303905835375	-0.080412283539772
10298	51.49	-0.22872456186451	-0.080412283539772
10299	51.495	-0.227434889879078	-0.080412283539772
10300	51.5	-0.22872456186451	-0.080412283539772
10301	51.505	-0.231303905835375	-0.080412283539772
10302	51.51	-0.230014233849943	-0.080412283539772
10303	51.515	-0.231303905835375	-0.080412283539772
10304	51.52	-0.231303905835375	-0.080412283539772
10305	51.525	-0.22872456186451	-0.080412283539772
10306	51.53	-0.235172921791673	-0.0817019555252045
10307	51.535	-0.230014233849943	-0.080412283539772
10308	51.54	-0.237752265762538	-0.080412283539772
10309	51.545	-0.235172921791673	-0.0817019555252045
10310	51.55	-0.236462593777105	-0.080412283539772
10311	51.555	-0.240331609733403	-0.080412283539772
10312	51.56	-0.23904193774797	-0.0817019555252045
10313	51.565	-0.240331609733403	-0.0817019555252045
10314	51.57	-0.2442006256897	-0.080412283539772
10315	51.575	-0.23904193774797	-0.0817019555252045
10316	51.58	-0.240331609733403	-0.080412283539772
10317	51.585	-0.245490297675133	-0.0817019555252045
10318	51.59	-0.245490297675133	-0.0817019555252045
10319	51.595	-0.241621281718835	-0.080412283539772
10320	51.6	-0.248069641645998	-0.0817019555252045
10321	51.605	-0.24935931363143	-0.080412283539772
10322	51.61	-0.246779969660565	-0.0817019555252045
10323	51.615	-0.253228329587728	-0.0817019555252045
10324	51.62	-0.24935931363143	-0.0817019555252045
10325	51.625	-0.255807673558593	-0.0817019555252045
10326	51.63	-0.250648985616863	-0.080412283539772
10327	51.635	-0.250648985616863	-0.080412283539772
10328	51.64	-0.255807673558593	-0.080412283539772
10329	51.645	-0.253228329587728	-0.0817019555252045
10330	51.65	-0.25451800157316	-0.0817019555252045
10331	51.655	-0.24935931363143	-0.0817019555252045
10332	51.66	-0.257097345544025	-0.0817019555252045
10333	51.665	-0.255807673558593	-0.0817019555252045
10334	51.67	-0.257097345544025	-0.0817019555252045
10335	51.675	-0.257097345544025	-0.0817019555252045
10336	51.68	-0.260966361500323	-0.080412283539772
10337	51.685	-0.258387017529458	-0.0817019555252045
10338	51.69	-0.258387017529458	-0.0817019555252045
10339	51.695	-0.255807673558593	-0.0817019555252045
10340	51.7	-0.260966361500323	-0.0817019555252045
10341	51.705	-0.260966361500323	-0.0817019555252045
10342	51.71	-0.263545705471188	-0.0817019555252045
10343	51.715	-0.262256033485755	-0.0817019555252045
10344	51.72	-0.26483537745662	-0.0817019555252045
10345	51.725	-0.268704393412918	-0.0817019555252045
10346	51.73	-0.26999406539835	-0.082991627510637
10347	51.735	-0.260966361500323	-0.0817019555252045
10348	51.74	-0.263545705471188	-0.0817019555252045
10349	51.745	-0.272573409369215	-0.0817019555252045
10350	51.75	-0.26999406539835	-0.0817019555252045
10351	51.755	-0.26483537745662	-0.0817019555252045
10352	51.76	-0.271283737383783	-0.0817019555252045
10353	51.765	-0.27515275334008	-0.0817019555252045
10354	51.77	-0.26999406539835	-0.0817019555252045
10355	51.775	-0.263545705471188	-0.0817019555252045
10356	51.78	-0.26999406539835	-0.0817019555252045
10357	51.785	-0.272573409369215	-0.0817019555252045
10358	51.79	-0.272573409369215	-0.0817019555252045
10359	51.795	-0.277732097310945	-0.082991627510637
10360	51.8	-0.26999406539835	-0.0817019555252045
10361	51.805	-0.273863081354648	-0.0817019555252045
10362	51.81	-0.272573409369215	-0.082991627510637
10363	51.815	-0.272573409369215	-0.0817019555252045
10364	51.82	-0.28547012922354	-0.0817019555252045
10365	51.825	-0.277732097310945	-0.082991627510637
10366	51.83	-0.277732097310945	-0.082991627510637
10367	51.835	-0.277732097310945	-0.082991627510637
10368	51.84	-0.277732097310945	-0.0817019555252045
10369	51.845	-0.276442425325513	-0.0817019555252045
10370	51.85	-0.277732097310945	-0.0817019555252045
10371	51.855	-0.282890785252675	-0.0817019555252045
10372	51.86	-0.279021769296378	-0.082991627510637
10373	51.865	-0.279021769296378	-0.082991627510637
10374	51.87	-0.281601113267243	-0.082991627510637
10375	51.875	-0.281601113267243	-0.082991627510637
10376	51.88	-0.286759801208973	-0.0817019555252045
10377	51.885	-0.284180457238108	-0.0817019555252045
10378	51.89	-0.28547012922354	-0.082991627510637
10379	51.895	-0.286759801208973	-0.0817019555252045
10380	51.9	-0.281601113267243	-0.082991627510637
10381	51.905	-0.28547012922354	-0.0817019555252045
10382	51.91	-0.284180457238108	-0.082991627510637
10383	51.915	-0.286759801208973	-0.0817019555252045
10384	51.92	-0.288049473194405	-0.082991627510637
10385	51.925	-0.291918489150703	-0.0817019555252045
10386	51.93	-0.289339145179838	-0.082991627510637
10387	51.935	-0.286759801208973	-0.082991627510637
10388	51.94	-0.284180457238108	-0.082991627510637
10389	51.945	-0.289339145179838	-0.082991627510637
10390	51.95	-0.29062881716527	-0.082991627510637
10391	51.955	-0.29062881716527	-0.082991627510637
10392	51.96	-0.289339145179838	-0.082991627510637
10393	51.965	-0.294497833121568	-0.082991627510637
10394	51.97	-0.293208161136135	-0.082991627510637
10395	51.975	-0.282890785252675	-0.082991627510637
10396	51.98	-0.293208161136135	-0.082991627510637
10397	51.985	-0.295787505107	-0.0842812994960696
10398	51.99	-0.294497833121568	-0.0817019555252045
10399	51.995	-0.289339145179838	-0.082991627510637
10400	52	-0.299656521063298	-0.082991627510637
10401	52.005	-0.295787505107	-0.082991627510637
10402	52.01	-0.295787505107	-0.0842812994960696
10403	52.015	-0.294497833121568	-0.082991627510637
10404	52.02	-0.289339145179838	-0.0842812994960696
10405	52.025	-0.295787505107	-0.082991627510637
10406	52.03	-0.29062881716527	-0.082991627510637
10407	52.035	-0.295787505107	-0.0842812994960696
10408	52.04	-0.294497833121568	-0.0842812994960696
10409	52.045	-0.297077177092433	-0.0842812994960696
10410	52.05	-0.295787505107	-0.0842812994960696
10411	52.055	-0.294497833121568	-0.0842812994960696
10412	52.06	-0.299656521063298	-0.0842812994960696
10413	52.065	-0.295787505107	-0.0842812994960696
10414	52.07	-0.294497833121568	-0.0842812994960696
10415	52.075	-0.293208161136135	-0.0842812994960696
10416	52.08	-0.30094619304873	-0.0842812994960696
10417	52.085	-0.298366849077865	-0.0842812994960696
10418	52.09	-0.299656521063298	-0.0842812994960696
10419	52.095	-0.297077177092433	-0.0842812994960696
10420	52.1	-0.30094619304873	-0.0842812994960696
10421	52.105	-0.304815209005028	-0.0842812994960696
10422	52.11	-0.303525537019596	-0.0842812994960696
10423	52.115	-0.294497833121568	-0.0842812994960696
10424	52.12	-0.304815209005028	-0.0842812994960696
10425	52.125	-0.299656521063298	-0.0842812994960696
10426	52.13	-0.304815209005028	-0.0842812994960696
10427	52.135	-0.302235865034163	-0.0842812994960696
10428	52.14	-0.299656521063298	-0.0842812994960696
10429	52.145	-0.30094619304873	-0.0842812994960696
10430	52.15	-0.30094619304873	-0.0842812994960696
10431	52.155	-0.297077177092433	-0.0842812994960696
10432	52.16	-0.299656521063298	-0.0842812994960696
10433	52.165	-0.307394552975893	-0.0842812994960696
10434	52.17	-0.30094619304873	-0.0842812994960696
10435	52.175	-0.303525537019596	-0.0842812994960696
10436	52.18	-0.299656521063298	-0.0842812994960696
10437	52.185	-0.302235865034163	-0.0842812994960696
10438	52.19	-0.304815209005028	-0.0842812994960696
10439	52.195	-0.304815209005028	-0.0842812994960696
10440	52.2	-0.303525537019596	-0.0842812994960696
10441	52.205	-0.303525537019596	-0.0842812994960696
10442	52.21	-0.30094619304873	-0.0855709714815021
10443	52.215	-0.302235865034163	-0.0842812994960696
10444	52.22	-0.30094619304873	-0.0855709714815021
10445	52.225	-0.311263568932191	-0.0855709714815021
10446	52.23	-0.30094619304873	-0.0855709714815021
10447	52.235	-0.306104880990461	-0.0855709714815021
10448	52.24	-0.311263568932191	-0.0855709714815021
10449	52.245	-0.308684224961326	-0.0855709714815021
10450	52.25	-0.311263568932191	-0.0855709714815021
10451	52.255	-0.309973896946758	-0.0855709714815021
10452	52.26	-0.306104880990461	-0.0855709714815021
10453	52.265	-0.313842912903056	-0.0855709714815021
10454	52.27	-0.304815209005028	-0.0855709714815021
10455	52.275	-0.308684224961326	-0.0855709714815021
10456	52.28	-0.311263568932191	-0.0868606434669346
10457	52.285	-0.308684224961326	-0.0855709714815021
10458	52.29	-0.304815209005028	-0.0855709714815021
10459	52.295	-0.30094619304873	-0.0855709714815021
10460	52.3	-0.309973896946758	-0.0855709714815021
10461	52.305	-0.307394552975893	-0.0855709714815021
10462	52.31	-0.313842912903056	-0.0868606434669346
10463	52.315	-0.308684224961326	-0.0868606434669346
10464	52.32	-0.311263568932191	-0.0868606434669346
10465	52.325	-0.313842912903056	-0.0868606434669346
10466	52.33	-0.307394552975893	-0.0855709714815021
10467	52.335	-0.313842912903056	-0.0868606434669346
10468	52.34	-0.308684224961326	-0.0868606434669346
10469	52.345	-0.309973896946758	-0.0868606434669346
10470	52.35	-0.306104880990461	-0.0868606434669346
10471	52.355	-0.306104880990461	-0.0868606434669346
10472	52.36	-0.306104880990461	-0.0868606434669346
10473	52.365	-0.306104880990461	-0.0855709714815021
10474	52.37	-0.304815209005028	-0.0868606434669346
10475	52.375	-0.306104880990461	-0.0868606434669346
10476	52.38	-0.306104880990461	-0.0868606434669346
10477	52.385	-0.312553240917623	-0.0868606434669346
10478	52.39	-0.303525537019596	-0.0881503154523671
10479	52.395	-0.311263568932191	-0.0868606434669346
10480	52.4	-0.313842912903056	-0.0868606434669346
10481	52.405	-0.307394552975893	-0.0868606434669346
10482	52.41	-0.308684224961326	-0.0868606434669346
10483	52.415	-0.315132584888488	-0.0868606434669346
10484	52.42	-0.308684224961326	-0.0868606434669346
10485	52.425	-0.313842912903056	-0.0868606434669346
10486	52.43	-0.302235865034163	-0.0881503154523671
10487	52.435	-0.30094619304873	-0.0881503154523671
10488	52.44	-0.307394552975893	-0.0868606434669346
10489	52.445	-0.312553240917623	-0.0881503154523671
10490	52.45	-0.312553240917623	-0.0881503154523671
10491	52.455	-0.308684224961326	-0.0868606434669346
10492	52.46	-0.303525537019596	-0.0881503154523671
10493	52.465	-0.303525537019596	-0.0868606434669346
10494	52.47	-0.308684224961326	-0.0881503154523671
10495	52.475	-0.30094619304873	-0.0881503154523671
10496	52.48	-0.307394552975893	-0.0881503154523671
10497	52.485	-0.307394552975893	-0.0881503154523671
10498	52.49	-0.306104880990461	-0.0881503154523671
10499	52.495	-0.303525537019596	-0.0881503154523671
10500	52.5	-0.311263568932191	-0.0881503154523671
10501	52.505	-0.308684224961326	-0.0881503154523671
10502	52.51	-0.306104880990461	-0.0881503154523671
10503	52.515	-0.302235865034163	-0.0881503154523671
10504	52.52	-0.303525537019596	-0.0881503154523671
10505	52.525	-0.304815209005028	-0.0881503154523671
10506	52.53	-0.302235865034163	-0.0881503154523671
10507	52.535	-0.302235865034163	-0.0881503154523671
10508	52.54	-0.298366849077865	-0.0881503154523671
10509	52.545	-0.304815209005028	-0.0881503154523671
10510	52.55	-0.297077177092433	-0.0881503154523671
10511	52.555	-0.30094619304873	-0.0894399874377996
10512	52.56	-0.30094619304873	-0.0881503154523671
10513	52.565	-0.299656521063298	-0.0881503154523671
10514	52.57	-0.298366849077865	-0.0894399874377996
10515	52.575	-0.298366849077865	-0.0894399874377996
10516	52.58	-0.293208161136135	-0.0894399874377996
10517	52.585	-0.295787505107	-0.0894399874377996
10518	52.59	-0.30094619304873	-0.0894399874377996
10519	52.595	-0.299656521063298	-0.0894399874377996
10520	52.6	-0.293208161136135	-0.0894399874377996
10521	52.605	-0.303525537019596	-0.0894399874377996
10522	52.61	-0.303525537019596	-0.0894399874377996
10523	52.615	-0.293208161136135	-0.0894399874377996
10524	52.62	-0.303525537019596	-0.0881503154523671
10525	52.625	-0.294497833121568	-0.0894399874377996
10526	52.63	-0.291918489150703	-0.0894399874377996
10527	52.635	-0.291918489150703	-0.0894399874377996
10528	52.64	-0.291918489150703	-0.0894399874377996
10529	52.645	-0.291918489150703	-0.0894399874377996
10530	52.65	-0.286759801208973	-0.0894399874377996
10531	52.655	-0.289339145179838	-0.0894399874377996
10532	52.66	-0.284180457238108	-0.0894399874377996
10533	52.665	-0.291918489150703	-0.0894399874377996
10534	52.67	-0.286759801208973	-0.0907296594232321
10535	52.675	-0.286759801208973	-0.0907296594232321
10536	52.68	-0.282890785252675	-0.0907296594232321
10537	52.685	-0.28547012922354	-0.0907296594232321
10538	52.69	-0.28031144128181	-0.0894399874377996
10539	52.695	-0.284180457238108	-0.0907296594232321
10540	52.7	-0.289339145179838	-0.0907296594232321
10541	52.705	-0.291918489150703	-0.0907296594232321
10542	52.71	-0.28547012922354	-0.0907296594232321
10543	52.715	-0.282890785252675	-0.0907296594232321
10544	52.72	-0.279021769296378	-0.0907296594232321
10545	52.725	-0.28031144128181	-0.0907296594232321
10546	52.73	-0.281601113267243	-0.0907296594232321
10547	52.735	-0.277732097310945	-0.0907296594232321
10548	52.74	-0.277732097310945	-0.0907296594232321
10549	52.745	-0.282890785252675	-0.0907296594232321
10550	52.75	-0.273863081354648	-0.0907296594232321
10551	52.755	-0.273863081354648	-0.0907296594232321
10552	52.76	-0.272573409369215	-0.0907296594232321
10553	52.765	-0.271283737383783	-0.0907296594232321
10554	52.77	-0.273863081354648	-0.0920193314086646
10555	52.775	-0.271283737383783	-0.0907296594232321
10556	52.78	-0.277732097310945	-0.0920193314086646
10557	52.785	-0.268704393412918	-0.0920193314086646
10558	52.79	-0.271283737383783	-0.0907296594232321
10559	52.795	-0.271283737383783	-0.0920193314086646
10560	52.8	-0.26999406539835	-0.0920193314086646
10561	52.805	-0.26999406539835	-0.0920193314086646
10562	52.81	-0.268704393412918	-0.0920193314086646
10563	52.815	-0.267414721427485	-0.0920193314086646
10564	52.82	-0.262256033485755	-0.0920193314086646
10565	52.825	-0.26483537745662	-0.0920193314086646
10566	52.83	-0.266125049442053	-0.0920193314086646
10567	52.835	-0.267414721427485	-0.0920193314086646
10568	52.84	-0.262256033485755	-0.0920193314086646
10569	52.845	-0.263545705471188	-0.0920193314086646
10570	52.85	-0.25967668951489	-0.0920193314086646
10571	52.855	-0.258387017529458	-0.0920193314086646
10572	52.86	-0.25451800157316	-0.0920193314086646
10573	52.865	-0.263545705471188	-0.0933090033940971
10574	52.87	-0.260966361500323	-0.0933090033940971
10575	52.875	-0.25451800157316	-0.0920193314086646
10576	52.88	-0.251938657602295	-0.0933090033940971
10577	52.885	-0.251938657602295	-0.0920193314086646
10578	52.89	-0.251938657602295	-0.0920193314086646
10579	52.895	-0.251938657602295	-0.0920193314086646
10580	52.9	-0.251938657602295	-0.0933090033940971
10581	52.905	-0.257097345544025	-0.0920193314086646
10582	52.91	-0.246779969660565	-0.0920193314086646
10583	52.915	-0.2442006256897	-0.0933090033940971
10584	52.92	-0.24935931363143	-0.0933090033940971
10585	52.925	-0.246779969660565	-0.0933090033940971
10586	52.93	-0.250648985616863	-0.0933090033940971
10587	52.935	-0.242910953704268	-0.0933090033940971
10588	52.94	-0.2442006256897	-0.0933090033940971
10589	52.945	-0.2442006256897	-0.0933090033940971
10590	52.95	-0.242910953704268	-0.0933090033940971
10591	52.955	-0.242910953704268	-0.0933090033940971
10592	52.96	-0.241621281718835	-0.0933090033940971
10593	52.965	-0.23904193774797	-0.0945986753795296
10594	52.97	-0.241621281718835	-0.0933090033940971
10595	52.975	-0.23388324980624	-0.0933090033940971
10596	52.98	-0.235172921791673	-0.0933090033940971
10597	52.985	-0.236462593777105	-0.0933090033940971
10598	52.99	-0.232593577820808	-0.0933090033940971
10599	52.995	-0.235172921791673	-0.0945986753795296
10600	53	-0.237752265762538	-0.0933090033940971
10601	53.005	-0.237752265762538	-0.0945986753795296
10602	53.01	-0.237752265762538	-0.0933090033940971
10603	53.015	-0.237752265762538	-0.0945986753795296
10604	53.02	-0.236462593777105	-0.0933090033940971
10605	53.025	-0.236462593777105	-0.0933090033940971
10606	53.03	-0.237752265762538	-0.0945986753795296
10607	53.035	-0.235172921791673	-0.0933090033940971
10608	53.04	-0.237752265762538	-0.0933090033940971
10609	53.045	-0.237752265762538	-0.0945986753795296
10610	53.05	-0.23904193774797	-0.0945986753795296
10611	53.055	-0.237752265762538	-0.0945986753795296
10612	53.06	-0.235172921791673	-0.0945986753795296
10613	53.065	-0.235172921791673	-0.0945986753795296
10614	53.07	-0.231303905835375	-0.0945986753795296
10615	53.075	-0.224855545908213	-0.0945986753795296
10616	53.08	-0.23904193774797	-0.0945986753795296
10617	53.085	-0.235172921791673	-0.0945986753795296
10618	53.09	-0.23388324980624	-0.0945986753795296
10619	53.095	-0.232593577820808	-0.0945986753795296
10620	53.1	-0.236462593777105	-0.0945986753795296
10621	53.105	-0.236462593777105	-0.0945986753795296
10622	53.11	-0.23904193774797	-0.0945986753795296
10623	53.115	-0.235172921791673	-0.0945986753795296
10624	53.12	-0.235172921791673	-0.0945986753795296
10625	53.125	-0.231303905835375	-0.0945986753795296
10626	53.13	-0.23388324980624	-0.0945986753795296
10627	53.135	-0.235172921791673	-0.0945986753795296
10628	53.14	-0.240331609733403	-0.0958883473649621
10629	53.145	-0.232593577820808	-0.0958883473649621
10630	53.15	-0.237752265762538	-0.0958883473649621
10631	53.155	-0.236462593777105	-0.0945986753795296
10632	53.16	-0.230014233849943	-0.0958883473649621
10633	53.165	-0.22872456186451	-0.0958883473649621
10634	53.17	-0.23388324980624	-0.0958883473649621
10635	53.175	-0.235172921791673	-0.0958883473649621
10636	53.18	-0.230014233849943	-0.0945986753795296
10637	53.185	-0.22872456186451	-0.0945986753795296
10638	53.19	-0.230014233849943	-0.0958883473649621
10639	53.195	-0.230014233849943	-0.0958883473649621
10640	53.2	-0.226145217893645	-0.0958883473649621
10641	53.205	-0.227434889879078	-0.0958883473649621
10642	53.21	-0.222276201937348	-0.0958883473649621
10643	53.215	-0.21840718598105	-0.0958883473649621
10644	53.22	-0.219696857966483	-0.0958883473649621
10645	53.225	-0.220986529951915	-0.0958883473649621
10646	53.23	-0.217117513995618	-0.0958883473649621
10647	53.235	-0.21324849803932	-0.0958883473649621
10648	53.24	-0.204220794141293	-0.0958883473649621
10649	53.245	-0.214538170024753	-0.0958883473649621
10650	53.25	-0.209379482083023	-0.0958883473649621
10651	53.255	-0.201641450170428	-0.0958883473649621
10652	53.26	-0.204220794141293	-0.0971780193503946
10653	53.265	-0.20293112215586	-0.0971780193503946
10654	53.27	-0.200351778184995	-0.0958883473649621
10655	53.275	-0.20293112215586	-0.0958883473649621
10656	53.28	-0.200351778184995	-0.0958883473649621
10657	53.285	-0.196482762228698	-0.0958883473649621
10658	53.29	-0.193903418257833	-0.0958883473649621
10659	53.295	-0.191324074286968	-0.0971780193503946
10660	53.3	-0.191324074286968	-0.0958883473649621
10661	53.305	-0.191324074286968	-0.0958883473649621
10662	53.31	-0.188744730316103	-0.0958883473649621
10663	53.315	-0.191324074286968	-0.0971780193503946
10664	53.32	-0.1926137462724	-0.0971780193503946
10665	53.325	-0.1926137462724	-0.0971780193503946
10666	53.33	-0.188744730316103	-0.0958883473649621
10667	53.335	-0.193903418257833	-0.0958883473649621
10668	53.34	-0.195193090243265	-0.0971780193503946
10669	53.345	-0.1926137462724	-0.0971780193503946
10670	53.35	-0.1926137462724	-0.0971780193503946
10671	53.355	-0.184875714359805	-0.0971780193503946
10672	53.36	-0.190034402301535	-0.0971780193503946
10673	53.365	-0.190034402301535	-0.0971780193503946
10674	53.37	-0.188744730316103	-0.0971780193503946
10675	53.375	-0.186165386345237	-0.0971780193503946
10676	53.38	-0.18745505833067	-0.0971780193503946
10677	53.385	-0.190034402301535	-0.0971780193503946
10678	53.39	-0.186165386345237	-0.0971780193503946
10679	53.395	-0.183586042374372	-0.0971780193503946
10680	53.4	-0.18229637038894	-0.0971780193503946
10681	53.405	-0.183586042374372	-0.0971780193503946
10682	53.41	-0.178427354432642	-0.0971780193503946
10683	53.415	-0.18229637038894	-0.0971780193503946
10684	53.42	-0.178427354432642	-0.0984676913358271
10685	53.425	-0.179717026418075	-0.0971780193503946
10686	53.43	-0.175848010461777	-0.0971780193503946
10687	53.435	-0.17713768244721	-0.0971780193503946
10688	53.44	-0.178427354432642	-0.0984676913358271
10689	53.445	-0.17713768244721	-0.0971780193503946
10690	53.45	-0.179717026418075	-0.0971780193503946
10691	53.455	-0.179717026418075	-0.0984676913358271
10692	53.46	-0.175848010461777	-0.0984676913358271
10693	53.465	-0.175848010461777	-0.0971780193503946
10694	53.47	-0.181006698403507	-0.0984676913358271
10695	53.475	-0.175848010461777	-0.0984676913358271
10696	53.48	-0.175848010461777	-0.0971780193503946
10697	53.485	-0.18229637038894	-0.0984676913358271
10698	53.49	-0.17197899450548	-0.0984676913358271
10699	53.495	-0.169399650534615	-0.0984676913358271
10700	53.5	-0.173268666490912	-0.0984676913358271
10701	53.505	-0.165530634578317	-0.0984676913358271
10702	53.51	-0.16682030656375	-0.0984676913358271
10703	53.515	-0.165530634578317	-0.0984676913358271
10704	53.52	-0.160371946636587	-0.0984676913358271
10705	53.525	-0.165530634578317	-0.0984676913358271
10706	53.53	-0.164240962592885	-0.0984676913358271
10707	53.535	-0.162951290607452	-0.0984676913358271
10708	53.54	-0.157792602665722	-0.0984676913358271
10709	53.545	-0.160371946636587	-0.0984676913358271
10710	53.55	-0.159082274651155	-0.0984676913358271
10711	53.555	-0.155213258694857	-0.0984676913358271
10712	53.56	-0.155213258694857	-0.0997573633212596
10713	53.565	-0.159082274651155	-0.0984676913358271
10714	53.57	-0.153923586709425	-0.0997573633212596
10715	53.575	-0.150054570753127	-0.0984676913358271
10716	53.58	-0.152633914723992	-0.0984676913358271
10717	53.585	-0.153923586709425	-0.0984676913358271
10718	53.59	-0.155213258694857	-0.0997573633212596
10719	53.595	-0.148764898767695	-0.0997573633212596
10720	53.6	-0.150054570753127	-0.0997573633212596
10721	53.605	-0.148764898767695	-0.0997573633212596
10722	53.61	-0.15134424273856	-0.0997573633212596
10723	53.615	-0.144895882811397	-0.0997573633212596
10724	53.62	-0.14618555479683	-0.0997573633212596
10725	53.625	-0.147475226782262	-0.0997573633212596
10726	53.63	-0.148764898767695	-0.0997573633212596
10727	53.635	-0.14618555479683	-0.0997573633212596
10728	53.64	-0.143606210825965	-0.0997573633212596
10729	53.645	-0.147475226782262	-0.0997573633212596
10730	53.65	-0.14618555479683	-0.0997573633212596
10731	53.655	-0.1410268668551	-0.0997573633212596
10732	53.66	-0.1410268668551	-0.0997573633212596
10733	53.665	-0.144895882811397	-0.0997573633212596
10734	53.67	-0.148764898767695	-0.101047035306692
10735	53.675	-0.143606210825965	-0.0997573633212596
10736	53.68	-0.142316538840532	-0.101047035306692
10737	53.685	-0.142316538840532	-0.0997573633212596
10738	53.69	-0.142316538840532	-0.0997573633212596
10739	53.695	-0.142316538840532	-0.0997573633212596
10740	53.7	-0.143606210825965	-0.0997573633212596
10741	53.705	-0.1410268668551	-0.101047035306692
10742	53.71	-0.142316538840532	-0.101047035306692
10743	53.715	-0.13586817891337	-0.101047035306692
10744	53.72	-0.143606210825965	-0.101047035306692
10745	53.725	-0.142316538840532	-0.0997573633212596
10746	53.73	-0.1410268668551	-0.101047035306692
10747	53.735	-0.139737194869667	-0.101047035306692
10748	53.74	-0.139737194869667	-0.101047035306692
10749	53.745	-0.138447522884235	-0.101047035306692
10750	53.75	-0.1410268668551	-0.101047035306692
10751	53.755	-0.143606210825965	-0.101047035306692
10752	53.76	-0.1410268668551	-0.101047035306692
10753	53.765	-0.144895882811397	-0.101047035306692
10754	53.77	-0.1410268668551	-0.101047035306692
10755	53.775	-0.138447522884235	-0.101047035306692
10756	53.78	-0.142316538840532	-0.101047035306692
10757	53.785	-0.142316538840532	-0.101047035306692
10758	53.79	-0.139737194869667	-0.101047035306692
10759	53.795	-0.138447522884235	-0.101047035306692
10760	53.8	-0.1410268668551	-0.101047035306692
10761	53.805	-0.143606210825965	-0.102336707292125
10762	53.81	-0.143606210825965	-0.101047035306692
10763	53.815	-0.139737194869667	-0.101047035306692
10764	53.82	-0.139737194869667	-0.102336707292125
10765	53.825	-0.138447522884235	-0.101047035306692
10766	53.83	-0.1410268668551	-0.102336707292125
10767	53.835	-0.139737194869667	-0.101047035306692
10768	53.84	-0.138447522884235	-0.101047035306692
10769	53.845	-0.139737194869667	-0.102336707292125
10770	53.85	-0.13586817891337	-0.102336707292125
10771	53.855	-0.13586817891337	-0.101047035306692
10772	53.86	-0.137157850898802	-0.102336707292125
10773	53.865	-0.133288834942505	-0.102336707292125
10774	53.87	-0.133288834942505	-0.101047035306692
10775	53.875	-0.13070949097164	-0.102336707292125
10776	53.88	-0.13070949097164	-0.102336707292125
10777	53.885	-0.13070949097164	-0.102336707292125
10778	53.89	-0.13070949097164	-0.102336707292125
10779	53.895	-0.128130147000775	-0.101047035306692
10780	53.9	-0.126840475015342	-0.102336707292125
10781	53.905	-0.129419818986207	-0.102336707292125
10782	53.91	-0.12555080302991	-0.102336707292125
10783	53.915	-0.12555080302991	-0.102336707292125
10784	53.92	-0.12555080302991	-0.102336707292125
10785	53.925	-0.124261131044477	-0.102336707292125
10786	53.93	-0.124261131044477	-0.103626379277557
10787	53.935	-0.117812771117315	-0.102336707292125
10788	53.94	-0.12039211508818	-0.102336707292125
10789	53.945	-0.126840475015342	-0.102336707292125
10790	53.95	-0.124261131044477	-0.102336707292125
10791	53.955	-0.124261131044477	-0.102336707292125
10792	53.96	-0.12039211508818	-0.102336707292125
10793	53.965	-0.122971459059045	-0.102336707292125
10794	53.97	-0.119102443102747	-0.102336707292125
10795	53.975	-0.12039211508818	-0.102336707292125
10796	53.98	-0.12039211508818	-0.102336707292125
10797	53.985	-0.117812771117315	-0.103626379277557
10798	53.99	-0.119102443102747	-0.102336707292125
10799	53.995	-0.117812771117315	-0.102336707292125
10800	54	-0.116523099131882	-0.103626379277557
10801	54.005	-0.116523099131882	-0.102336707292125
10802	54.01	-0.11523342714645	-0.102336707292125
10803	54.015	-0.11523342714645	-0.102336707292125
10804	54.02	-0.113943755161017	-0.102336707292125
10805	54.025	-0.11523342714645	-0.103626379277557
10806	54.03	-0.116523099131882	-0.103626379277557
10807	54.035	-0.11523342714645	-0.102336707292125
10808	54.04	-0.111364411190152	-0.102336707292125
10809	54.045	-0.11523342714645	-0.103626379277557
10810	54.05	-0.11523342714645	-0.103626379277557
10811	54.055	-0.111364411190152	-0.103626379277557
10812	54.06	-0.108785067219287	-0.103626379277557
10813	54.065	-0.113943755161017	-0.103626379277557
10814	54.07	-0.113943755161017	-0.103626379277557
10815	54.075	-0.111364411190152	-0.102336707292125
10816	54.08	-0.113943755161017	-0.103626379277557
10817	54.085	-0.111364411190152	-0.103626379277557
10818	54.09	-0.111364411190152	-0.103626379277557
10819	54.095	-0.111364411190152	-0.103626379277557
10820	54.1	-0.112654083175585	-0.103626379277557
10821	54.105	-0.11007473920472	-0.103626379277557
10822	54.11	-0.11007473920472	-0.103626379277557
10823	54.115	-0.107495395233855	-0.103626379277557
10824	54.12	-0.10491605126299	-0.103626379277557
10825	54.125	-0.11007473920472	-0.103626379277557
10826	54.13	-0.107495395233855	-0.103626379277557
10827	54.135	-0.108785067219287	-0.103626379277557
10828	54.14	-0.108785067219287	-0.103626379277557
10829	54.145	-0.11007473920472	-0.103626379277557
10830	54.15	-0.11007473920472	-0.103626379277557
10831	54.155	-0.107495395233855	-0.103626379277557
10832	54.16	-0.106205723248422	-0.103626379277557
10833	54.165	-0.11007473920472	-0.103626379277557
10834	54.17	-0.108785067219287	-0.10491605126299
10835	54.175	-0.10491605126299	-0.103626379277557
10836	54.18	-0.108785067219287	-0.103626379277557
10837	54.185	-0.106205723248422	-0.10491605126299
10838	54.19	-0.11007473920472	-0.10491605126299
10839	54.195	-0.103626379277557	-0.103626379277557
10840	54.2	-0.102336707292125	-0.103626379277557
10841	54.205	-0.108785067219287	-0.10491605126299
10842	54.21	-0.10491605126299	-0.10491605126299
10843	54.215	-0.101047035306692	-0.10491605126299
10844	54.22	-0.106205723248422	-0.10491605126299
10845	54.225	-0.106205723248422	-0.10491605126299
10846	54.23	-0.106205723248422	-0.10491605126299
10847	54.235	-0.103626379277557	-0.10491605126299
10848	54.24	-0.102336707292125	-0.10491605126299
10849	54.245	-0.103626379277557	-0.10491605126299
10850	54.25	-0.101047035306692	-0.10491605126299
10851	54.255	-0.101047035306692	-0.10491605126299
10852	54.26	-0.102336707292125	-0.10491605126299
10853	54.265	-0.0997573633212596	-0.10491605126299
10854	54.27	-0.102336707292125	-0.10491605126299
10855	54.275	-0.101047035306692	-0.10491605126299
10856	54.28	-0.101047035306692	-0.10491605126299
10857	54.285	-0.101047035306692	-0.10491605126299
10858	54.29	-0.102336707292125	-0.10491605126299
10859	54.295	-0.0984676913358271	-0.10491605126299
10860	54.3	-0.101047035306692	-0.10491605126299
10861	54.305	-0.102336707292125	-0.10491605126299
10862	54.31	-0.0997573633212596	-0.10491605126299
10863	54.315	-0.0997573633212596	-0.106205723248422
10864	54.32	-0.0997573633212596	-0.10491605126299
10865	54.325	-0.102336707292125	-0.10491605126299
10866	54.33	-0.102336707292125	-0.106205723248422
10867	54.335	-0.0958883473649621	-0.106205723248422
10868	54.34	-0.102336707292125	-0.10491605126299
10869	54.345	-0.101047035306692	-0.106205723248422
10870	54.35	-0.101047035306692	-0.10491605126299
10871	54.355	-0.0958883473649621	-0.106205723248422
10872	54.36	-0.101047035306692	-0.106205723248422
10873	54.365	-0.0984676913358271	-0.106205723248422
10874	54.37	-0.103626379277557	-0.106205723248422
10875	54.375	-0.102336707292125	-0.106205723248422
10876	54.38	-0.0971780193503946	-0.106205723248422
10877	54.385	-0.102336707292125	-0.106205723248422
10878	54.39	-0.101047035306692	-0.106205723248422
10879	54.395	-0.101047035306692	-0.106205723248422
10880	54.4	-0.0984676913358271	-0.106205723248422
10881	54.405	-0.0997573633212596	-0.106205723248422
10882	54.41	-0.103626379277557	-0.106205723248422
10883	54.415	-0.0971780193503946	-0.106205723248422
10884	54.42	-0.101047035306692	-0.106205723248422
10885	54.425	-0.101047035306692	-0.106205723248422
10886	54.43	-0.0997573633212596	-0.106205723248422
10887	54.435	-0.0997573633212596	-0.107495395233855
10888	54.44	-0.0997573633212596	-0.107495395233855
10889	54.445	-0.0997573633212596	-0.106205723248422
10890	54.45	-0.101047035306692	-0.107495395233855
10891	54.455	-0.0984676913358271	-0.107495395233855
10892	54.46	-0.0958883473649621	-0.106205723248422
10893	54.465	-0.103626379277557	-0.107495395233855
10894	54.47	-0.0984676913358271	-0.107495395233855
10895	54.475	-0.0984676913358271	-0.107495395233855
10896	54.48	-0.101047035306692	-0.107495395233855
10897	54.485	-0.102336707292125	-0.107495395233855
10898	54.49	-0.10491605126299	-0.107495395233855
10899	54.495	-0.103626379277557	-0.107495395233855
10900	54.5	-0.102336707292125	-0.107495395233855
10901	54.505	-0.10491605126299	-0.107495395233855
10902	54.51	-0.10491605126299	-0.107495395233855
10903	54.515	-0.102336707292125	-0.107495395233855
10904	54.52	-0.103626379277557	-0.107495395233855
10905	54.525	-0.108785067219287	-0.107495395233855
10906	54.53	-0.108785067219287	-0.107495395233855
10907	54.535	-0.101047035306692	-0.107495395233855
10908	54.54	-0.106205723248422	-0.107495395233855
10909	54.545	-0.107495395233855	-0.107495395233855
10910	54.55	-0.102336707292125	-0.107495395233855
10911	54.555	-0.103626379277557	-0.107495395233855
10912	54.56	-0.102336707292125	-0.107495395233855
10913	54.565	-0.10491605126299	-0.107495395233855
10914	54.57	-0.108785067219287	-0.108785067219287
10915	54.575	-0.106205723248422	-0.108785067219287
10916	54.58	-0.106205723248422	-0.108785067219287
10917	54.585	-0.10491605126299	-0.108785067219287
10918	54.59	-0.108785067219287	-0.107495395233855
10919	54.595	-0.111364411190152	-0.107495395233855
10920	54.6	-0.106205723248422	-0.108785067219287
10921	54.605	-0.111364411190152	-0.108785067219287
10922	54.61	-0.111364411190152	-0.108785067219287
10923	54.615	-0.111364411190152	-0.108785067219287
10924	54.62	-0.11007473920472	-0.108785067219287
10925	54.625	-0.111364411190152	-0.107495395233855
10926	54.63	-0.113943755161017	-0.108785067219287
10927	54.635	-0.11007473920472	-0.108785067219287
10928	54.64	-0.11007473920472	-0.108785067219287
10929	54.645	-0.11523342714645	-0.108785067219287
10930	54.65	-0.117812771117315	-0.108785067219287
10931	54.655	-0.113943755161017	-0.108785067219287
10932	54.66	-0.112654083175585	-0.108785067219287
10933	54.665	-0.116523099131882	-0.108785067219287
10934	54.67	-0.113943755161017	-0.108785067219287
10935	54.675	-0.11523342714645	-0.108785067219287
10936	54.68	-0.11523342714645	-0.108785067219287
10937	54.685	-0.11523342714645	-0.11007473920472
10938	54.69	-0.11523342714645	-0.11007473920472
10939	54.695	-0.11523342714645	-0.108785067219287
10940	54.7	-0.11523342714645	-0.108785067219287
10941	54.705	-0.12039211508818	-0.11007473920472
10942	54.71	-0.117812771117315	-0.11007473920472
10943	54.715	-0.11523342714645	-0.11007473920472
10944	54.72	-0.119102443102747	-0.108785067219287
10945	54.725	-0.121681787073612	-0.11007473920472
10946	54.73	-0.121681787073612	-0.11007473920472
10947	54.735	-0.12039211508818	-0.11007473920472
10948	54.74	-0.12039211508818	-0.11007473920472
10949	54.745	-0.121681787073612	-0.11007473920472
10950	54.75	-0.122971459059045	-0.11007473920472
10951	54.755	-0.121681787073612	-0.11007473920472
10952	54.76	-0.122971459059045	-0.11007473920472
10953	54.765	-0.126840475015342	-0.11007473920472
10954	54.77	-0.126840475015342	-0.11007473920472
10955	54.775	-0.12555080302991	-0.11007473920472
10956	54.78	-0.121681787073612	-0.11007473920472
10957	54.785	-0.129419818986207	-0.11007473920472
10958	54.79	-0.126840475015342	-0.11007473920472
10959	54.795	-0.12555080302991	-0.11007473920472
10960	54.8	-0.128130147000775	-0.11007473920472
10961	54.805	-0.129419818986207	-0.11007473920472
10962	54.81	-0.13586817891337	-0.11007473920472
10963	54.815	-0.131999162957072	-0.11007473920472
10964	54.82	-0.133288834942505	-0.111364411190152
10965	54.825	-0.131999162957072	-0.11007473920472
10966	54.83	-0.137157850898802	-0.111364411190152
10967	54.835	-0.133288834942505	-0.11007473920472
10968	54.84	-0.134578506927937	-0.111364411190152
10969	54.845	-0.137157850898802	-0.11007473920472
10970	54.85	-0.137157850898802	-0.111364411190152
10971	54.855	-0.139737194869667	-0.11007473920472
10972	54.86	-0.139737194869667	-0.11007473920472
10973	54.865	-0.137157850898802	-0.111364411190152
10974	54.87	-0.143606210825965	-0.111364411190152
10975	54.875	-0.1410268668551	-0.111364411190152
10976	54.88	-0.142316538840532	-0.111364411190152
10977	54.885	-0.143606210825965	-0.111364411190152
10978	54.89	-0.14618555479683	-0.111364411190152
10979	54.895	-0.14618555479683	-0.111364411190152
10980	54.9	-0.14618555479683	-0.111364411190152
10981	54.905	-0.14618555479683	-0.111364411190152
10982	54.91	-0.150054570753127	-0.111364411190152
10983	54.915	-0.15134424273856	-0.111364411190152
10984	54.92	-0.148764898767695	-0.112654083175585
10985	54.925	-0.155213258694857	-0.111364411190152
10986	54.93	-0.15650293068029	-0.111364411190152
10987	54.935	-0.155213258694857	-0.111364411190152
10988	54.94	-0.159082274651155	-0.111364411190152
10989	54.945	-0.157792602665722	-0.112654083175585
10990	54.95	-0.157792602665722	-0.112654083175585
10991	54.955	-0.160371946636587	-0.112654083175585
10992	54.96	-0.15650293068029	-0.111364411190152
10993	54.965	-0.16166161862202	-0.112654083175585
10994	54.97	-0.16166161862202	-0.111364411190152
10995	54.975	-0.160371946636587	-0.112654083175585
10996	54.98	-0.160371946636587	-0.111364411190152
10997	54.985	-0.162951290607452	-0.112654083175585
10998	54.99	-0.168109978549182	-0.112654083175585
10999	54.995	-0.16166161862202	-0.112654083175585
11000	55	-0.159082274651155	-0.112654083175585
11001	55.005	-0.160371946636587	-0.112654083175585
11002	55.01	-0.165530634578317	-0.112654083175585
11003	55.015	-0.165530634578317	-0.112654083175585
11004	55.02	-0.16682030656375	-0.112654083175585
11005	55.025	-0.165530634578317	-0.112654083175585
11006	55.03	-0.168109978549182	-0.112654083175585
11007	55.035	-0.173268666490912	-0.112654083175585
11008	55.04	-0.174558338476345	-0.112654083175585
11009	55.045	-0.17713768244721	-0.112654083175585
11010	55.05	-0.17713768244721	-0.112654083175585
11011	55.055	-0.17713768244721	-0.112654083175585
11012	55.06	-0.175848010461777	-0.113943755161017
11013	55.065	-0.186165386345237	-0.112654083175585
11014	55.07	-0.190034402301535	-0.113943755161017
11015	55.075	-0.186165386345237	-0.112654083175585
11016	55.08	-0.191324074286968	-0.113943755161017
11017	55.085	-0.193903418257833	-0.112654083175585
11018	55.09	-0.196482762228698	-0.113943755161017
11019	55.095	-0.191324074286968	-0.113943755161017
11020	55.1	-0.1926137462724	-0.113943755161017
11021	55.105	-0.201641450170428	-0.113943755161017
11022	55.11	-0.200351778184995	-0.113943755161017
11023	55.115	-0.19777243421413	-0.112654083175585
11024	55.12	-0.199062106199563	-0.112654083175585
11025	55.125	-0.201641450170428	-0.113943755161017
11026	55.13	-0.200351778184995	-0.113943755161017
11027	55.135	-0.201641450170428	-0.112654083175585
11028	55.14	-0.205510466126725	-0.113943755161017
11029	55.145	-0.209379482083023	-0.113943755161017
11030	55.15	-0.214538170024753	-0.113943755161017
11031	55.155	-0.211958826053888	-0.113943755161017
11032	55.16	-0.20808981009759	-0.113943755161017
11033	55.165	-0.21324849803932	-0.113943755161017
11034	55.17	-0.211958826053888	-0.113943755161017
11035	55.175	-0.210669154068455	-0.113943755161017
11036	55.18	-0.219696857966483	-0.113943755161017
11037	55.185	-0.214538170024753	-0.113943755161017
11038	55.19	-0.211958826053888	-0.11523342714645
11039	55.195	-0.215827842010185	-0.11523342714645
11040	55.2	-0.217117513995618	-0.11523342714645
11041	55.205	-0.224855545908213	-0.11523342714645
11042	55.21	-0.220986529951915	-0.11523342714645
11043	55.215	-0.220986529951915	-0.11523342714645
11044	55.22	-0.222276201937348	-0.113943755161017
11045	55.225	-0.220986529951915	-0.11523342714645
11046	55.23	-0.220986529951915	-0.11523342714645
11047	55.235	-0.22356587392278	-0.11523342714645
11048	55.24	-0.219696857966483	-0.11523342714645
11049	55.245	-0.224855545908213	-0.11523342714645
11050	55.25	-0.224855545908213	-0.11523342714645
11051	55.255	-0.224855545908213	-0.11523342714645
11052	55.26	-0.227434889879078	-0.11523342714645
11053	55.265	-0.227434889879078	-0.11523342714645
11054	55.27	-0.224855545908213	-0.11523342714645
11055	55.275	-0.224855545908213	-0.11523342714645
11056	55.28	-0.224855545908213	-0.11523342714645
11057	55.285	-0.231303905835375	-0.11523342714645
11058	55.29	-0.224855545908213	-0.116523099131882
11059	55.295	-0.232593577820808	-0.116523099131882
11060	55.3	-0.232593577820808	-0.11523342714645
11061	55.305	-0.232593577820808	-0.116523099131882
11062	55.31	-0.236462593777105	-0.116523099131882
11063	55.315	-0.231303905835375	-0.11523342714645
11064	55.32	-0.235172921791673	-0.116523099131882
11065	55.325	-0.235172921791673	-0.116523099131882
11066	55.33	-0.237752265762538	-0.11523342714645
11067	55.335	-0.23388324980624	-0.116523099131882
11068	55.34	-0.23904193774797	-0.116523099131882
11069	55.345	-0.2442006256897	-0.116523099131882
11070	55.35	-0.2442006256897	-0.116523099131882
11071	55.355	-0.235172921791673	-0.116523099131882
11072	55.36	-0.231303905835375	-0.116523099131882
11073	55.365	-0.23904193774797	-0.116523099131882
11074	55.37	-0.23904193774797	-0.116523099131882
11075	55.375	-0.245490297675133	-0.116523099131882
11076	55.38	-0.240331609733403	-0.116523099131882
11077	55.385	-0.248069641645998	-0.116523099131882
11078	55.39	-0.242910953704268	-0.116523099131882
11079	55.395	-0.237752265762538	-0.116523099131882
11080	55.4	-0.237752265762538	-0.116523099131882
11081	55.405	-0.241621281718835	-0.116523099131882
11082	55.41	-0.23904193774797	-0.116523099131882
11083	55.415	-0.242910953704268	-0.117812771117315
11084	55.42	-0.245490297675133	-0.117812771117315
11085	55.425	-0.241621281718835	-0.117812771117315
11086	55.43	-0.242910953704268	-0.116523099131882
11087	55.435	-0.241621281718835	-0.117812771117315
11088	55.44	-0.242910953704268	-0.117812771117315
11089	55.445	-0.250648985616863	-0.116523099131882
11090	55.45	-0.242910953704268	-0.117812771117315
11091	55.455	-0.2442006256897	-0.117812771117315
11092	55.46	-0.250648985616863	-0.117812771117315
11093	55.465	-0.24935931363143	-0.119102443102747
11094	55.47	-0.250648985616863	-0.117812771117315
11095	55.475	-0.246779969660565	-0.117812771117315
11096	55.48	-0.245490297675133	-0.117812771117315
11097	55.485	-0.251938657602295	-0.117812771117315
11098	55.49	-0.250648985616863	-0.117812771117315
11099	55.495	-0.250648985616863	-0.117812771117315
11100	55.5	-0.251938657602295	-0.117812771117315
11101	55.505	-0.25451800157316	-0.117812771117315
11102	55.51	-0.251938657602295	-0.117812771117315
11103	55.515	-0.25451800157316	-0.117812771117315
11104	55.52	-0.25451800157316	-0.117812771117315
11105	55.525	-0.257097345544025	-0.117812771117315
11106	55.53	-0.25451800157316	-0.117812771117315
11107	55.535	-0.253228329587728	-0.119102443102747
11108	55.54	-0.25451800157316	-0.119102443102747
11109	55.545	-0.253228329587728	-0.117812771117315
11110	55.55	-0.260966361500323	-0.117812771117315
11111	55.555	-0.262256033485755	-0.119102443102747
11112	55.56	-0.257097345544025	-0.119102443102747
11113	55.565	-0.26483537745662	-0.119102443102747
11114	55.57	-0.262256033485755	-0.119102443102747
11115	55.575	-0.262256033485755	-0.119102443102747
11116	55.58	-0.263545705471188	-0.117812771117315
11117	55.585	-0.267414721427485	-0.119102443102747
11118	55.59	-0.266125049442053	-0.119102443102747
11119	55.595	-0.266125049442053	-0.119102443102747
11120	55.6	-0.26999406539835	-0.119102443102747
11121	55.605	-0.266125049442053	-0.12039211508818
11122	55.61	-0.260966361500323	-0.119102443102747
11123	55.615	-0.266125049442053	-0.119102443102747
11124	55.62	-0.26999406539835	-0.119102443102747
11125	55.625	-0.26999406539835	-0.119102443102747
11126	55.63	-0.266125049442053	-0.119102443102747
11127	55.635	-0.268704393412918	-0.12039211508818
11128	55.64	-0.26999406539835	-0.119102443102747
11129	55.645	-0.262256033485755	-0.119102443102747
11130	55.65	-0.267414721427485	-0.119102443102747
11131	55.655	-0.262256033485755	-0.12039211508818
11132	55.66	-0.26999406539835	-0.119102443102747
11133	55.665	-0.267414721427485	-0.12039211508818
11134	55.67	-0.267414721427485	-0.119102443102747
11135	55.675	-0.268704393412918	-0.12039211508818
11136	55.68	-0.266125049442053	-0.12039211508818
11137	55.685	-0.262256033485755	-0.119102443102747
11138	55.69	-0.267414721427485	-0.12039211508818
11139	55.695	-0.26999406539835	-0.119102443102747
11140	55.7	-0.26999406539835	-0.12039211508818
11141	55.705	-0.26483537745662	-0.12039211508818
11142	55.71	-0.26483537745662	-0.119102443102747
11143	55.715	-0.267414721427485	-0.119102443102747
11144	55.72	-0.266125049442053	-0.12039211508818
11145	55.725	-0.268704393412918	-0.119102443102747
11146	55.73	-0.27515275334008	-0.12039211508818
11147	55.735	-0.26483537745662	-0.12039211508818
11148	55.74	-0.26483537745662	-0.12039211508818
11149	55.745	-0.271283737383783	-0.12039211508818
11150	55.75	-0.267414721427485	-0.12039211508818
11151	55.755	-0.271283737383783	-0.12039211508818
11152	55.76	-0.262256033485755	-0.12039211508818
11153	55.765	-0.26999406539835	-0.12039211508818
11154	55.77	-0.267414721427485	-0.12039211508818
11155	55.775	-0.26483537745662	-0.12039211508818
11156	55.78	-0.26483537745662	-0.12039211508818
11157	55.785	-0.272573409369215	-0.12039211508818
11158	55.79	-0.273863081354648	-0.12039211508818
11159	55.795	-0.268704393412918	-0.12039211508818
11160	55.8	-0.268704393412918	-0.12039211508818
11161	55.805	-0.267414721427485	-0.12039211508818
11162	55.81	-0.26999406539835	-0.12039211508818
11163	55.815	-0.271283737383783	-0.12039211508818
11164	55.82	-0.266125049442053	-0.12039211508818
11165	55.825	-0.268704393412918	-0.12039211508818
11166	55.83	-0.272573409369215	-0.12039211508818
11167	55.835	-0.271283737383783	-0.12039211508818
11168	55.84	-0.271283737383783	-0.12039211508818
11169	55.845	-0.273863081354648	-0.119102443102747
11170	55.85	-0.267414721427485	-0.12039211508818
11171	55.855	-0.277732097310945	-0.12039211508818
11172	55.86	-0.276442425325513	-0.12039211508818
11173	55.865	-0.272573409369215	-0.121681787073612
11174	55.87	-0.271283737383783	-0.12039211508818
11175	55.875	-0.277732097310945	-0.12039211508818
11176	55.88	-0.279021769296378	-0.12039211508818
11177	55.885	-0.284180457238108	-0.12039211508818
11178	55.89	-0.282890785252675	-0.12039211508818
11179	55.895	-0.28547012922354	-0.12039211508818
11180	55.9	-0.284180457238108	-0.121681787073612
11181	55.905	-0.286759801208973	-0.12039211508818
11182	55.91	-0.281601113267243	-0.121681787073612
11183	55.915	-0.281601113267243	-0.121681787073612
11184	55.92	-0.284180457238108	-0.121681787073612
11185	55.925	-0.286759801208973	-0.121681787073612
11186	55.93	-0.293208161136135	-0.121681787073612
11187	55.935	-0.288049473194405	-0.121681787073612
11188	55.94	-0.286759801208973	-0.12039211508818
11189	55.945	-0.29062881716527	-0.121681787073612
11190	55.95	-0.289339145179838	-0.121681787073612
11191	55.955	-0.28547012922354	-0.121681787073612
11192	55.96	-0.28547012922354	-0.121681787073612
11193	55.965	-0.286759801208973	-0.121681787073612
11194	55.97	-0.28547012922354	-0.121681787073612
11195	55.975	-0.284180457238108	-0.121681787073612
11196	55.98	-0.282890785252675	-0.121681787073612
11197	55.985	-0.284180457238108	-0.121681787073612
11198	55.99	-0.291918489150703	-0.121681787073612
11199	55.995	-0.288049473194405	-0.121681787073612
11200	56	-0.29062881716527	-0.121681787073612
11201	56.005	-0.286759801208973	-0.121681787073612
11202	56.01	-0.284180457238108	-0.121681787073612
11203	56.015	-0.282890785252675	-0.121681787073612
11204	56.02	-0.28031144128181	-0.121681787073612
11205	56.025	-0.289339145179838	-0.121681787073612
11206	56.03	-0.291918489150703	-0.121681787073612
11207	56.035	-0.288049473194405	-0.121681787073612
11208	56.04	-0.289339145179838	-0.121681787073612
11209	56.045	-0.286759801208973	-0.121681787073612
11210	56.05	-0.289339145179838	-0.121681787073612
11211	56.055	-0.291918489150703	-0.121681787073612
11212	56.06	-0.286759801208973	-0.121681787073612
11213	56.065	-0.291918489150703	-0.121681787073612
11214	56.07	-0.289339145179838	-0.121681787073612
11215	56.075	-0.289339145179838	-0.121681787073612
11216	56.08	-0.288049473194405	-0.122971459059045
11217	56.085	-0.289339145179838	-0.121681787073612
11218	56.09	-0.284180457238108	-0.121681787073612
11219	56.095	-0.286759801208973	-0.121681787073612
11220	56.1	-0.288049473194405	-0.122971459059045
11221	56.105	-0.289339145179838	-0.121681787073612
11222	56.11	-0.291918489150703	-0.122971459059045
11223	56.115	-0.294497833121568	-0.122971459059045
11224	56.12	-0.295787505107	-0.122971459059045
11225	56.125	-0.294497833121568	-0.122971459059045
11226	56.13	-0.295787505107	-0.121681787073612
11227	56.135	-0.302235865034163	-0.122971459059045
11228	56.14	-0.294497833121568	-0.122971459059045
11229	56.145	-0.298366849077865	-0.122971459059045
11230	56.15	-0.302235865034163	-0.122971459059045
11231	56.155	-0.299656521063298	-0.122971459059045
11232	56.16	-0.295787505107	-0.122971459059045
11233	56.165	-0.302235865034163	-0.122971459059045
11234	56.17	-0.299656521063298	-0.122971459059045
11235	56.175	-0.304815209005028	-0.122971459059045
11236	56.18	-0.294497833121568	-0.122971459059045
11237	56.185	-0.30094619304873	-0.122971459059045
11238	56.19	-0.311263568932191	-0.122971459059045
11239	56.195	-0.306104880990461	-0.122971459059045
11240	56.2	-0.302235865034163	-0.122971459059045
11241	56.205	-0.303525537019596	-0.122971459059045
11242	56.21	-0.307394552975893	-0.122971459059045
11243	56.215	-0.302235865034163	-0.124261131044477
11244	56.22	-0.304815209005028	-0.122971459059045
11245	56.225	-0.308684224961326	-0.122971459059045
11246	56.23	-0.306104880990461	-0.122971459059045
11247	56.235	-0.302235865034163	-0.122971459059045
11248	56.24	-0.297077177092433	-0.122971459059045
11249	56.245	-0.309973896946758	-0.122971459059045
11250	56.25	-0.304815209005028	-0.122971459059045
11251	56.255	-0.307394552975893	-0.124261131044477
11252	56.26	-0.299656521063298	-0.124261131044477
11253	56.265	-0.304815209005028	-0.122971459059045
11254	56.27	-0.312553240917623	-0.122971459059045
11255	56.275	-0.302235865034163	-0.122971459059045
11256	56.28	-0.303525537019596	-0.124261131044477
11257	56.285	-0.309973896946758	-0.122971459059045
11258	56.29	-0.306104880990461	-0.124261131044477
11259	56.295	-0.308684224961326	-0.124261131044477
11260	56.3	-0.303525537019596	-0.122971459059045
11261	56.305	-0.307394552975893	-0.124261131044477
11262	56.31	-0.304815209005028	-0.124261131044477
11263	56.315	-0.307394552975893	-0.124261131044477
11264	56.32	-0.307394552975893	-0.124261131044477
11265	56.325	-0.308684224961326	-0.124261131044477
11266	56.33	-0.306104880990461	-0.124261131044477
11267	56.335	-0.306104880990461	-0.122971459059045
11268	56.34	-0.306104880990461	-0.124261131044477
11269	56.345	-0.308684224961326	-0.124261131044477
11270	56.35	-0.306104880990461	-0.124261131044477
11271	56.355	-0.304815209005028	-0.124261131044477
11272	56.36	-0.302235865034163	-0.124261131044477
11273	56.365	-0.304815209005028	-0.124261131044477
11274	56.37	-0.306104880990461	-0.124261131044477
11275	56.375	-0.307394552975893	-0.124261131044477
11276	56.38	-0.307394552975893	-0.124261131044477
11277	56.385	-0.307394552975893	-0.124261131044477
11278	56.39	-0.309973896946758	-0.124261131044477
11279	56.395	-0.303525537019596	-0.124261131044477
11280	56.4	-0.304815209005028	-0.124261131044477
11281	56.405	-0.311263568932191	-0.124261131044477
11282	56.41	-0.312553240917623	-0.124261131044477
11283	56.415	-0.308684224961326	-0.124261131044477
11284	56.42	-0.306104880990461	-0.124261131044477
11285	56.425	-0.307394552975893	-0.124261131044477
11286	56.43	-0.309973896946758	-0.124261131044477
11287	56.435	-0.312553240917623	-0.124261131044477
11288	56.44	-0.304815209005028	-0.124261131044477
11289	56.445	-0.306104880990461	-0.12555080302991
11290	56.45	-0.308684224961326	-0.124261131044477
11291	56.455	-0.307394552975893	-0.12555080302991
11292	56.46	-0.312553240917623	-0.124261131044477
11293	56.465	-0.306104880990461	-0.124261131044477
11294	56.47	-0.306104880990461	-0.124261131044477
11295	56.475	-0.309973896946758	-0.124261131044477
11296	56.48	-0.309973896946758	-0.12555080302991
11297	56.485	-0.308684224961326	-0.12555080302991
11298	56.49	-0.311263568932191	-0.12555080302991
11299	56.495	-0.308684224961326	-0.124261131044477
11300	56.5	-0.306104880990461	-0.12555080302991
11301	56.505	-0.312553240917623	-0.124261131044477
11302	56.51	-0.306104880990461	-0.12555080302991
11303	56.515	-0.311263568932191	-0.12555080302991
11304	56.52	-0.303525537019596	-0.12555080302991
11305	56.525	-0.308684224961326	-0.12555080302991
11306	56.53	-0.312553240917623	-0.12555080302991
11307	56.535	-0.306104880990461	-0.12555080302991
11308	56.54	-0.308684224961326	-0.124261131044477
11309	56.545	-0.302235865034163	-0.12555080302991
11310	56.55	-0.311263568932191	-0.124261131044477
11311	56.555	-0.307394552975893	-0.12555080302991
11312	56.56	-0.308684224961326	-0.12555080302991
11313	56.565	-0.304815209005028	-0.12555080302991
11314	56.57	-0.308684224961326	-0.12555080302991
11315	56.575	-0.309973896946758	-0.12555080302991
11316	56.58	-0.306104880990461	-0.12555080302991
11317	56.585	-0.311263568932191	-0.12555080302991
11318	56.59	-0.307394552975893	-0.12555080302991
11319	56.595	-0.311263568932191	-0.12555080302991
11320	56.6	-0.302235865034163	-0.12555080302991
11321	56.605	-0.312553240917623	-0.12555080302991
11322	56.61	-0.307394552975893	-0.126840475015342
11323	56.615	-0.299656521063298	-0.12555080302991
11324	56.62	-0.307394552975893	-0.126840475015342
11325	56.625	-0.303525537019596	-0.12555080302991
11326	56.63	-0.302235865034163	-0.12555080302991
11327	56.635	-0.312553240917623	-0.126840475015342
11328	56.64	-0.308684224961326	-0.126840475015342
11329	56.645	-0.311263568932191	-0.12555080302991
11330	56.65	-0.303525537019596	-0.12555080302991
11331	56.655	-0.311263568932191	-0.12555080302991
11332	56.66	-0.308684224961326	-0.126840475015342
11333	56.665	-0.309973896946758	-0.126840475015342
11334	56.67	-0.304815209005028	-0.12555080302991
11335	56.675	-0.30094619304873	-0.126840475015342
11336	56.68	-0.306104880990461	-0.126840475015342
11337	56.685	-0.304815209005028	-0.12555080302991
11338	56.69	-0.302235865034163	-0.12555080302991
11339	56.695	-0.304815209005028	-0.12555080302991
11340	56.7	-0.304815209005028	-0.126840475015342
11341	56.705	-0.303525537019596	-0.126840475015342
11342	56.71	-0.315132584888488	-0.126840475015342
11343	56.715	-0.304815209005028	-0.126840475015342
11344	56.72	-0.309973896946758	-0.12555080302991
11345	56.725	-0.303525537019596	-0.126840475015342
11346	56.73	-0.312553240917623	-0.126840475015342
11347	56.735	-0.302235865034163	-0.12555080302991
11348	56.74	-0.304815209005028	-0.126840475015342
11349	56.745	-0.302235865034163	-0.12555080302991
11350	56.75	-0.309973896946758	-0.126840475015342
11351	56.755	-0.307394552975893	-0.126840475015342
11352	56.76	-0.304815209005028	-0.12555080302991
11353	56.765	-0.309973896946758	-0.126840475015342
11354	56.77	-0.304815209005028	-0.126840475015342
11355	56.775	-0.306104880990461	-0.126840475015342
11356	56.78	-0.308684224961326	-0.126840475015342
11357	56.785	-0.303525537019596	-0.126840475015342
11358	56.79	-0.313842912903056	-0.126840475015342
11359	56.795	-0.308684224961326	-0.126840475015342
11360	56.8	-0.309973896946758	-0.126840475015342
11361	56.805	-0.307394552975893	-0.126840475015342
11362	56.81	-0.303525537019596	-0.126840475015342
11363	56.815	-0.30094619304873	-0.126840475015342
11364	56.82	-0.304815209005028	-0.126840475015342
11365	56.825	-0.309973896946758	-0.126840475015342
11366	56.83	-0.308684224961326	-0.126840475015342
11367	56.835	-0.307394552975893	-0.126840475015342
11368	56.84	-0.306104880990461	-0.12555080302991
11369	56.845	-0.304815209005028	-0.126840475015342
11370	56.85	-0.312553240917623	-0.126840475015342
11371	56.855	-0.311263568932191	-0.126840475015342
11372	56.86	-0.303525537019596	-0.126840475015342
11373	56.865	-0.306104880990461	-0.126840475015342
11374	56.87	-0.312553240917623	-0.126840475015342
11375	56.875	-0.308684224961326	-0.126840475015342
11376	56.88	-0.311263568932191	-0.126840475015342
11377	56.885	-0.311263568932191	-0.126840475015342
11378	56.89	-0.303525537019596	-0.128130147000775
11379	56.895	-0.303525537019596	-0.126840475015342
11380	56.9	-0.303525537019596	-0.126840475015342
11381	56.905	-0.307394552975893	-0.126840475015342
11382	56.91	-0.309973896946758	-0.128130147000775
11383	56.915	-0.303525537019596	-0.126840475015342
11384	56.92	-0.308684224961326	-0.126840475015342
11385	56.925	-0.308684224961326	-0.126840475015342
11386	56.93	-0.313842912903056	-0.126840475015342
11387	56.935	-0.303525537019596	-0.126840475015342
11388	56.94	-0.304815209005028	-0.126840475015342
11389	56.945	-0.307394552975893	-0.126840475015342
11390	56.95	-0.306104880990461	-0.126840475015342
11391	56.955	-0.307394552975893	-0.128130147000775
11392	56.96	-0.298366849077865	-0.126840475015342
11393	56.965	-0.303525537019596	-0.126840475015342
11394	56.97	-0.299656521063298	-0.126840475015342
11395	56.975	-0.308684224961326	-0.126840475015342
11396	56.98	-0.303525537019596	-0.126840475015342
11397	56.985	-0.30094619304873	-0.126840475015342
11398	56.99	-0.303525537019596	-0.126840475015342
11399	56.995	-0.30094619304873	-0.128130147000775
11400	57	-0.307394552975893	-0.126840475015342
11401	57.005	-0.299656521063298	-0.126840475015342
11402	57.01	-0.30094619304873	-0.128130147000775
11403	57.015	-0.306104880990461	-0.128130147000775
11404	57.02	-0.297077177092433	-0.126840475015342
11405	57.025	-0.299656521063298	-0.128130147000775
11406	57.03	-0.308684224961326	-0.126840475015342
11407	57.035	-0.30094619304873	-0.128130147000775
11408	57.04	-0.302235865034163	-0.128130147000775
11409	57.045	-0.30094619304873	-0.128130147000775
11410	57.05	-0.304815209005028	-0.128130147000775
11411	57.055	-0.297077177092433	-0.128130147000775
11412	57.06	-0.294497833121568	-0.128130147000775
11413	57.065	-0.298366849077865	-0.126840475015342
11414	57.07	-0.30094619304873	-0.128130147000775
11415	57.075	-0.295787505107	-0.128130147000775
11416	57.08	-0.294497833121568	-0.128130147000775
11417	57.085	-0.302235865034163	-0.126840475015342
11418	57.09	-0.295787505107	-0.128130147000775
11419	57.095	-0.295787505107	-0.128130147000775
11420	57.1	-0.295787505107	-0.128130147000775
11421	57.105	-0.294497833121568	-0.128130147000775
11422	57.11	-0.298366849077865	-0.128130147000775
11423	57.115	-0.293208161136135	-0.128130147000775
11424	57.12	-0.299656521063298	-0.129419818986207
11425	57.125	-0.293208161136135	-0.128130147000775
11426	57.13	-0.295787505107	-0.128130147000775
11427	57.135	-0.295787505107	-0.128130147000775
11428	57.14	-0.29062881716527	-0.128130147000775
11429	57.145	-0.293208161136135	-0.129419818986207
11430	57.15	-0.293208161136135	-0.128130147000775
11431	57.155	-0.289339145179838	-0.128130147000775
11432	57.16	-0.286759801208973	-0.128130147000775
11433	57.165	-0.29062881716527	-0.129419818986207
11434	57.17	-0.294497833121568	-0.129419818986207
11435	57.175	-0.29062881716527	-0.128130147000775
11436	57.18	-0.294497833121568	-0.129419818986207
11437	57.185	-0.291918489150703	-0.128130147000775
11438	57.19	-0.29062881716527	-0.128130147000775
11439	57.195	-0.289339145179838	-0.128130147000775
11440	57.2	-0.288049473194405	-0.128130147000775
11441	57.205	-0.291918489150703	-0.129419818986207
11442	57.21	-0.29062881716527	-0.128130147000775
11443	57.215	-0.293208161136135	-0.128130147000775
11444	57.22	-0.29062881716527	-0.129419818986207
11445	57.225	-0.286759801208973	-0.129419818986207
11446	57.23	-0.288049473194405	-0.129419818986207
11447	57.235	-0.298366849077865	-0.129419818986207
11448	57.24	-0.288049473194405	-0.129419818986207
11449	57.245	-0.291918489150703	-0.129419818986207
11450	57.25	-0.291918489150703	-0.129419818986207
11451	57.255	-0.289339145179838	-0.129419818986207
11452	57.26	-0.294497833121568	-0.129419818986207
11453	57.265	-0.294497833121568	-0.129419818986207
11454	57.27	-0.291918489150703	-0.129419818986207
11455	57.275	-0.294497833121568	-0.129419818986207
11456	57.28	-0.284180457238108	-0.128130147000775
11457	57.285	-0.293208161136135	-0.129419818986207
11458	57.29	-0.29062881716527	-0.129419818986207
11459	57.295	-0.291918489150703	-0.129419818986207
11460	57.3	-0.286759801208973	-0.128130147000775
11461	57.305	-0.288049473194405	-0.129419818986207
11462	57.31	-0.291918489150703	-0.129419818986207
11463	57.315	-0.29062881716527	-0.129419818986207
11464	57.32	-0.289339145179838	-0.129419818986207
11465	57.325	-0.29062881716527	-0.129419818986207
11466	57.33	-0.291918489150703	-0.129419818986207
11467	57.335	-0.291918489150703	-0.129419818986207
11468	57.34	-0.289339145179838	-0.129419818986207
11469	57.345	-0.294497833121568	-0.129419818986207
11470	57.35	-0.29062881716527	-0.129419818986207
11471	57.355	-0.29062881716527	-0.129419818986207
11472	57.36	-0.288049473194405	-0.129419818986207
11473	57.365	-0.29062881716527	-0.129419818986207
11474	57.37	-0.295787505107	-0.129419818986207
11475	57.375	-0.288049473194405	-0.129419818986207
11476	57.38	-0.288049473194405	-0.129419818986207
11477	57.385	-0.293208161136135	-0.129419818986207
11478	57.39	-0.291918489150703	-0.129419818986207
11479	57.395	-0.288049473194405	-0.129419818986207
11480	57.4	-0.286759801208973	-0.128130147000775
11481	57.405	-0.289339145179838	-0.129419818986207
11482	57.41	-0.286759801208973	-0.129419818986207
11483	57.415	-0.291918489150703	-0.129419818986207
11484	57.42	-0.29062881716527	-0.129419818986207
11485	57.425	-0.291918489150703	-0.129419818986207
11486	57.43	-0.289339145179838	-0.129419818986207
11487	57.435	-0.291918489150703	-0.129419818986207
11488	57.44	-0.286759801208973	-0.129419818986207
11489	57.445	-0.299656521063298	-0.129419818986207
11490	57.45	-0.297077177092433	-0.129419818986207
11491	57.455	-0.288049473194405	-0.129419818986207
11492	57.46	-0.286759801208973	-0.129419818986207
11493	57.465	-0.288049473194405	-0.13070949097164
11494	57.47	-0.288049473194405	-0.13070949097164
11495	57.475	-0.29062881716527	-0.129419818986207
11496	57.48	-0.288049473194405	-0.129419818986207
11497	57.485	-0.286759801208973	-0.13070949097164
11498	57.49	-0.29062881716527	-0.129419818986207
11499	57.495	-0.288049473194405	-0.13070949097164
11500	57.5	-0.294497833121568	-0.13070949097164
11501	57.505	-0.289339145179838	-0.13070949097164
11502	57.51	-0.29062881716527	-0.13070949097164
11503	57.515	-0.291918489150703	-0.129419818986207
11504	57.52	-0.291918489150703	-0.129419818986207
11505	57.525	-0.294497833121568	-0.129419818986207
11506	57.53	-0.29062881716527	-0.129419818986207
11507	57.535	-0.28547012922354	-0.129419818986207
11508	57.54	-0.289339145179838	-0.13070949097164
11509	57.545	-0.293208161136135	-0.13070949097164
11510	57.55	-0.298366849077865	-0.13070949097164
11511	57.555	-0.28547012922354	-0.13070949097164
11512	57.56	-0.288049473194405	-0.13070949097164
11513	57.565	-0.29062881716527	-0.13070949097164
11514	57.57	-0.28547012922354	-0.13070949097164
11515	57.575	-0.291918489150703	-0.13070949097164
11516	57.58	-0.289339145179838	-0.129419818986207
11517	57.585	-0.28547012922354	-0.129419818986207
11518	57.59	-0.29062881716527	-0.129419818986207
11519	57.595	-0.291918489150703	-0.129419818986207
11520	57.6	-0.289339145179838	-0.129419818986207
11521	57.605	-0.29062881716527	-0.13070949097164
11522	57.61	-0.282890785252675	-0.13070949097164
11523	57.615	-0.286759801208973	-0.129419818986207
11524	57.62	-0.28031144128181	-0.13070949097164
11525	57.625	-0.291918489150703	-0.13070949097164
11526	57.63	-0.28547012922354	-0.13070949097164
11527	57.635	-0.29062881716527	-0.13070949097164
11528	57.64	-0.28547012922354	-0.13070949097164
11529	57.645	-0.29062881716527	-0.13070949097164
11530	57.65	-0.286759801208973	-0.13070949097164
11531	57.655	-0.289339145179838	-0.13070949097164
11532	57.66	-0.289339145179838	-0.13070949097164
11533	57.665	-0.291918489150703	-0.13070949097164
11534	57.67	-0.289339145179838	-0.13070949097164
11535	57.675	-0.291918489150703	-0.13070949097164
11536	57.68	-0.289339145179838	-0.13070949097164
11537	57.685	-0.289339145179838	-0.13070949097164
11538	57.69	-0.29062881716527	-0.13070949097164
11539	57.695	-0.289339145179838	-0.13070949097164
11540	57.7	-0.28547012922354	-0.13070949097164
11541	57.705	-0.286759801208973	-0.13070949097164
11542	57.71	-0.289339145179838	-0.13070949097164
11543	57.715	-0.293208161136135	-0.13070949097164
11544	57.72	-0.286759801208973	-0.13070949097164
11545	57.725	-0.29062881716527	-0.13070949097164
11546	57.73	-0.282890785252675	-0.129419818986207
11547	57.735	-0.286759801208973	-0.129419818986207
11548	57.74	-0.286759801208973	-0.13070949097164
11549	57.745	-0.29062881716527	-0.13070949097164
11550	57.75	-0.286759801208973	-0.13070949097164
11551	57.755	-0.286759801208973	-0.13070949097164
11552	57.76	-0.281601113267243	-0.13070949097164
11553	57.765	-0.28547012922354	-0.129419818986207
11554	57.77	-0.288049473194405	-0.129419818986207
11555	57.775	-0.28547012922354	-0.13070949097164
11556	57.78	-0.281601113267243	-0.13070949097164
11557	57.785	-0.289339145179838	-0.13070949097164
11558	57.79	-0.286759801208973	-0.13070949097164
11559	57.795	-0.286759801208973	-0.13070949097164
11560	57.8	-0.288049473194405	-0.13070949097164
11561	57.805	-0.28547012922354	-0.13070949097164
11562	57.81	-0.288049473194405	-0.13070949097164
11563	57.815	-0.286759801208973	-0.13070949097164
11564	57.82	-0.286759801208973	-0.13070949097164
11565	57.825	-0.28031144128181	-0.13070949097164
11566	57.83	-0.28547012922354	-0.13070949097164
11567	57.835	-0.289339145179838	-0.13070949097164
11568	57.84	-0.282890785252675	-0.13070949097164
11569	57.845	-0.286759801208973	-0.13070949097164
11570	57.85	-0.288049473194405	-0.13070949097164
11571	57.855	-0.286759801208973	-0.13070949097164
11572	57.86	-0.282890785252675	-0.13070949097164
11573	57.865	-0.28547012922354	-0.13070949097164
11574	57.87	-0.281601113267243	-0.13070949097164
11575	57.875	-0.282890785252675	-0.13070949097164
11576	57.88	-0.28547012922354	-0.13070949097164
11577	57.885	-0.28547012922354	-0.13070949097164
11578	57.89	-0.286759801208973	-0.13070949097164
11579	57.895	-0.281601113267243	-0.131999162957072
11580	57.9	-0.281601113267243	-0.13070949097164
11581	57.905	-0.27515275334008	-0.13070949097164
11582	57.91	-0.279021769296378	-0.13070949097164
11583	57.915	-0.28031144128181	-0.13070949097164
11584	57.92	-0.277732097310945	-0.13070949097164
11585	57.925	-0.28031144128181	-0.131999162957072
11586	57.93	-0.282890785252675	-0.13070949097164
11587	57.935	-0.279021769296378	-0.13070949097164
11588	57.94	-0.28031144128181	-0.13070949097164
11589	57.945	-0.279021769296378	-0.13070949097164
11590	57.95	-0.28547012922354	-0.13070949097164
11591	57.955	-0.28031144128181	-0.13070949097164
11592	57.96	-0.276442425325513	-0.13070949097164
11593	57.965	-0.28031144128181	-0.13070949097164
11594	57.97	-0.273863081354648	-0.13070949097164
11595	57.975	-0.279021769296378	-0.13070949097164
11596	57.98	-0.27515275334008	-0.131999162957072
11597	57.985	-0.281601113267243	-0.131999162957072
11598	57.99	-0.281601113267243	-0.13070949097164
11599	57.995	-0.277732097310945	-0.131999162957072
11600	58	-0.282890785252675	-0.131999162957072
11601	58.005	-0.279021769296378	-0.131999162957072
11602	58.01	-0.279021769296378	-0.131999162957072
11603	58.015	-0.27515275334008	-0.13070949097164
11604	58.02	-0.28031144128181	-0.13070949097164
11605	58.025	-0.277732097310945	-0.131999162957072
11606	58.03	-0.27515275334008	-0.13070949097164
11607	58.035	-0.271283737383783	-0.13070949097164
11608	58.04	-0.27515275334008	-0.131999162957072
11609	58.045	-0.27515275334008	-0.131999162957072
11610	58.05	-0.271283737383783	-0.131999162957072
11611	58.055	-0.276442425325513	-0.13070949097164
11612	58.06	-0.277732097310945	-0.131999162957072
11613	58.065	-0.271283737383783	-0.131999162957072
11614	58.07	-0.26999406539835	-0.131999162957072
11615	58.075	-0.272573409369215	-0.131999162957072
11616	58.08	-0.271283737383783	-0.131999162957072
11617	58.085	-0.271283737383783	-0.131999162957072
11618	58.09	-0.277732097310945	-0.131999162957072
11619	58.095	-0.271283737383783	-0.131999162957072
11620	58.1	-0.271283737383783	-0.13070949097164
11621	58.105	-0.272573409369215	-0.131999162957072
11622	58.11	-0.27515275334008	-0.131999162957072
11623	58.115	-0.273863081354648	-0.131999162957072
11624	58.12	-0.268704393412918	-0.131999162957072
11625	58.125	-0.26999406539835	-0.131999162957072
11626	58.13	-0.268704393412918	-0.131999162957072
11627	58.135	-0.26999406539835	-0.131999162957072
11628	58.14	-0.268704393412918	-0.133288834942505
11629	58.145	-0.26483537745662	-0.131999162957072
11630	58.15	-0.262256033485755	-0.131999162957072
11631	58.155	-0.26483537745662	-0.131999162957072
11632	58.16	-0.268704393412918	-0.131999162957072
11633	58.165	-0.268704393412918	-0.131999162957072
11634	58.17	-0.26999406539835	-0.131999162957072
11635	58.175	-0.26483537745662	-0.131999162957072
11636	58.18	-0.26483537745662	-0.131999162957072
11637	58.185	-0.268704393412918	-0.131999162957072
11638	58.19	-0.271283737383783	-0.131999162957072
11639	58.195	-0.266125049442053	-0.131999162957072
11640	58.2	-0.260966361500323	-0.131999162957072
11641	58.205	-0.267414721427485	-0.131999162957072
11642	58.21	-0.26999406539835	-0.133288834942505
11643	58.215	-0.260966361500323	-0.131999162957072
11644	58.22	-0.262256033485755	-0.131999162957072
11645	58.225	-0.267414721427485	-0.131999162957072
11646	58.23	-0.263545705471188	-0.131999162957072
11647	58.235	-0.262256033485755	-0.131999162957072
11648	58.24	-0.263545705471188	-0.133288834942505
11649	58.245	-0.263545705471188	-0.131999162957072
11650	58.25	-0.266125049442053	-0.131999162957072
11651	58.255	-0.26999406539835	-0.133288834942505
11652	58.26	-0.260966361500323	-0.131999162957072
11653	58.265	-0.260966361500323	-0.133288834942505
11654	58.27	-0.266125049442053	-0.131999162957072
11655	58.275	-0.26483537745662	-0.131999162957072
11656	58.28	-0.26483537745662	-0.131999162957072
11657	58.285	-0.266125049442053	-0.131999162957072
11658	58.29	-0.271283737383783	-0.133288834942505
11659	58.295	-0.262256033485755	-0.131999162957072
11660	58.3	-0.260966361500323	-0.131999162957072
11661	58.305	-0.262256033485755	-0.131999162957072
11662	58.31	-0.262256033485755	-0.131999162957072
11663	58.315	-0.258387017529458	-0.133288834942505
11664	58.32	-0.267414721427485	-0.131999162957072
11665	58.325	-0.26483537745662	-0.133288834942505
11666	58.33	-0.263545705471188	-0.133288834942505
11667	58.335	-0.25967668951489	-0.133288834942505
11668	58.34	-0.258387017529458	-0.131999162957072
11669	58.345	-0.262256033485755	-0.133288834942505
11670	58.35	-0.262256033485755	-0.133288834942505
11671	58.355	-0.257097345544025	-0.131999162957072
11672	58.36	-0.257097345544025	-0.133288834942505
11673	58.365	-0.257097345544025	-0.133288834942505
11674	58.37	-0.25967668951489	-0.131999162957072
11675	58.375	-0.262256033485755	-0.133288834942505
11676	58.38	-0.262256033485755	-0.133288834942505
11677	58.385	-0.255807673558593	-0.131999162957072
11678	58.39	-0.25967668951489	-0.131999162957072
11679	58.395	-0.25451800157316	-0.133288834942505
11680	58.4	-0.25967668951489	-0.133288834942505
11681	58.405	-0.260966361500323	-0.133288834942505
11682	58.41	-0.257097345544025	-0.133288834942505
11683	58.415	-0.255807673558593	-0.133288834942505
11684	58.42	-0.258387017529458	-0.133288834942505
11685	58.425	-0.258387017529458	-0.133288834942505
11686	58.43	-0.257097345544025	-0.131999162957072
11687	58.435	-0.257097345544025	-0.133288834942505
11688	58.44	-0.248069641645998	-0.133288834942505
11689	58.445	-0.25451800157316	-0.133288834942505
11690	58.45	-0.25967668951489	-0.133288834942505
11691	58.455	-0.250648985616863	-0.133288834942505
11692	58.46	-0.24935931363143	-0.133288834942505
11693	58.465	-0.260966361500323	-0.133288834942505
11694	58.47	-0.255807673558593	-0.133288834942505
11695	58.475	-0.257097345544025	-0.133288834942505
11696	58.48	-0.248069641645998	-0.131999162957072
11697	58.485	-0.248069641645998	-0.133288834942505
11698	58.49	-0.24935931363143	-0.133288834942505
11699	58.495	-0.24935931363143	-0.133288834942505
11700	58.5	-0.24935931363143	-0.133288834942505
11701	58.505	-0.251938657602295	-0.133288834942505
11702	58.51	-0.251938657602295	-0.133288834942505
11703	58.515	-0.24935931363143	-0.133288834942505
11704	58.52	-0.253228329587728	-0.133288834942505
11705	58.525	-0.248069641645998	-0.133288834942505
11706	58.53	-0.253228329587728	-0.133288834942505
11707	58.535	-0.251938657602295	-0.131999162957072
11708	58.54	-0.248069641645998	-0.133288834942505
11709	58.545	-0.251938657602295	-0.133288834942505
11710	58.55	-0.251938657602295	-0.133288834942505
11711	58.555	-0.250648985616863	-0.133288834942505
11712	58.56	-0.24935931363143	-0.131999162957072
11713	58.565	-0.246779969660565	-0.133288834942505
11714	58.57	-0.25451800157316	-0.131999162957072
11715	58.575	-0.250648985616863	-0.133288834942505
11716	58.58	-0.250648985616863	-0.133288834942505
11717	58.585	-0.253228329587728	-0.133288834942505
11718	58.59	-0.250648985616863	-0.133288834942505
11719	58.595	-0.245490297675133	-0.133288834942505
11720	58.6	-0.24935931363143	-0.133288834942505
11721	58.605	-0.246779969660565	-0.133288834942505
11722	58.61	-0.25451800157316	-0.133288834942505
11723	58.615	-0.251938657602295	-0.133288834942505
11724	58.62	-0.242910953704268	-0.133288834942505
11725	58.625	-0.245490297675133	-0.133288834942505
11726	58.63	-0.242910953704268	-0.133288834942505
11727	58.635	-0.251938657602295	-0.133288834942505
11728	58.64	-0.24935931363143	-0.133288834942505
11729	58.645	-0.248069641645998	-0.133288834942505
11730	58.65	-0.246779969660565	-0.134578506927937
11731	58.655	-0.24935931363143	-0.133288834942505
11732	58.66	-0.24935931363143	-0.133288834942505
11733	58.665	-0.253228329587728	-0.133288834942505
11734	58.67	-0.2442006256897	-0.133288834942505
11735	58.675	-0.246779969660565	-0.133288834942505
11736	58.68	-0.250648985616863	-0.133288834942505
11737	58.685	-0.2442006256897	-0.133288834942505
11738	58.69	-0.246779969660565	-0.133288834942505
11739	58.695	-0.248069641645998	-0.133288834942505
11740	58.7	-0.25451800157316	-0.133288834942505
11741	58.705	-0.245490297675133	-0.133288834942505
11742	58.71	-0.24935931363143	-0.134578506927937
11743	58.715	-0.253228329587728	-0.133288834942505
11744	58.72	-0.248069641645998	-0.134578506927937
11745	58.725	-0.246779969660565	-0.133288834942505
11746	58.73	-0.245490297675133	-0.133288834942505
11747	58.735	-0.248069641645998	-0.134578506927937
11748	58.74	-0.245490297675133	-0.133288834942505
11749	58.745	-0.2442006256897	-0.133288834942505
11750	58.75	-0.251938657602295	-0.133288834942505
11751	58.755	-0.248069641645998	-0.133288834942505
11752	58.76	-0.246779969660565	-0.134578506927937
11753	58.765	-0.251938657602295	-0.134578506927937
11754	58.77	-0.24935931363143	-0.133288834942505
11755	58.775	-0.24935931363143	-0.133288834942505
11756	58.78	-0.248069641645998	-0.133288834942505
11757	58.785	-0.25967668951489	-0.133288834942505
11758	58.79	-0.24935931363143	-0.134578506927937
11759	58.795	-0.250648985616863	-0.133288834942505
11760	58.8	-0.245490297675133	-0.133288834942505
11761	58.805	-0.242910953704268	-0.134578506927937
11762	58.81	-0.248069641645998	-0.133288834942505
11763	58.815	-0.250648985616863	-0.133288834942505
11764	58.82	-0.246779969660565	-0.134578506927937
11765	58.825	-0.248069641645998	-0.133288834942505
11766	58.83	-0.245490297675133	-0.133288834942505
11767	58.835	-0.240331609733403	-0.133288834942505
11768	58.84	-0.240331609733403	-0.134578506927937
11769	58.845	-0.246779969660565	-0.134578506927937
11770	58.85	-0.2442006256897	-0.134578506927937
11771	58.855	-0.2442006256897	-0.134578506927937
11772	58.86	-0.237752265762538	-0.133288834942505
11773	58.865	-0.242910953704268	-0.133288834942505
11774	58.87	-0.242910953704268	-0.134578506927937
11775	58.875	-0.240331609733403	-0.134578506927937
11776	58.88	-0.232593577820808	-0.134578506927937
11777	58.885	-0.23904193774797	-0.133288834942505
11778	58.89	-0.236462593777105	-0.133288834942505
11779	58.895	-0.235172921791673	-0.133288834942505
11780	58.9	-0.235172921791673	-0.134578506927937
11781	58.905	-0.235172921791673	-0.134578506927937
11782	58.91	-0.240331609733403	-0.134578506927937
11783	58.915	-0.230014233849943	-0.133288834942505
11784	58.92	-0.232593577820808	-0.134578506927937
11785	58.925	-0.23904193774797	-0.133288834942505
11786	58.93	-0.23388324980624	-0.134578506927937
11787	58.935	-0.235172921791673	-0.134578506927937
11788	58.94	-0.235172921791673	-0.133288834942505
11789	58.945	-0.235172921791673	-0.134578506927937
11790	58.95	-0.23388324980624	-0.134578506927937
11791	58.955	-0.23388324980624	-0.134578506927937
11792	58.96	-0.240331609733403	-0.133288834942505
11793	58.965	-0.232593577820808	-0.134578506927937
11794	58.97	-0.23388324980624	-0.134578506927937
11795	58.975	-0.232593577820808	-0.134578506927937
11796	58.98	-0.230014233849943	-0.134578506927937
11797	58.985	-0.232593577820808	-0.134578506927937
11798	58.99	-0.231303905835375	-0.134578506927937
11799	58.995	-0.226145217893645	-0.134578506927937
11800	59	-0.227434889879078	-0.134578506927937
11801	59.005	-0.230014233849943	-0.134578506927937
11802	59.01	-0.22872456186451	-0.134578506927937
11803	59.015	-0.23388324980624	-0.134578506927937
11804	59.02	-0.22872456186451	-0.134578506927937
11805	59.025	-0.227434889879078	-0.134578506927937
11806	59.03	-0.22872456186451	-0.134578506927937
11807	59.035	-0.227434889879078	-0.134578506927937
11808	59.04	-0.226145217893645	-0.134578506927937
11809	59.045	-0.226145217893645	-0.134578506927937
11810	59.05	-0.22872456186451	-0.134578506927937
11811	59.055	-0.217117513995618	-0.134578506927937
11812	59.06	-0.22356587392278	-0.134578506927937
11813	59.065	-0.222276201937348	-0.134578506927937
11814	59.07	-0.224855545908213	-0.134578506927937
11815	59.075	-0.22356587392278	-0.134578506927937
11816	59.08	-0.222276201937348	-0.134578506927937
11817	59.085	-0.224855545908213	-0.134578506927937
11818	59.09	-0.219696857966483	-0.134578506927937
11819	59.095	-0.219696857966483	-0.134578506927937
11820	59.1	-0.224855545908213	-0.134578506927937
11821	59.105	-0.220986529951915	-0.134578506927937
11822	59.11	-0.217117513995618	-0.134578506927937
11823	59.115	-0.220986529951915	-0.134578506927937
11824	59.12	-0.21324849803932	-0.134578506927937
11825	59.125	-0.21840718598105	-0.134578506927937
11826	59.13	-0.219696857966483	-0.134578506927937
11827	59.135	-0.215827842010185	-0.134578506927937
11828	59.14	-0.217117513995618	-0.134578506927937
11829	59.145	-0.222276201937348	-0.134578506927937
11830	59.15	-0.21840718598105	-0.134578506927937
11831	59.155	-0.220986529951915	-0.134578506927937
11832	59.16	-0.21840718598105	-0.134578506927937
11833	59.165	-0.21840718598105	-0.134578506927937
11834	59.17	-0.21324849803932	-0.134578506927937
11835	59.175	-0.220986529951915	-0.134578506927937
11836	59.18	-0.211958826053888	-0.134578506927937
11837	59.185	-0.21324849803932	-0.134578506927937
11838	59.19	-0.214538170024753	-0.134578506927937
11839	59.195	-0.211958826053888	-0.134578506927937
11840	59.2	-0.20808981009759	-0.134578506927937
11841	59.205	-0.21324849803932	-0.134578506927937
11842	59.21	-0.210669154068455	-0.134578506927937
11843	59.215	-0.211958826053888	-0.13586817891337
11844	59.22	-0.206800138112158	-0.134578506927937
11845	59.225	-0.211958826053888	-0.134578506927937
11846	59.23	-0.214538170024753	-0.134578506927937
11847	59.235	-0.20808981009759	-0.134578506927937
11848	59.24	-0.205510466126725	-0.134578506927937
11849	59.245	-0.204220794141293	-0.134578506927937
11850	59.25	-0.209379482083023	-0.13586817891337
11851	59.255	-0.206800138112158	-0.134578506927937
11852	59.26	-0.204220794141293	-0.134578506927937
11853	59.265	-0.20293112215586	-0.134578506927937
11854	59.27	-0.209379482083023	-0.13586817891337
11855	59.275	-0.201641450170428	-0.13586817891337
11856	59.28	-0.201641450170428	-0.13586817891337
11857	59.285	-0.201641450170428	-0.13586817891337
11858	59.29	-0.201641450170428	-0.13586817891337
11859	59.295	-0.19777243421413	-0.134578506927937
11860	59.3	-0.201641450170428	-0.134578506927937
11861	59.305	-0.206800138112158	-0.13586817891337
11862	59.31	-0.20293112215586	-0.13586817891337
11863	59.315	-0.199062106199563	-0.134578506927937
11864	59.32	-0.195193090243265	-0.13586817891337
11865	59.325	-0.196482762228698	-0.13586817891337
11866	59.33	-0.19777243421413	-0.134578506927937
11867	59.335	-0.195193090243265	-0.13586817891337
11868	59.34	-0.193903418257833	-0.13586817891337
11869	59.345	-0.193903418257833	-0.134578506927937
11870	59.35	-0.199062106199563	-0.13586817891337
11871	59.355	-0.196482762228698	-0.13586817891337
11872	59.36	-0.1926137462724	-0.13586817891337
11873	59.365	-0.191324074286968	-0.13586817891337
11874	59.37	-0.196482762228698	-0.13586817891337
11875	59.375	-0.1926137462724	-0.13586817891337
11876	59.38	-0.1926137462724	-0.134578506927937
11877	59.385	-0.191324074286968	-0.13586817891337
11878	59.39	-0.193903418257833	-0.13586817891337
11879	59.395	-0.186165386345237	-0.13586817891337
11880	59.4	-0.190034402301535	-0.134578506927937
11881	59.405	-0.190034402301535	-0.13586817891337
11882	59.41	-0.188744730316103	-0.13586817891337
11883	59.415	-0.188744730316103	-0.13586817891337
11884	59.42	-0.188744730316103	-0.13586817891337
11885	59.425	-0.186165386345237	-0.13586817891337
11886	59.43	-0.193903418257833	-0.13586817891337
11887	59.435	-0.183586042374372	-0.13586817891337
11888	59.44	-0.184875714359805	-0.13586817891337
11889	59.445	-0.184875714359805	-0.13586817891337
11890	59.45	-0.183586042374372	-0.13586817891337
11891	59.455	-0.18229637038894	-0.13586817891337
11892	59.46	-0.181006698403507	-0.13586817891337
11893	59.465	-0.181006698403507	-0.13586817891337
11894	59.47	-0.181006698403507	-0.13586817891337
11895	59.475	-0.184875714359805	-0.13586817891337
11896	59.48	-0.178427354432642	-0.13586817891337
11897	59.485	-0.178427354432642	-0.13586817891337
11898	59.49	-0.178427354432642	-0.137157850898802
11899	59.495	-0.17713768244721	-0.13586817891337
11900	59.5	-0.178427354432642	-0.13586817891337
11901	59.505	-0.179717026418075	-0.13586817891337
11902	59.51	-0.179717026418075	-0.13586817891337
11903	59.515	-0.178427354432642	-0.137157850898802
11904	59.52	-0.175848010461777	-0.13586817891337
11905	59.525	-0.174558338476345	-0.137157850898802
11906	59.53	-0.175848010461777	-0.137157850898802
11907	59.535	-0.178427354432642	-0.13586817891337
11908	59.54	-0.17713768244721	-0.13586817891337
11909	59.545	-0.178427354432642	-0.13586817891337
11910	59.55	-0.175848010461777	-0.137157850898802
11911	59.555	-0.175848010461777	-0.137157850898802
11912	59.56	-0.17713768244721	-0.13586817891337
11913	59.565	-0.173268666490912	-0.137157850898802
11914	59.57	-0.17713768244721	-0.137157850898802
11915	59.575	-0.17713768244721	-0.13586817891337
11916	59.58	-0.175848010461777	-0.137157850898802
11917	59.585	-0.17197899450548	-0.137157850898802
11918	59.59	-0.173268666490912	-0.137157850898802
11919	59.595	-0.173268666490912	-0.137157850898802
11920	59.6	-0.17197899450548	-0.137157850898802
11921	59.605	-0.173268666490912	-0.13586817891337
11922	59.61	-0.178427354432642	-0.137157850898802
11923	59.615	-0.17197899450548	-0.137157850898802
11924	59.62	-0.168109978549182	-0.137157850898802
11925	59.625	-0.17197899450548	-0.137157850898802
11926	59.63	-0.17713768244721	-0.137157850898802
11927	59.635	-0.173268666490912	-0.137157850898802
11928	59.64	-0.170689322520047	-0.137157850898802
11929	59.645	-0.170689322520047	-0.137157850898802
11930	59.65	-0.174558338476345	-0.137157850898802
11931	59.655	-0.175848010461777	-0.137157850898802
11932	59.66	-0.168109978549182	-0.137157850898802
11933	59.665	-0.17197899450548	-0.137157850898802
11934	59.67	-0.173268666490912	-0.137157850898802
11935	59.675	-0.173268666490912	-0.137157850898802
11936	59.68	-0.170689322520047	-0.137157850898802
11937	59.685	-0.169399650534615	-0.137157850898802
11938	59.69	-0.168109978549182	-0.137157850898802
11939	59.695	-0.174558338476345	-0.137157850898802
11940	59.7	-0.169399650534615	-0.137157850898802
11941	59.705	-0.169399650534615	-0.137157850898802
11942	59.71	-0.174558338476345	-0.137157850898802
11943	59.715	-0.173268666490912	-0.137157850898802
11944	59.72	-0.169399650534615	-0.137157850898802
11945	59.725	-0.168109978549182	-0.137157850898802
11946	59.73	-0.17197899450548	-0.137157850898802
11947	59.735	-0.173268666490912	-0.137157850898802
11948	59.74	-0.165530634578317	-0.137157850898802
11949	59.745	-0.169399650534615	-0.137157850898802
11950	59.75	-0.169399650534615	-0.137157850898802
11951	59.755	-0.170689322520047	-0.137157850898802
11952	59.76	-0.17197899450548	-0.137157850898802
11953	59.765	-0.168109978549182	-0.138447522884235
11954	59.77	-0.169399650534615	-0.137157850898802
11955	59.775	-0.170689322520047	-0.138447522884235
11956	59.78	-0.165530634578317	-0.137157850898802
11957	59.785	-0.16682030656375	-0.137157850898802
11958	59.79	-0.16682030656375	-0.137157850898802
11959	59.795	-0.169399650534615	-0.137157850898802
11960	59.8	-0.170689322520047	-0.138447522884235
11961	59.805	-0.16682030656375	-0.138447522884235
11962	59.81	-0.170689322520047	-0.137157850898802
11963	59.815	-0.169399650534615	-0.137157850898802
11964	59.82	-0.16682030656375	-0.137157850898802
11965	59.825	-0.168109978549182	-0.138447522884235
11966	59.83	-0.16682030656375	-0.138447522884235
11967	59.835	-0.162951290607452	-0.137157850898802
11968	59.84	-0.165530634578317	-0.138447522884235
11969	59.845	-0.165530634578317	-0.137157850898802
11970	59.85	-0.165530634578317	-0.138447522884235
11971	59.855	-0.168109978549182	-0.138447522884235
11972	59.86	-0.164240962592885	-0.138447522884235
11973	59.865	-0.16166161862202	-0.138447522884235
11974	59.87	-0.164240962592885	-0.138447522884235
11975	59.875	-0.16682030656375	-0.138447522884235
11976	59.88	-0.162951290607452	-0.137157850898802
11977	59.885	-0.165530634578317	-0.137157850898802
11978	59.89	-0.164240962592885	-0.137157850898802
11979	59.895	-0.159082274651155	-0.138447522884235
11980	59.9	-0.160371946636587	-0.138447522884235
11981	59.905	-0.159082274651155	-0.138447522884235
11982	59.91	-0.159082274651155	-0.138447522884235
11983	59.915	-0.160371946636587	-0.138447522884235
11984	59.92	-0.162951290607452	-0.138447522884235
11985	59.925	-0.157792602665722	-0.138447522884235
11986	59.93	-0.160371946636587	-0.138447522884235
11987	59.935	-0.16166161862202	-0.138447522884235
11988	59.94	-0.16166161862202	-0.138447522884235
11989	59.945	-0.15650293068029	-0.138447522884235
11990	59.95	-0.159082274651155	-0.138447522884235
11991	59.955	-0.157792602665722	-0.138447522884235
11992	59.96	-0.155213258694857	-0.138447522884235
11993	59.965	-0.155213258694857	-0.138447522884235
11994	59.97	-0.157792602665722	-0.138447522884235
11995	59.975	-0.155213258694857	-0.138447522884235
11996	59.98	-0.153923586709425	-0.138447522884235
11997	59.985	-0.15650293068029	-0.138447522884235
11998	59.99	-0.15650293068029	-0.138447522884235
11999	59.995	-0.15650293068029	-0.138447522884235
12000	60	-0.148764898767695	-0.138447522884235
12001	60.005	-0.153923586709425	-0.138447522884235
12002	60.01	-0.153923586709425	-0.138447522884235
12003	60.015	-0.153923586709425	-0.137157850898802
12004	60.02	-0.155213258694857	-0.138447522884235
12005	60.025	-0.152633914723992	-0.139737194869667
12006	60.03	-0.157792602665722	-0.138447522884235
12007	60.035	-0.157792602665722	-0.138447522884235
12008	60.04	-0.153923586709425	-0.138447522884235
12009	60.045	-0.15650293068029	-0.138447522884235
12010	60.05	-0.15650293068029	-0.138447522884235
12011	60.055	-0.155213258694857	-0.138447522884235
12012	60.06	-0.15650293068029	-0.138447522884235
12013	60.065	-0.15650293068029	-0.138447522884235
12014	60.07	-0.15650293068029	-0.138447522884235
12015	60.075	-0.15134424273856	-0.138447522884235
12016	60.08	-0.153923586709425	-0.138447522884235
12017	60.085	-0.15650293068029	-0.138447522884235
12018	60.09	-0.152633914723992	-0.138447522884235
12019	60.095	-0.157792602665722	-0.138447522884235
12020	60.1	-0.160371946636587	-0.138447522884235
12021	60.105	-0.152633914723992	-0.138447522884235
12022	60.11	-0.159082274651155	-0.138447522884235
12023	60.115	-0.153923586709425	-0.138447522884235
12024	60.12	-0.15650293068029	-0.138447522884235
12025	60.125	-0.152633914723992	-0.138447522884235
12026	60.13	-0.153923586709425	-0.138447522884235
12027	60.135	-0.155213258694857	-0.138447522884235
12028	60.14	-0.155213258694857	-0.138447522884235
12029	60.145	-0.15650293068029	-0.138447522884235
12030	60.15	-0.152633914723992	-0.138447522884235
12031	60.155	-0.152633914723992	-0.138447522884235
12032	60.16	-0.153923586709425	-0.139737194869667
12033	60.165	-0.153923586709425	-0.139737194869667
12034	60.17	-0.15134424273856	-0.138447522884235
12035	60.175	-0.155213258694857	-0.139737194869667
12036	60.18	-0.150054570753127	-0.138447522884235
12037	60.185	-0.148764898767695	-0.138447522884235
12038	60.19	-0.152633914723992	-0.139737194869667
12039	60.195	-0.150054570753127	-0.138447522884235
12040	60.2	-0.150054570753127	-0.138447522884235
12041	60.205	-0.150054570753127	-0.138447522884235
12042	60.21	-0.14618555479683	-0.139737194869667
12043	60.215	-0.147475226782262	-0.138447522884235
12044	60.22	-0.147475226782262	-0.139737194869667
12045	60.225	-0.147475226782262	-0.138447522884235
12046	60.23	-0.148764898767695	-0.138447522884235
12047	60.235	-0.14618555479683	-0.138447522884235
12048	60.24	-0.143606210825965	-0.138447522884235
12049	60.245	-0.148764898767695	-0.138447522884235
12050	60.25	-0.144895882811397	-0.139737194869667
12051	60.255	-0.143606210825965	-0.138447522884235
12052	60.26	-0.143606210825965	-0.139737194869667
12053	60.265	-0.148764898767695	-0.139737194869667
12054	60.27	-0.142316538840532	-0.139737194869667
12055	60.275	-0.147475226782262	-0.138447522884235
12056	60.28	-0.1410268668551	-0.138447522884235
12057	60.285	-0.142316538840532	-0.139737194869667
12058	60.29	-0.143606210825965	-0.139737194869667
12059	60.295	-0.142316538840532	-0.138447522884235
12060	60.3	-0.143606210825965	-0.139737194869667
12061	60.305	-0.142316538840532	-0.138447522884235
12062	60.31	-0.1410268668551	-0.139737194869667
12063	60.315	-0.138447522884235	-0.139737194869667
12064	60.32	-0.1410268668551	-0.139737194869667
12065	60.325	-0.13586817891337	-0.138447522884235
12066	60.33	-0.143606210825965	-0.139737194869667
12067	60.335	-0.139737194869667	-0.139737194869667
12068	60.34	-0.1410268668551	-0.139737194869667
12069	60.345	-0.13586817891337	-0.138447522884235
12070	60.35	-0.138447522884235	-0.138447522884235
12071	60.355	-0.1410268668551	-0.139737194869667
12072	60.36	-0.138447522884235	-0.139737194869667
12073	60.365	-0.138447522884235	-0.139737194869667
12074	60.37	-0.13586817891337	-0.139737194869667
12075	60.375	-0.138447522884235	-0.139737194869667
12076	60.38	-0.137157850898802	-0.139737194869667
12077	60.385	-0.13586817891337	-0.139737194869667
12078	60.39	-0.133288834942505	-0.139737194869667
12079	60.395	-0.134578506927937	-0.139737194869667
12080	60.4	-0.133288834942505	-0.139737194869667
12081	60.405	-0.133288834942505	-0.139737194869667
12082	60.41	-0.134578506927937	-0.139737194869667
12083	60.415	-0.133288834942505	-0.139737194869667
12084	60.42	-0.134578506927937	-0.139737194869667
12085	60.425	-0.13586817891337	-0.139737194869667
12086	60.43	-0.133288834942505	-0.139737194869667
12087	60.435	-0.129419818986207	-0.139737194869667
12088	60.44	-0.13070949097164	-0.1410268668551
12089	60.445	-0.129419818986207	-0.139737194869667
12090	60.45	-0.131999162957072	-0.139737194869667
12091	60.455	-0.13070949097164	-0.139737194869667
12092	60.46	-0.128130147000775	-0.139737194869667
12093	60.465	-0.129419818986207	-0.1410268668551
12094	60.47	-0.134578506927937	-0.1410268668551
12095	60.475	-0.129419818986207	-0.139737194869667
12096	60.48	-0.126840475015342	-0.139737194869667
12097	60.485	-0.13070949097164	-0.1410268668551
12098	60.49	-0.134578506927937	-0.139737194869667
12099	60.495	-0.128130147000775	-0.1410268668551
12100	60.5	-0.126840475015342	-0.1410268668551
12101	60.505	-0.12555080302991	-0.1410268668551
12102	60.51	-0.131999162957072	-0.1410268668551
12103	60.515	-0.128130147000775	-0.139737194869667
12104	60.52	-0.12555080302991	-0.1410268668551
12105	60.525	-0.126840475015342	-0.1410268668551
12106	60.53	-0.133288834942505	-0.1410268668551
12107	60.535	-0.128130147000775	-0.1410268668551
12108	60.54	-0.124261131044477	-0.1410268668551
12109	60.545	-0.126840475015342	-0.1410268668551
12110	60.55	-0.13070949097164	-0.1410268668551
12111	60.555	-0.12555080302991	-0.139737194869667
12112	60.56	-0.12555080302991	-0.1410268668551
12113	60.565	-0.12555080302991	-0.1410268668551
12114	60.57	-0.128130147000775	-0.1410268668551
12115	60.575	-0.124261131044477	-0.1410268668551
12116	60.58	-0.121681787073612	-0.1410268668551
12117	60.585	-0.128130147000775	-0.1410268668551
12118	60.59	-0.126840475015342	-0.142316538840532
12119	60.595	-0.12555080302991	-0.1410268668551
12120	60.6	-0.12039211508818	-0.1410268668551
12121	60.605	-0.124261131044477	-0.1410268668551
12122	60.61	-0.128130147000775	-0.139737194869667
12123	60.615	-0.121681787073612	-0.1410268668551
12124	60.62	-0.12039211508818	-0.1410268668551
12125	60.625	-0.121681787073612	-0.1410268668551
12126	60.63	-0.122971459059045	-0.1410268668551
12127	60.635	-0.12555080302991	-0.1410268668551
12128	60.64	-0.122971459059045	-0.1410268668551
12129	60.645	-0.122971459059045	-0.1410268668551
12130	60.65	-0.122971459059045	-0.1410268668551
12131	60.655	-0.121681787073612	-0.1410268668551
12132	60.66	-0.12039211508818	-0.1410268668551
12133	60.665	-0.116523099131882	-0.1410268668551
12134	60.67	-0.124261131044477	-0.1410268668551
12135	60.675	-0.116523099131882	-0.1410268668551
12136	60.68	-0.116523099131882	-0.1410268668551
12137	60.685	-0.116523099131882	-0.1410268668551
12138	60.69	-0.116523099131882	-0.1410268668551
12139	60.695	-0.121681787073612	-0.1410268668551
12140	60.7	-0.12039211508818	-0.1410268668551
12141	60.705	-0.117812771117315	-0.1410268668551
12142	60.71	-0.117812771117315	-0.142316538840532
12143	60.715	-0.116523099131882	-0.1410268668551
12144	60.72	-0.112654083175585	-0.142316538840532
12145	60.725	-0.116523099131882	-0.1410268668551
12146	60.73	-0.122971459059045	-0.1410268668551
12147	60.735	-0.121681787073612	-0.142316538840532
12148	60.74	-0.117812771117315	-0.1410268668551
12149	60.745	-0.117812771117315	-0.1410268668551
12150	60.75	-0.117812771117315	-0.1410268668551
12151	60.755	-0.117812771117315	-0.142316538840532
12152	60.76	-0.116523099131882	-0.1410268668551
12153	60.765	-0.12039211508818	-0.142316538840532
12154	60.77	-0.12039211508818	-0.142316538840532
12155	60.775	-0.12039211508818	-0.1410268668551
12156	60.78	-0.11523342714645	-0.142316538840532
12157	60.785	-0.113943755161017	-0.142316538840532
12158	60.79	-0.12039211508818	-0.142316538840532
12159	60.795	-0.116523099131882	-0.142316538840532
12160	60.8	-0.12039211508818	-0.142316538840532
12161	60.805	-0.12039211508818	-0.142316538840532
12162	60.81	-0.11523342714645	-0.142316538840532
12163	60.815	-0.119102443102747	-0.142316538840532
12164	60.82	-0.11523342714645	-0.142316538840532
12165	60.825	-0.112654083175585	-0.142316538840532
12166	60.83	-0.12039211508818	-0.142316538840532
12167	60.835	-0.121681787073612	-0.142316538840532
12168	60.84	-0.121681787073612	-0.142316538840532
12169	60.845	-0.11523342714645	-0.142316538840532
12170	60.85	-0.12039211508818	-0.142316538840532
12171	60.855	-0.12039211508818	-0.142316538840532
12172	60.86	-0.119102443102747	-0.142316538840532
12173	60.865	-0.117812771117315	-0.142316538840532
12174	60.87	-0.12039211508818	-0.142316538840532
12175	60.875	-0.116523099131882	-0.142316538840532
12176	60.88	-0.117812771117315	-0.142316538840532
12177	60.885	-0.113943755161017	-0.142316538840532
12178	60.89	-0.117812771117315	-0.142316538840532
12179	60.895	-0.121681787073612	-0.142316538840532
12180	60.9	-0.119102443102747	-0.142316538840532
12181	60.905	-0.121681787073612	-0.142316538840532
12182	60.91	-0.12039211508818	-0.142316538840532
12183	60.915	-0.121681787073612	-0.143606210825965
12184	60.92	-0.121681787073612	-0.143606210825965
12185	60.925	-0.119102443102747	-0.142316538840532
12186	60.93	-0.121681787073612	-0.143606210825965
12187	60.935	-0.121681787073612	-0.143606210825965
12188	60.94	-0.124261131044477	-0.143606210825965
12189	60.945	-0.124261131044477	-0.143606210825965
12190	60.95	-0.121681787073612	-0.143606210825965
12191	60.955	-0.124261131044477	-0.143606210825965
12192	60.96	-0.124261131044477	-0.143606210825965
12193	60.965	-0.121681787073612	-0.143606210825965
12194	60.97	-0.126840475015342	-0.143606210825965
12195	60.975	-0.128130147000775	-0.142316538840532
12196	60.98	-0.12555080302991	-0.143606210825965
12197	60.985	-0.128130147000775	-0.143606210825965
12198	60.99	-0.128130147000775	-0.143606210825965
12199	60.995	-0.128130147000775	-0.143606210825965
12200	61	-0.124261131044477	-0.143606210825965
12201	61.005	-0.128130147000775	-0.143606210825965
12202	61.01	-0.126840475015342	-0.143606210825965
12203	61.015	-0.126840475015342	-0.143606210825965
12204	61.02	-0.12555080302991	-0.143606210825965
12205	61.025	-0.124261131044477	-0.143606210825965
12206	61.03	-0.126840475015342	-0.143606210825965
12207	61.035	-0.129419818986207	-0.143606210825965
12208	61.04	-0.128130147000775	-0.143606210825965
12209	61.045	-0.121681787073612	-0.143606210825965
12210	61.05	-0.12039211508818	-0.144895882811397
12211	61.055	-0.128130147000775	-0.144895882811397
12212	61.06	-0.126840475015342	-0.144895882811397
12213	61.065	-0.124261131044477	-0.143606210825965
12214	61.07	-0.12555080302991	-0.144895882811397
12215	61.075	-0.133288834942505	-0.144895882811397
12216	61.08	-0.129419818986207	-0.143606210825965
12217	61.085	-0.12555080302991	-0.144895882811397
12218	61.09	-0.13070949097164	-0.143606210825965
12219	61.095	-0.124261131044477	-0.144895882811397
12220	61.1	-0.124261131044477	-0.144895882811397
12221	61.105	-0.128130147000775	-0.144895882811397
12222	61.11	-0.13070949097164	-0.144895882811397
12223	61.115	-0.129419818986207	-0.144895882811397
12224	61.12	-0.12555080302991	-0.144895882811397
12225	61.125	-0.126840475015342	-0.144895882811397
12226	61.13	-0.129419818986207	-0.144895882811397
12227	61.135	-0.129419818986207	-0.14618555479683
12228	61.14	-0.126840475015342	-0.144895882811397
12229	61.145	-0.124261131044477	-0.144895882811397
12230	61.15	-0.128130147000775	-0.144895882811397
12231	61.155	-0.128130147000775	-0.144895882811397
12232	61.16	-0.124261131044477	-0.144895882811397
12233	61.165	-0.124261131044477	-0.144895882811397
12234	61.17	-0.126840475015342	-0.144895882811397
12235	61.175	-0.129419818986207	-0.144895882811397
12236	61.18	-0.129419818986207	-0.144895882811397
12237	61.185	-0.12555080302991	-0.144895882811397
12238	61.19	-0.13070949097164	-0.144895882811397
12239	61.195	-0.129419818986207	-0.144895882811397
12240	61.2	-0.128130147000775	-0.144895882811397
12241	61.205	-0.12555080302991	-0.144895882811397
12242	61.21	-0.131999162957072	-0.144895882811397
12243	61.215	-0.131999162957072	-0.144895882811397
12244	61.22	-0.131999162957072	-0.144895882811397
12245	61.225	-0.13070949097164	-0.144895882811397
12246	61.23	-0.137157850898802	-0.14618555479683
12247	61.235	-0.13586817891337	-0.14618555479683
12248	61.24	-0.13586817891337	-0.144895882811397
12249	61.245	-0.13586817891337	-0.14618555479683
12250	61.25	-0.139737194869667	-0.14618555479683
12251	61.255	-0.1410268668551	-0.144895882811397
12252	61.26	-0.1410268668551	-0.144895882811397
12253	61.265	-0.144895882811397	-0.14618555479683
12254	61.27	-0.147475226782262	-0.14618555479683
12255	61.275	-0.14618555479683	-0.14618555479683
12256	61.28	-0.150054570753127	-0.144895882811397
12257	61.285	-0.15134424273856	-0.14618555479683
12258	61.29	-0.150054570753127	-0.14618555479683
12259	61.295	-0.152633914723992	-0.14618555479683
12260	61.3	-0.155213258694857	-0.14618555479683
12261	61.305	-0.155213258694857	-0.14618555479683
12262	61.31	-0.160371946636587	-0.14618555479683
12263	61.315	-0.160371946636587	-0.14618555479683
12264	61.32	-0.162951290607452	-0.14618555479683
12265	61.325	-0.157792602665722	-0.14618555479683
12266	61.33	-0.162951290607452	-0.14618555479683
12267	61.335	-0.16166161862202	-0.14618555479683
12268	61.34	-0.159082274651155	-0.14618555479683
12269	61.345	-0.159082274651155	-0.14618555479683
12270	61.35	-0.164240962592885	-0.14618555479683
12271	61.355	-0.164240962592885	-0.14618555479683
12272	61.36	-0.159082274651155	-0.147475226782262
12273	61.365	-0.162951290607452	-0.14618555479683
12274	61.37	-0.16682030656375	-0.14618555479683
12275	61.375	-0.164240962592885	-0.14618555479683
12276	61.38	-0.159082274651155	-0.147475226782262
12277	61.385	-0.162951290607452	-0.147475226782262
12278	61.39	-0.159082274651155	-0.147475226782262
12279	61.395	-0.157792602665722	-0.147475226782262
12280	61.4	-0.157792602665722	-0.147475226782262
12281	61.405	-0.157792602665722	-0.147475226782262
12282	61.41	-0.159082274651155	-0.14618555479683
12283	61.415	-0.157792602665722	-0.147475226782262
12284	61.42	-0.157792602665722	-0.147475226782262
12285	61.425	-0.15650293068029	-0.147475226782262
12286	61.43	-0.16166161862202	-0.147475226782262
12287	61.435	-0.15650293068029	-0.147475226782262
12288	61.44	-0.15650293068029	-0.147475226782262
12289	61.445	-0.159082274651155	-0.147475226782262
12290	61.45	-0.16166161862202	-0.147475226782262
12291	61.455	-0.16166161862202	-0.147475226782262
12292	61.46	-0.159082274651155	-0.147475226782262
12293	61.465	-0.16166161862202	-0.147475226782262
12294	61.47	-0.164240962592885	-0.147475226782262
12295	61.475	-0.159082274651155	-0.147475226782262
12296	61.48	-0.157792602665722	-0.147475226782262
12297	61.485	-0.159082274651155	-0.147475226782262
12298	61.49	-0.157792602665722	-0.147475226782262
12299	61.495	-0.159082274651155	-0.147475226782262
12300	61.5	-0.160371946636587	-0.147475226782262
12301	61.505	-0.160371946636587	-0.147475226782262
12302	61.51	-0.160371946636587	-0.14618555479683
12303	61.515	-0.157792602665722	-0.147475226782262
12304	61.52	-0.157792602665722	-0.147475226782262
12305	61.525	-0.16166161862202	-0.148764898767695
12306	61.53	-0.160371946636587	-0.148764898767695
12307	61.535	-0.165530634578317	-0.147475226782262
12308	61.54	-0.16166161862202	-0.147475226782262
12309	61.545	-0.160371946636587	-0.147475226782262
12310	61.55	-0.162951290607452	-0.147475226782262
12311	61.555	-0.169399650534615	-0.147475226782262
12312	61.56	-0.160371946636587	-0.147475226782262
12313	61.565	-0.162951290607452	-0.148764898767695
12314	61.57	-0.164240962592885	-0.148764898767695
12315	61.575	-0.170689322520047	-0.148764898767695
12316	61.58	-0.170689322520047	-0.147475226782262
12317	61.585	-0.17197899450548	-0.147475226782262
12318	61.59	-0.174558338476345	-0.147475226782262
12319	61.595	-0.174558338476345	-0.147475226782262
12320	61.6	-0.173268666490912	-0.148764898767695
12321	61.605	-0.178427354432642	-0.147475226782262
12322	61.61	-0.18229637038894	-0.148764898767695
12323	61.615	-0.183586042374372	-0.148764898767695
12324	61.62	-0.181006698403507	-0.148764898767695
12325	61.625	-0.186165386345237	-0.148764898767695
12326	61.63	-0.188744730316103	-0.148764898767695
12327	61.635	-0.193903418257833	-0.148764898767695
12328	61.64	-0.195193090243265	-0.148764898767695
12329	61.645	-0.195193090243265	-0.147475226782262
12330	61.65	-0.19777243421413	-0.148764898767695
12331	61.655	-0.20293112215586	-0.148764898767695
12332	61.66	-0.206800138112158	-0.148764898767695
12333	61.665	-0.20808981009759	-0.148764898767695
12334	61.67	-0.21324849803932	-0.148764898767695
12335	61.675	-0.210669154068455	-0.148764898767695
12336	61.68	-0.205510466126725	-0.148764898767695
12337	61.685	-0.214538170024753	-0.148764898767695
12338	61.69	-0.220986529951915	-0.148764898767695
12339	61.695	-0.21324849803932	-0.148764898767695
12340	61.7	-0.20808981009759	-0.150054570753127
12341	61.705	-0.214538170024753	-0.148764898767695
12342	61.71	-0.21324849803932	-0.150054570753127
12343	61.715	-0.217117513995618	-0.148764898767695
12344	61.72	-0.21840718598105	-0.150054570753127
12345	61.725	-0.21840718598105	-0.148764898767695
12346	61.73	-0.220986529951915	-0.150054570753127
12347	61.735	-0.220986529951915	-0.148764898767695
12348	61.74	-0.214538170024753	-0.148764898767695
12349	61.745	-0.217117513995618	-0.150054570753127
12350	61.75	-0.215827842010185	-0.148764898767695
12351	61.755	-0.222276201937348	-0.150054570753127
12352	61.76	-0.215827842010185	-0.150054570753127
12353	61.765	-0.21840718598105	-0.150054570753127
12354	61.77	-0.220986529951915	-0.148764898767695
12355	61.775	-0.21324849803932	-0.150054570753127
12356	61.78	-0.21324849803932	-0.150054570753127
12357	61.785	-0.220986529951915	-0.150054570753127
12358	61.79	-0.217117513995618	-0.150054570753127
12359	61.795	-0.21324849803932	-0.150054570753127
12360	61.8	-0.21840718598105	-0.150054570753127
12361	61.805	-0.215827842010185	-0.150054570753127
12362	61.81	-0.219696857966483	-0.150054570753127
12363	61.815	-0.217117513995618	-0.150054570753127
12364	61.82	-0.220986529951915	-0.150054570753127
12365	61.825	-0.222276201937348	-0.148764898767695
12366	61.83	-0.215827842010185	-0.150054570753127
12367	61.835	-0.217117513995618	-0.150054570753127
12368	61.84	-0.21840718598105	-0.150054570753127
12369	61.845	-0.215827842010185	-0.150054570753127
12370	61.85	-0.215827842010185	-0.150054570753127
12371	61.855	-0.21840718598105	-0.150054570753127
12372	61.86	-0.215827842010185	-0.150054570753127
12373	61.865	-0.21840718598105	-0.150054570753127
12374	61.87	-0.217117513995618	-0.150054570753127
12375	61.875	-0.217117513995618	-0.150054570753127
12376	61.88	-0.219696857966483	-0.150054570753127
12377	61.885	-0.215827842010185	-0.150054570753127
12378	61.89	-0.217117513995618	-0.150054570753127
12379	61.895	-0.21840718598105	-0.15134424273856
12380	61.9	-0.21840718598105	-0.150054570753127
12381	61.905	-0.215827842010185	-0.150054570753127
12382	61.91	-0.219696857966483	-0.150054570753127
12383	61.915	-0.222276201937348	-0.150054570753127
12384	61.92	-0.219696857966483	-0.150054570753127
12385	61.925	-0.21324849803932	-0.150054570753127
12386	61.93	-0.217117513995618	-0.150054570753127
12387	61.935	-0.217117513995618	-0.150054570753127
12388	61.94	-0.219696857966483	-0.15134424273856
12389	61.945	-0.222276201937348	-0.150054570753127
12390	61.95	-0.22356587392278	-0.15134424273856
12391	61.955	-0.224855545908213	-0.15134424273856
12392	61.96	-0.222276201937348	-0.150054570753127
12393	61.965	-0.226145217893645	-0.150054570753127
12394	61.97	-0.222276201937348	-0.15134424273856
12395	61.975	-0.224855545908213	-0.150054570753127
12396	61.98	-0.219696857966483	-0.150054570753127
12397	61.985	-0.224855545908213	-0.15134424273856
12398	61.99	-0.231303905835375	-0.15134424273856
12399	61.995	-0.226145217893645	-0.15134424273856
12400	62	-0.22872456186451	-0.150054570753127
12401	62.005	-0.230014233849943	-0.15134424273856
12402	62.01	-0.226145217893645	-0.15134424273856
12403	62.015	-0.23388324980624	-0.15134424273856
12404	62.02	-0.22872456186451	-0.15134424273856
12405	62.025	-0.227434889879078	-0.15134424273856
12406	62.03	-0.23388324980624	-0.15134424273856
12407	62.035	-0.23388324980624	-0.15134424273856
12408	62.04	-0.230014233849943	-0.15134424273856
12409	62.045	-0.232593577820808	-0.15134424273856
12410	62.05	-0.231303905835375	-0.15134424273856
12411	62.055	-0.231303905835375	-0.15134424273856
12412	62.06	-0.22872456186451	-0.15134424273856
12413	62.065	-0.23904193774797	-0.15134424273856
12414	62.07	-0.23388324980624	-0.15134424273856
12415	62.075	-0.23388324980624	-0.15134424273856
12416	62.08	-0.235172921791673	-0.152633914723992
12417	62.085	-0.235172921791673	-0.15134424273856
12418	62.09	-0.236462593777105	-0.15134424273856
12419	62.095	-0.237752265762538	-0.15134424273856
12420	62.1	-0.236462593777105	-0.15134424273856
12421	62.105	-0.235172921791673	-0.15134424273856
12422	62.11	-0.231303905835375	-0.15134424273856
12423	62.115	-0.230014233849943	-0.15134424273856
12424	62.12	-0.236462593777105	-0.15134424273856
12425	62.125	-0.237752265762538	-0.15134424273856
12426	62.13	-0.23904193774797	-0.15134424273856
12427	62.135	-0.240331609733403	-0.15134424273856
12428	62.14	-0.236462593777105	-0.15134424273856
12429	62.145	-0.236462593777105	-0.152633914723992
12430	62.15	-0.237752265762538	-0.15134424273856
12431	62.155	-0.235172921791673	-0.15134424273856
12432	62.16	-0.236462593777105	-0.15134424273856
12433	62.165	-0.235172921791673	-0.15134424273856
12434	62.17	-0.237752265762538	-0.152633914723992
12435	62.175	-0.23904193774797	-0.152633914723992
12436	62.18	-0.236462593777105	-0.152633914723992
12437	62.185	-0.237752265762538	-0.15134424273856
12438	62.19	-0.235172921791673	-0.152633914723992
12439	62.195	-0.235172921791673	-0.152633914723992
12440	62.2	-0.23388324980624	-0.152633914723992
12441	62.205	-0.232593577820808	-0.152633914723992
12442	62.21	-0.241621281718835	-0.152633914723992
12443	62.215	-0.235172921791673	-0.152633914723992
12444	62.22	-0.23904193774797	-0.152633914723992
12445	62.225	-0.230014233849943	-0.152633914723992
12446	62.23	-0.232593577820808	-0.15134424273856
12447	62.235	-0.237752265762538	-0.152633914723992
12448	62.24	-0.23904193774797	-0.152633914723992
12449	62.245	-0.241621281718835	-0.152633914723992
12450	62.25	-0.235172921791673	-0.152633914723992
12451	62.255	-0.23388324980624	-0.152633914723992
12452	62.26	-0.23388324980624	-0.152633914723992
12453	62.265	-0.235172921791673	-0.152633914723992
12454	62.27	-0.237752265762538	-0.152633914723992
12455	62.275	-0.237752265762538	-0.152633914723992
12456	62.28	-0.23388324980624	-0.152633914723992
12457	62.285	-0.23388324980624	-0.152633914723992
12458	62.29	-0.232593577820808	-0.152633914723992
12459	62.295	-0.235172921791673	-0.152633914723992
12460	62.3	-0.232593577820808	-0.152633914723992
12461	62.305	-0.237752265762538	-0.152633914723992
12462	62.31	-0.240331609733403	-0.152633914723992
12463	62.315	-0.23388324980624	-0.152633914723992
12464	62.32	-0.232593577820808	-0.152633914723992
12465	62.325	-0.231303905835375	-0.152633914723992
12466	62.33	-0.23904193774797	-0.152633914723992
12467	62.335	-0.240331609733403	-0.152633914723992
12468	62.34	-0.241621281718835	-0.152633914723992
12469	62.345	-0.23388324980624	-0.152633914723992
12470	62.35	-0.237752265762538	-0.152633914723992
12471	62.355	-0.236462593777105	-0.152633914723992
12472	62.36	-0.2442006256897	-0.152633914723992
12473	62.365	-0.235172921791673	-0.152633914723992
12474	62.37	-0.235172921791673	-0.152633914723992
12475	62.375	-0.237752265762538	-0.152633914723992
12476	62.38	-0.237752265762538	-0.152633914723992
12477	62.385	-0.231303905835375	-0.152633914723992
12478	62.39	-0.240331609733403	-0.152633914723992
12479	62.395	-0.237752265762538	-0.152633914723992
12480	62.4	-0.237752265762538	-0.152633914723992
12481	62.405	-0.23904193774797	-0.152633914723992
12482	62.41	-0.237752265762538	-0.152633914723992
12483	62.415	-0.236462593777105	-0.152633914723992
12484	62.42	-0.241621281718835	-0.152633914723992
12485	62.425	-0.236462593777105	-0.152633914723992
12486	62.43	-0.235172921791673	-0.152633914723992
12487	62.435	-0.23904193774797	-0.152633914723992
12488	62.44	-0.23904193774797	-0.152633914723992
12489	62.445	-0.235172921791673	-0.152633914723992
12490	62.45	-0.235172921791673	-0.152633914723992
12491	62.455	-0.237752265762538	-0.152633914723992
12492	62.46	-0.23904193774797	-0.152633914723992
12493	62.465	-0.235172921791673	-0.153923586709425
12494	62.47	-0.23904193774797	-0.152633914723992
12495	62.475	-0.23904193774797	-0.152633914723992
12496	62.48	-0.23904193774797	-0.152633914723992
12497	62.485	-0.236462593777105	-0.152633914723992
12498	62.49	-0.236462593777105	-0.153923586709425
12499	62.495	-0.237752265762538	-0.153923586709425
12500	62.5	-0.232593577820808	-0.152633914723992
12501	62.505	-0.237752265762538	-0.152633914723992
12502	62.51	-0.237752265762538	-0.152633914723992
12503	62.515	-0.236462593777105	-0.152633914723992
12504	62.52	-0.241621281718835	-0.153923586709425
12505	62.525	-0.237752265762538	-0.153923586709425
12506	62.53	-0.237752265762538	-0.153923586709425
12507	62.535	-0.237752265762538	-0.152633914723992
12508	62.54	-0.237752265762538	-0.152633914723992
12509	62.545	-0.235172921791673	-0.153923586709425
12510	62.55	-0.23904193774797	-0.152633914723992
12511	62.555	-0.237752265762538	-0.153923586709425
12512	62.56	-0.241621281718835	-0.152633914723992
12513	62.565	-0.23904193774797	-0.152633914723992
12514	62.57	-0.236462593777105	-0.152633914723992
12515	62.575	-0.237752265762538	-0.152633914723992
12516	62.58	-0.237752265762538	-0.153923586709425
12517	62.585	-0.236462593777105	-0.153923586709425
12518	62.59	-0.236462593777105	-0.153923586709425
12519	62.595	-0.232593577820808	-0.152633914723992
12520	62.6	-0.237752265762538	-0.153923586709425
12521	62.605	-0.236462593777105	-0.152633914723992
12522	62.61	-0.2442006256897	-0.153923586709425
12523	62.615	-0.237752265762538	-0.153923586709425
12524	62.62	-0.23904193774797	-0.153923586709425
12525	62.625	-0.231303905835375	-0.152633914723992
12526	62.63	-0.23904193774797	-0.153923586709425
12527	62.635	-0.235172921791673	-0.153923586709425
12528	62.64	-0.23904193774797	-0.153923586709425
12529	62.645	-0.240331609733403	-0.153923586709425
12530	62.65	-0.240331609733403	-0.153923586709425
12531	62.655	-0.240331609733403	-0.152633914723992
12532	62.66	-0.23904193774797	-0.153923586709425
12533	62.665	-0.23388324980624	-0.153923586709425
12534	62.67	-0.235172921791673	-0.152633914723992
12535	62.675	-0.236462593777105	-0.153923586709425
12536	62.68	-0.23388324980624	-0.152633914723992
12537	62.685	-0.237752265762538	-0.153923586709425
12538	62.69	-0.241621281718835	-0.153923586709425
12539	62.695	-0.241621281718835	-0.153923586709425
12540	62.7	-0.23904193774797	-0.153923586709425
12541	62.705	-0.240331609733403	-0.152633914723992
12542	62.71	-0.241621281718835	-0.153923586709425
12543	62.715	-0.237752265762538	-0.153923586709425
12544	62.72	-0.23904193774797	-0.152633914723992
12545	62.725	-0.237752265762538	-0.153923586709425
12546	62.73	-0.23904193774797	-0.153923586709425
12547	62.735	-0.23904193774797	-0.153923586709425
12548	62.74	-0.235172921791673	-0.153923586709425
12549	62.745	-0.231303905835375	-0.152633914723992
12550	62.75	-0.236462593777105	-0.153923586709425
12551	62.755	-0.242910953704268	-0.153923586709425
12552	62.76	-0.240331609733403	-0.152633914723992
12553	62.765	-0.235172921791673	-0.153923586709425
12554	62.77	-0.242910953704268	-0.153923586709425
12555	62.775	-0.246779969660565	-0.153923586709425
12556	62.78	-0.23904193774797	-0.153923586709425
12557	62.785	-0.2442006256897	-0.152633914723992
12558	62.79	-0.246779969660565	-0.153923586709425
12559	62.795	-0.2442006256897	-0.153923586709425
12560	62.8	-0.241621281718835	-0.153923586709425
12561	62.805	-0.246779969660565	-0.153923586709425
12562	62.81	-0.245490297675133	-0.153923586709425
12563	62.815	-0.245490297675133	-0.153923586709425
12564	62.82	-0.24935931363143	-0.153923586709425
12565	62.825	-0.245490297675133	-0.153923586709425
12566	62.83	-0.246779969660565	-0.153923586709425
12567	62.835	-0.257097345544025	-0.153923586709425
12568	62.84	-0.253228329587728	-0.153923586709425
12569	62.845	-0.253228329587728	-0.153923586709425
12570	62.85	-0.25967668951489	-0.153923586709425
12571	62.855	-0.258387017529458	-0.153923586709425
12572	62.86	-0.25967668951489	-0.153923586709425
12573	62.865	-0.257097345544025	-0.153923586709425
12574	62.87	-0.255807673558593	-0.153923586709425
12575	62.875	-0.262256033485755	-0.152633914723992
12576	62.88	-0.255807673558593	-0.153923586709425
12577	62.885	-0.262256033485755	-0.153923586709425
12578	62.89	-0.26483537745662	-0.153923586709425
12579	62.895	-0.26483537745662	-0.153923586709425
12580	62.9	-0.267414721427485	-0.153923586709425
12581	62.905	-0.26483537745662	-0.153923586709425
12582	62.91	-0.267414721427485	-0.153923586709425
12583	62.915	-0.26999406539835	-0.153923586709425
12584	62.92	-0.268704393412918	-0.153923586709425
12585	62.925	-0.26999406539835	-0.153923586709425
12586	62.93	-0.271283737383783	-0.153923586709425
12587	62.935	-0.273863081354648	-0.153923586709425
12588	62.94	-0.27515275334008	-0.153923586709425
12589	62.945	-0.27515275334008	-0.153923586709425
12590	62.95	-0.272573409369215	-0.153923586709425
12591	62.955	-0.276442425325513	-0.155213258694857
12592	62.96	-0.26999406539835	-0.153923586709425
12593	62.965	-0.26999406539835	-0.153923586709425
12594	62.97	-0.271283737383783	-0.153923586709425
12595	62.975	-0.277732097310945	-0.153923586709425
12596	62.98	-0.277732097310945	-0.153923586709425
12597	62.985	-0.272573409369215	-0.153923586709425
12598	62.99	-0.273863081354648	-0.153923586709425
12599	62.995	-0.272573409369215	-0.153923586709425
12600	63	-0.277732097310945	-0.153923586709425
12601	63.005	-0.279021769296378	-0.153923586709425
12602	63.01	-0.276442425325513	-0.153923586709425
12603	63.015	-0.279021769296378	-0.153923586709425
12604	63.02	-0.28031144128181	-0.153923586709425
12605	63.025	-0.273863081354648	-0.153923586709425
12606	63.03	-0.277732097310945	-0.155213258694857
12607	63.035	-0.276442425325513	-0.155213258694857
12608	63.04	-0.279021769296378	-0.153923586709425
12609	63.045	-0.28031144128181	-0.153923586709425
12610	63.05	-0.28031144128181	-0.153923586709425
12611	63.055	-0.279021769296378	-0.153923586709425
12612	63.06	-0.281601113267243	-0.153923586709425
12613	63.065	-0.277732097310945	-0.153923586709425
12614	63.07	-0.28031144128181	-0.155213258694857
12615	63.075	-0.277732097310945	-0.153923586709425
12616	63.08	-0.28031144128181	-0.153923586709425
12617	63.085	-0.284180457238108	-0.153923586709425
12618	63.09	-0.277732097310945	-0.153923586709425
12619	63.095	-0.28031144128181	-0.153923586709425
12620	63.1	-0.28031144128181	-0.153923586709425
12621	63.105	-0.28031144128181	-0.153923586709425
12622	63.11	-0.277732097310945	-0.155213258694857
12623	63.115	-0.284180457238108	-0.155213258694857
12624	63.12	-0.282890785252675	-0.155213258694857
12625	63.125	-0.28031144128181	-0.153923586709425
12626	63.13	-0.281601113267243	-0.155213258694857
12627	63.135	-0.28031144128181	-0.155213258694857
12628	63.14	-0.282890785252675	-0.153923586709425
12629	63.145	-0.282890785252675	-0.155213258694857
12630	63.15	-0.281601113267243	-0.153923586709425
12631	63.155	-0.286759801208973	-0.155213258694857
12632	63.16	-0.281601113267243	-0.153923586709425
12633	63.165	-0.281601113267243	-0.153923586709425
12634	63.17	-0.279021769296378	-0.153923586709425
12635	63.175	-0.279021769296378	-0.153923586709425
12636	63.18	-0.279021769296378	-0.155213258694857
12637	63.185	-0.28031144128181	-0.153923586709425
12638	63.19	-0.284180457238108	-0.155213258694857
12639	63.195	-0.289339145179838	-0.155213258694857
12640	63.2	-0.276442425325513	-0.153923586709425
12641	63.205	-0.277732097310945	-0.155213258694857
12642	63.21	-0.288049473194405	-0.153923586709425
12643	63.215	-0.286759801208973	-0.155213258694857
12644	63.22	-0.28547012922354	-0.155213258694857
12645	63.225	-0.281601113267243	-0.153923586709425
12646	63.23	-0.282890785252675	-0.153923586709425
12647	63.235	-0.284180457238108	-0.153923586709425
12648	63.24	-0.279021769296378	-0.155213258694857
12649	63.245	-0.28547012922354	-0.153923586709425
12650	63.25	-0.282890785252675	-0.153923586709425
12651	63.255	-0.282890785252675	-0.155213258694857
12652	63.26	-0.282890785252675	-0.155213258694857
12653	63.265	-0.279021769296378	-0.155213258694857
12654	63.27	-0.282890785252675	-0.153923586709425
12655	63.275	-0.281601113267243	-0.155213258694857
12656	63.28	-0.288049473194405	-0.155213258694857
12657	63.285	-0.28031144128181	-0.155213258694857
12658	63.29	-0.281601113267243	-0.155213258694857
12659	63.295	-0.286759801208973	-0.155213258694857
12660	63.3	-0.282890785252675	-0.155213258694857
12661	63.305	-0.279021769296378	-0.155213258694857
12662	63.31	-0.284180457238108	-0.155213258694857
12663	63.315	-0.281601113267243	-0.155213258694857
12664	63.32	-0.282890785252675	-0.155213258694857
12665	63.325	-0.277732097310945	-0.155213258694857
12666	63.33	-0.288049473194405	-0.155213258694857
12667	63.335	-0.279021769296378	-0.155213258694857
12668	63.34	-0.27515275334008	-0.155213258694857
12669	63.345	-0.28031144128181	-0.155213258694857
12670	63.35	-0.28547012922354	-0.155213258694857
12671	63.355	-0.28031144128181	-0.155213258694857
12672	63.36	-0.28031144128181	-0.155213258694857
12673	63.365	-0.277732097310945	-0.155213258694857
12674	63.37	-0.284180457238108	-0.155213258694857
12675	63.375	-0.277732097310945	-0.155213258694857
12676	63.38	-0.28031144128181	-0.155213258694857
12677	63.385	-0.282890785252675	-0.155213258694857
12678	63.39	-0.28547012922354	-0.155213258694857
12679	63.395	-0.288049473194405	-0.155213258694857
12680	63.4	-0.282890785252675	-0.155213258694857
12681	63.405	-0.281601113267243	-0.155213258694857
12682	63.41	-0.281601113267243	-0.155213258694857
12683	63.415	-0.281601113267243	-0.155213258694857
12684	63.42	-0.288049473194405	-0.155213258694857
12685	63.425	-0.282890785252675	-0.155213258694857
12686	63.43	-0.28031144128181	-0.155213258694857
12687	63.435	-0.28031144128181	-0.155213258694857
12688	63.44	-0.277732097310945	-0.155213258694857
12689	63.445	-0.282890785252675	-0.155213258694857
12690	63.45	-0.286759801208973	-0.155213258694857
12691	63.455	-0.279021769296378	-0.155213258694857
12692	63.46	-0.282890785252675	-0.155213258694857
12693	63.465	-0.28547012922354	-0.155213258694857
12694	63.47	-0.281601113267243	-0.155213258694857
12695	63.475	-0.279021769296378	-0.155213258694857
12696	63.48	-0.276442425325513	-0.155213258694857
12697	63.485	-0.284180457238108	-0.155213258694857
12698	63.49	-0.282890785252675	-0.155213258694857
12699	63.495	-0.282890785252675	-0.155213258694857
12700	63.5	-0.28547012922354	-0.155213258694857
12701	63.505	-0.277732097310945	-0.155213258694857
12702	63.51	-0.28547012922354	-0.155213258694857
12703	63.515	-0.289339145179838	-0.155213258694857
12704	63.52	-0.28547012922354	-0.155213258694857
12705	63.525	-0.277732097310945	-0.155213258694857
12706	63.53	-0.281601113267243	-0.155213258694857
12707	63.535	-0.28031144128181	-0.155213258694857
12708	63.54	-0.282890785252675	-0.155213258694857
12709	63.545	-0.284180457238108	-0.155213258694857
12710	63.55	-0.281601113267243	-0.155213258694857
12711	63.555	-0.282890785252675	-0.155213258694857
12712	63.56	-0.28031144128181	-0.155213258694857
12713	63.565	-0.284180457238108	-0.155213258694857
12714	63.57	-0.281601113267243	-0.155213258694857
12715	63.575	-0.286759801208973	-0.155213258694857
12716	63.58	-0.286759801208973	-0.155213258694857
12717	63.585	-0.28031144128181	-0.155213258694857
12718	63.59	-0.284180457238108	-0.15650293068029
12719	63.595	-0.28031144128181	-0.155213258694857
12720	63.6	-0.276442425325513	-0.155213258694857
12721	63.605	-0.279021769296378	-0.155213258694857
12722	63.61	-0.284180457238108	-0.153923586709425
12723	63.615	-0.279021769296378	-0.155213258694857
12724	63.62	-0.272573409369215	-0.155213258694857
12725	63.625	-0.284180457238108	-0.155213258694857
12726	63.63	-0.282890785252675	-0.155213258694857
12727	63.635	-0.288049473194405	-0.155213258694857
12728	63.64	-0.281601113267243	-0.155213258694857
12729	63.645	-0.282890785252675	-0.155213258694857
12730	63.65	-0.284180457238108	-0.155213258694857
12731	63.655	-0.282890785252675	-0.155213258694857
12732	63.66	-0.281601113267243	-0.155213258694857
12733	63.665	-0.277732097310945	-0.155213258694857
12734	63.67	-0.28547012922354	-0.155213258694857
12735	63.675	-0.28031144128181	-0.15650293068029
12736	63.68	-0.28547012922354	-0.155213258694857
12737	63.685	-0.281601113267243	-0.155213258694857
12738	63.69	-0.28547012922354	-0.155213258694857
12739	63.695	-0.281601113267243	-0.155213258694857
12740	63.7	-0.281601113267243	-0.155213258694857
12741	63.705	-0.279021769296378	-0.155213258694857
12742	63.71	-0.282890785252675	-0.155213258694857
12743	63.715	-0.28547012922354	-0.155213258694857
12744	63.72	-0.281601113267243	-0.155213258694857
12745	63.725	-0.286759801208973	-0.155213258694857
12746	63.73	-0.284180457238108	-0.155213258694857
12747	63.735	-0.28031144128181	-0.155213258694857
12748	63.74	-0.279021769296378	-0.155213258694857
12749	63.745	-0.282890785252675	-0.155213258694857
12750	63.75	-0.282890785252675	-0.155213258694857
12751	63.755	-0.28547012922354	-0.155213258694857
12752	63.76	-0.277732097310945	-0.155213258694857
12753	63.765	-0.286759801208973	-0.155213258694857
12754	63.77	-0.281601113267243	-0.155213258694857
12755	63.775	-0.28547012922354	-0.155213258694857
12756	63.78	-0.282890785252675	-0.155213258694857
12757	63.785	-0.284180457238108	-0.155213258694857
12758	63.79	-0.281601113267243	-0.155213258694857
12759	63.795	-0.289339145179838	-0.155213258694857
12760	63.8	-0.281601113267243	-0.15650293068029
12761	63.805	-0.281601113267243	-0.155213258694857
12762	63.81	-0.28547012922354	-0.155213258694857
12763	63.815	-0.28547012922354	-0.155213258694857
12764	63.82	-0.286759801208973	-0.155213258694857
12765	63.825	-0.28547012922354	-0.155213258694857
12766	63.83	-0.288049473194405	-0.155213258694857
12767	63.835	-0.288049473194405	-0.155213258694857
12768	63.84	-0.289339145179838	-0.155213258694857
12769	63.845	-0.286759801208973	-0.155213258694857
12770	63.85	-0.284180457238108	-0.155213258694857
12771	63.855	-0.282890785252675	-0.155213258694857
12772	63.86	-0.28547012922354	-0.155213258694857
12773	63.865	-0.288049473194405	-0.155213258694857
12774	63.87	-0.286759801208973	-0.155213258694857
12775	63.875	-0.29062881716527	-0.155213258694857
12776	63.88	-0.29062881716527	-0.155213258694857
12777	63.885	-0.288049473194405	-0.155213258694857
12778	63.89	-0.289339145179838	-0.155213258694857
12779	63.895	-0.293208161136135	-0.155213258694857
12780	63.9	-0.29062881716527	-0.15650293068029
12781	63.905	-0.288049473194405	-0.155213258694857
12782	63.91	-0.295787505107	-0.15650293068029
12783	63.915	-0.289339145179838	-0.155213258694857
12784	63.92	-0.29062881716527	-0.155213258694857
12785	63.925	-0.288049473194405	-0.155213258694857
12786	63.93	-0.289339145179838	-0.155213258694857
12787	63.935	-0.294497833121568	-0.155213258694857
12788	63.94	-0.293208161136135	-0.15650293068029
12789	63.945	-0.294497833121568	-0.155213258694857
12790	63.95	-0.293208161136135	-0.155213258694857
12791	63.955	-0.297077177092433	-0.155213258694857
12792	63.96	-0.299656521063298	-0.15650293068029
12793	63.965	-0.294497833121568	-0.155213258694857
12794	63.97	-0.299656521063298	-0.155213258694857
12795	63.975	-0.30094619304873	-0.155213258694857
12796	63.98	-0.295787505107	-0.15650293068029
12797	63.985	-0.298366849077865	-0.155213258694857
12798	63.99	-0.308684224961326	-0.15650293068029
12799	63.995	-0.30094619304873	-0.15650293068029
12800	64	-0.297077177092433	-0.155213258694857
12801	64.005	-0.297077177092433	-0.155213258694857
12802	64.01	-0.303525537019596	-0.15650293068029
12803	64.015	-0.299656521063298	-0.15650293068029
12804	64.02	-0.306104880990461	-0.155213258694857
12805	64.025	-0.302235865034163	-0.15650293068029
12806	64.03	-0.304815209005028	-0.15650293068029
12807	64.035	-0.304815209005028	-0.15650293068029
12808	64.04	-0.299656521063298	-0.155213258694857
12809	64.045	-0.306104880990461	-0.155213258694857
12810	64.05	-0.307394552975893	-0.15650293068029
12811	64.055	-0.304815209005028	-0.15650293068029
12812	64.06	-0.307394552975893	-0.15650293068029
12813	64.065	-0.309973896946758	-0.15650293068029
12814	64.07	-0.312553240917623	-0.155213258694857
12815	64.075	-0.309973896946758	-0.15650293068029
12816	64.08	-0.311263568932191	-0.15650293068029
12817	64.085	-0.316422256873921	-0.15650293068029
12818	64.09	-0.309973896946758	-0.15650293068029
12819	64.095	-0.308684224961326	-0.15650293068029
12820	64.1	-0.312553240917623	-0.15650293068029
12821	64.105	-0.307394552975893	-0.15650293068029
12822	64.11	-0.313842912903056	-0.15650293068029
12823	64.115	-0.313842912903056	-0.15650293068029
12824	64.12	-0.316422256873921	-0.15650293068029
12825	64.125	-0.313842912903056	-0.155213258694857
12826	64.13	-0.320291272830218	-0.15650293068029
12827	64.135	-0.317711928859353	-0.15650293068029
12828	64.14	-0.320291272830218	-0.15650293068029
12829	64.145	-0.322870616801083	-0.15650293068029
12830	64.15	-0.316422256873921	-0.155213258694857
12831	64.155	-0.326739632757381	-0.15650293068029
12832	64.16	-0.328029304742813	-0.155213258694857
12833	64.165	-0.325449960771948	-0.15650293068029
12834	64.17	-0.325449960771948	-0.15650293068029
12835	64.175	-0.322870616801083	-0.15650293068029
12836	64.18	-0.322870616801083	-0.15650293068029
12837	64.185	-0.331898320699111	-0.15650293068029
12838	64.19	-0.325449960771948	-0.15650293068029
12839	64.195	-0.331898320699111	-0.15650293068029
12840	64.2	-0.333187992684543	-0.15650293068029
12841	64.205	-0.330608648713678	-0.15650293068029
12842	64.21	-0.328029304742813	-0.15650293068029
12843	64.215	-0.328029304742813	-0.15650293068029
12844	64.22	-0.329318976728246	-0.15650293068029
12845	64.225	-0.334477664669976	-0.15650293068029
12846	64.23	-0.333187992684543	-0.15650293068029
12847	64.235	-0.335767336655408	-0.15650293068029
12848	64.24	-0.334477664669976	-0.15650293068029
12849	64.245	-0.334477664669976	-0.157792602665722
12850	64.25	-0.344795040553436	-0.15650293068029
12851	64.255	-0.339636352611706	-0.15650293068029
12852	64.26	-0.337057008640841	-0.15650293068029
12853	64.265	-0.337057008640841	-0.15650293068029
12854	64.27	-0.337057008640841	-0.157792602665722
12855	64.275	-0.347374384524301	-0.15650293068029
12856	64.28	-0.338346680626273	-0.15650293068029
12857	64.285	-0.343505368568003	-0.15650293068029
12858	64.29	-0.338346680626273	-0.15650293068029
12859	64.295	-0.337057008640841	-0.157792602665722
12860	64.3	-0.340926024597138	-0.157792602665722
12861	64.305	-0.343505368568003	-0.157792602665722
12862	64.31	-0.338346680626273	-0.157792602665722
12863	64.315	-0.342215696582571	-0.157792602665722
12864	64.32	-0.344795040553436	-0.157792602665722
12865	64.325	-0.349953728495166	-0.157792602665722
12866	64.33	-0.342215696582571	-0.157792602665722
12867	64.335	-0.344795040553436	-0.157792602665722
12868	64.34	-0.339636352611706	-0.157792602665722
12869	64.345	-0.342215696582571	-0.157792602665722
12870	64.35	-0.346084712538868	-0.15650293068029
12871	64.355	-0.344795040553436	-0.157792602665722
12872	64.36	-0.339636352611706	-0.15650293068029
12873	64.365	-0.343505368568003	-0.157792602665722
12874	64.37	-0.346084712538868	-0.157792602665722
12875	64.375	-0.344795040553436	-0.157792602665722
12876	64.38	-0.344795040553436	-0.157792602665722
12877	64.385	-0.335767336655408	-0.157792602665722
12878	64.39	-0.342215696582571	-0.157792602665722
12879	64.395	-0.342215696582571	-0.157792602665722
12880	64.4	-0.346084712538868	-0.157792602665722
12881	64.405	-0.342215696582571	-0.157792602665722
12882	64.41	-0.348664056509733	-0.157792602665722
12883	64.415	-0.340926024597138	-0.157792602665722
12884	64.42	-0.349953728495166	-0.157792602665722
12885	64.425	-0.343505368568003	-0.157792602665722
12886	64.43	-0.343505368568003	-0.157792602665722
12887	64.435	-0.342215696582571	-0.157792602665722
12888	64.44	-0.344795040553436	-0.157792602665722
12889	64.445	-0.347374384524301	-0.157792602665722
12890	64.45	-0.344795040553436	-0.157792602665722
12891	64.455	-0.344795040553436	-0.157792602665722
12892	64.46	-0.346084712538868	-0.157792602665722
12893	64.465	-0.348664056509733	-0.157792602665722
12894	64.47	-0.346084712538868	-0.157792602665722
12895	64.475	-0.344795040553436	-0.157792602665722
12896	64.48	-0.343505368568003	-0.157792602665722
12897	64.485	-0.347374384524301	-0.157792602665722
12898	64.49	-0.348664056509733	-0.157792602665722
12899	64.495	-0.351243400480598	-0.157792602665722
12900	64.5	-0.351243400480598	-0.157792602665722
12901	64.505	-0.351243400480598	-0.159082274651155
12902	64.51	-0.344795040553436	-0.157792602665722
12903	64.515	-0.353822744451463	-0.159082274651155
12904	64.52	-0.352533072466031	-0.159082274651155
12905	64.525	-0.349953728495166	-0.157792602665722
12906	64.53	-0.349953728495166	-0.157792602665722
12907	64.535	-0.348664056509733	-0.157792602665722
12908	64.54	-0.349953728495166	-0.157792602665722
12909	64.545	-0.349953728495166	-0.157792602665722
12910	64.55	-0.353822744451463	-0.157792602665722
12911	64.555	-0.349953728495166	-0.157792602665722
12912	64.56	-0.347374384524301	-0.157792602665722
12913	64.565	-0.351243400480598	-0.159082274651155
12914	64.57	-0.353822744451463	-0.157792602665722
12915	64.575	-0.357691760407761	-0.159082274651155
12916	64.58	-0.356402088422328	-0.159082274651155
12917	64.585	-0.353822744451463	-0.159082274651155
12918	64.59	-0.351243400480598	-0.159082274651155
12919	64.595	-0.358981432393193	-0.159082274651155
12920	64.6	-0.360271104378626	-0.159082274651155
12921	64.605	-0.360271104378626	-0.159082274651155
12922	64.61	-0.358981432393193	-0.159082274651155
12923	64.615	-0.362850448349491	-0.159082274651155
12924	64.62	-0.357691760407761	-0.157792602665722
12925	64.625	-0.356402088422328	-0.159082274651155
12926	64.63	-0.366719464305788	-0.159082274651155
12927	64.635	-0.358981432393193	-0.159082274651155
12928	64.64	-0.358981432393193	-0.159082274651155
12929	64.645	-0.358981432393193	-0.159082274651155
12930	64.65	-0.373167824232951	-0.159082274651155
12931	64.655	-0.366719464305788	-0.159082274651155
12932	64.66	-0.366719464305788	-0.159082274651155
12933	64.665	-0.360271104378626	-0.159082274651155
12934	64.67	-0.361560776364058	-0.159082274651155
12935	64.675	-0.358981432393193	-0.159082274651155
12936	64.68	-0.364140120334923	-0.159082274651155
12937	64.685	-0.362850448349491	-0.159082274651155
12938	64.69	-0.360271104378626	-0.159082274651155
12939	64.695	-0.361560776364058	-0.159082274651155
12940	64.7	-0.365429792320356	-0.159082274651155
12941	64.705	-0.355112416436896	-0.159082274651155
12942	64.71	-0.361560776364058	-0.160371946636587
12943	64.715	-0.366719464305788	-0.159082274651155
12944	64.72	-0.369298808276653	-0.159082274651155
12945	64.725	-0.365429792320356	-0.160371946636587
12946	64.73	-0.373167824232951	-0.159082274651155
12947	64.735	-0.360271104378626	-0.160371946636587
12948	64.74	-0.374457496218383	-0.160371946636587
12949	64.745	-0.365429792320356	-0.159082274651155
12950	64.75	-0.358981432393193	-0.159082274651155
12951	64.755	-0.362850448349491	-0.160371946636587
12952	64.76	-0.368009136291221	-0.160371946636587
12953	64.765	-0.370588480262086	-0.159082274651155
12954	64.77	-0.368009136291221	-0.160371946636587
12955	64.775	-0.369298808276653	-0.160371946636587
12956	64.78	-0.366719464305788	-0.159082274651155
12957	64.785	-0.370588480262086	-0.160371946636587
12958	64.79	-0.368009136291221	-0.160371946636587
12959	64.795	-0.366719464305788	-0.160371946636587
12960	64.8	-0.361560776364058	-0.160371946636587
12961	64.805	-0.368009136291221	-0.160371946636587
12962	64.81	-0.364140120334923	-0.160371946636587
12963	64.815	-0.368009136291221	-0.160371946636587
12964	64.82	-0.374457496218383	-0.160371946636587
12965	64.825	-0.369298808276653	-0.160371946636587
12966	64.83	-0.368009136291221	-0.160371946636587
12967	64.835	-0.369298808276653	-0.160371946636587
12968	64.84	-0.369298808276653	-0.160371946636587
12969	64.845	-0.364140120334923	-0.160371946636587
12970	64.85	-0.371878152247518	-0.160371946636587
12971	64.855	-0.370588480262086	-0.160371946636587
12972	64.86	-0.373167824232951	-0.16166161862202
12973	64.865	-0.369298808276653	-0.160371946636587
12974	64.87	-0.370588480262086	-0.160371946636587
12975	64.875	-0.369298808276653	-0.160371946636587
12976	64.88	-0.362850448349491	-0.160371946636587
12977	64.885	-0.366719464305788	-0.160371946636587
12978	64.89	-0.370588480262086	-0.160371946636587
12979	64.895	-0.373167824232951	-0.160371946636587
12980	64.9	-0.366719464305788	-0.160371946636587
12981	64.905	-0.370588480262086	-0.160371946636587
12982	64.91	-0.370588480262086	-0.160371946636587
12983	64.915	-0.371878152247518	-0.160371946636587
12984	64.92	-0.373167824232951	-0.160371946636587
12985	64.925	-0.365429792320356	-0.16166161862202
12986	64.93	-0.369298808276653	-0.16166161862202
12987	64.935	-0.369298808276653	-0.16166161862202
12988	64.94	-0.373167824232951	-0.160371946636587
12989	64.945	-0.370588480262086	-0.16166161862202
12990	64.95	-0.371878152247518	-0.16166161862202
12991	64.955	-0.374457496218383	-0.160371946636587
12992	64.96	-0.365429792320356	-0.160371946636587
12993	64.965	-0.371878152247518	-0.16166161862202
12994	64.97	-0.373167824232951	-0.16166161862202
12995	64.975	-0.366719464305788	-0.16166161862202
12996	64.98	-0.370588480262086	-0.16166161862202
12997	64.985	-0.371878152247518	-0.160371946636587
12998	64.99	-0.368009136291221	-0.160371946636587
12999	64.995	-0.379616184160113	-0.16166161862202
13000	65	-0.373167824232951	-0.16166161862202
13001	65.005	-0.365429792320356	-0.16166161862202
13002	65.01	-0.370588480262086	-0.160371946636587
13003	65.015	-0.366719464305788	-0.16166161862202
13004	65.02	-0.373167824232951	-0.16166161862202
13005	65.025	-0.375747168203816	-0.16166161862202
13006	65.03	-0.370588480262086	-0.16166161862202
13007	65.035	-0.369298808276653	-0.16166161862202
13008	65.04	-0.374457496218383	-0.160371946636587
13009	65.045	-0.368009136291221	-0.16166161862202
13010	65.05	-0.374457496218383	-0.160371946636587
13011	65.055	-0.362850448349491	-0.16166161862202
13012	65.06	-0.369298808276653	-0.16166161862202
13013	65.065	-0.365429792320356	-0.16166161862202
13014	65.07	-0.364140120334923	-0.16166161862202
13015	65.075	-0.364140120334923	-0.16166161862202
13016	65.08	-0.368009136291221	-0.16166161862202
13017	65.085	-0.366719464305788	-0.16166161862202
13018	65.09	-0.373167824232951	-0.16166161862202
13019	65.095	-0.361560776364058	-0.16166161862202
13020	65.1	-0.374457496218383	-0.16166161862202
13021	65.105	-0.370588480262086	-0.16166161862202
13022	65.11	-0.374457496218383	-0.16166161862202
13023	65.115	-0.373167824232951	-0.16166161862202
13024	65.12	-0.368009136291221	-0.16166161862202
13025	65.125	-0.369298808276653	-0.16166161862202
13026	65.13	-0.365429792320356	-0.16166161862202
13027	65.135	-0.373167824232951	-0.16166161862202
13028	65.14	-0.369298808276653	-0.16166161862202
13029	65.145	-0.366719464305788	-0.16166161862202
13030	65.15	-0.362850448349491	-0.16166161862202
13031	65.155	-0.371878152247518	-0.16166161862202
13032	65.16	-0.373167824232951	-0.16166161862202
13033	65.165	-0.369298808276653	-0.16166161862202
13034	65.17	-0.357691760407761	-0.16166161862202
13035	65.175	-0.322870616801083	-0.16166161862202
13036	65.18	-0.328029304742813	-0.16166161862202
13037	65.185	-0.351243400480598	-0.16166161862202
13038	65.19	-0.338346680626273	-0.16166161862202
13039	65.195	-0.326739632757381	-0.16166161862202
13040	65.2	-0.326739632757381	-0.16166161862202
13041	65.205	-0.337057008640841	-0.162951290607452
13042	65.21	-0.362850448349491	-0.16166161862202
13043	65.215	-0.368009136291221	-0.16166161862202
13044	65.22	-0.374457496218383	-0.16166161862202
13045	65.225	-0.366719464305788	-0.16166161862202
13046	65.23	-0.368009136291221	-0.16166161862202
13047	65.235	-0.364140120334923	-0.16166161862202
13048	65.24	-0.360271104378626	-0.16166161862202
13049	65.245	-0.368009136291221	-0.16166161862202
13050	65.25	-0.369298808276653	-0.16166161862202
13051	65.255	-0.366719464305788	-0.16166161862202
13052	65.26	-0.365429792320356	-0.16166161862202
13053	65.265	-0.369298808276653	-0.16166161862202
13054	65.27	-0.361560776364058	-0.162951290607452
13055	65.275	-0.366719464305788	-0.162951290607452
13056	65.28	-0.371878152247518	-0.16166161862202
13057	65.285	-0.368009136291221	-0.16166161862202
13058	65.29	-0.366719464305788	-0.16166161862202
13059	65.295	-0.366719464305788	-0.16166161862202
13060	65.3	-0.364140120334923	-0.16166161862202
13061	65.305	-0.374457496218383	-0.16166161862202
13062	65.31	-0.365429792320356	-0.16166161862202
13063	65.315	-0.373167824232951	-0.16166161862202
13064	65.32	-0.361560776364058	-0.16166161862202
13065	65.325	-0.368009136291221	-0.16166161862202
13066	65.33	-0.364140120334923	-0.16166161862202
13067	65.335	-0.365429792320356	-0.16166161862202
13068	65.34	-0.368009136291221	-0.16166161862202
13069	65.345	-0.374457496218383	-0.16166161862202
13070	65.35	-0.370588480262086	-0.16166161862202
13071	65.355	-0.378326512174681	-0.16166161862202
13072	65.36	-0.368009136291221	-0.162951290607452
13073	65.365	-0.369298808276653	-0.16166161862202
13074	65.37	-0.369298808276653	-0.16166161862202
13075	65.375	-0.369298808276653	-0.16166161862202
13076	65.38	-0.368009136291221	-0.16166161862202
13077	65.385	-0.365429792320356	-0.162951290607452
13078	65.39	-0.365429792320356	-0.16166161862202
13079	65.395	-0.373167824232951	-0.16166161862202
13080	65.4	-0.368009136291221	-0.16166161862202
13081	65.405	-0.360271104378626	-0.16166161862202
13082	65.41	-0.362850448349491	-0.16166161862202
13083	65.415	-0.366719464305788	-0.16166161862202
13084	65.42	-0.358981432393193	-0.16166161862202
13085	65.425	-0.374457496218383	-0.16166161862202
13086	65.43	-0.364140120334923	-0.16166161862202
13087	65.435	-0.360271104378626	-0.16166161862202
13088	65.44	-0.370588480262086	-0.16166161862202
13089	65.445	-0.358981432393193	-0.16166161862202
13090	65.45	-0.366719464305788	-0.16166161862202
13091	65.455	-0.356402088422328	-0.162951290607452
13092	65.46	-0.368009136291221	-0.16166161862202
13093	65.465	-0.357691760407761	-0.16166161862202
13094	65.47	-0.358981432393193	-0.162951290607452
13095	65.475	-0.369298808276653	-0.16166161862202
13096	65.48	-0.364140120334923	-0.16166161862202
13097	65.485	-0.358981432393193	-0.16166161862202
13098	65.49	-0.356402088422328	-0.162951290607452
13099	65.495	-0.360271104378626	-0.162951290607452
13100	65.5	-0.362850448349491	-0.16166161862202
13101	65.505	-0.364140120334923	-0.16166161862202
13102	65.51	-0.364140120334923	-0.162951290607452
13103	65.515	-0.360271104378626	-0.162951290607452
13104	65.52	-0.361560776364058	-0.16166161862202
13105	65.525	-0.362850448349491	-0.162951290607452
13106	65.53	-0.373167824232951	-0.16166161862202
13107	65.535	-0.364140120334923	-0.16166161862202
13108	65.54	-0.369298808276653	-0.16166161862202
13109	65.545	-0.364140120334923	-0.16166161862202
13110	65.55	-0.361560776364058	-0.162951290607452
13111	65.555	-0.368009136291221	-0.16166161862202
13112	65.56	-0.369298808276653	-0.16166161862202
13113	65.565	-0.362850448349491	-0.162951290607452
13114	65.57	-0.371878152247518	-0.16166161862202
13115	65.575	-0.368009136291221	-0.162951290607452
13116	65.58	-0.369298808276653	-0.162951290607452
13117	65.585	-0.364140120334923	-0.162951290607452
13118	65.59	-0.366719464305788	-0.16166161862202
13119	65.595	-0.365429792320356	-0.16166161862202
13120	65.6	-0.369298808276653	-0.162951290607452
13121	65.605	-0.368009136291221	-0.16166161862202
13122	65.61	-0.370588480262086	-0.16166161862202
13123	65.615	-0.366719464305788	-0.162951290607452
13124	65.62	-0.373167824232951	-0.16166161862202
13125	65.625	-0.365429792320356	-0.16166161862202
13126	65.63	-0.373167824232951	-0.16166161862202
13127	65.635	-0.371878152247518	-0.16166161862202
13128	65.64	-0.371878152247518	-0.162951290607452
13129	65.645	-0.371878152247518	-0.162951290607452
13130	65.65	-0.368009136291221	-0.162951290607452
13131	65.655	-0.371878152247518	-0.16166161862202
13132	65.66	-0.361560776364058	-0.16166161862202
13133	65.665	-0.369298808276653	-0.16166161862202
13134	65.67	-0.364140120334923	-0.16166161862202
13135	65.675	-0.371878152247518	-0.16166161862202
13136	65.68	-0.373167824232951	-0.162951290607452
13137	65.685	-0.368009136291221	-0.162951290607452
13138	65.69	-0.365429792320356	-0.162951290607452
13139	65.695	-0.362850448349491	-0.16166161862202
13140	65.7	-0.364140120334923	-0.16166161862202
13141	65.705	-0.362850448349491	-0.16166161862202
13142	65.71	-0.366719464305788	-0.162951290607452
13143	65.715	-0.364140120334923	-0.162951290607452
13144	65.72	-0.366719464305788	-0.162951290607452
13145	65.725	-0.368009136291221	-0.16166161862202
13146	65.73	-0.365429792320356	-0.16166161862202
13147	65.735	-0.369298808276653	-0.162951290607452
13148	65.74	-0.362850448349491	-0.16166161862202
13149	65.745	-0.370588480262086	-0.162951290607452
13150	65.75	-0.364140120334923	-0.162951290607452
13151	65.755	-0.369298808276653	-0.162951290607452
13152	65.76	-0.370588480262086	-0.16166161862202
13153	65.765	-0.374457496218383	-0.162951290607452
13154	65.77	-0.365429792320356	-0.162951290607452
13155	65.775	-0.366719464305788	-0.162951290607452
13156	65.78	-0.370588480262086	-0.16166161862202
13157	65.785	-0.364140120334923	-0.16166161862202
13158	65.79	-0.369298808276653	-0.162951290607452
13159	65.795	-0.373167824232951	-0.16166161862202
13160	65.8	-0.368009136291221	-0.162951290607452
13161	65.805	-0.369298808276653	-0.162951290607452
13162	65.81	-0.368009136291221	-0.16166161862202
13163	65.815	-0.370588480262086	-0.162951290607452
13164	65.82	-0.373167824232951	-0.162951290607452
13165	65.825	-0.364140120334923	-0.16166161862202
13166	65.83	-0.365429792320356	-0.16166161862202
13167	65.835	-0.368009136291221	-0.16166161862202
13168	65.84	-0.373167824232951	-0.162951290607452
13169	65.845	-0.365429792320356	-0.16166161862202
13170	65.85	-0.373167824232951	-0.16166161862202
13171	65.855	-0.368009136291221	-0.162951290607452
13172	65.86	-0.366719464305788	-0.162951290607452
13173	65.865	-0.365429792320356	-0.162951290607452
13174	65.87	-0.365429792320356	-0.162951290607452
13175	65.875	-0.365429792320356	-0.162951290607452
13176	65.88	-0.370588480262086	-0.162951290607452
13177	65.885	-0.365429792320356	-0.16166161862202
13178	65.89	-0.365429792320356	-0.16166161862202
13179	65.895	-0.366719464305788	-0.162951290607452
13180	65.9	-0.370588480262086	-0.16166161862202
13181	65.905	-0.369298808276653	-0.162951290607452
13182	65.91	-0.370588480262086	-0.162951290607452
13183	65.915	-0.368009136291221	-0.16166161862202
13184	65.92	-0.369298808276653	-0.16166161862202
13185	65.925	-0.364140120334923	-0.162951290607452
13186	65.93	-0.370588480262086	-0.162951290607452
13187	65.935	-0.373167824232951	-0.16166161862202
13188	65.94	-0.368009136291221	-0.162951290607452
13189	65.945	-0.368009136291221	-0.16166161862202
13190	65.95	-0.370588480262086	-0.16166161862202
13191	65.955	-0.365429792320356	-0.16166161862202
13192	65.96	-0.365429792320356	-0.162951290607452
13193	65.965	-0.365429792320356	-0.16166161862202
13194	65.97	-0.362850448349491	-0.162951290607452
13195	65.975	-0.371878152247518	-0.162951290607452
13196	65.98	-0.369298808276653	-0.16166161862202
13197	65.985	-0.368009136291221	-0.162951290607452
13198	65.99	-0.362850448349491	-0.16166161862202
13199	65.995	-0.370588480262086	-0.16166161862202
13200	66	-0.371878152247518	-0.16166161862202
13201	66.005	-0.373167824232951	-0.16166161862202
13202	66.01	-0.371878152247518	-0.16166161862202
13203	66.015	-0.368009136291221	-0.162951290607452
13204	66.02	-0.370588480262086	-0.16166161862202
13205	66.025	-0.369298808276653	-0.16166161862202
13206	66.03	-0.366719464305788	-0.16166161862202
13207	66.035	-0.369298808276653	-0.162951290607452
13208	66.04	-0.365429792320356	-0.162951290607452
13209	66.045	-0.368009136291221	-0.162951290607452
13210	66.05	-0.368009136291221	-0.162951290607452
13211	66.055	-0.366719464305788	-0.162951290607452
13212	66.06	-0.365429792320356	-0.162951290607452
13213	66.065	-0.366719464305788	-0.162951290607452
13214	66.07	-0.375747168203816	-0.162951290607452
13215	66.075	-0.368009136291221	-0.162951290607452
13216	66.08	-0.377036840189248	-0.162951290607452
13217	66.085	-0.368009136291221	-0.162951290607452
13218	66.09	-0.364140120334923	-0.162951290607452
13219	66.095	-0.374457496218383	-0.162951290607452
13220	66.1	-0.368009136291221	-0.162951290607452
13221	66.105	-0.374457496218383	-0.162951290607452
13222	66.11	-0.370588480262086	-0.162951290607452
13223	66.115	-0.373167824232951	-0.162951290607452
13224	66.12	-0.369298808276653	-0.162951290607452
13225	66.125	-0.368009136291221	-0.16166161862202
13226	66.13	-0.370588480262086	-0.162951290607452
13227	66.135	-0.362850448349491	-0.162951290607452
13228	66.14	-0.364140120334923	-0.162951290607452
13229	66.145	-0.374457496218383	-0.162951290607452
13230	66.15	-0.362850448349491	-0.16166161862202
13231	66.155	-0.368009136291221	-0.162951290607452
13232	66.16	-0.371878152247518	-0.162951290607452
13233	66.165	-0.368009136291221	-0.162951290607452
13234	66.17	-0.370588480262086	-0.162951290607452
13235	66.175	-0.366719464305788	-0.162951290607452
13236	66.18	-0.373167824232951	-0.16166161862202
13237	66.185	-0.366719464305788	-0.162951290607452
13238	66.19	-0.373167824232951	-0.162951290607452
13239	66.195	-0.369298808276653	-0.162951290607452
13240	66.2	-0.371878152247518	-0.162951290607452
13241	66.205	-0.365429792320356	-0.16166161862202
13242	66.21	-0.369298808276653	-0.162951290607452
13243	66.215	-0.370588480262086	-0.162951290607452
13244	66.22	-0.371878152247518	-0.162951290607452
13245	66.225	-0.365429792320356	-0.162951290607452
13246	66.23	-0.365429792320356	-0.16166161862202
13247	66.235	-0.369298808276653	-0.162951290607452
13248	66.24	-0.365429792320356	-0.162951290607452
13249	66.245	-0.365429792320356	-0.16166161862202
13250	66.25	-0.369298808276653	-0.162951290607452
13251	66.255	-0.373167824232951	-0.16166161862202
13252	66.26	-0.374457496218383	-0.162951290607452
13253	66.265	-0.371878152247518	-0.16166161862202
13254	66.27	-0.368009136291221	-0.16166161862202
13255	66.275	-0.371878152247518	-0.162951290607452
13256	66.28	-0.369298808276653	-0.162951290607452
13257	66.285	-0.365429792320356	-0.162951290607452
13258	66.29	-0.368009136291221	-0.162951290607452
13259	66.295	-0.375747168203816	-0.162951290607452
13260	66.3	-0.368009136291221	-0.162951290607452
13261	66.305	-0.371878152247518	-0.162951290607452
13262	66.31	-0.369298808276653	-0.16166161862202
13263	66.315	-0.371878152247518	-0.162951290607452
13264	66.32	-0.371878152247518	-0.16166161862202
13265	66.325	-0.371878152247518	-0.162951290607452
13266	66.33	-0.371878152247518	-0.16166161862202
13267	66.335	-0.371878152247518	-0.16166161862202
13268	66.34	-0.374457496218383	-0.16166161862202
13269	66.345	-0.369298808276653	-0.162951290607452
13270	66.35	-0.374457496218383	-0.162951290607452
13271	66.355	-0.371878152247518	-0.16166161862202
13272	66.36	-0.374457496218383	-0.162951290607452
13273	66.365	-0.377036840189248	-0.162951290607452
13274	66.37	-0.369298808276653	-0.162951290607452
13275	66.375	-0.365429792320356	-0.16166161862202
13276	66.38	-0.365429792320356	-0.16166161862202
13277	66.385	-0.366719464305788	-0.16166161862202
13278	66.39	-0.373167824232951	-0.162951290607452
13279	66.395	-0.384774872101843	-0.162951290607452
13280	66.4	-0.368009136291221	-0.162951290607452
13281	66.405	-0.371878152247518	-0.162951290607452
13282	66.41	-0.371878152247518	-0.16166161862202
13283	66.415	-0.375747168203816	-0.162951290607452
13284	66.42	-0.370588480262086	-0.16166161862202
13285	66.425	-0.375747168203816	-0.162951290607452
13286	66.43	-0.368009136291221	-0.162951290607452
13287	66.435	-0.366719464305788	-0.162951290607452
13288	66.44	-0.375747168203816	-0.162951290607452
13289	66.445	-0.368009136291221	-0.162951290607452
13290	66.45	-0.370588480262086	-0.162951290607452
13291	66.455	-0.370588480262086	-0.162951290607452
13292	66.46	-0.374457496218383	-0.162951290607452
13293	66.465	-0.371878152247518	-0.162951290607452
13294	66.47	-0.373167824232951	-0.162951290607452
13295	66.475	-0.362850448349491	-0.16166161862202
13296	66.48	-0.375747168203816	-0.162951290607452
13297	66.485	-0.368009136291221	-0.162951290607452
13298	66.49	-0.369298808276653	-0.16166161862202
13299	66.495	-0.374457496218383	-0.16166161862202
13300	66.5	-0.368009136291221	-0.162951290607452
13301	66.505	-0.373167824232951	-0.162951290607452
13302	66.51	-0.370588480262086	-0.162951290607452
13303	66.515	-0.371878152247518	-0.16166161862202
13304	66.52	-0.373167824232951	-0.16166161862202
13305	66.525	-0.371878152247518	-0.162951290607452
13306	66.53	-0.364140120334923	-0.16166161862202
13307	66.535	-0.368009136291221	-0.162951290607452
13308	66.54	-0.371878152247518	-0.162951290607452
13309	66.545	-0.377036840189248	-0.162951290607452
13310	66.55	-0.368009136291221	-0.162951290607452
13311	66.555	-0.371878152247518	-0.162951290607452
13312	66.56	-0.370588480262086	-0.162951290607452
13313	66.565	-0.369298808276653	-0.16166161862202
13314	66.57	-0.371878152247518	-0.162951290607452
13315	66.575	-0.375747168203816	-0.16166161862202
13316	66.58	-0.369298808276653	-0.162951290607452
13317	66.585	-0.365429792320356	-0.162951290607452
13318	66.59	-0.371878152247518	-0.16166161862202
13319	66.595	-0.368009136291221	-0.162951290607452
13320	66.6	-0.373167824232951	-0.162951290607452
13321	66.605	-0.369298808276653	-0.16166161862202
13322	66.61	-0.370588480262086	-0.162951290607452
13323	66.615	-0.369298808276653	-0.162951290607452
13324	66.62	-0.370588480262086	-0.162951290607452
13325	66.625	-0.371878152247518	-0.162951290607452
13326	66.63	-0.373167824232951	-0.162951290607452
13327	66.635	-0.375747168203816	-0.162951290607452
13328	66.64	-0.373167824232951	-0.162951290607452
13329	66.645	-0.371878152247518	-0.162951290607452
13330	66.65	-0.371878152247518	-0.162951290607452
13331	66.655	-0.371878152247518	-0.16166161862202
13332	66.66	-0.370588480262086	-0.162951290607452
13333	66.665	-0.370588480262086	-0.162951290607452
13334	66.67	-0.373167824232951	-0.162951290607452
13335	66.675	-0.369298808276653	-0.16166161862202
13336	66.68	-0.365429792320356	-0.162951290607452
13337	66.685	-0.366719464305788	-0.162951290607452
13338	66.69	-0.369298808276653	-0.162951290607452
13339	66.695	-0.371878152247518	-0.162951290607452
13340	66.7	-0.368009136291221	-0.16166161862202
13341	66.705	-0.375747168203816	-0.162951290607452
13342	66.71	-0.365429792320356	-0.16166161862202
13343	66.715	-0.375747168203816	-0.16166161862202
13344	66.72	-0.371878152247518	-0.162951290607452
13345	66.725	-0.375747168203816	-0.162951290607452
13346	66.73	-0.369298808276653	-0.16166161862202
13347	66.735	-0.373167824232951	-0.16166161862202
13348	66.74	-0.369298808276653	-0.162951290607452
13349	66.745	-0.369298808276653	-0.162951290607452
13350	66.75	-0.370588480262086	-0.162951290607452
13351	66.755	-0.366719464305788	-0.162951290607452
13352	66.76	-0.380905856145546	-0.162951290607452
13353	66.765	-0.377036840189248	-0.162951290607452
13354	66.77	-0.371878152247518	-0.162951290607452
13355	66.775	-0.370588480262086	-0.162951290607452
13356	66.78	-0.371878152247518	-0.162951290607452
13357	66.785	-0.369298808276653	-0.162951290607452
13358	66.79	-0.373167824232951	-0.162951290607452
13359	66.795	-0.370588480262086	-0.162951290607452
13360	66.8	-0.370588480262086	-0.162951290607452
13361	66.805	-0.364140120334923	-0.162951290607452
13362	66.81	-0.369298808276653	-0.162951290607452
13363	66.815	-0.370588480262086	-0.162951290607452
13364	66.82	-0.369298808276653	-0.162951290607452
13365	66.825	-0.373167824232951	-0.162951290607452
13366	66.83	-0.377036840189248	-0.16166161862202
13367	66.835	-0.373167824232951	-0.162951290607452
13368	66.84	-0.368009136291221	-0.162951290607452
13369	66.845	-0.366719464305788	-0.162951290607452
13370	66.85	-0.369298808276653	-0.16166161862202
13371	66.855	-0.377036840189248	-0.16166161862202
13372	66.86	-0.370588480262086	-0.162951290607452
13373	66.865	-0.373167824232951	-0.162951290607452
13374	66.87	-0.370588480262086	-0.16166161862202
13375	66.875	-0.378326512174681	-0.162951290607452
13376	66.88	-0.374457496218383	-0.16166161862202
13377	66.885	-0.368009136291221	-0.16166161862202
13378	66.89	-0.369298808276653	-0.162951290607452
13379	66.895	-0.371878152247518	-0.162951290607452
13380	66.9	-0.374457496218383	-0.162951290607452
13381	66.905	-0.373167824232951	-0.16166161862202
13382	66.91	-0.373167824232951	-0.162951290607452
13383	66.915	-0.370588480262086	-0.162951290607452
13384	66.92	-0.374457496218383	-0.162951290607452
13385	66.925	-0.365429792320356	-0.16166161862202
13386	66.93	-0.375747168203816	-0.162951290607452
13387	66.935	-0.373167824232951	-0.16166161862202
13388	66.94	-0.375747168203816	-0.162951290607452
13389	66.945	-0.374457496218383	-0.16166161862202
13390	66.95	-0.371878152247518	-0.162951290607452
13391	66.955	-0.369298808276653	-0.16166161862202
13392	66.96	-0.374457496218383	-0.16166161862202
13393	66.965	-0.374457496218383	-0.162951290607452
13394	66.97	-0.377036840189248	-0.162951290607452
13395	66.975	-0.374457496218383	-0.162951290607452
13396	66.98	-0.375747168203816	-0.16166161862202
13397	66.985	-0.366719464305788	-0.162951290607452
13398	66.99	-0.377036840189248	-0.162951290607452
13399	66.995	-0.375747168203816	-0.162951290607452
13400	67	-0.366719464305788	-0.162951290607452
13401	67.005	-0.368009136291221	-0.162951290607452
13402	67.01	-0.364140120334923	-0.16166161862202
13403	67.015	-0.377036840189248	-0.162951290607452
13404	67.02	-0.371878152247518	-0.162951290607452
13405	67.025	-0.366719464305788	-0.16166161862202
13406	67.03	-0.374457496218383	-0.162951290607452
13407	67.035	-0.375747168203816	-0.16166161862202
13408	67.04	-0.371878152247518	-0.162951290607452
13409	67.045	-0.377036840189248	-0.162951290607452
13410	67.05	-0.366719464305788	-0.162951290607452
13411	67.055	-0.366719464305788	-0.162951290607452
13412	67.06	-0.366719464305788	-0.16166161862202
13413	67.065	-0.373167824232951	-0.162951290607452
13414	67.07	-0.371878152247518	-0.162951290607452
13415	67.075	-0.365429792320356	-0.162951290607452
13416	67.08	-0.368009136291221	-0.16166161862202
13417	67.085	-0.375747168203816	-0.162951290607452
13418	67.09	-0.370588480262086	-0.16166161862202
13419	67.095	-0.374457496218383	-0.162951290607452
13420	67.1	-0.374457496218383	-0.162951290607452
13421	67.105	-0.371878152247518	-0.162951290607452
13422	67.11	-0.373167824232951	-0.162951290607452
13423	67.115	-0.371878152247518	-0.162951290607452
13424	67.12	-0.373167824232951	-0.162951290607452
13425	67.125	-0.373167824232951	-0.162951290607452
13426	67.13	-0.371878152247518	-0.162951290607452
13427	67.135	-0.361560776364058	-0.162951290607452
13428	67.14	-0.375747168203816	-0.16166161862202
13429	67.145	-0.370588480262086	-0.16166161862202
13430	67.15	-0.377036840189248	-0.162951290607452
13431	67.155	-0.377036840189248	-0.162951290607452
13432	67.16	-0.377036840189248	-0.16166161862202
13433	67.165	-0.368009136291221	-0.16166161862202
13434	67.17	-0.375747168203816	-0.162951290607452
13435	67.175	-0.375747168203816	-0.162951290607452
13436	67.18	-0.371878152247518	-0.16166161862202
13437	67.185	-0.368009136291221	-0.162951290607452
13438	67.19	-0.370588480262086	-0.162951290607452
13439	67.195	-0.373167824232951	-0.16166161862202
13440	67.2	-0.374457496218383	-0.162951290607452
13441	67.205	-0.371878152247518	-0.162951290607452
13442	67.21	-0.370588480262086	-0.162951290607452
13443	67.215	-0.375747168203816	-0.16166161862202
13444	67.22	-0.362850448349491	-0.162951290607452
13445	67.225	-0.374457496218383	-0.16166161862202
13446	67.23	-0.371878152247518	-0.162951290607452
13447	67.235	-0.369298808276653	-0.162951290607452
13448	67.24	-0.370588480262086	-0.162951290607452
13449	67.245	-0.377036840189248	-0.162951290607452
13450	67.25	-0.371878152247518	-0.162951290607452
13451	67.255	-0.373167824232951	-0.162951290607452
13452	67.26	-0.373167824232951	-0.162951290607452
13453	67.265	-0.375747168203816	-0.162951290607452
13454	67.27	-0.366719464305788	-0.162951290607452
13455	67.275	-0.379616184160113	-0.162951290607452
13456	67.28	-0.371878152247518	-0.162951290607452
13457	67.285	-0.371878152247518	-0.16166161862202
13458	67.29	-0.365429792320356	-0.162951290607452
13459	67.295	-0.368009136291221	-0.162951290607452
13460	67.3	-0.374457496218383	-0.162951290607452
13461	67.305	-0.374457496218383	-0.162951290607452
13462	67.31	-0.373167824232951	-0.162951290607452
13463	67.315	-0.378326512174681	-0.162951290607452
13464	67.32	-0.374457496218383	-0.162951290607452
13465	67.325	-0.377036840189248	-0.162951290607452
13466	67.33	-0.371878152247518	-0.16166161862202
13467	67.335	-0.371878152247518	-0.162951290607452
13468	67.34	-0.375747168203816	-0.162951290607452
13469	67.345	-0.374457496218383	-0.162951290607452
13470	67.35	-0.373167824232951	-0.162951290607452
13471	67.355	-0.371878152247518	-0.162951290607452
13472	67.36	-0.374457496218383	-0.16166161862202
13473	67.365	-0.379616184160113	-0.162951290607452
13474	67.37	-0.370588480262086	-0.162951290607452
13475	67.375	-0.380905856145546	-0.162951290607452
13476	67.38	-0.375747168203816	-0.16166161862202
13477	67.385	-0.368009136291221	-0.16166161862202
13478	67.39	-0.368009136291221	-0.162951290607452
13479	67.395	-0.368009136291221	-0.16166161862202
13480	67.4	-0.370588480262086	-0.162951290607452
13481	67.405	-0.371878152247518	-0.16166161862202
13482	67.41	-0.369298808276653	-0.162951290607452
13483	67.415	-0.368009136291221	-0.16166161862202
13484	67.42	-0.369298808276653	-0.162951290607452
13485	67.425	-0.370588480262086	-0.162951290607452
13486	67.43	-0.377036840189248	-0.16166161862202
13487	67.435	-0.375747168203816	-0.16166161862202
13488	67.44	-0.371878152247518	-0.16166161862202
13489	67.445	-0.368009136291221	-0.16166161862202
13490	67.45	-0.374457496218383	-0.162951290607452
13491	67.455	-0.370588480262086	-0.16166161862202
13492	67.46	-0.373167824232951	-0.16166161862202
13493	67.465	-0.374457496218383	-0.162951290607452
13494	67.47	-0.378326512174681	-0.162951290607452
13495	67.475	-0.370588480262086	-0.162951290607452
13496	67.48	-0.373167824232951	-0.162951290607452
13497	67.485	-0.368009136291221	-0.16166161862202
13498	67.49	-0.370588480262086	-0.162951290607452
13499	67.495	-0.374457496218383	-0.162951290607452
13500	67.5	-0.369298808276653	-0.162951290607452
13501	67.505	-0.364140120334923	-0.162951290607452
13502	67.51	-0.371878152247518	-0.162951290607452
13503	67.515	-0.374457496218383	-0.162951290607452
13504	67.52	-0.375747168203816	-0.16166161862202
13505	67.525	-0.369298808276653	-0.16166161862202
13506	67.53	-0.371878152247518	-0.162951290607452
13507	67.535	-0.365429792320356	-0.162951290607452
13508	67.54	-0.373167824232951	-0.162951290607452
13509	67.545	-0.369298808276653	-0.162951290607452
13510	67.55	-0.373167824232951	-0.16166161862202
13511	67.555	-0.374457496218383	-0.16166161862202
13512	67.56	-0.377036840189248	-0.162951290607452
13513	67.565	-0.378326512174681	-0.16166161862202
13514	67.57	-0.368009136291221	-0.16166161862202
13515	67.575	-0.373167824232951	-0.16166161862202
13516	67.58	-0.371878152247518	-0.16166161862202
13517	67.585	-0.371878152247518	-0.162951290607452
13518	67.59	-0.371878152247518	-0.162951290607452
13519	67.595	-0.374457496218383	-0.162951290607452
13520	67.6	-0.364140120334923	-0.162951290607452
13521	67.605	-0.375747168203816	-0.162951290607452
13522	67.61	-0.377036840189248	-0.162951290607452
13523	67.615	-0.377036840189248	-0.16166161862202
13524	67.62	-0.365429792320356	-0.162951290607452
13525	67.625	-0.369298808276653	-0.16166161862202
13526	67.63	-0.371878152247518	-0.16166161862202
13527	67.635	-0.378326512174681	-0.162951290607452
13528	67.64	-0.374457496218383	-0.16166161862202
13529	67.645	-0.369298808276653	-0.162951290607452
13530	67.65	-0.371878152247518	-0.16166161862202
13531	67.655	-0.369298808276653	-0.16166161862202
13532	67.66	-0.373167824232951	-0.16166161862202
13533	67.665	-0.373167824232951	-0.162951290607452
13534	67.67	-0.369298808276653	-0.162951290607452
13535	67.675	-0.370588480262086	-0.162951290607452
13536	67.68	-0.371878152247518	-0.162951290607452
13537	67.685	-0.373167824232951	-0.162951290607452
13538	67.69	-0.377036840189248	-0.162951290607452
13539	67.695	-0.366719464305788	-0.162951290607452
13540	67.7	-0.374457496218383	-0.162951290607452
13541	67.705	-0.378326512174681	-0.162951290607452
13542	67.71	-0.374457496218383	-0.16166161862202
13543	67.715	-0.370588480262086	-0.162951290607452
13544	67.72	-0.370588480262086	-0.162951290607452
13545	67.725	-0.371878152247518	-0.16166161862202
13546	67.73	-0.377036840189248	-0.16166161862202
13547	67.735	-0.374457496218383	-0.16166161862202
13548	67.74	-0.365429792320356	-0.16166161862202
13549	67.745	-0.373167824232951	-0.162951290607452
13550	67.75	-0.370588480262086	-0.16166161862202
13551	67.755	-0.377036840189248	-0.16166161862202
13552	67.76	-0.370588480262086	-0.162951290607452
13553	67.765	-0.371878152247518	-0.162951290607452
13554	67.77	-0.374457496218383	-0.162951290607452
13555	67.775	-0.373167824232951	-0.162951290607452
13556	67.78	-0.373167824232951	-0.162951290607452
13557	67.785	-0.368009136291221	-0.162951290607452
13558	67.79	-0.369298808276653	-0.162951290607452
13559	67.795	-0.375747168203816	-0.162951290607452
13560	67.8	-0.369298808276653	-0.16166161862202
13561	67.805	-0.371878152247518	-0.162951290607452
13562	67.81	-0.368009136291221	-0.162951290607452
13563	67.815	-0.377036840189248	-0.162951290607452
13564	67.82	-0.374457496218383	-0.162951290607452
13565	67.825	-0.371878152247518	-0.16166161862202
13566	67.83	-0.368009136291221	-0.16166161862202
13567	67.835	-0.370588480262086	-0.162951290607452
13568	67.84	-0.374457496218383	-0.16166161862202
13569	67.845	-0.366719464305788	-0.162951290607452
13570	67.85	-0.369298808276653	-0.162951290607452
13571	67.855	-0.366719464305788	-0.16166161862202
13572	67.86	-0.374457496218383	-0.162951290607452
13573	67.865	-0.373167824232951	-0.16166161862202
13574	67.87	-0.365429792320356	-0.162951290607452
13575	67.875	-0.374457496218383	-0.16166161862202
13576	67.88	-0.374457496218383	-0.162951290607452
13577	67.885	-0.374457496218383	-0.162951290607452
13578	67.89	-0.366719464305788	-0.162951290607452
13579	67.895	-0.373167824232951	-0.162951290607452
13580	67.9	-0.371878152247518	-0.162951290607452
13581	67.905	-0.369298808276653	-0.162951290607452
13582	67.91	-0.370588480262086	-0.162951290607452
13583	67.915	-0.374457496218383	-0.16166161862202
13584	67.92	-0.373167824232951	-0.162951290607452
13585	67.925	-0.368009136291221	-0.162951290607452
13586	67.93	-0.370588480262086	-0.16166161862202
13587	67.935	-0.371878152247518	-0.162951290607452
13588	67.94	-0.370588480262086	-0.16166161862202
13589	67.945	-0.369298808276653	-0.162951290607452
13590	67.95	-0.371878152247518	-0.162951290607452
13591	67.955	-0.379616184160113	-0.162951290607452
13592	67.96	-0.373167824232951	-0.16166161862202
13593	67.965	-0.371878152247518	-0.162951290607452
13594	67.97	-0.366719464305788	-0.16166161862202
13595	67.975	-0.370588480262086	-0.162951290607452
13596	67.98	-0.371878152247518	-0.162951290607452
13597	67.985	-0.371878152247518	-0.162951290607452
13598	67.99	-0.371878152247518	-0.162951290607452
13599	67.995	-0.378326512174681	-0.162951290607452
13600	68	-0.377036840189248	-0.16166161862202
13601	68.005	-0.377036840189248	-0.162951290607452
13602	68.01	-0.371878152247518	-0.162951290607452
13603	68.015	-0.370588480262086	-0.162951290607452
13604	68.02	-0.373167824232951	-0.162951290607452
13605	68.025	-0.366719464305788	-0.162951290607452
13606	68.03	-0.368009136291221	-0.162951290607452
13607	68.035	-0.373167824232951	-0.16166161862202
13608	68.04	-0.373167824232951	-0.162951290607452
13609	68.045	-0.370588480262086	-0.162951290607452
13610	68.05	-0.373167824232951	-0.16166161862202
13611	68.055	-0.378326512174681	-0.162951290607452
13612	68.06	-0.375747168203816	-0.16166161862202
13613	68.065	-0.366719464305788	-0.162951290607452
13614	68.07	-0.373167824232951	-0.162951290607452
13615	68.075	-0.377036840189248	-0.16166161862202
13616	68.08	-0.374457496218383	-0.162951290607452
13617	68.085	-0.369298808276653	-0.162951290607452
13618	68.09	-0.373167824232951	-0.162951290607452
13619	68.095	-0.377036840189248	-0.162951290607452
13620	68.1	-0.370588480262086	-0.162951290607452
13621	68.105	-0.377036840189248	-0.16166161862202
13622	68.11	-0.373167824232951	-0.16166161862202
13623	68.115	-0.373167824232951	-0.162951290607452
13624	68.12	-0.377036840189248	-0.162951290607452
13625	68.125	-0.370588480262086	-0.162951290607452
13626	68.13	-0.373167824232951	-0.162951290607452
13627	68.135	-0.377036840189248	-0.16166161862202
13628	68.14	-0.373167824232951	-0.162951290607452
13629	68.145	-0.378326512174681	-0.162951290607452
13630	68.15	-0.369298808276653	-0.162951290607452
13631	68.155	-0.370588480262086	-0.162951290607452
13632	68.16	-0.369298808276653	-0.162951290607452
13633	68.165	-0.369298808276653	-0.162951290607452
13634	68.17	-0.370588480262086	-0.162951290607452
13635	68.175	-0.369298808276653	-0.16166161862202
13636	68.18	-0.378326512174681	-0.162951290607452
13637	68.185	-0.369298808276653	-0.16166161862202
13638	68.19	-0.371878152247518	-0.162951290607452
13639	68.195	-0.373167824232951	-0.162951290607452
13640	68.2	-0.374457496218383	-0.16166161862202
13641	68.205	-0.373167824232951	-0.16166161862202
13642	68.21	-0.377036840189248	-0.16166161862202
13643	68.215	-0.370588480262086	-0.16166161862202
13644	68.22	-0.375747168203816	-0.16166161862202
13645	68.225	-0.369298808276653	-0.16166161862202
13646	68.23	-0.371878152247518	-0.162951290607452
13647	68.235	-0.374457496218383	-0.16166161862202
13648	68.24	-0.370588480262086	-0.162951290607452
13649	68.245	-0.374457496218383	-0.16166161862202
13650	68.25	-0.374457496218383	-0.16166161862202
13651	68.255	-0.368009136291221	-0.162951290607452
13652	68.26	-0.369298808276653	-0.16166161862202
13653	68.265	-0.368009136291221	-0.162951290607452
13654	68.27	-0.373167824232951	-0.162951290607452
13655	68.275	-0.382195528130978	-0.162951290607452
13656	68.28	-0.371878152247518	-0.162951290607452
13657	68.285	-0.373167824232951	-0.162951290607452
13658	68.29	-0.370588480262086	-0.16166161862202
13659	68.295	-0.375747168203816	-0.162951290607452
13660	68.3	-0.382195528130978	-0.162951290607452
13661	68.305	-0.377036840189248	-0.162951290607452
13662	68.31	-0.373167824232951	-0.162951290607452
13663	68.315	-0.364140120334923	-0.162951290607452
13664	68.32	-0.371878152247518	-0.16166161862202
13665	68.325	-0.370588480262086	-0.16166161862202
13666	68.33	-0.374457496218383	-0.16166161862202
13667	68.335	-0.373167824232951	-0.162951290607452
13668	68.34	-0.371878152247518	-0.16166161862202
13669	68.345	-0.371878152247518	-0.162951290607452
13670	68.35	-0.369298808276653	-0.162951290607452
13671	68.355	-0.371878152247518	-0.162951290607452
13672	68.36	-0.379616184160113	-0.162951290607452
13673	68.365	-0.371878152247518	-0.162951290607452
13674	68.37	-0.366719464305788	-0.162951290607452
13675	68.375	-0.369298808276653	-0.162951290607452
13676	68.38	-0.362850448349491	-0.16166161862202
13677	68.385	-0.370588480262086	-0.162951290607452
13678	68.39	-0.373167824232951	-0.16166161862202
13679	68.395	-0.371878152247518	-0.162951290607452
13680	68.4	-0.374457496218383	-0.162951290607452
13681	68.405	-0.366719464305788	-0.162951290607452
13682	68.41	-0.373167824232951	-0.162951290607452
13683	68.415	-0.371878152247518	-0.16166161862202
13684	68.42	-0.375747168203816	-0.162951290607452
13685	68.425	-0.373167824232951	-0.162951290607452
13686	68.43	-0.373167824232951	-0.162951290607452
13687	68.435	-0.378326512174681	-0.16166161862202
13688	68.44	-0.373167824232951	-0.162951290607452
13689	68.445	-0.371878152247518	-0.162951290607452
13690	68.45	-0.370588480262086	-0.16166161862202
13691	68.455	-0.370588480262086	-0.162951290607452
13692	68.46	-0.384774872101843	-0.162951290607452
13693	68.465	-0.374457496218383	-0.16166161862202
13694	68.47	-0.374457496218383	-0.162951290607452
13695	68.475	-0.373167824232951	-0.162951290607452
13696	68.48	-0.371878152247518	-0.16166161862202
13697	68.485	-0.370588480262086	-0.162951290607452
13698	68.49	-0.366719464305788	-0.16166161862202
13699	68.495	-0.373167824232951	-0.162951290607452
13700	68.5	-0.373167824232951	-0.162951290607452
13701	68.505	-0.371878152247518	-0.162951290607452
13702	68.51	-0.373167824232951	-0.16166161862202
13703	68.515	-0.369298808276653	-0.162951290607452
13704	68.52	-0.370588480262086	-0.162951290607452
13705	68.525	-0.371878152247518	-0.162951290607452
13706	68.53	-0.373167824232951	-0.162951290607452
13707	68.535	-0.373167824232951	-0.162951290607452
13708	68.54	-0.370588480262086	-0.162951290607452
13709	68.545	-0.377036840189248	-0.16166161862202
13710	68.55	-0.370588480262086	-0.162951290607452
13711	68.555	-0.366719464305788	-0.162951290607452
13712	68.56	-0.371878152247518	-0.162951290607452
13713	68.565	-0.371878152247518	-0.162951290607452
13714	68.57	-0.371878152247518	-0.162951290607452
13715	68.575	-0.362850448349491	-0.162951290607452
13716	68.58	-0.368009136291221	-0.16166161862202
13717	68.585	-0.368009136291221	-0.162951290607452
13718	68.59	-0.368009136291221	-0.162951290607452
13719	68.595	-0.378326512174681	-0.162951290607452
13720	68.6	-0.366719464305788	-0.162951290607452
13721	68.605	-0.364140120334923	-0.162951290607452
13722	68.61	-0.368009136291221	-0.162951290607452
13723	68.615	-0.375747168203816	-0.162951290607452
13724	68.62	-0.368009136291221	-0.162951290607452
13725	68.625	-0.375747168203816	-0.162951290607452
13726	68.63	-0.374457496218383	-0.162951290607452
13727	68.635	-0.371878152247518	-0.162951290607452
13728	68.64	-0.370588480262086	-0.162951290607452
13729	68.645	-0.370588480262086	-0.162951290607452
13730	68.65	-0.380905856145546	-0.162951290607452
13731	68.655	-0.368009136291221	-0.162951290607452
13732	68.66	-0.379616184160113	-0.162951290607452
13733	68.665	-0.368009136291221	-0.162951290607452
13734	68.67	-0.377036840189248	-0.162951290607452
13735	68.675	-0.373167824232951	-0.16166161862202
13736	68.68	-0.378326512174681	-0.162951290607452
13737	68.685	-0.377036840189248	-0.16166161862202
13738	68.69	-0.368009136291221	-0.162951290607452
13739	68.695	-0.374457496218383	-0.162951290607452
13740	68.7	-0.370588480262086	-0.162951290607452
13741	68.705	-0.371878152247518	-0.162951290607452
13742	68.71	-0.365429792320356	-0.162951290607452
13743	68.715	-0.371878152247518	-0.162951290607452
13744	68.72	-0.371878152247518	-0.162951290607452
13745	68.725	-0.365429792320356	-0.16166161862202
13746	68.73	-0.368009136291221	-0.162951290607452
13747	68.735	-0.375747168203816	-0.162951290607452
13748	68.74	-0.368009136291221	-0.162951290607452
13749	68.745	-0.371878152247518	-0.162951290607452
13750	68.75	-0.370588480262086	-0.162951290607452
13751	68.755	-0.371878152247518	-0.162951290607452
13752	68.76	-0.370588480262086	-0.162951290607452
13753	68.765	-0.371878152247518	-0.162951290607452
13754	68.77	-0.378326512174681	-0.162951290607452
13755	68.775	-0.378326512174681	-0.162951290607452
13756	68.78	-0.371878152247518	-0.162951290607452
13757	68.785	-0.369298808276653	-0.162951290607452
13758	68.79	-0.375747168203816	-0.162951290607452
13759	68.795	-0.373167824232951	-0.162951290607452
13760	68.8	-0.370588480262086	-0.162951290607452
13761	68.805	-0.371878152247518	-0.162951290607452
13762	68.81	-0.379616184160113	-0.162951290607452
13763	68.815	-0.378326512174681	-0.162951290607452
13764	68.82	-0.374457496218383	-0.16166161862202
13765	68.825	-0.370588480262086	-0.162951290607452
13766	68.83	-0.365429792320356	-0.162951290607452
13767	68.835	-0.366719464305788	-0.162951290607452
13768	68.84	-0.375747168203816	-0.162951290607452
13769	68.845	-0.371878152247518	-0.162951290607452
13770	68.85	-0.375747168203816	-0.162951290607452
13771	68.855	-0.371878152247518	-0.162951290607452
13772	68.86	-0.373167824232951	-0.162951290607452
13773	68.865	-0.378326512174681	-0.162951290607452
13774	68.87	-0.374457496218383	-0.162951290607452
13775	68.875	-0.377036840189248	-0.162951290607452
13776	68.88	-0.365429792320356	-0.162951290607452
13777	68.885	-0.370588480262086	-0.162951290607452
13778	68.89	-0.370588480262086	-0.162951290607452
13779	68.895	-0.371878152247518	-0.16166161862202
13780	68.9	-0.365429792320356	-0.162951290607452
13781	68.905	-0.369298808276653	-0.162951290607452
13782	68.91	-0.369298808276653	-0.162951290607452
13783	68.915	-0.375747168203816	-0.162951290607452
13784	68.92	-0.373167824232951	-0.162951290607452
13785	68.925	-0.368009136291221	-0.162951290607452
13786	68.93	-0.371878152247518	-0.16166161862202
13787	68.935	-0.378326512174681	-0.162951290607452
13788	68.94	-0.373167824232951	-0.162951290607452
13789	68.945	-0.370588480262086	-0.162951290607452
13790	68.95	-0.366719464305788	-0.16166161862202
13791	68.955	-0.366719464305788	-0.162951290607452
13792	68.96	-0.371878152247518	-0.16166161862202
13793	68.965	-0.375747168203816	-0.162951290607452
13794	68.97	-0.368009136291221	-0.162951290607452
13795	68.975	-0.373167824232951	-0.162951290607452
13796	68.98	-0.370588480262086	-0.162951290607452
13797	68.985	-0.373167824232951	-0.162951290607452
13798	68.99	-0.369298808276653	-0.162951290607452
13799	68.995	-0.378326512174681	-0.162951290607452
13800	69	-0.370588480262086	-0.16166161862202
13801	69.005	-0.369298808276653	-0.162951290607452
13802	69.01	-0.366719464305788	-0.16166161862202
13803	69.015	-0.374457496218383	-0.162951290607452
13804	69.02	-0.374457496218383	-0.162951290607452
13805	69.025	-0.366719464305788	-0.162951290607452
13806	69.03	-0.366719464305788	-0.162951290607452
13807	69.035	-0.375747168203816	-0.162951290607452
13808	69.04	-0.371878152247518	-0.162951290607452
13809	69.045	-0.362850448349491	-0.162951290607452
13810	69.05	-0.374457496218383	-0.162951290607452
13811	69.055	-0.369298808276653	-0.162951290607452
13812	69.06	-0.371878152247518	-0.162951290607452
13813	69.065	-0.369298808276653	-0.162951290607452
13814	69.07	-0.373167824232951	-0.162951290607452
13815	69.075	-0.371878152247518	-0.162951290607452
13816	69.08	-0.368009136291221	-0.16166161862202
13817	69.085	-0.374457496218383	-0.162951290607452
13818	69.09	-0.370588480262086	-0.162951290607452
13819	69.095	-0.370588480262086	-0.162951290607452
13820	69.1	-0.366719464305788	-0.162951290607452
13821	69.105	-0.369298808276653	-0.162951290607452
13822	69.11	-0.364140120334923	-0.162951290607452
13823	69.115	-0.373167824232951	-0.162951290607452
13824	69.12	-0.370588480262086	-0.162951290607452
13825	69.125	-0.365429792320356	-0.16166161862202
13826	69.13	-0.370588480262086	-0.162951290607452
13827	69.135	-0.369298808276653	-0.162951290607452
13828	69.14	-0.373167824232951	-0.162951290607452
13829	69.145	-0.365429792320356	-0.162951290607452
13830	69.15	-0.374457496218383	-0.162951290607452
13831	69.155	-0.370588480262086	-0.162951290607452
13832	69.16	-0.366719464305788	-0.162951290607452
13833	69.165	-0.364140120334923	-0.162951290607452
13834	69.17	-0.365429792320356	-0.162951290607452
13835	69.175	-0.374457496218383	-0.162951290607452
13836	69.18	-0.379616184160113	-0.162951290607452
13837	69.185	-0.369298808276653	-0.16166161862202
13838	69.19	-0.369298808276653	-0.162951290607452
13839	69.195	-0.371878152247518	-0.162951290607452
13840	69.2	-0.364140120334923	-0.162951290607452
13841	69.205	-0.368009136291221	-0.162951290607452
13842	69.21	-0.371878152247518	-0.162951290607452
13843	69.215	-0.374457496218383	-0.162951290607452
13844	69.22	-0.368009136291221	-0.162951290607452
13845	69.225	-0.370588480262086	-0.162951290607452
13846	69.23	-0.370588480262086	-0.162951290607452
13847	69.235	-0.369298808276653	-0.162951290607452
13848	69.24	-0.364140120334923	-0.162951290607452
13849	69.245	-0.366719464305788	-0.162951290607452
13850	69.25	-0.371878152247518	-0.162951290607452
13851	69.255	-0.366719464305788	-0.16166161862202
13852	69.26	-0.378326512174681	-0.162951290607452
13853	69.265	-0.369298808276653	-0.162951290607452
13854	69.27	-0.368009136291221	-0.16166161862202
13855	69.275	-0.371878152247518	-0.162951290607452
13856	69.28	-0.371878152247518	-0.162951290607452
13857	69.285	-0.361560776364058	-0.162951290607452
13858	69.29	-0.370588480262086	-0.162951290607452
13859	69.295	-0.365429792320356	-0.162951290607452
13860	69.3	-0.374457496218383	-0.162951290607452
13861	69.305	-0.373167824232951	-0.162951290607452
13862	69.31	-0.369298808276653	-0.162951290607452
13863	69.315	-0.374457496218383	-0.162951290607452
13864	69.32	-0.373167824232951	-0.162951290607452
13865	69.325	-0.362850448349491	-0.162951290607452
13866	69.33	-0.371878152247518	-0.162951290607452
13867	69.335	-0.369298808276653	-0.162951290607452
13868	69.34	-0.370588480262086	-0.162951290607452
13869	69.345	-0.371878152247518	-0.162951290607452
13870	69.35	-0.373167824232951	-0.162951290607452
13871	69.355	-0.368009136291221	-0.162951290607452
13872	69.36	-0.370588480262086	-0.162951290607452
13873	69.365	-0.370588480262086	-0.162951290607452
13874	69.37	-0.370588480262086	-0.162951290607452
13875	69.375	-0.377036840189248	-0.162951290607452
13876	69.38	-0.369298808276653	-0.162951290607452
13877	69.385	-0.373167824232951	-0.16166161862202
13878	69.39	-0.371878152247518	-0.162951290607452
13879	69.395	-0.366719464305788	-0.16166161862202
13880	69.4	-0.371878152247518	-0.162951290607452
13881	69.405	-0.369298808276653	-0.162951290607452
13882	69.41	-0.370588480262086	-0.162951290607452
13883	69.415	-0.370588480262086	-0.162951290607452
13884	69.42	-0.374457496218383	-0.162951290607452
13885	69.425	-0.362850448349491	-0.162951290607452
13886	69.43	-0.366719464305788	-0.162951290607452
13887	69.435	-0.373167824232951	-0.162951290607452
13888	69.44	-0.368009136291221	-0.162951290607452
13889	69.445	-0.366719464305788	-0.162951290607452
13890	69.45	-0.370588480262086	-0.162951290607452
13891	69.455	-0.371878152247518	-0.162951290607452
13892	69.46	-0.373167824232951	-0.162951290607452
13893	69.465	-0.371878152247518	-0.16166161862202
13894	69.47	-0.370588480262086	-0.162951290607452
13895	69.475	-0.373167824232951	-0.162951290607452
13896	69.48	-0.375747168203816	-0.162951290607452
13897	69.485	-0.362850448349491	-0.162951290607452
13898	69.49	-0.371878152247518	-0.162951290607452
13899	69.495	-0.370588480262086	-0.162951290607452
13900	69.5	-0.366719464305788	-0.162951290607452
13901	69.505	-0.371878152247518	-0.162951290607452
13902	69.51	-0.364140120334923	-0.162951290607452
13903	69.515	-0.362850448349491	-0.162951290607452
13904	69.52	-0.370588480262086	-0.162951290607452
13905	69.525	-0.371878152247518	-0.162951290607452
13906	69.53	-0.369298808276653	-0.162951290607452
13907	69.535	-0.365429792320356	-0.162951290607452
13908	69.54	-0.369298808276653	-0.162951290607452
13909	69.545	-0.366719464305788	-0.162951290607452
13910	69.55	-0.366719464305788	-0.162951290607452
13911	69.555	-0.373167824232951	-0.162951290607452
13912	69.56	-0.371878152247518	-0.162951290607452
13913	69.565	-0.364140120334923	-0.162951290607452
13914	69.57	-0.362850448349491	-0.162951290607452
13915	69.575	-0.368009136291221	-0.162951290607452
13916	69.58	-0.365429792320356	-0.162951290607452
13917	69.585	-0.375747168203816	-0.162951290607452
13918	69.59	-0.368009136291221	-0.162951290607452
13919	69.595	-0.366719464305788	-0.162951290607452
13920	69.6	-0.366719464305788	-0.162951290607452
13921	69.605	-0.368009136291221	-0.16166161862202
13922	69.61	-0.362850448349491	-0.162951290607452
13923	69.615	-0.369298808276653	-0.16166161862202
13924	69.62	-0.368009136291221	-0.162951290607452
13925	69.625	-0.375747168203816	-0.162951290607452
13926	69.63	-0.364140120334923	-0.162951290607452
13927	69.635	-0.377036840189248	-0.16166161862202
13928	69.64	-0.368009136291221	-0.162951290607452
13929	69.645	-0.366719464305788	-0.162951290607452
13930	69.65	-0.370588480262086	-0.162951290607452
13931	69.655	-0.369298808276653	-0.162951290607452
13932	69.66	-0.370588480262086	-0.162951290607452
13933	69.665	-0.366719464305788	-0.162951290607452
13934	69.67	-0.366719464305788	-0.162951290607452
13935	69.675	-0.366719464305788	-0.162951290607452
13936	69.68	-0.371878152247518	-0.162951290607452
13937	69.685	-0.366719464305788	-0.162951290607452
13938	69.69	-0.373167824232951	-0.162951290607452
13939	69.695	-0.369298808276653	-0.162951290607452
13940	69.7	-0.369298808276653	-0.162951290607452
13941	69.705	-0.370588480262086	-0.162951290607452
13942	69.71	-0.370588480262086	-0.162951290607452
13943	69.715	-0.368009136291221	-0.162951290607452
13944	69.72	-0.375747168203816	-0.162951290607452
13945	69.725	-0.370588480262086	-0.162951290607452
13946	69.73	-0.368009136291221	-0.162951290607452
13947	69.735	-0.366719464305788	-0.162951290607452
13948	69.74	-0.371878152247518	-0.162951290607452
13949	69.745	-0.370588480262086	-0.162951290607452
13950	69.75	-0.365429792320356	-0.162951290607452
13951	69.755	-0.368009136291221	-0.162951290607452
13952	69.76	-0.365429792320356	-0.162951290607452
13953	69.765	-0.368009136291221	-0.162951290607452
13954	69.77	-0.364140120334923	-0.162951290607452
13955	69.775	-0.366719464305788	-0.162951290607452
13956	69.78	-0.365429792320356	-0.162951290607452
13957	69.785	-0.368009136291221	-0.162951290607452
13958	69.79	-0.370588480262086	-0.162951290607452
13959	69.795	-0.366719464305788	-0.162951290607452
13960	69.8	-0.369298808276653	-0.162951290607452
13961	69.805	-0.370588480262086	-0.162951290607452
13962	69.81	-0.368009136291221	-0.162951290607452
13963	69.815	-0.373167824232951	-0.162951290607452
13964	69.82	-0.369298808276653	-0.162951290607452
13965	69.825	-0.368009136291221	-0.162951290607452
13966	69.83	-0.369298808276653	-0.162951290607452
13967	69.835	-0.369298808276653	-0.162951290607452
13968	69.84	-0.366719464305788	-0.162951290607452
13969	69.845	-0.365429792320356	-0.162951290607452
13970	69.85	-0.370588480262086	-0.162951290607452
13971	69.855	-0.365429792320356	-0.162951290607452
13972	69.86	-0.369298808276653	-0.162951290607452
13973	69.865	-0.366719464305788	-0.162951290607452
13974	69.87	-0.368009136291221	-0.162951290607452
13975	69.875	-0.362850448349491	-0.162951290607452
13976	69.88	-0.364140120334923	-0.162951290607452
13977	69.885	-0.362850448349491	-0.162951290607452
13978	69.89	-0.366719464305788	-0.162951290607452
13979	69.895	-0.370588480262086	-0.162951290607452
13980	69.9	-0.365429792320356	-0.162951290607452
13981	69.905	-0.368009136291221	-0.162951290607452
13982	69.91	-0.373167824232951	-0.162951290607452
13983	69.915	-0.368009136291221	-0.162951290607452
13984	69.92	-0.370588480262086	-0.162951290607452
13985	69.925	-0.364140120334923	-0.162951290607452
13986	69.93	-0.366719464305788	-0.16166161862202
13987	69.935	-0.368009136291221	-0.162951290607452
13988	69.94	-0.364140120334923	-0.162951290607452
13989	69.945	-0.362850448349491	-0.162951290607452
13990	69.95	-0.368009136291221	-0.162951290607452
13991	69.955	-0.371878152247518	-0.162951290607452
13992	69.96	-0.366719464305788	-0.162951290607452
13993	69.965	-0.362850448349491	-0.162951290607452
13994	69.97	-0.362850448349491	-0.162951290607452
13995	69.975	-0.370588480262086	-0.162951290607452
13996	69.98	-0.373167824232951	-0.162951290607452
13997	69.985	-0.364140120334923	-0.162951290607452
13998	69.99	-0.360271104378626	-0.16166161862202
13999	69.995	-0.370588480262086	-0.162951290607452
14000	70	-0.370588480262086	-0.162951290607452
14001	70.005	-0.368009136291221	-0.16166161862202
14002	70.01	-0.370588480262086	-0.162951290607452
14003	70.015	-0.364140120334923	-0.162951290607452
14004	70.02	-0.361560776364058	-0.162951290607452
14005	70.025	-0.371878152247518	-0.162951290607452
14006	70.03	-0.370588480262086	-0.162951290607452
14007	70.035	-0.365429792320356	-0.162951290607452
14008	70.04	-0.371878152247518	-0.162951290607452
14009	70.045	-0.370588480262086	-0.162951290607452
14010	70.05	-0.368009136291221	-0.162951290607452
14011	70.055	-0.378326512174681	-0.162951290607452
14012	70.06	-0.370588480262086	-0.162951290607452
14013	70.065	-0.370588480262086	-0.162951290607452
14014	70.07	-0.369298808276653	-0.16166161862202
14015	70.075	-0.370588480262086	-0.162951290607452
14016	70.08	-0.369298808276653	-0.162951290607452
14017	70.085	-0.368009136291221	-0.162951290607452
14018	70.09	-0.369298808276653	-0.162951290607452
14019	70.095	-0.364140120334923	-0.162951290607452
14020	70.1	-0.369298808276653	-0.16166161862202
14021	70.105	-0.371878152247518	-0.162951290607452
14022	70.11	-0.369298808276653	-0.162951290607452
14023	70.115	-0.368009136291221	-0.162951290607452
14024	70.12	-0.378326512174681	-0.162951290607452
14025	70.125	-0.370588480262086	-0.162951290607452
14026	70.13	-0.366719464305788	-0.162951290607452
14027	70.135	-0.371878152247518	-0.16166161862202
14028	70.14	-0.370588480262086	-0.162951290607452
14029	70.145	-0.370588480262086	-0.162951290607452
14030	70.15	-0.370588480262086	-0.162951290607452
14031	70.155	-0.370588480262086	-0.162951290607452
14032	70.16	-0.369298808276653	-0.16166161862202
14033	70.165	-0.369298808276653	-0.162951290607452
14034	70.17	-0.371878152247518	-0.162951290607452
14035	70.175	-0.371878152247518	-0.162951290607452
14036	70.18	-0.369298808276653	-0.16166161862202
14037	70.185	-0.365429792320356	-0.162951290607452
14038	70.19	-0.370588480262086	-0.162951290607452
14039	70.195	-0.369298808276653	-0.162951290607452
14040	70.2	-0.371878152247518	-0.162951290607452
14041	70.205	-0.371878152247518	-0.162951290607452
14042	70.21	-0.373167824232951	-0.162951290607452
14043	70.215	-0.373167824232951	-0.162951290607452
14044	70.22	-0.370588480262086	-0.16166161862202
14045	70.225	-0.368009136291221	-0.16166161862202
14046	70.23	-0.369298808276653	-0.162951290607452
14047	70.235	-0.375747168203816	-0.162951290607452
14048	70.24	-0.379616184160113	-0.162951290607452
14049	70.245	-0.364140120334923	-0.162951290607452
14050	70.25	-0.364140120334923	-0.162951290607452
14051	70.255	-0.377036840189248	-0.162951290607452
14052	70.26	-0.377036840189248	-0.162951290607452
14053	70.265	-0.365429792320356	-0.162951290607452
14054	70.27	-0.373167824232951	-0.162951290607452
14055	70.275	-0.366719464305788	-0.162951290607452
14056	70.28	-0.374457496218383	-0.162951290607452
14057	70.285	-0.373167824232951	-0.162951290607452
14058	70.29	-0.370588480262086	-0.162951290607452
14059	70.295	-0.371878152247518	-0.162951290607452
14060	70.3	-0.370588480262086	-0.16166161862202
14061	70.305	-0.366719464305788	-0.162951290607452
14062	70.31	-0.370588480262086	-0.162951290607452
14063	70.315	-0.377036840189248	-0.162951290607452
14064	70.32	-0.374457496218383	-0.162951290607452
14065	70.325	-0.370588480262086	-0.162951290607452
14066	70.33	-0.368009136291221	-0.162951290607452
14067	70.335	-0.366719464305788	-0.162951290607452
14068	70.34	-0.364140120334923	-0.162951290607452
14069	70.345	-0.364140120334923	-0.16166161862202
14070	70.35	-0.371878152247518	-0.162951290607452
14071	70.355	-0.370588480262086	-0.162951290607452
14072	70.36	-0.370588480262086	-0.162951290607452
14073	70.365	-0.369298808276653	-0.162951290607452
14074	70.37	-0.366719464305788	-0.162951290607452
14075	70.375	-0.371878152247518	-0.162951290607452
14076	70.38	-0.365429792320356	-0.162951290607452
14077	70.385	-0.366719464305788	-0.16166161862202
14078	70.39	-0.374457496218383	-0.162951290607452
14079	70.395	-0.370588480262086	-0.16166161862202
14080	70.4	-0.366719464305788	-0.162951290607452
14081	70.405	-0.373167824232951	-0.162951290607452
14082	70.41	-0.377036840189248	-0.162951290607452
14083	70.415	-0.374457496218383	-0.162951290607452
14084	70.42	-0.369298808276653	-0.162951290607452
14085	70.425	-0.368009136291221	-0.16166161862202
14086	70.43	-0.370588480262086	-0.162951290607452
14087	70.435	-0.368009136291221	-0.162951290607452
14088	70.44	-0.373167824232951	-0.162951290607452
14089	70.445	-0.375747168203816	-0.162951290607452
14090	70.45	-0.374457496218383	-0.162951290607452
14091	70.455	-0.373167824232951	-0.162951290607452
14092	70.46	-0.370588480262086	-0.162951290607452
14093	70.465	-0.364140120334923	-0.16166161862202
14094	70.47	-0.368009136291221	-0.162951290607452
14095	70.475	-0.373167824232951	-0.162951290607452
14096	70.48	-0.373167824232951	-0.16166161862202
14097	70.485	-0.380905856145546	-0.162951290607452
14098	70.49	-0.373167824232951	-0.162951290607452
14099	70.495	-0.373167824232951	-0.162951290607452
14100	70.5	-0.371878152247518	-0.16166161862202
14101	70.505	-0.370588480262086	-0.16166161862202
14102	70.51	-0.370588480262086	-0.162951290607452
14103	70.515	-0.364140120334923	-0.16166161862202
14104	70.52	-0.365429792320356	-0.16166161862202
14105	70.525	-0.368009136291221	-0.162951290607452
14106	70.53	-0.366719464305788	-0.162951290607452
14107	70.535	-0.368009136291221	-0.162951290607452
14108	70.54	-0.369298808276653	-0.162951290607452
14109	70.545	-0.373167824232951	-0.16166161862202
14110	70.55	-0.373167824232951	-0.162951290607452
14111	70.555	-0.375747168203816	-0.162951290607452
14112	70.56	-0.374457496218383	-0.162951290607452
14113	70.565	-0.368009136291221	-0.162951290607452
14114	70.57	-0.366719464305788	-0.16166161862202
14115	70.575	-0.378326512174681	-0.162951290607452
14116	70.58	-0.371878152247518	-0.162951290607452
14117	70.585	-0.365429792320356	-0.162951290607452
14118	70.59	-0.369298808276653	-0.162951290607452
14119	70.595	-0.373167824232951	-0.162951290607452
14120	70.6	-0.370588480262086	-0.162951290607452
14121	70.605	-0.368009136291221	-0.162951290607452
14122	70.61	-0.369298808276653	-0.162951290607452
14123	70.615	-0.374457496218383	-0.16166161862202
14124	70.62	-0.369298808276653	-0.162951290607452
14125	70.625	-0.373167824232951	-0.162951290607452
14126	70.63	-0.370588480262086	-0.16166161862202
14127	70.635	-0.378326512174681	-0.162951290607452
14128	70.64	-0.371878152247518	-0.162951290607452
14129	70.645	-0.366719464305788	-0.162951290607452
14130	70.65	-0.368009136291221	-0.162951290607452
14131	70.655	-0.365429792320356	-0.162951290607452
14132	70.66	-0.368009136291221	-0.16166161862202
14133	70.665	-0.369298808276653	-0.162951290607452
14134	70.67	-0.370588480262086	-0.162951290607452
14135	70.675	-0.369298808276653	-0.162951290607452
14136	70.68	-0.377036840189248	-0.162951290607452
14137	70.685	-0.370588480262086	-0.162951290607452
14138	70.69	-0.378326512174681	-0.162951290607452
14139	70.695	-0.368009136291221	-0.162951290607452
14140	70.7	-0.375747168203816	-0.162951290607452
14141	70.705	-0.369298808276653	-0.16166161862202
14142	70.71	-0.370588480262086	-0.162951290607452
14143	70.715	-0.375747168203816	-0.162951290607452
14144	70.72	-0.368009136291221	-0.162951290607452
14145	70.725	-0.373167824232951	-0.162951290607452
14146	70.73	-0.368009136291221	-0.162951290607452
14147	70.735	-0.368009136291221	-0.162951290607452
14148	70.74	-0.377036840189248	-0.162951290607452
14149	70.745	-0.369298808276653	-0.162951290607452
14150	70.75	-0.365429792320356	-0.162951290607452
14151	70.755	-0.374457496218383	-0.162951290607452
14152	70.76	-0.366719464305788	-0.162951290607452
14153	70.765	-0.371878152247518	-0.162951290607452
14154	70.77	-0.369298808276653	-0.162951290607452
14155	70.775	-0.373167824232951	-0.162951290607452
14156	70.78	-0.374457496218383	-0.162951290607452
14157	70.785	-0.366719464305788	-0.162951290607452
14158	70.79	-0.369298808276653	-0.162951290607452
14159	70.795	-0.375747168203816	-0.162951290607452
14160	70.8	-0.373167824232951	-0.162951290607452
14161	70.805	-0.365429792320356	-0.162951290607452
14162	70.81	-0.373167824232951	-0.162951290607452
14163	70.815	-0.369298808276653	-0.162951290607452
14164	70.82	-0.370588480262086	-0.162951290607452
14165	70.825	-0.369298808276653	-0.162951290607452
14166	70.83	-0.369298808276653	-0.162951290607452
14167	70.835	-0.369298808276653	-0.162951290607452
14168	70.84	-0.371878152247518	-0.162951290607452
14169	70.845	-0.370588480262086	-0.162951290607452
14170	70.85	-0.373167824232951	-0.162951290607452
14171	70.855	-0.378326512174681	-0.16166161862202
14172	70.86	-0.369298808276653	-0.162951290607452
14173	70.865	-0.365429792320356	-0.162951290607452
14174	70.87	-0.371878152247518	-0.16166161862202
14175	70.875	-0.375747168203816	-0.162951290607452
14176	70.88	-0.373167824232951	-0.162951290607452
14177	70.885	-0.369298808276653	-0.162951290607452
14178	70.89	-0.369298808276653	-0.162951290607452
14179	70.895	-0.371878152247518	-0.162951290607452
14180	70.9	-0.368009136291221	-0.162951290607452
14181	70.905	-0.369298808276653	-0.162951290607452
14182	70.91	-0.373167824232951	-0.162951290607452
14183	70.915	-0.374457496218383	-0.162951290607452
14184	70.92	-0.369298808276653	-0.162951290607452
14185	70.925	-0.368009136291221	-0.162951290607452
14186	70.93	-0.373167824232951	-0.162951290607452
14187	70.935	-0.370588480262086	-0.162951290607452
14188	70.94	-0.374457496218383	-0.162951290607452
14189	70.945	-0.365429792320356	-0.162951290607452
14190	70.95	-0.369298808276653	-0.162951290607452
14191	70.955	-0.375747168203816	-0.162951290607452
14192	70.96	-0.371878152247518	-0.162951290607452
14193	70.965	-0.377036840189248	-0.162951290607452
14194	70.97	-0.369298808276653	-0.162951290607452
14195	70.975	-0.364140120334923	-0.162951290607452
14196	70.98	-0.371878152247518	-0.162951290607452
14197	70.985	-0.370588480262086	-0.162951290607452
14198	70.99	-0.362850448349491	-0.162951290607452
14199	70.995	-0.368009136291221	-0.162951290607452
14200	71	-0.369298808276653	-0.162951290607452
14201	71.005	-0.370588480262086	-0.162951290607452
14202	71.01	-0.368009136291221	-0.162951290607452
14203	71.015	-0.373167824232951	-0.162951290607452
14204	71.02	-0.375747168203816	-0.16166161862202
14205	71.025	-0.370588480262086	-0.162951290607452
14206	71.03	-0.369298808276653	-0.162951290607452
14207	71.035	-0.368009136291221	-0.162951290607452
14208	71.04	-0.373167824232951	-0.162951290607452
14209	71.045	-0.370588480262086	-0.162951290607452
14210	71.05	-0.361560776364058	-0.162951290607452
14211	71.055	-0.373167824232951	-0.162951290607452
14212	71.06	-0.371878152247518	-0.162951290607452
14213	71.065	-0.370588480262086	-0.162951290607452
14214	71.07	-0.373167824232951	-0.162951290607452
14215	71.075	-0.370588480262086	-0.162951290607452
14216	71.08	-0.370588480262086	-0.162951290607452
14217	71.085	-0.368009136291221	-0.162951290607452
14218	71.09	-0.373167824232951	-0.162951290607452
14219	71.095	-0.364140120334923	-0.162951290607452
14220	71.1	-0.373167824232951	-0.162951290607452
14221	71.105	-0.370588480262086	-0.162951290607452
14222	71.11	-0.368009136291221	-0.162951290607452
14223	71.115	-0.375747168203816	-0.162951290607452
14224	71.12	-0.375747168203816	-0.162951290607452
14225	71.125	-0.365429792320356	-0.162951290607452
14226	71.13	-0.368009136291221	-0.16166161862202
14227	71.135	-0.369298808276653	-0.162951290607452
14228	71.14	-0.370588480262086	-0.162951290607452
14229	71.145	-0.370588480262086	-0.162951290607452
14230	71.15	-0.373167824232951	-0.162951290607452
14231	71.155	-0.373167824232951	-0.162951290607452
14232	71.16	-0.370588480262086	-0.162951290607452
14233	71.165	-0.365429792320356	-0.162951290607452
14234	71.17	-0.373167824232951	-0.162951290607452
14235	71.175	-0.370588480262086	-0.162951290607452
14236	71.18	-0.366719464305788	-0.162951290607452
14237	71.185	-0.368009136291221	-0.162951290607452
14238	71.19	-0.366719464305788	-0.162951290607452
14239	71.195	-0.369298808276653	-0.162951290607452
14240	71.2	-0.373167824232951	-0.162951290607452
14241	71.205	-0.370588480262086	-0.16166161862202
14242	71.21	-0.373167824232951	-0.162951290607452
14243	71.215	-0.370588480262086	-0.162951290607452
14244	71.22	-0.371878152247518	-0.162951290607452
14245	71.225	-0.368009136291221	-0.162951290607452
14246	71.23	-0.371878152247518	-0.162951290607452
14247	71.235	-0.370588480262086	-0.162951290607452
14248	71.24	-0.366719464305788	-0.162951290607452
14249	71.245	-0.366719464305788	-0.162951290607452
14250	71.25	-0.371878152247518	-0.162951290607452
14251	71.255	-0.369298808276653	-0.162951290607452
14252	71.26	-0.370588480262086	-0.162951290607452
14253	71.265	-0.374457496218383	-0.162951290607452
14254	71.27	-0.365429792320356	-0.16166161862202
14255	71.275	-0.369298808276653	-0.162951290607452
14256	71.28	-0.366719464305788	-0.162951290607452
14257	71.285	-0.371878152247518	-0.162951290607452
14258	71.29	-0.368009136291221	-0.162951290607452
14259	71.295	-0.371878152247518	-0.162951290607452
14260	71.3	-0.370588480262086	-0.162951290607452
14261	71.305	-0.365429792320356	-0.162951290607452
14262	71.31	-0.364140120334923	-0.162951290607452
14263	71.315	-0.375747168203816	-0.162951290607452
14264	71.32	-0.369298808276653	-0.162951290607452
14265	71.325	-0.368009136291221	-0.162951290607452
14266	71.33	-0.369298808276653	-0.162951290607452
14267	71.335	-0.366719464305788	-0.162951290607452
14268	71.34	-0.370588480262086	-0.162951290607452
14269	71.345	-0.366719464305788	-0.162951290607452
14270	71.35	-0.369298808276653	-0.162951290607452
14271	71.355	-0.365429792320356	-0.162951290607452
14272	71.36	-0.365429792320356	-0.162951290607452
14273	71.365	-0.369298808276653	-0.162951290607452
14274	71.37	-0.365429792320356	-0.162951290607452
14275	71.375	-0.371878152247518	-0.162951290607452
14276	71.38	-0.371878152247518	-0.16166161862202
14277	71.385	-0.364140120334923	-0.162951290607452
14278	71.39	-0.370588480262086	-0.162951290607452
14279	71.395	-0.370588480262086	-0.162951290607452
14280	71.4	-0.370588480262086	-0.162951290607452
14281	71.405	-0.365429792320356	-0.162951290607452
14282	71.41	-0.373167824232951	-0.162951290607452
14283	71.415	-0.368009136291221	-0.162951290607452
14284	71.42	-0.370588480262086	-0.16166161862202
14285	71.425	-0.369298808276653	-0.162951290607452
14286	71.43	-0.370588480262086	-0.162951290607452
14287	71.435	-0.378326512174681	-0.162951290607452
14288	71.44	-0.375747168203816	-0.162951290607452
14289	71.445	-0.368009136291221	-0.162951290607452
14290	71.45	-0.365429792320356	-0.162951290607452
14291	71.455	-0.371878152247518	-0.162951290607452
14292	71.46	-0.369298808276653	-0.162951290607452
14293	71.465	-0.371878152247518	-0.162951290607452
14294	71.47	-0.365429792320356	-0.162951290607452
14295	71.475	-0.370588480262086	-0.162951290607452
14296	71.48	-0.371878152247518	-0.162951290607452
14297	71.485	-0.368009136291221	-0.162951290607452
14298	71.49	-0.366719464305788	-0.162951290607452
14299	71.495	-0.370588480262086	-0.162951290607452
14300	71.5	-0.378326512174681	-0.162951290607452
14301	71.505	-0.368009136291221	-0.162951290607452
14302	71.51	-0.369298808276653	-0.16166161862202
14303	71.515	-0.375747168203816	-0.162951290607452
14304	71.52	-0.374457496218383	-0.162951290607452
14305	71.525	-0.368009136291221	-0.162951290607452
14306	71.53	-0.370588480262086	-0.162951290607452
14307	71.535	-0.382195528130978	-0.162951290607452
14308	71.54	-0.371878152247518	-0.162951290607452
14309	71.545	-0.371878152247518	-0.162951290607452
14310	71.55	-0.373167824232951	-0.162951290607452
14311	71.555	-0.370588480262086	-0.162951290607452
14312	71.56	-0.369298808276653	-0.162951290607452
14313	71.565	-0.365429792320356	-0.162951290607452
14314	71.57	-0.369298808276653	-0.162951290607452
14315	71.575	-0.369298808276653	-0.162951290607452
14316	71.58	-0.370588480262086	-0.162951290607452
14317	71.585	-0.374457496218383	-0.162951290607452
14318	71.59	-0.373167824232951	-0.162951290607452
14319	71.595	-0.366719464305788	-0.162951290607452
14320	71.6	-0.371878152247518	-0.162951290607452
14321	71.605	-0.374457496218383	-0.162951290607452
14322	71.61	-0.370588480262086	-0.162951290607452
14323	71.615	-0.371878152247518	-0.162951290607452
14324	71.62	-0.373167824232951	-0.162951290607452
14325	71.625	-0.370588480262086	-0.162951290607452
14326	71.63	-0.375747168203816	-0.162951290607452
14327	71.635	-0.366719464305788	-0.162951290607452
14328	71.64	-0.369298808276653	-0.162951290607452
14329	71.645	-0.370588480262086	-0.162951290607452
14330	71.65	-0.370588480262086	-0.162951290607452
14331	71.655	-0.375747168203816	-0.162951290607452
14332	71.66	-0.368009136291221	-0.162951290607452
14333	71.665	-0.370588480262086	-0.162951290607452
14334	71.67	-0.366719464305788	-0.162951290607452
14335	71.675	-0.369298808276653	-0.162951290607452
14336	71.68	-0.375747168203816	-0.162951290607452
14337	71.685	-0.371878152247518	-0.162951290607452
14338	71.69	-0.374457496218383	-0.162951290607452
14339	71.695	-0.369298808276653	-0.162951290607452
14340	71.7	-0.369298808276653	-0.162951290607452
14341	71.705	-0.368009136291221	-0.162951290607452
14342	71.71	-0.370588480262086	-0.162951290607452
14343	71.715	-0.366719464305788	-0.162951290607452
14344	71.72	-0.370588480262086	-0.162951290607452
14345	71.725	-0.371878152247518	-0.162951290607452
14346	71.73	-0.371878152247518	-0.162951290607452
14347	71.735	-0.371878152247518	-0.162951290607452
14348	71.74	-0.374457496218383	-0.162951290607452
14349	71.745	-0.366719464305788	-0.162951290607452
14350	71.75	-0.370588480262086	-0.162951290607452
14351	71.755	-0.362850448349491	-0.162951290607452
14352	71.76	-0.368009136291221	-0.162951290607452
14353	71.765	-0.370588480262086	-0.162951290607452
14354	71.77	-0.369298808276653	-0.162951290607452
14355	71.775	-0.371878152247518	-0.162951290607452
14356	71.78	-0.364140120334923	-0.162951290607452
14357	71.785	-0.365429792320356	-0.162951290607452
14358	71.79	-0.370588480262086	-0.162951290607452
14359	71.795	-0.365429792320356	-0.162951290607452
14360	71.8	-0.374457496218383	-0.162951290607452
14361	71.805	-0.377036840189248	-0.162951290607452
14362	71.81	-0.371878152247518	-0.162951290607452
14363	71.815	-0.377036840189248	-0.162951290607452
14364	71.82	-0.374457496218383	-0.162951290607452
14365	71.825	-0.366719464305788	-0.162951290607452
14366	71.83	-0.374457496218383	-0.162951290607452
14367	71.835	-0.368009136291221	-0.162951290607452
14368	71.84	-0.374457496218383	-0.162951290607452
14369	71.845	-0.374457496218383	-0.162951290607452
14370	71.85	-0.374457496218383	-0.162951290607452
14371	71.855	-0.370588480262086	-0.162951290607452
14372	71.86	-0.370588480262086	-0.162951290607452
14373	71.865	-0.373167824232951	-0.162951290607452
14374	71.87	-0.370588480262086	-0.162951290607452
14375	71.875	-0.373167824232951	-0.162951290607452
14376	71.88	-0.371878152247518	-0.162951290607452
14377	71.885	-0.362850448349491	-0.162951290607452
14378	71.89	-0.371878152247518	-0.162951290607452
14379	71.895	-0.379616184160113	-0.162951290607452
14380	71.9	-0.369298808276653	-0.162951290607452
14381	71.905	-0.368009136291221	-0.16166161862202
14382	71.91	-0.369298808276653	-0.162951290607452
14383	71.915	-0.366719464305788	-0.16166161862202
14384	71.92	-0.377036840189248	-0.162951290607452
14385	71.925	-0.366719464305788	-0.162951290607452
14386	71.93	-0.369298808276653	-0.162951290607452
14387	71.935	-0.374457496218383	-0.162951290607452
14388	71.94	-0.375747168203816	-0.162951290607452
14389	71.945	-0.373167824232951	-0.162951290607452
14390	71.95	-0.374457496218383	-0.162951290607452
14391	71.955	-0.373167824232951	-0.162951290607452
14392	71.96	-0.368009136291221	-0.162951290607452
14393	71.965	-0.366719464305788	-0.162951290607452
14394	71.97	-0.370588480262086	-0.162951290607452
14395	71.975	-0.374457496218383	-0.162951290607452
14396	71.98	-0.377036840189248	-0.162951290607452
14397	71.985	-0.374457496218383	-0.162951290607452
14398	71.99	-0.369298808276653	-0.162951290607452
14399	71.995	-0.370588480262086	-0.162951290607452
14400	72	-0.373167824232951	-0.162951290607452
14401	72.005	-0.366719464305788	-0.162951290607452
14402	72.01	-0.369298808276653	-0.162951290607452
14403	72.015	-0.368009136291221	-0.162951290607452
14404	72.02	-0.369298808276653	-0.162951290607452
14405	72.025	-0.368009136291221	-0.162951290607452
14406	72.03	-0.369298808276653	-0.162951290607452
14407	72.035	-0.377036840189248	-0.162951290607452
14408	72.04	-0.365429792320356	-0.16166161862202
14409	72.045	-0.377036840189248	-0.162951290607452
14410	72.05	-0.377036840189248	-0.162951290607452
14411	72.055	-0.377036840189248	-0.16166161862202
14412	72.06	-0.373167824232951	-0.162951290607452
14413	72.065	-0.368009136291221	-0.162951290607452
14414	72.07	-0.370588480262086	-0.162951290607452
14415	72.075	-0.374457496218383	-0.162951290607452
14416	72.08	-0.371878152247518	-0.162951290607452
14417	72.085	-0.371878152247518	-0.162951290607452
14418	72.09	-0.368009136291221	-0.16166161862202
14419	72.095	-0.371878152247518	-0.162951290607452
14420	72.1	-0.371878152247518	-0.162951290607452
14421	72.105	-0.373167824232951	-0.162951290607452
14422	72.11	-0.361560776364058	-0.162951290607452
14423	72.115	-0.374457496218383	-0.162951290607452
14424	72.12	-0.366719464305788	-0.162951290607452
14425	72.125	-0.370588480262086	-0.162951290607452
14426	72.13	-0.369298808276653	-0.162951290607452
14427	72.135	-0.374457496218383	-0.162951290607452
14428	72.14	-0.373167824232951	-0.162951290607452
14429	72.145	-0.374457496218383	-0.162951290607452
14430	72.15	-0.370588480262086	-0.162951290607452
14431	72.155	-0.364140120334923	-0.162951290607452
14432	72.16	-0.373167824232951	-0.162951290607452
14433	72.165	-0.368009136291221	-0.162951290607452
14434	72.17	-0.366719464305788	-0.16166161862202
14435	72.175	-0.375747168203816	-0.162951290607452
14436	72.18	-0.369298808276653	-0.162951290607452
14437	72.185	-0.374457496218383	-0.162951290607452
14438	72.19	-0.375747168203816	-0.162951290607452
14439	72.195	-0.368009136291221	-0.162951290607452
14440	72.2	-0.373167824232951	-0.162951290607452
14441	72.205	-0.366719464305788	-0.162951290607452
14442	72.21	-0.377036840189248	-0.162951290607452
14443	72.215	-0.377036840189248	-0.162951290607452
14444	72.22	-0.374457496218383	-0.162951290607452
14445	72.225	-0.369298808276653	-0.162951290607452
14446	72.23	-0.374457496218383	-0.162951290607452
14447	72.235	-0.369298808276653	-0.162951290607452
14448	72.24	-0.371878152247518	-0.162951290607452
14449	72.245	-0.375747168203816	-0.162951290607452
14450	72.25	-0.377036840189248	-0.16166161862202
14451	72.255	-0.370588480262086	-0.162951290607452
14452	72.26	-0.373167824232951	-0.162951290607452
14453	72.265	-0.373167824232951	-0.162951290607452
14454	72.27	-0.371878152247518	-0.16166161862202
14455	72.275	-0.374457496218383	-0.162951290607452
14456	72.28	-0.370588480262086	-0.162951290607452
14457	72.285	-0.370588480262086	-0.162951290607452
14458	72.29	-0.364140120334923	-0.162951290607452
14459	72.295	-0.374457496218383	-0.16166161862202
14460	72.3	-0.368009136291221	-0.16166161862202
14461	72.305	-0.378326512174681	-0.16166161862202
14462	72.31	-0.371878152247518	-0.162951290607452
14463	72.315	-0.370588480262086	-0.162951290607452
14464	72.32	-0.369298808276653	-0.16166161862202
14465	72.325	-0.375747168203816	-0.16166161862202
14466	72.33	-0.370588480262086	-0.162951290607452
14467	72.335	-0.370588480262086	-0.16166161862202
14468	72.34	-0.370588480262086	-0.162951290607452
14469	72.345	-0.369298808276653	-0.162951290607452
14470	72.35	-0.368009136291221	-0.162951290607452
14471	72.355	-0.368009136291221	-0.16166161862202
14472	72.36	-0.368009136291221	-0.162951290607452
14473	72.365	-0.371878152247518	-0.162951290607452
14474	72.37	-0.371878152247518	-0.162951290607452
14475	72.375	-0.369298808276653	-0.16166161862202
14476	72.38	-0.377036840189248	-0.162951290607452
14477	72.385	-0.369298808276653	-0.162951290607452
14478	72.39	-0.370588480262086	-0.162951290607452
14479	72.395	-0.365429792320356	-0.162951290607452
14480	72.4	-0.369298808276653	-0.162951290607452
14481	72.405	-0.378326512174681	-0.162951290607452
14482	72.41	-0.377036840189248	-0.162951290607452
14483	72.415	-0.370588480262086	-0.162951290607452
14484	72.42	-0.370588480262086	-0.162951290607452
14485	72.425	-0.373167824232951	-0.162951290607452
14486	72.43	-0.378326512174681	-0.162951290607452
14487	72.435	-0.368009136291221	-0.162951290607452
14488	72.44	-0.373167824232951	-0.16166161862202
14489	72.445	-0.371878152247518	-0.162951290607452
14490	72.45	-0.371878152247518	-0.162951290607452
14491	72.455	-0.370588480262086	-0.16166161862202
14492	72.46	-0.378326512174681	-0.162951290607452
14493	72.465	-0.374457496218383	-0.162951290607452
14494	72.47	-0.368009136291221	-0.162951290607452
14495	72.475	-0.373167824232951	-0.162951290607452
14496	72.48	-0.378326512174681	-0.16166161862202
14497	72.485	-0.369298808276653	-0.162951290607452
14498	72.49	-0.366719464305788	-0.162951290607452
14499	72.495	-0.368009136291221	-0.162951290607452
14500	72.5	-0.378326512174681	-0.162951290607452
14501	72.505	-0.374457496218383	-0.162951290607452
14502	72.51	-0.369298808276653	-0.162951290607452
14503	72.515	-0.369298808276653	-0.162951290607452
14504	72.52	-0.373167824232951	-0.162951290607452
14505	72.525	-0.373167824232951	-0.162951290607452
14506	72.53	-0.362850448349491	-0.16166161862202
14507	72.535	-0.374457496218383	-0.162951290607452
14508	72.54	-0.375747168203816	-0.162951290607452
14509	72.545	-0.368009136291221	-0.162951290607452
14510	72.55	-0.366719464305788	-0.162951290607452
14511	72.555	-0.373167824232951	-0.162951290607452
14512	72.56	-0.380905856145546	-0.16166161862202
14513	72.565	-0.373167824232951	-0.162951290607452
14514	72.57	-0.368009136291221	-0.16166161862202
14515	72.575	-0.369298808276653	-0.162951290607452
14516	72.58	-0.368009136291221	-0.162951290607452
14517	72.585	-0.370588480262086	-0.162951290607452
14518	72.59	-0.377036840189248	-0.162951290607452
14519	72.595	-0.371878152247518	-0.162951290607452
14520	72.6	-0.377036840189248	-0.162951290607452
14521	72.605	-0.371878152247518	-0.162951290607452
14522	72.61	-0.370588480262086	-0.162951290607452
14523	72.615	-0.368009136291221	-0.162951290607452
14524	72.62	-0.377036840189248	-0.162951290607452
14525	72.625	-0.368009136291221	-0.162951290607452
14526	72.63	-0.374457496218383	-0.162951290607452
14527	72.635	-0.371878152247518	-0.162951290607452
14528	72.64	-0.378326512174681	-0.162951290607452
14529	72.645	-0.369298808276653	-0.162951290607452
14530	72.65	-0.371878152247518	-0.162951290607452
14531	72.655	-0.379616184160113	-0.162951290607452
14532	72.66	-0.370588480262086	-0.162951290607452
14533	72.665	-0.361560776364058	-0.162951290607452
14534	72.67	-0.364140120334923	-0.162951290607452
14535	72.675	-0.371878152247518	-0.162951290607452
14536	72.68	-0.369298808276653	-0.162951290607452
14537	72.685	-0.369298808276653	-0.162951290607452
14538	72.69	-0.369298808276653	-0.162951290607452
14539	72.695	-0.370588480262086	-0.16166161862202
14540	72.7	-0.375747168203816	-0.162951290607452
14541	72.705	-0.370588480262086	-0.162951290607452
14542	72.71	-0.377036840189248	-0.162951290607452
14543	72.715	-0.373167824232951	-0.162951290607452
14544	72.72	-0.365429792320356	-0.162951290607452
14545	72.725	-0.371878152247518	-0.162951290607452
14546	72.73	-0.378326512174681	-0.162951290607452
14547	72.735	-0.373167824232951	-0.162951290607452
14548	72.74	-0.375747168203816	-0.162951290607452
14549	72.745	-0.371878152247518	-0.162951290607452
14550	72.75	-0.377036840189248	-0.162951290607452
14551	72.755	-0.374457496218383	-0.162951290607452
14552	72.76	-0.371878152247518	-0.16166161862202
14553	72.765	-0.370588480262086	-0.16166161862202
14554	72.77	-0.362850448349491	-0.162951290607452
14555	72.775	-0.368009136291221	-0.162951290607452
14556	72.78	-0.377036840189248	-0.162951290607452
14557	72.785	-0.379616184160113	-0.162951290607452
14558	72.79	-0.369298808276653	-0.162951290607452
14559	72.795	-0.370588480262086	-0.162951290607452
14560	72.8	-0.374457496218383	-0.162951290607452
14561	72.805	-0.365429792320356	-0.162951290607452
14562	72.81	-0.366719464305788	-0.16166161862202
14563	72.815	-0.371878152247518	-0.162951290607452
14564	72.82	-0.380905856145546	-0.162951290607452
14565	72.825	-0.378326512174681	-0.162951290607452
14566	72.83	-0.366719464305788	-0.162951290607452
14567	72.835	-0.371878152247518	-0.162951290607452
14568	72.84	-0.377036840189248	-0.162951290607452
14569	72.845	-0.379616184160113	-0.162951290607452
14570	72.85	-0.371878152247518	-0.162951290607452
14571	72.855	-0.369298808276653	-0.162951290607452
14572	72.86	-0.366719464305788	-0.162951290607452
14573	72.865	-0.374457496218383	-0.162951290607452
14574	72.87	-0.369298808276653	-0.162951290607452
14575	72.875	-0.379616184160113	-0.162951290607452
14576	72.88	-0.370588480262086	-0.162951290607452
14577	72.885	-0.366719464305788	-0.162951290607452
14578	72.89	-0.373167824232951	-0.162951290607452
14579	72.895	-0.370588480262086	-0.162951290607452
14580	72.9	-0.374457496218383	-0.162951290607452
14581	72.905	-0.373167824232951	-0.162951290607452
14582	72.91	-0.369298808276653	-0.162951290607452
14583	72.915	-0.371878152247518	-0.162951290607452
14584	72.92	-0.374457496218383	-0.162951290607452
14585	72.925	-0.379616184160113	-0.162951290607452
14586	72.93	-0.371878152247518	-0.162951290607452
14587	72.935	-0.374457496218383	-0.162951290607452
14588	72.94	-0.377036840189248	-0.162951290607452
14589	72.945	-0.374457496218383	-0.162951290607452
14590	72.95	-0.368009136291221	-0.162951290607452
14591	72.955	-0.373167824232951	-0.162951290607452
14592	72.96	-0.370588480262086	-0.162951290607452
14593	72.965	-0.375747168203816	-0.162951290607452
14594	72.97	-0.369298808276653	-0.162951290607452
14595	72.975	-0.377036840189248	-0.16166161862202
14596	72.98	-0.374457496218383	-0.162951290607452
14597	72.985	-0.375747168203816	-0.16166161862202
14598	72.99	-0.373167824232951	-0.162951290607452
14599	72.995	-0.371878152247518	-0.162951290607452
14600	73	-0.377036840189248	-0.162951290607452
14601	73.005	-0.371878152247518	-0.162951290607452
14602	73.01	-0.370588480262086	-0.162951290607452
14603	73.015	-0.370588480262086	-0.162951290607452
14604	73.02	-0.370588480262086	-0.162951290607452
14605	73.025	-0.370588480262086	-0.162951290607452
14606	73.03	-0.377036840189248	-0.162951290607452
14607	73.035	-0.375747168203816	-0.162951290607452
14608	73.04	-0.375747168203816	-0.162951290607452
14609	73.045	-0.373167824232951	-0.162951290607452
14610	73.05	-0.373167824232951	-0.162951290607452
14611	73.055	-0.371878152247518	-0.162951290607452
14612	73.06	-0.371878152247518	-0.162951290607452
14613	73.065	-0.373167824232951	-0.162951290607452
14614	73.07	-0.370588480262086	-0.16166161862202
14615	73.075	-0.378326512174681	-0.162951290607452
14616	73.08	-0.379616184160113	-0.162951290607452
14617	73.085	-0.370588480262086	-0.162951290607452
14618	73.09	-0.377036840189248	-0.162951290607452
14619	73.095	-0.375747168203816	-0.162951290607452
14620	73.1	-0.374457496218383	-0.162951290607452
14621	73.105	-0.380905856145546	-0.162951290607452
14622	73.11	-0.373167824232951	-0.162951290607452
14623	73.115	-0.373167824232951	-0.162951290607452
14624	73.12	-0.374457496218383	-0.162951290607452
14625	73.125	-0.371878152247518	-0.162951290607452
14626	73.13	-0.373167824232951	-0.162951290607452
14627	73.135	-0.368009136291221	-0.162951290607452
14628	73.14	-0.373167824232951	-0.162951290607452
14629	73.145	-0.373167824232951	-0.162951290607452
14630	73.15	-0.375747168203816	-0.16166161862202
14631	73.155	-0.375747168203816	-0.162951290607452
14632	73.16	-0.375747168203816	-0.162951290607452
14633	73.165	-0.370588480262086	-0.16166161862202
14634	73.17	-0.373167824232951	-0.162951290607452
14635	73.175	-0.374457496218383	-0.162951290607452
14636	73.18	-0.369298808276653	-0.162951290607452
14637	73.185	-0.374457496218383	-0.162951290607452
14638	73.19	-0.371878152247518	-0.162951290607452
14639	73.195	-0.366719464305788	-0.162951290607452
14640	73.2	-0.375747168203816	-0.16166161862202
14641	73.205	-0.371878152247518	-0.162951290607452
14642	73.21	-0.377036840189248	-0.162951290607452
14643	73.215	-0.377036840189248	-0.162951290607452
14644	73.22	-0.373167824232951	-0.162951290607452
14645	73.225	-0.368009136291221	-0.162951290607452
14646	73.23	-0.368009136291221	-0.162951290607452
14647	73.235	-0.375747168203816	-0.162951290607452
14648	73.24	-0.373167824232951	-0.162951290607452
14649	73.245	-0.373167824232951	-0.162951290607452
14650	73.25	-0.365429792320356	-0.16166161862202
14651	73.255	-0.378326512174681	-0.162951290607452
14652	73.26	-0.375747168203816	-0.162951290607452
14653	73.265	-0.377036840189248	-0.162951290607452
14654	73.27	-0.371878152247518	-0.162951290607452
14655	73.275	-0.369298808276653	-0.162951290607452
14656	73.28	-0.374457496218383	-0.162951290607452
14657	73.285	-0.361560776364058	-0.16166161862202
14658	73.29	-0.370588480262086	-0.16166161862202
14659	73.295	-0.373167824232951	-0.162951290607452
14660	73.3	-0.373167824232951	-0.162951290607452
14661	73.305	-0.378326512174681	-0.162951290607452
14662	73.31	-0.373167824232951	-0.162951290607452
14663	73.315	-0.373167824232951	-0.162951290607452
14664	73.32	-0.369298808276653	-0.162951290607452
14665	73.325	-0.378326512174681	-0.162951290607452
14666	73.33	-0.374457496218383	-0.162951290607452
14667	73.335	-0.370588480262086	-0.16166161862202
14668	73.34	-0.371878152247518	-0.162951290607452
14669	73.345	-0.369298808276653	-0.162951290607452
14670	73.35	-0.371878152247518	-0.162951290607452
14671	73.355	-0.366719464305788	-0.162951290607452
14672	73.36	-0.374457496218383	-0.16166161862202
14673	73.365	-0.368009136291221	-0.162951290607452
14674	73.37	-0.370588480262086	-0.16166161862202
14675	73.375	-0.375747168203816	-0.162951290607452
14676	73.38	-0.366719464305788	-0.162951290607452
14677	73.385	-0.379616184160113	-0.162951290607452
14678	73.39	-0.369298808276653	-0.162951290607452
14679	73.395	-0.368009136291221	-0.162951290607452
14680	73.4	-0.373167824232951	-0.162951290607452
14681	73.405	-0.365429792320356	-0.162951290607452
14682	73.41	-0.366719464305788	-0.16166161862202
14683	73.415	-0.374457496218383	-0.162951290607452
14684	73.42	-0.370588480262086	-0.162951290607452
14685	73.425	-0.365429792320356	-0.162951290607452
14686	73.43	-0.369298808276653	-0.162951290607452
14687	73.435	-0.370588480262086	-0.162951290607452
14688	73.44	-0.374457496218383	-0.162951290607452
14689	73.445	-0.366719464305788	-0.162951290607452
14690	73.45	-0.373167824232951	-0.162951290607452
14691	73.455	-0.375747168203816	-0.162951290607452
14692	73.46	-0.368009136291221	-0.162951290607452
14693	73.465	-0.377036840189248	-0.162951290607452
14694	73.47	-0.375747168203816	-0.162951290607452
14695	73.475	-0.371878152247518	-0.162951290607452
14696	73.48	-0.374457496218383	-0.162951290607452
14697	73.485	-0.378326512174681	-0.162951290607452
14698	73.49	-0.368009136291221	-0.162951290607452
14699	73.495	-0.375747168203816	-0.162951290607452
14700	73.5	-0.379616184160113	-0.162951290607452
14701	73.505	-0.369298808276653	-0.16166161862202
14702	73.51	-0.369298808276653	-0.162951290607452
14703	73.515	-0.369298808276653	-0.162951290607452
14704	73.52	-0.371878152247518	-0.162951290607452
14705	73.525	-0.373167824232951	-0.162951290607452
14706	73.53	-0.364140120334923	-0.162951290607452
14707	73.535	-0.374457496218383	-0.162951290607452
14708	73.54	-0.374457496218383	-0.162951290607452
14709	73.545	-0.370588480262086	-0.16166161862202
14710	73.55	-0.371878152247518	-0.162951290607452
14711	73.555	-0.378326512174681	-0.162951290607452
14712	73.56	-0.377036840189248	-0.162951290607452
14713	73.565	-0.370588480262086	-0.162951290607452
14714	73.57	-0.373167824232951	-0.162951290607452
14715	73.575	-0.369298808276653	-0.16166161862202
14716	73.58	-0.377036840189248	-0.162951290607452
14717	73.585	-0.378326512174681	-0.162951290607452
14718	73.59	-0.373167824232951	-0.162951290607452
14719	73.595	-0.373167824232951	-0.162951290607452
14720	73.6	-0.369298808276653	-0.162951290607452
14721	73.605	-0.365429792320356	-0.162951290607452
14722	73.61	-0.375747168203816	-0.162951290607452
14723	73.615	-0.373167824232951	-0.162951290607452
14724	73.62	-0.375747168203816	-0.162951290607452
14725	73.625	-0.375747168203816	-0.162951290607452
14726	73.63	-0.368009136291221	-0.162951290607452
14727	73.635	-0.371878152247518	-0.162951290607452
14728	73.64	-0.371878152247518	-0.162951290607452
14729	73.645	-0.368009136291221	-0.162951290607452
14730	73.65	-0.368009136291221	-0.162951290607452
14731	73.655	-0.370588480262086	-0.162951290607452
14732	73.66	-0.377036840189248	-0.162951290607452
14733	73.665	-0.370588480262086	-0.162951290607452
14734	73.67	-0.374457496218383	-0.162951290607452
14735	73.675	-0.374457496218383	-0.16166161862202
14736	73.68	-0.373167824232951	-0.162951290607452
14737	73.685	-0.375747168203816	-0.162951290607452
14738	73.69	-0.374457496218383	-0.162951290607452
14739	73.695	-0.366719464305788	-0.162951290607452
14740	73.7	-0.371878152247518	-0.16166161862202
14741	73.705	-0.377036840189248	-0.162951290607452
14742	73.71	-0.373167824232951	-0.162951290607452
14743	73.715	-0.371878152247518	-0.162951290607452
14744	73.72	-0.371878152247518	-0.162951290607452
14745	73.725	-0.377036840189248	-0.162951290607452
14746	73.73	-0.371878152247518	-0.162951290607452
14747	73.735	-0.374457496218383	-0.162951290607452
14748	73.74	-0.375747168203816	-0.162951290607452
14749	73.745	-0.369298808276653	-0.162951290607452
14750	73.75	-0.368009136291221	-0.162951290607452
14751	73.755	-0.369298808276653	-0.162951290607452
14752	73.76	-0.374457496218383	-0.162951290607452
14753	73.765	-0.374457496218383	-0.162951290607452
14754	73.77	-0.378326512174681	-0.162951290607452
14755	73.775	-0.375747168203816	-0.162951290607452
14756	73.78	-0.374457496218383	-0.162951290607452
14757	73.785	-0.373167824232951	-0.162951290607452
14758	73.79	-0.368009136291221	-0.162951290607452
14759	73.795	-0.375747168203816	-0.162951290607452
14760	73.8	-0.383485200116411	-0.162951290607452
14761	73.805	-0.377036840189248	-0.162951290607452
14762	73.81	-0.368009136291221	-0.162951290607452
14763	73.815	-0.379616184160113	-0.162951290607452
14764	73.82	-0.379616184160113	-0.162951290607452
14765	73.825	-0.377036840189248	-0.16166161862202
14766	73.83	-0.369298808276653	-0.162951290607452
14767	73.835	-0.374457496218383	-0.162951290607452
14768	73.84	-0.374457496218383	-0.162951290607452
14769	73.845	-0.364140120334923	-0.162951290607452
14770	73.85	-0.374457496218383	-0.162951290607452
14771	73.855	-0.370588480262086	-0.162951290607452
14772	73.86	-0.379616184160113	-0.162951290607452
14773	73.865	-0.374457496218383	-0.162951290607452
14774	73.87	-0.371878152247518	-0.162951290607452
14775	73.875	-0.374457496218383	-0.162951290607452
14776	73.88	-0.378326512174681	-0.162951290607452
14777	73.885	-0.374457496218383	-0.162951290607452
14778	73.89	-0.379616184160113	-0.162951290607452
14779	73.895	-0.370588480262086	-0.162951290607452
14780	73.9	-0.371878152247518	-0.162951290607452
14781	73.905	-0.373167824232951	-0.16166161862202
14782	73.91	-0.371878152247518	-0.162951290607452
14783	73.915	-0.368009136291221	-0.162951290607452
14784	73.92	-0.371878152247518	-0.162951290607452
14785	73.925	-0.374457496218383	-0.162951290607452
14786	73.93	-0.362850448349491	-0.162951290607452
14787	73.935	-0.368009136291221	-0.162951290607452
14788	73.94	-0.379616184160113	-0.162951290607452
14789	73.945	-0.373167824232951	-0.162951290607452
14790	73.95	-0.378326512174681	-0.162951290607452
14791	73.955	-0.371878152247518	-0.162951290607452
14792	73.96	-0.371878152247518	-0.162951290607452
14793	73.965	-0.374457496218383	-0.162951290607452
14794	73.97	-0.374457496218383	-0.162951290607452
14795	73.975	-0.378326512174681	-0.162951290607452
14796	73.98	-0.373167824232951	-0.162951290607452
14797	73.985	-0.377036840189248	-0.162951290607452
14798	73.99	-0.371878152247518	-0.162951290607452
14799	73.995	-0.374457496218383	-0.162951290607452
14800	74	-0.370588480262086	-0.162951290607452
14801	74.005	-0.371878152247518	-0.162951290607452
14802	74.01	-0.371878152247518	-0.162951290607452
14803	74.015	-0.377036840189248	-0.162951290607452
14804	74.02	-0.374457496218383	-0.162951290607452
14805	74.025	-0.373167824232951	-0.16166161862202
14806	74.03	-0.374457496218383	-0.162951290607452
14807	74.035	-0.366719464305788	-0.162951290607452
14808	74.04	-0.373167824232951	-0.162951290607452
14809	74.045	-0.377036840189248	-0.162951290607452
14810	74.05	-0.370588480262086	-0.162951290607452
14811	74.055	-0.373167824232951	-0.162951290607452
14812	74.06	-0.373167824232951	-0.162951290607452
14813	74.065	-0.378326512174681	-0.162951290607452
14814	74.07	-0.370588480262086	-0.162951290607452
14815	74.075	-0.374457496218383	-0.162951290607452
14816	74.08	-0.373167824232951	-0.162951290607452
14817	74.085	-0.368009136291221	-0.162951290607452
14818	74.09	-0.371878152247518	-0.162951290607452
14819	74.095	-0.366719464305788	-0.162951290607452
14820	74.1	-0.368009136291221	-0.162951290607452
14821	74.105	-0.379616184160113	-0.162951290607452
14822	74.11	-0.375747168203816	-0.162951290607452
14823	74.115	-0.374457496218383	-0.162951290607452
14824	74.12	-0.379616184160113	-0.162951290607452
14825	74.125	-0.375747168203816	-0.162951290607452
14826	74.13	-0.364140120334923	-0.162951290607452
14827	74.135	-0.371878152247518	-0.162951290607452
14828	74.14	-0.370588480262086	-0.162951290607452
14829	74.145	-0.374457496218383	-0.162951290607452
14830	74.15	-0.379616184160113	-0.162951290607452
14831	74.155	-0.371878152247518	-0.162951290607452
14832	74.16	-0.375747168203816	-0.16166161862202
14833	74.165	-0.374457496218383	-0.162951290607452
14834	74.17	-0.368009136291221	-0.162951290607452
14835	74.175	-0.370588480262086	-0.162951290607452
14836	74.18	-0.371878152247518	-0.162951290607452
14837	74.185	-0.374457496218383	-0.162951290607452
14838	74.19	-0.369298808276653	-0.162951290607452
14839	74.195	-0.368009136291221	-0.162951290607452
14840	74.2	-0.375747168203816	-0.162951290607452
14841	74.205	-0.374457496218383	-0.162951290607452
14842	74.21	-0.369298808276653	-0.162951290607452
14843	74.215	-0.373167824232951	-0.162951290607452
14844	74.22	-0.371878152247518	-0.162951290607452
14845	74.225	-0.370588480262086	-0.162951290607452
14846	74.23	-0.371878152247518	-0.162951290607452
14847	74.235	-0.368009136291221	-0.162951290607452
14848	74.24	-0.378326512174681	-0.162951290607452
14849	74.245	-0.371878152247518	-0.162951290607452
14850	74.25	-0.369298808276653	-0.162951290607452
14851	74.255	-0.379616184160113	-0.162951290607452
14852	74.26	-0.378326512174681	-0.162951290607452
14853	74.265	-0.374457496218383	-0.162951290607452
14854	74.27	-0.377036840189248	-0.162951290607452
14855	74.275	-0.370588480262086	-0.16166161862202
14856	74.28	-0.378326512174681	-0.162951290607452
14857	74.285	-0.375747168203816	-0.162951290607452
14858	74.29	-0.373167824232951	-0.162951290607452
14859	74.295	-0.366719464305788	-0.162951290607452
14860	74.3	-0.374457496218383	-0.162951290607452
14861	74.305	-0.375747168203816	-0.162951290607452
14862	74.31	-0.369298808276653	-0.162951290607452
14863	74.315	-0.370588480262086	-0.162951290607452
14864	74.32	-0.374457496218383	-0.162951290607452
14865	74.325	-0.378326512174681	-0.162951290607452
14866	74.33	-0.373167824232951	-0.162951290607452
14867	74.335	-0.370588480262086	-0.162951290607452
14868	74.34	-0.371878152247518	-0.162951290607452
14869	74.345	-0.374457496218383	-0.162951290607452
14870	74.35	-0.371878152247518	-0.162951290607452
14871	74.355	-0.362850448349491	-0.16166161862202
14872	74.36	-0.375747168203816	-0.162951290607452
14873	74.365	-0.374457496218383	-0.164240962592885
14874	74.37	-0.369298808276653	-0.162951290607452
14875	74.375	-0.375747168203816	-0.162951290607452
14876	74.38	-0.378326512174681	-0.162951290607452
14877	74.385	-0.370588480262086	-0.162951290607452
14878	74.39	-0.373167824232951	-0.162951290607452
14879	74.395	-0.369298808276653	-0.162951290607452
14880	74.4	-0.374457496218383	-0.162951290607452
14881	74.405	-0.374457496218383	-0.162951290607452
14882	74.41	-0.370588480262086	-0.162951290607452
14883	74.415	-0.373167824232951	-0.162951290607452
14884	74.42	-0.375747168203816	-0.162951290607452
14885	74.425	-0.377036840189248	-0.162951290607452
14886	74.43	-0.374457496218383	-0.162951290607452
14887	74.435	-0.369298808276653	-0.162951290607452
14888	74.44	-0.375747168203816	-0.162951290607452
14889	74.445	-0.366719464305788	-0.162951290607452
14890	74.45	-0.371878152247518	-0.162951290607452
14891	74.455	-0.368009136291221	-0.162951290607452
14892	74.46	-0.368009136291221	-0.162951290607452
14893	74.465	-0.374457496218383	-0.162951290607452
14894	74.47	-0.377036840189248	-0.162951290607452
14895	74.475	-0.366719464305788	-0.16166161862202
14896	74.48	-0.374457496218383	-0.162951290607452
14897	74.485	-0.374457496218383	-0.162951290607452
14898	74.49	-0.365429792320356	-0.162951290607452
14899	74.495	-0.373167824232951	-0.162951290607452
14900	74.5	-0.375747168203816	-0.162951290607452
14901	74.505	-0.373167824232951	-0.162951290607452
14902	74.51	-0.368009136291221	-0.162951290607452
14903	74.515	-0.370588480262086	-0.162951290607452
14904	74.52	-0.369298808276653	-0.162951290607452
14905	74.525	-0.374457496218383	-0.16166161862202
14906	74.53	-0.369298808276653	-0.162951290607452
14907	74.535	-0.370588480262086	-0.162951290607452
14908	74.54	-0.378326512174681	-0.16166161862202
14909	74.545	-0.366719464305788	-0.162951290607452
14910	74.55	-0.370588480262086	-0.162951290607452
14911	74.555	-0.368009136291221	-0.162951290607452
14912	74.56	-0.369298808276653	-0.162951290607452
14913	74.565	-0.373167824232951	-0.162951290607452
14914	74.57	-0.370588480262086	-0.162951290607452
14915	74.575	-0.368009136291221	-0.162951290607452
14916	74.58	-0.365429792320356	-0.162951290607452
14917	74.585	-0.371878152247518	-0.162951290607452
14918	74.59	-0.371878152247518	-0.162951290607452
14919	74.595	-0.366719464305788	-0.162951290607452
14920	74.6	-0.374457496218383	-0.162951290607452
14921	74.605	-0.369298808276653	-0.162951290607452
14922	74.61	-0.366719464305788	-0.162951290607452
14923	74.615	-0.362850448349491	-0.162951290607452
14924	74.62	-0.379616184160113	-0.162951290607452
14925	74.625	-0.373167824232951	-0.162951290607452
14926	74.63	-0.379616184160113	-0.16166161862202
14927	74.635	-0.369298808276653	-0.162951290607452
14928	74.64	-0.364140120334923	-0.162951290607452
14929	74.645	-0.365429792320356	-0.162951290607452
14930	74.65	-0.366719464305788	-0.162951290607452
14931	74.655	-0.368009136291221	-0.162951290607452
14932	74.66	-0.374457496218383	-0.162951290607452
14933	74.665	-0.362850448349491	-0.162951290607452
14934	74.67	-0.366719464305788	-0.162951290607452
14935	74.675	-0.362850448349491	-0.162951290607452
14936	74.68	-0.366719464305788	-0.162951290607452
14937	74.685	-0.369298808276653	-0.162951290607452
14938	74.69	-0.371878152247518	-0.162951290607452
14939	74.695	-0.369298808276653	-0.162951290607452
14940	74.7	-0.361560776364058	-0.162951290607452
14941	74.705	-0.368009136291221	-0.162951290607452
14942	74.71	-0.368009136291221	-0.16166161862202
14943	74.715	-0.366719464305788	-0.162951290607452
14944	74.72	-0.379616184160113	-0.162951290607452
14945	74.725	-0.373167824232951	-0.162951290607452
14946	74.73	-0.370588480262086	-0.162951290607452
14947	74.735	-0.364140120334923	-0.162951290607452
14948	74.74	-0.371878152247518	-0.162951290607452
14949	74.745	-0.375747168203816	-0.162951290607452
14950	74.75	-0.374457496218383	-0.16166161862202
14951	74.755	-0.369298808276653	-0.162951290607452
14952	74.76	-0.371878152247518	-0.162951290607452
14953	74.765	-0.366719464305788	-0.162951290607452
14954	74.77	-0.360271104378626	-0.162951290607452
14955	74.775	-0.369298808276653	-0.162951290607452
14956	74.78	-0.373167824232951	-0.162951290607452
14957	74.785	-0.374457496218383	-0.162951290607452
14958	74.79	-0.368009136291221	-0.162951290607452
14959	74.795	-0.366719464305788	-0.162951290607452
14960	74.8	-0.373167824232951	-0.162951290607452
14961	74.805	-0.365429792320356	-0.162951290607452
14962	74.81	-0.373167824232951	-0.162951290607452
14963	74.815	-0.373167824232951	-0.162951290607452
14964	74.82	-0.370588480262086	-0.162951290607452
14965	74.825	-0.362850448349491	-0.162951290607452
14966	74.83	-0.366719464305788	-0.162951290607452
14967	74.835	-0.369298808276653	-0.162951290607452
14968	74.84	-0.370588480262086	-0.162951290607452
14969	74.845	-0.365429792320356	-0.16166161862202
14970	74.85	-0.370588480262086	-0.162951290607452
14971	74.855	-0.366719464305788	-0.162951290607452
14972	74.86	-0.366719464305788	-0.162951290607452
14973	74.865	-0.368009136291221	-0.162951290607452
14974	74.87	-0.369298808276653	-0.162951290607452
14975	74.875	-0.373167824232951	-0.162951290607452
14976	74.88	-0.366719464305788	-0.162951290607452
14977	74.885	-0.366719464305788	-0.162951290607452
14978	74.89	-0.360271104378626	-0.162951290607452
14979	74.895	-0.368009136291221	-0.162951290607452
14980	74.9	-0.371878152247518	-0.162951290607452
14981	74.905	-0.368009136291221	-0.162951290607452
14982	74.91	-0.365429792320356	-0.162951290607452
14983	74.915	-0.369298808276653	-0.16166161862202
14984	74.92	-0.368009136291221	-0.162951290607452
14985	74.925	-0.370588480262086	-0.162951290607452
14986	74.93	-0.369298808276653	-0.162951290607452
14987	74.935	-0.373167824232951	-0.162951290607452
14988	74.94	-0.371878152247518	-0.162951290607452
14989	74.945	-0.365429792320356	-0.162951290607452
14990	74.95	-0.360271104378626	-0.162951290607452
14991	74.955	-0.358981432393193	-0.162951290607452
14992	74.96	-0.368009136291221	-0.16166161862202
14993	74.965	-0.377036840189248	-0.162951290607452
14994	74.97	-0.378326512174681	-0.162951290607452
14995	74.975	-0.371878152247518	-0.162951290607452
14996	74.98	-0.366719464305788	-0.162951290607452
14997	74.985	-0.370588480262086	-0.162951290607452
14998	74.99	-0.368009136291221	-0.162951290607452
14999	74.995	-0.369298808276653	-0.162951290607452
15000	75	-0.360271104378626	-0.162951290607452
15001	75.005	-0.371878152247518	-0.162951290607452
15002	75.01	-0.365429792320356	-0.162951290607452
15003	75.015	-0.370588480262086	-0.162951290607452
15004	75.02	-0.382195528130978	-0.162951290607452
15005	75.025	-0.368009136291221	-0.162951290607452
15006	75.03	-0.369298808276653	-0.162951290607452
15007	75.035	-0.369298808276653	-0.162951290607452
15008	75.04	-0.366719464305788	-0.162951290607452
15009	75.045	-0.366719464305788	-0.162951290607452
15010	75.05	-0.357691760407761	-0.162951290607452
15011	75.055	-0.362850448349491	-0.162951290607452
15012	75.06	-0.370588480262086	-0.162951290607452
15013	75.065	-0.377036840189248	-0.162951290607452
15014	75.07	-0.368009136291221	-0.162951290607452
15015	75.075	-0.365429792320356	-0.162951290607452
15016	75.08	-0.365429792320356	-0.162951290607452
15017	75.085	-0.369298808276653	-0.162951290607452
15018	75.09	-0.365429792320356	-0.162951290607452
15019	75.095	-0.371878152247518	-0.162951290607452
15020	75.1	-0.365429792320356	-0.162951290607452
15021	75.105	-0.371878152247518	-0.162951290607452
15022	75.11	-0.368009136291221	-0.162951290607452
15023	75.115	-0.365429792320356	-0.162951290607452
15024	75.12	-0.365429792320356	-0.162951290607452
15025	75.125	-0.371878152247518	-0.162951290607452
15026	75.13	-0.365429792320356	-0.162951290607452
15027	75.135	-0.366719464305788	-0.162951290607452
15028	75.14	-0.365429792320356	-0.162951290607452
15029	75.145	-0.365429792320356	-0.162951290607452
15030	75.15	-0.369298808276653	-0.162951290607452
15031	75.155	-0.366719464305788	-0.162951290607452
15032	75.16	-0.368009136291221	-0.162951290607452
15033	75.165	-0.365429792320356	-0.162951290607452
15034	75.17	-0.370588480262086	-0.162951290607452
15035	75.175	-0.365429792320356	-0.162951290607452
15036	75.18	-0.377036840189248	-0.162951290607452
15037	75.185	-0.369298808276653	-0.162951290607452
15038	75.19	-0.366719464305788	-0.162951290607452
15039	75.195	-0.371878152247518	-0.162951290607452
15040	75.2	-0.370588480262086	-0.162951290607452
15041	75.205	-0.364140120334923	-0.162951290607452
15042	75.21	-0.370588480262086	-0.162951290607452
15043	75.215	-0.368009136291221	-0.162951290607452
15044	75.22	-0.369298808276653	-0.162951290607452
15045	75.225	-0.364140120334923	-0.162951290607452
15046	75.23	-0.370588480262086	-0.162951290607452
15047	75.235	-0.370588480262086	-0.162951290607452
15048	75.24	-0.374457496218383	-0.162951290607452
15049	75.245	-0.368009136291221	-0.162951290607452
15050	75.25	-0.362850448349491	-0.162951290607452
15051	75.255	-0.368009136291221	-0.162951290607452
15052	75.26	-0.365429792320356	-0.162951290607452
15053	75.265	-0.375747168203816	-0.162951290607452
15054	75.27	-0.368009136291221	-0.162951290607452
15055	75.275	-0.365429792320356	-0.162951290607452
15056	75.28	-0.364140120334923	-0.162951290607452
15057	75.285	-0.361560776364058	-0.162951290607452
15058	75.29	-0.369298808276653	-0.162951290607452
15059	75.295	-0.360271104378626	-0.162951290607452
15060	75.3	-0.375747168203816	-0.162951290607452
15061	75.305	-0.365429792320356	-0.162951290607452
15062	75.31	-0.366719464305788	-0.162951290607452
15063	75.315	-0.364140120334923	-0.162951290607452
15064	75.32	-0.370588480262086	-0.162951290607452
15065	75.325	-0.369298808276653	-0.162951290607452
15066	75.33	-0.370588480262086	-0.162951290607452
15067	75.335	-0.369298808276653	-0.162951290607452
15068	75.34	-0.377036840189248	-0.162951290607452
15069	75.345	-0.370588480262086	-0.162951290607452
15070	75.35	-0.365429792320356	-0.162951290607452
15071	75.355	-0.368009136291221	-0.162951290607452
15072	75.36	-0.364140120334923	-0.162951290607452
15073	75.365	-0.369298808276653	-0.162951290607452
15074	75.37	-0.368009136291221	-0.162951290607452
15075	75.375	-0.370588480262086	-0.162951290607452
15076	75.38	-0.369298808276653	-0.162951290607452
15077	75.385	-0.365429792320356	-0.162951290607452
15078	75.39	-0.366719464305788	-0.162951290607452
15079	75.395	-0.365429792320356	-0.162951290607452
15080	75.4	-0.373167824232951	-0.162951290607452
15081	75.405	-0.369298808276653	-0.162951290607452
15082	75.41	-0.370588480262086	-0.162951290607452
15083	75.415	-0.364140120334923	-0.162951290607452
15084	75.42	-0.366719464305788	-0.162951290607452
15085	75.425	-0.369298808276653	-0.162951290607452
15086	75.43	-0.371878152247518	-0.162951290607452
15087	75.435	-0.366719464305788	-0.162951290607452
15088	75.44	-0.374457496218383	-0.162951290607452
15089	75.445	-0.362850448349491	-0.162951290607452
15090	75.45	-0.366719464305788	-0.162951290607452
15091	75.455	-0.371878152247518	-0.162951290607452
15092	75.46	-0.370588480262086	-0.162951290607452
15093	75.465	-0.366719464305788	-0.162951290607452
15094	75.47	-0.360271104378626	-0.162951290607452
15095	75.475	-0.370588480262086	-0.162951290607452
15096	75.48	-0.369298808276653	-0.162951290607452
15097	75.485	-0.373167824232951	-0.162951290607452
15098	75.49	-0.366719464305788	-0.162951290607452
15099	75.495	-0.361560776364058	-0.162951290607452
15100	75.5	-0.375747168203816	-0.162951290607452
15101	75.505	-0.362850448349491	-0.162951290607452
15102	75.51	-0.357691760407761	-0.162951290607452
15103	75.515	-0.374457496218383	-0.162951290607452
15104	75.52	-0.371878152247518	-0.162951290607452
15105	75.525	-0.370588480262086	-0.162951290607452
15106	75.53	-0.362850448349491	-0.162951290607452
15107	75.535	-0.369298808276653	-0.162951290607452
15108	75.54	-0.377036840189248	-0.162951290607452
15109	75.545	-0.373167824232951	-0.162951290607452
15110	75.55	-0.366719464305788	-0.162951290607452
15111	75.555	-0.369298808276653	-0.162951290607452
15112	75.56	-0.371878152247518	-0.162951290607452
15113	75.565	-0.371878152247518	-0.162951290607452
15114	75.57	-0.369298808276653	-0.162951290607452
15115	75.575	-0.365429792320356	-0.162951290607452
15116	75.58	-0.366719464305788	-0.162951290607452
15117	75.585	-0.371878152247518	-0.162951290607452
15118	75.59	-0.365429792320356	-0.162951290607452
15119	75.595	-0.364140120334923	-0.162951290607452
15120	75.6	-0.362850448349491	-0.162951290607452
15121	75.605	-0.366719464305788	-0.162951290607452
15122	75.61	-0.369298808276653	-0.162951290607452
15123	75.615	-0.371878152247518	-0.162951290607452
15124	75.62	-0.364140120334923	-0.162951290607452
15125	75.625	-0.364140120334923	-0.162951290607452
15126	75.63	-0.370588480262086	-0.162951290607452
15127	75.635	-0.369298808276653	-0.162951290607452
15128	75.64	-0.366719464305788	-0.162951290607452
15129	75.645	-0.365429792320356	-0.162951290607452
15130	75.65	-0.364140120334923	-0.162951290607452
15131	75.655	-0.366719464305788	-0.162951290607452
15132	75.66	-0.366719464305788	-0.162951290607452
15133	75.665	-0.373167824232951	-0.162951290607452
15134	75.67	-0.373167824232951	-0.16166161862202
15135	75.675	-0.366719464305788	-0.162951290607452
15136	75.68	-0.364140120334923	-0.162951290607452
15137	75.685	-0.371878152247518	-0.162951290607452
15138	75.69	-0.369298808276653	-0.162951290607452
15139	75.695	-0.370588480262086	-0.162951290607452
15140	75.7	-0.366719464305788	-0.162951290607452
15141	75.705	-0.370588480262086	-0.162951290607452
15142	75.71	-0.371878152247518	-0.162951290607452
15143	75.715	-0.365429792320356	-0.162951290607452
15144	75.72	-0.371878152247518	-0.16166161862202
15145	75.725	-0.375747168203816	-0.162951290607452
15146	75.73	-0.364140120334923	-0.162951290607452
15147	75.735	-0.366719464305788	-0.162951290607452
15148	75.74	-0.369298808276653	-0.162951290607452
15149	75.745	-0.374457496218383	-0.162951290607452
15150	75.75	-0.368009136291221	-0.162951290607452
15151	75.755	-0.366719464305788	-0.162951290607452
15152	75.76	-0.368009136291221	-0.162951290607452
15153	75.765	-0.362850448349491	-0.162951290607452
15154	75.77	-0.364140120334923	-0.162951290607452
15155	75.775	-0.368009136291221	-0.162951290607452
15156	75.78	-0.371878152247518	-0.162951290607452
15157	75.785	-0.371878152247518	-0.162951290607452
15158	75.79	-0.364140120334923	-0.162951290607452
15159	75.795	-0.366719464305788	-0.162951290607452
