Number of measurement points: 2825
Sample Rate (Hz): 20
Low limit Ch0 (V): -10
Upper limit Ch0 (V): 10
Low limit Ch1 (V): -10
Upper limit Ch1 (V): 10

Index	Time[s]	Ch0[V]	Ch1[V]
0	0	-0.102336707292125	-1.21403395873494
1	0.05	-0.0520394998602569	-1.21403395873494
2	0.1	-0.0507498278748244	-1.21403395873494
3	0.15	-0.0468808119185269	-1.21403395873494
4	0.2	-0.0481704839039594	-1.21403395873494
5	0.25	-0.0481704839039594	-1.21403395873494
6	0.3	-0.0494601558893919	-1.21403395873494
7	0.35	-0.0481704839039594	-1.21403395873494
8	0.4	-0.0494601558893919	-1.21403395873494
9	0.45	-0.0494601558893919	-1.21403395873494
10	0.5	-0.0468808119185269	-1.21403395873494
11	0.55	-0.0481704839039594	-1.21403395873494
12	0.6	-0.0494601558893919	-1.21403395873494
13	0.65	-0.0494601558893919	-1.21403395873494
14	0.7	-0.0494601558893919	-1.21403395873494
15	0.75	-0.0494601558893919	-1.21403395873494
16	0.8	-0.0494601558893919	-1.21403395873494
17	0.85	-0.0494601558893919	-1.21403395873494
18	0.9	-0.0559085158165544	-1.21403395873494
19	0.95	-0.0571981878019869	-1.21403395873494
20	1	-0.0571981878019869	-1.21403395873494
21	1.05	-0.0571981878019869	-1.21403395873494
22	1.1	-0.0533291718456894	-1.21403395873494
23	1.15	-0.0520394998602569	-1.21403395873494
24	1.2	-0.0494601558893919	-1.21532363072038
25	1.25	-0.0468808119185269	-1.21403395873494
26	1.3	-0.0443014679476619	-1.21403395873494
27	1.35	-0.0378531080204993	-1.21532363072038
28	1.4	-0.0378531080204993	-1.21532363072038
29	1.45	-0.0404324519913644	-1.21532363072038
30	1.5	-0.0507498278748244	-1.21532363072038
31	1.55	-0.0546188438311219	-1.21532363072038
32	1.6	-0.0520394998602569	-1.21532363072038
33	1.65	-0.0533291718456894	-1.21532363072038
34	1.7	-0.0494601558893919	-1.21532363072038
35	1.75	-0.0481704839039594	-1.21532363072038
36	1.8	-0.0481704839039594	-1.21532363072038
37	1.85	-0.0481704839039594	-1.21532363072038
38	1.9	-0.0494601558893919	-1.21661330270581
39	1.95	-0.0494601558893919	-1.21532363072038
40	2	-0.0455911399330944	-1.21532363072038
41	2.05	-0.0468808119185269	-1.21532363072038
42	2.1	-0.0481704839039594	-1.21532363072038
43	2.15	-0.0481704839039594	-1.21532363072038
44	2.2	-0.0455911399330944	-1.21532363072038
45	2.25	-0.0481704839039594	-1.21661330270581
46	2.3	-0.0443014679476619	-1.21532363072038
47	2.35	-0.072674251627177	-1.21532363072038
48	2.4	-0.070094907656312	-1.21661330270581
49	2.45	-0.072674251627177	-1.21532363072038
50	2.5	-0.070094907656312	-1.21532363072038
51	2.55	-0.0739639236126095	-1.21532363072038
52	2.6	-0.067515563685447	-1.21532363072038
53	2.65	-0.0713845796417445	-1.21532363072038
54	2.7	-0.067515563685447	-1.21532363072038
55	2.75	-0.070094907656312	-1.21532363072038
56	2.8	-0.0688052356708795	-1.21661330270581
57	2.85	-0.072674251627177	-1.21661330270581
58	2.9	-0.0713845796417445	-1.21661330270581
59	2.95	-0.0739639236126095	-1.21532363072038
60	3	-0.0713845796417445	-1.21532363072038
61	3.05	-0.0739639236126095	-1.21661330270581
62	3.1	-0.0713845796417445	-1.21532363072038
63	3.15	-0.072674251627177	-1.21532363072038
64	3.2	-0.072674251627177	-1.21532363072038
65	3.25	-0.0739639236126095	-1.21661330270581
66	3.3	-0.0713845796417445	-1.21532363072038
67	3.35	-0.072674251627177	-1.21532363072038
68	3.4	-0.0739639236126095	-1.21532363072038
69	3.45	-0.0713845796417445	-1.21532363072038
70	3.5	-0.0688052356708795	-1.21532363072038
71	3.55	-0.0688052356708795	-1.21532363072038
72	3.6	-0.064936219714582	-1.21532363072038
73	3.65	-0.0662258917000145	-1.21661330270581
74	3.7	-0.0597775317728519	-1.21661330270581
75	3.75	-0.0533291718456894	-1.21661330270581
76	3.8	-0.0584878597874194	-1.21532363072038
77	3.85	-0.0584878597874194	-1.21532363072038
78	3.9	-0.0610672037582844	-1.21532363072038
79	3.95	-0.064936219714582	-1.21532363072038
80	4	-0.062356875743717	-1.21532363072038
81	4.05	-0.064936219714582	-1.21661330270581
82	4.1	-0.064936219714582	-1.21532363072038
83	4.15	-0.0713845796417445	-1.21532363072038
84	4.2	-0.072674251627177	-1.21532363072038
85	4.25	-0.072674251627177	-1.21532363072038
86	4.3	-0.070094907656312	-1.21661330270581
87	4.35	-0.072674251627177	-1.21532363072038
88	4.4	-0.070094907656312	-1.21661330270581
89	4.45	-0.072674251627177	-1.21661330270581
90	4.5	-0.0713845796417445	-1.21661330270581
91	4.55	-0.0739639236126095	-1.21661330270581
92	4.6	-0.0713845796417445	-1.21661330270581
93	4.65	-0.075253595598042	-1.21661330270581
94	4.7	-0.0739639236126095	-1.21661330270581
95	4.75	-0.0713845796417445	-1.21661330270581
96	4.8	-0.0713845796417445	-1.21661330270581
97	4.85	-0.0739639236126095	-1.21661330270581
98	4.9	-0.0713845796417445	-1.21661330270581
99	4.95	-0.075253595598042	-1.21661330270581
100	5	-0.0765432675834745	-1.21790297469124
101	5.05	-0.0765432675834745	-1.21661330270581
102	5.1	-0.072674251627177	-1.21661330270581
103	5.15	-0.075253595598042	-1.21790297469124
104	5.2	-0.0739639236126095	-1.21790297469124
105	5.25	-0.075253595598042	-1.21790297469124
106	5.3	-0.072674251627177	-1.21790297469124
107	5.35	-0.0765432675834745	-1.21790297469124
108	5.4	-0.072674251627177	-1.21790297469124
109	5.45	-0.0791226115543395	-1.21790297469124
110	5.5	-0.075253595598042	-1.21790297469124
111	5.55	-0.0765432675834745	-1.21919264667667
112	5.6	-0.0739639236126095	-1.21919264667667
113	5.65	-0.077832939568907	-1.21919264667667
114	5.7	-0.0739639236126095	-1.21790297469124
115	5.75	-0.072674251627177	-1.21790297469124
116	5.8	-0.072674251627177	-1.21661330270581
117	5.85	-0.0713845796417445	-1.21661330270581
118	5.9	-0.0713845796417445	-1.21661330270581
119	5.95	-0.072674251627177	-1.21532363072038
120	6	-0.0713845796417445	-1.21403395873494
121	6.05	-0.072674251627177	-1.21403395873494
122	6.1	-0.0739639236126095	-1.21145461476408
123	6.15	-0.080412283539772	-1.21145461476408
124	6.2	-0.077832939568907	-1.21016494277865
125	6.25	-0.0855709714815021	-1.20758559880778
126	6.3	-0.0868606434669346	-1.20629592682235
127	6.35	-0.0933090033940971	-1.20629592682235
128	6.4	-0.0945986753795296	-1.20500625483692
129	6.45	-0.0958883473649621	-1.20242691086605
130	6.5	-0.0984676913358271	-1.20113723888062
131	6.55	-0.101047035306692	-1.19984756689519
132	6.6	-0.0958883473649621	-1.19726822292432
133	6.65	-0.0984676913358271	-1.19468887895346
134	6.7	-0.0881503154523671	-1.19210953498259
135	6.75	-0.0868606434669346	-1.19081986299716
136	6.8	-0.077832939568907	-1.18824051902629
137	6.85	-0.077832939568907	-1.18695084704086
138	6.9	-0.075253595598042	-1.18437150307
139	6.95	-0.075253595598042	-1.18308183108456
140	7	-0.075253595598042	-1.1805024871137
141	7.05	-0.077832939568907	-1.17792314314283
142	7.1	-0.077832939568907	-1.1766334711574
143	7.15	-0.077832939568907	-1.17534379917197
144	7.2	-0.077832939568907	-1.1727644552011
145	7.25	-0.0817019555252045	-1.17147478321567
146	7.3	-0.082991627510637	-1.16889543924481
147	7.35	-0.0817019555252045	-1.16760576725937
148	7.4	-0.0817019555252045	-1.16502642328851
149	7.45	-0.0817019555252045	-1.16373675130308
150	7.5	-0.077832939568907	-1.16115740733221
151	7.55	-0.0791226115543395	-1.15986773534678
152	7.6	-0.072674251627177	-1.15857806336135
153	7.65	-0.0662258917000145	-1.15599871939048
154	7.7	-0.0571981878019869	-1.15341937541962
155	7.75	-0.0610672037582844	-1.15084003144875
156	7.8	-0.0597775317728519	-1.14826068747789
157	7.85	-0.0584878597874194	-1.14697101549245
158	7.9	-0.0559085158165544	-1.14310199953616
159	7.95	-0.0584878597874194	-1.14181232755072
160	8	-0.0597775317728519	-1.14052265556529
161	8.05	-0.0584878597874194	-1.13794331159443
162	8.1	-0.0597775317728519	-1.13536396762356
163	8.15	-0.0597775317728519	-1.13407429563813
164	8.2	-0.0597775317728519	-1.1327846236527
165	8.25	-0.0610672037582844	-1.13020527968183
166	8.3	-0.0610672037582844	-1.12762593571097
167	8.35	-0.0636465477291495	-1.12633626372553
168	8.4	-0.0584878597874194	-1.12375691975467
169	8.45	-0.0610672037582844	-1.12246724776924
170	8.5	-0.0597775317728519	-1.1211775757838
171	8.55	-0.0610672037582844	-1.11859823181294
172	8.6	-0.0559085158165544	-1.11601888784207
173	8.65	-0.0546188438311219	-1.11472921585664
174	8.7	-0.0546188438311219	-1.11214987188578
175	8.75	-0.0546188438311219	-1.10957052791491
176	8.8	-0.0559085158165544	-1.10699118394405
177	8.85	-0.0597775317728519	-1.10570151195861
178	8.9	-0.0571981878019869	-1.10312216798775
179	8.95	-0.0597775317728519	-1.10054282401688
180	9	-0.0610672037582844	-1.09796348004602
181	9.05	-0.0597775317728519	-1.09667380806059
182	9.1	-0.0571981878019869	-1.09409446408972
183	9.15	-0.0597775317728519	-1.09151512011886
184	9.2	-0.0571981878019869	-1.08893577614799
185	9.25	-0.0597775317728519	-1.08764610416256
186	9.3	-0.0571981878019869	-1.08506676019169
187	9.35	-0.0597775317728519	-1.08248741622083
188	9.4	-0.0571981878019869	-1.07990807224996
189	9.45	-0.0610672037582844	-1.07861840026453
190	9.5	-0.0597775317728519	-1.07603905629367
191	9.55	-0.064936219714582	-1.0734597123228
192	9.6	-0.0662258917000145	-1.07217004033737
193	9.65	-0.0713845796417445	-1.0695906963665
194	9.7	-0.070094907656312	-1.06701135239564
195	9.75	-0.070094907656312	-1.06572168041021
196	9.8	-0.067515563685447	-1.06314233643934
197	9.85	-0.0662258917000145	-1.06056299246848
198	9.9	-0.062356875743717	-1.05669397651218
199	9.95	-0.0610672037582844	-1.05411463254131
200	10	-0.0597775317728519	-1.05282496055588
201	10.05	-0.0597775317728519	-1.05024561658502
202	10.1	-0.0559085158165544	-1.04766627261415
203	10.15	-0.0610672037582844	-1.04508692864329
204	10.2	-0.062356875743717	-1.04379725665785
205	10.25	-0.0636465477291495	-1.04121791268699
206	10.3	-0.064936219714582	-1.03863856871612
207	10.35	-0.067515563685447	-1.03734889673069
208	10.4	-0.072674251627177	-1.03476955275983
209	10.45	-0.075253595598042	-1.03219020878896
210	10.5	-0.077832939568907	-1.0296108648181
211	10.55	-0.077832939568907	-1.02703152084723
212	10.6	-0.0791226115543395	-1.02445217687637
213	10.65	-0.077832939568907	-1.02316250489093
214	10.7	-0.0765432675834745	-1.01929348893464
215	10.75	-0.072674251627177	-1.01671414496377
216	10.8	-0.0636465477291495	-1.01413480099291
217	10.85	-0.0713845796417445	-1.01155545702204
218	10.9	-0.0688052356708795	-1.00897611305118
219	10.95	-0.080412283539772	-1.00510709709488
220	11	-0.082991627510637	-1.00252775312401
221	11.05	-0.0907296594232321	-0.999948409153149
222	11.1	-0.0997573633212596	-0.997369065182284
223	11.15	-0.101047035306692	-0.993500049225986
224	11.2	-0.102336707292125	-0.992210377240553
225	11.25	-0.101047035306692	-0.988341361284256
226	11.3	-0.0997573633212596	-0.985762017313391
227	11.35	-0.0920193314086646	-0.983182673342526
228	11.4	-0.0868606434669346	-0.980603329371661
229	11.45	-0.0842812994960696	-0.978023985400796
230	11.5	-0.0739639236126095	-0.975444641429931
231	11.55	-0.0739639236126095	-0.972865297459066
232	11.6	-0.075253595598042	-0.970285953488201
233	11.65	-0.080412283539772	-0.966416937531903
234	11.7	-0.0868606434669346	-0.965127265546471
235	11.75	-0.0933090033940971	-0.961258249590173
236	11.8	-0.0958883473649621	-0.958678905619308
237	11.85	-0.103626379277557	-0.956099561648443
238	11.9	-0.107495395233855	-0.953520217677578
239	11.95	-0.108785067219287	-0.950940873706713
240	12	-0.10491605126299	-0.948361529735848
241	12.05	-0.107495395233855	-0.945782185764983
242	12.1	-0.0958883473649621	-0.944492513779551
243	12.15	-0.0894399874377996	-0.941913169808686
244	12.2	-0.0855709714815021	-0.939333825837821
245	12.25	-0.082991627510637	-0.936754481866956
246	12.3	-0.0842812994960696	-0.934175137896091
247	12.35	-0.0842812994960696	-0.931595793925226
248	12.4	-0.080412283539772	-0.930306121939793
249	12.45	-0.0817019555252045	-0.927726777968928
250	12.5	-0.077832939568907	-0.926437105983496
251	12.55	-0.077832939568907	-0.925147433998063
252	12.6	-0.0791226115543395	-0.922568090027198
253	12.65	-0.0894399874377996	-0.919988746056333
254	12.7	-0.0933090033940971	-0.917409402085468
255	12.75	-0.101047035306692	-0.914830058114603
256	12.8	-0.102336707292125	-0.913540386129171
257	12.85	-0.107495395233855	-0.910961042158306
258	12.9	-0.101047035306692	-0.908381698187441
259	12.95	-0.0971780193503946	-0.905802354216576
260	13	-0.0907296594232321	-0.903223010245711
261	13.05	-0.0945986753795296	-0.900643666274846
262	13.1	-0.0920193314086646	-0.898064322303981
263	13.15	-0.0920193314086646	-0.895484978333116
264	13.2	-0.0945986753795296	-0.892905634362251
265	13.25	-0.103626379277557	-0.890326290391386
266	13.3	-0.103626379277557	-0.887746946420521
267	13.35	-0.108785067219287	-0.886457274435088
268	13.4	-0.112654083175585	-0.883877930464223
269	13.45	-0.119102443102747	-0.881298586493358
270	13.5	-0.113943755161017	-0.878719242522493
271	13.55	-0.12039211508818	-0.876139898551628
272	13.6	-0.11007473920472	-0.873560554580763
273	13.65	-0.102336707292125	-0.870981210609898
274	13.7	-0.0933090033940971	-0.8671121946536
275	13.75	-0.0817019555252045	-0.864532850682735
276	13.8	-0.077832939568907	-0.860663834726438
277	13.85	-0.082991627510637	-0.858084490755573
278	13.9	-0.0907296594232321	-0.854215474799275
279	13.95	-0.0945986753795296	-0.852925802813843
280	14	-0.0984676913358271	-0.849056786857545
281	14.05	-0.107495395233855	-0.845187770901248
282	14.1	-0.107495395233855	-0.842608426930383
283	14.15	-0.106205723248422	-0.840029082959518
284	14.2	-0.0984676913358271	-0.83616006700322
285	14.25	-0.101047035306692	-0.834870395017788
286	14.3	-0.0907296594232321	-0.83100137906149
287	14.35	-0.0920193314086646	-0.828422035090625
288	14.4	-0.082991627510637	-0.82584269111976
289	14.45	-0.0868606434669346	-0.821973675163463
290	14.5	-0.0855709714815021	-0.819394331192598
291	14.55	-0.0958883473649621	-0.816814987221733
292	14.6	-0.10491605126299	-0.812945971265435
293	14.65	-0.112654083175585	-0.81036662729457
294	14.7	-0.12039211508818	-0.807787283323705
295	14.75	-0.12555080302991	-0.80520793935284
296	14.8	-0.119102443102747	-0.801338923396543
297	14.85	-0.108785067219287	-0.80004925141111
298	14.9	-0.103626379277557	-0.796180235454813
299	14.95	-0.0945986753795296	-0.792311219498515
300	15	-0.082991627510637	-0.78973187552765
301	15.05	-0.0855709714815021	-0.787152531556785
302	15.1	-0.0855709714815021	-0.783283515600488
303	15.15	-0.0842812994960696	-0.780704171629623
304	15.2	-0.082991627510637	-0.778124827658758
305	15.25	-0.0868606434669346	-0.776835155673325
306	15.3	-0.0920193314086646	-0.77425581170246
307	15.35	-0.0984676913358271	-0.771676467731595
308	15.4	-0.106205723248422	-0.76909712376073
309	15.45	-0.11523342714645	-0.766517779789865
310	15.5	-0.11523342714645	-0.763938435819
311	15.55	-0.121681787073612	-0.761359091848135
312	15.6	-0.119102443102747	-0.760069419862702
313	15.65	-0.11007473920472	-0.756200403906405
314	15.7	-0.0958883473649621	-0.754910731920972
315	15.75	-0.0933090033940971	-0.751041715964675
316	15.8	-0.0842812994960696	-0.74846237199381
317	15.85	-0.0842812994960696	-0.745883028022945
318	15.9	-0.0881503154523671	-0.742014012066647
319	15.95	-0.101047035306692	-0.739434668095782
320	16	-0.106205723248422	-0.735565652139485
321	16.05	-0.122971459059045	-0.73298630816862
322	16.1	-0.128130147000775	-0.729117292212322
323	16.15	-0.129419818986207	-0.725248276256025
324	16.2	-0.128130147000775	-0.72266893228516
325	16.25	-0.121681787073612	-0.720089588314295
326	16.3	-0.107495395233855	-0.716220572357997
327	16.35	-0.0958883473649621	-0.713641228387132
328	16.4	-0.0868606434669346	-0.711061884416267
329	16.45	-0.0907296594232321	-0.70719286845997
330	16.5	-0.0894399874377996	-0.703323852503672
331	16.55	-0.0958883473649621	-0.700744508532807
332	16.6	-0.101047035306692	-0.69687549257651
333	16.65	-0.10491605126299	-0.695585820591077
334	16.7	-0.111364411190152	-0.69171680463478
335	16.75	-0.112654083175585	-0.687847788678482
336	16.8	-0.111364411190152	-0.685268444707617
337	16.85	-0.106205723248422	-0.682689100736752
338	16.9	-0.103626379277557	-0.680109756765887
339	16.95	-0.0958883473649621	-0.677530412795022
340	17	-0.0881503154523671	-0.673661396838725
341	17.05	-0.0868606434669346	-0.672371724853292
342	17.1	-0.0868606434669346	-0.669792380882427
343	17.15	-0.0868606434669346	-0.667213036911562
344	17.2	-0.0855709714815021	-0.664633692940697
345	17.25	-0.0907296594232321	-0.663344020955265
346	17.3	-0.0958883473649621	-0.659475004998967
347	17.35	-0.107495395233855	-0.656895661028102
348	17.4	-0.121681787073612	-0.65560598904267
349	17.45	-0.129419818986207	-0.651736973086372
350	17.5	-0.138447522884235	-0.649157629115507
351	17.55	-0.150054570753127	-0.647867957130075
352	17.6	-0.143606210825965	-0.645288613159209
353	17.65	-0.144895882811397	-0.643998941173777
354	17.7	-0.133288834942505	-0.641419597202912
355	17.75	-0.124261131044477	-0.637550581246614
356	17.8	-0.103626379277557	-0.634971237275749
357	17.85	-0.0907296594232321	-0.633681565290317
358	17.9	-0.0817019555252045	-0.629812549334019
359	17.95	-0.0842812994960696	-0.628522877348587
360	18	-0.0842812994960696	-0.624653861392289
361	18.05	-0.0817019555252045	-0.622074517421424
362	18.1	-0.0881503154523671	-0.620784845435992
363	18.15	-0.0907296594232321	-0.618205501465127
364	18.2	-0.0984676913358271	-0.615626157494262
365	18.25	-0.0984676913358271	-0.613046813523397
366	18.3	-0.0971780193503946	-0.610467469552532
367	18.35	-0.0933090033940971	-0.606598453596234
368	18.4	-0.0868606434669346	-0.604019109625369
369	18.45	-0.0868606434669346	-0.601439765654504
370	18.5	-0.0881503154523671	-0.598860421683639
371	18.55	-0.0958883473649621	-0.596281077712774
372	18.6	-0.11007473920472	-0.592412061756477
373	18.65	-0.129419818986207	-0.589832717785612
374	18.7	-0.150054570753127	-0.587253373814747
375	18.75	-0.165530634578317	-0.584674029843882
376	18.8	-0.173268666490912	-0.582094685873017
377	18.85	-0.186165386345237	-0.578225669916719
378	18.9	-0.179717026418075	-0.575646325945854
379	18.95	-0.183586042374372	-0.574356653960422
380	19	-0.169399650534615	-0.570487638004124
381	19.05	-0.15134424273856	-0.566618622047827
382	19.1	-0.139737194869667	-0.566618622047827
383	19.15	-0.121681787073612	-0.562749606091529
384	19.2	-0.10491605126299	-0.558880590135232
385	19.25	-0.0945986753795296	-0.557590918149799
386	19.3	-0.0881503154523671	-0.555011574178934
387	19.35	-0.0933090033940971	-0.551142558222637
388	19.4	-0.101047035306692	-0.548563214251772
389	19.45	-0.10491605126299	-0.545983870280907
390	19.5	-0.11007473920472	-0.542114854324609
391	19.55	-0.11523342714645	-0.539535510353744
392	19.6	-0.116523099131882	-0.536956166382879
393	19.65	-0.119102443102747	-0.533087150426582
394	19.7	-0.119102443102747	-0.530507806455716
395	19.75	-0.121681787073612	-0.526638790499419
396	19.8	-0.129419818986207	-0.524059446528554
397	19.85	-0.13586817891337	-0.521480102557689
398	19.9	-0.13586817891337	-0.518900758586824
399	19.95	-0.155213258694857	-0.516321414615959
400	20	-0.159082274651155	-0.512452398659661
401	20.05	-0.162951290607452	-0.509873054688796
402	20.1	-0.159082274651155	-0.507293710717931
403	20.15	-0.160371946636587	-0.504714366747066
404	20.2	-0.153923586709425	-0.502135022776201
405	20.25	-0.1410268668551	-0.498266006819904
406	20.3	-0.139737194869667	-0.496976334834471
407	20.35	-0.133288834942505	-0.494396990863606
408	20.4	-0.113943755161017	-0.491817646892741
409	20.45	-0.11007473920472	-0.490527974907309
410	20.5	-0.0971780193503946	-0.487948630936444
411	20.55	-0.0945986753795296	-0.485369286965579
412	20.6	-0.0881503154523671	-0.484079614980146
413	20.65	-0.0907296594232321	-0.481500271009281
414	20.7	-0.0842812994960696	-0.478920927038416
415	20.75	-0.0920193314086646	-0.477631255052984
416	20.8	-0.0881503154523671	-0.476341583067551
417	20.85	-0.0958883473649621	-0.473762239096686
418	20.9	-0.0945986753795296	-0.472472567111254
419	20.95	-0.0984676913358271	-0.471182895125821
420	21	-0.103626379277557	-0.469893223140389
421	21.05	-0.113943755161017	-0.468603551154956
422	21.1	-0.116523099131882	-0.466024207184091
423	21.15	-0.117812771117315	-0.464734535198659
424	21.2	-0.11523342714645	-0.462155191227794
425	21.25	-0.106205723248422	-0.460865519242361
426	21.3	-0.0984676913358271	-0.458286175271496
427	21.35	-0.0855709714815021	-0.456996503286064
428	21.4	-0.0688052356708795	-0.453127487329766
429	21.45	-0.0765432675834745	-0.451837815344334
430	21.5	-0.0713845796417445	-0.447968799388036
431	21.55	-0.0907296594232321	-0.446679127402604
432	21.6	-0.10491605126299	-0.444099783431739
433	21.65	-0.12555080302991	-0.441520439460874
434	21.7	-0.138447522884235	-0.438941095490009
435	21.75	-0.147475226782262	-0.436361751519144
436	21.8	-0.168109978549182	-0.433782407548279
437	21.85	-0.174558338476345	-0.431203063577414
438	21.9	-0.17713768244721	-0.428623719606549
439	21.95	-0.181006698403507	-0.426044375635684
440	22	-0.17713768244721	-0.423465031664819
441	22.05	-0.18229637038894	-0.422175359679386
442	22.1	-0.164240962592885	-0.419596015708521
443	22.15	-0.157792602665722	-0.417016671737656
444	22.2	-0.153923586709425	-0.414437327766791
445	22.25	-0.148764898767695	-0.411857983795926
446	22.3	-0.150054570753127	-0.409278639825061
447	22.35	-0.157792602665722	-0.407988967839628
448	22.4	-0.157792602665722	-0.405409623868763
449	22.45	-0.162951290607452	-0.402830279897898
450	22.5	-0.15650293068029	-0.400250935927033
451	22.55	-0.14618555479683	-0.397671591956168
452	22.6	-0.137157850898802	-0.395092247985303
453	22.65	-0.119102443102747	-0.392512904014438
454	22.7	-0.0984676913358271	-0.389933560043573
455	22.75	-0.0855709714815021	-0.388643888058141
456	22.8	-0.0713845796417445	-0.386064544087276
457	22.85	-0.070094907656312	-0.383485200116411
458	22.9	-0.072674251627177	-0.380905856145546
459	22.95	-0.0958883473649621	-0.378326512174681
460	23	-0.113943755161017	-0.375747168203816
461	23.05	-0.139737194869667	-0.373167824232951
462	23.1	-0.175848010461777	-0.370588480262086
463	23.15	-0.191324074286968	-0.366719464305788
464	23.2	-0.200351778184995	-0.362850448349491
465	23.25	-0.20808981009759	-0.360271104378626
466	23.3	-0.206800138112158	-0.356402088422328
467	23.35	-0.183586042374372	-0.352533072466031
468	23.4	-0.17713768244721	-0.349953728495166
469	23.45	-0.186165386345237	-0.346084712538868
470	23.5	-0.18745505833067	-0.343505368568003
471	23.55	-0.205510466126725	-0.340926024597138
472	23.6	-0.217117513995618	-0.337057008640841
473	23.65	-0.23388324980624	-0.333187992684543
474	23.7	-0.235172921791673	-0.330608648713678
475	23.75	-0.246779969660565	-0.328029304742813
476	23.8	-0.2442006256897	-0.326739632757381
477	23.85	-0.23388324980624	-0.322870616801083
478	23.9	-0.22872456186451	-0.320291272830218
479	23.95	-0.20808981009759	-0.319001600844786
480	24	-0.191324074286968	-0.316422256873921
481	24.05	-0.16682030656375	-0.315132584888488
482	24.1	-0.144895882811397	-0.312553240917623
483	24.15	-0.128130147000775	-0.309973896946758
484	24.2	-0.10491605126299	-0.308684224961326
485	24.25	-0.0945986753795296	-0.306104880990461
486	24.3	-0.0920193314086646	-0.303525537019596
487	24.35	-0.0997573633212596	-0.302235865034163
488	24.4	-0.107495395233855	-0.30094619304873
489	24.45	-0.12039211508818	-0.298366849077865
490	24.5	-0.12555080302991	-0.295787505107
491	24.55	-0.144895882811397	-0.294497833121568
492	24.6	-0.15650293068029	-0.293208161136135
493	24.65	-0.16682030656375	-0.29062881716527
494	24.7	-0.169399650534615	-0.289339145179838
495	24.75	-0.169399650534615	-0.286759801208973
496	24.8	-0.16166161862202	-0.284180457238108
497	24.85	-0.157792602665722	-0.282890785252675
498	24.9	-0.157792602665722	-0.281601113267243
499	24.95	-0.159082274651155	-0.28031144128181
500	25	-0.159082274651155	-0.279021769296378
501	25.05	-0.147475226782262	-0.277732097310945
502	25.1	-0.134578506927937	-0.276442425325513
503	25.15	-0.12555080302991	-0.27515275334008
504	25.2	-0.11007473920472	-0.273863081354648
505	25.25	-0.0984676913358271	-0.272573409369215
506	25.3	-0.0907296594232321	-0.271283737383783
507	25.35	-0.0868606434669346	-0.26999406539835
508	25.4	-0.0842812994960696	-0.267414721427485
509	25.45	-0.0894399874377996	-0.267414721427485
510	25.5	-0.0958883473649621	-0.26483537745662
511	25.55	-0.12039211508818	-0.263545705471188
512	25.6	-0.150054570753127	-0.262256033485755
513	25.65	-0.174558338476345	-0.25967668951489
514	25.7	-0.18745505833067	-0.257097345544025
515	25.75	-0.193903418257833	-0.25451800157316
516	25.8	-0.191324074286968	-0.253228329587728
517	25.85	-0.18745505833067	-0.250648985616863
518	25.9	-0.181006698403507	-0.24935931363143
519	25.95	-0.168109978549182	-0.246779969660565
520	26	-0.147475226782262	-0.2442006256897
521	26.05	-0.138447522884235	-0.242910953704268
522	26.1	-0.117812771117315	-0.241621281718835
523	26.15	-0.11007473920472	-0.23904193774797
524	26.2	-0.103626379277557	-0.236462593777105
525	26.25	-0.11007473920472	-0.235172921791673
526	26.3	-0.117812771117315	-0.23388324980624
527	26.35	-0.124261131044477	-0.231303905835375
528	26.4	-0.134578506927937	-0.230014233849943
529	26.45	-0.160371946636587	-0.227434889879078
530	26.5	-0.178427354432642	-0.226145217893645
531	26.55	-0.18745505833067	-0.224855545908213
532	26.6	-0.21324849803932	-0.222276201937348
533	26.65	-0.226145217893645	-0.220986529951915
534	26.7	-0.232593577820808	-0.21840718598105
535	26.75	-0.2442006256897	-0.217117513995618
536	26.8	-0.23388324980624	-0.215827842010185
537	26.85	-0.21840718598105	-0.21324849803932
538	26.9	-0.200351778184995	-0.210669154068455
539	26.95	-0.1926137462724	-0.209379482083023
540	27	-0.165530634578317	-0.206800138112158
541	27.05	-0.150054570753127	-0.205510466126725
542	27.1	-0.138447522884235	-0.20293112215586
543	27.15	-0.138447522884235	-0.201641450170428
544	27.2	-0.148764898767695	-0.199062106199563
545	27.25	-0.162951290607452	-0.196482762228698
546	27.3	-0.190034402301535	-0.195193090243265
547	27.35	-0.226145217893645	-0.193903418257833
548	27.4	-0.250648985616863	-0.191324074286968
549	27.45	-0.293208161136135	-0.188744730316103
550	27.5	-0.304815209005028	-0.186165386345237
551	27.55	-0.322870616801083	-0.184875714359805
552	27.6	-0.326739632757381	-0.183586042374372
553	27.65	-0.328029304742813	-0.181006698403507
554	27.7	-0.330608648713678	-0.178427354432642
555	27.75	-0.317711928859353	-0.178427354432642
556	27.8	-0.286759801208973	-0.175848010461777
557	27.85	-0.24935931363143	-0.174558338476345
558	27.9	-0.205510466126725	-0.17197899450548
559	27.95	-0.155213258694857	-0.169399650534615
560	28	-0.121681787073612	-0.168109978549182
561	28.05	-0.111364411190152	-0.16682030656375
562	28.1	-0.121681787073612	-0.164240962592885
563	28.15	-0.150054570753127	-0.16166161862202
564	28.2	-0.175848010461777	-0.159082274651155
565	28.25	-0.217117513995618	-0.15650293068029
566	28.3	-0.24935931363143	-0.153923586709425
567	28.35	-0.271283737383783	-0.152633914723992
568	28.4	-0.284180457238108	-0.150054570753127
569	28.45	-0.277732097310945	-0.147475226782262
570	28.5	-0.267414721427485	-0.144895882811397
571	28.55	-0.220986529951915	-0.142316538840532
572	28.6	-0.178427354432642	-0.139737194869667
573	28.65	-0.15650293068029	-0.137157850898802
574	28.7	-0.126840475015342	-0.13586817891337
575	28.75	-0.11007473920472	-0.133288834942505
576	28.8	-0.0842812994960696	-0.13070949097164
577	28.85	-0.0868606434669346	-0.128130147000775
578	28.9	-0.0881503154523671	-0.126840475015342
579	28.95	-0.0945986753795296	-0.12555080302991
580	29	-0.107495395233855	-0.122971459059045
581	29.05	-0.144895882811397	-0.121681787073612
582	29.1	-0.190034402301535	-0.119102443102747
583	29.15	-0.230014233849943	-0.117812771117315
584	29.2	-0.26999406539835	-0.11523342714645
585	29.25	-0.297077177092433	-0.112654083175585
586	29.3	-0.293208161136135	-0.111364411190152
587	29.35	-0.317711928859353	-0.108785067219287
588	29.4	-0.319001600844786	-0.107495395233855
589	29.45	-0.315132584888488	-0.106205723248422
590	29.5	-0.304815209005028	-0.103626379277557
591	29.55	-0.284180457238108	-0.102336707292125
592	29.6	-0.235172921791673	-0.101047035306692
593	29.65	-0.186165386345237	-0.0984676913358271
594	29.7	-0.147475226782262	-0.0971780193503946
595	29.75	-0.102336707292125	-0.0945986753795296
596	29.8	-0.080412283539772	-0.0920193314086646
597	29.85	-0.0765432675834745	-0.0907296594232321
598	29.9	-0.0945986753795296	-0.0881503154523671
599	29.95	-0.131999162957072	-0.0855709714815021
600	30	-0.143606210825965	-0.0842812994960696
601	30.05	-0.195193090243265	-0.0817019555252045
602	30.1	-0.232593577820808	-0.080412283539772
603	30.15	-0.262256033485755	-0.0791226115543395
604	30.2	-0.312553240917623	-0.077832939568907
605	30.25	-0.353822744451463	-0.075253595598042
606	30.3	-0.386064544087276	-0.0739639236126095
607	30.35	-0.427334047621116	-0.072674251627177
608	30.4	-0.433782407548279	-0.0713845796417445
609	30.45	-0.411857983795926	-0.0688052356708795
610	30.5	-0.362850448349491	-0.0662258917000145
611	30.55	-0.309973896946758	-0.064936219714582
612	30.6	-0.24935931363143	-0.0636465477291495
613	30.65	-0.195193090243265	-0.0610672037582844
614	30.7	-0.147475226782262	-0.0584878597874194
615	30.75	-0.12555080302991	-0.0571981878019869
616	30.8	-0.11007473920472	-0.0546188438311219
617	30.85	-0.129419818986207	-0.0520394998602569
618	30.9	-0.165530634578317	-0.0507498278748244
619	30.95	-0.24935931363143	-0.0481704839039594
620	31	-0.391223232029006	-0.0468808119185269
621	31.05	-0.513742070645094	-0.0443014679476619
622	31.1	-0.585963701829314	-0.0430117959622294
623	31.15	-0.651736973086372	-0.0417221239767969
624	31.2	-0.694296148605645	-0.0404324519913644
625	31.25	-0.71751024434343	-0.0378531080204993
626	31.3	-0.726537948241457	-0.0365634360350668
627	31.35	-0.723958604270592	-0.0352737640496343
628	31.4	-0.693006476620212	-0.0339840920642018
629	31.45	-0.658185333013535	-0.0326944200787693
630	31.5	-0.589832717785612	-0.0301150761079043
631	31.55	-0.498266006819904	-0.0301150761079043
632	31.6	-0.366719464305788	-0.0275357321370393
633	31.65	-0.251938657602295	-0.0262460601516068
634	31.7	-0.164240962592885	-0.0249563881661743
635	31.75	-0.13586817891337	-0.0223770441953093
636	31.8	-0.21324849803932	-0.0210873722098768
637	31.85	-0.317711928859353	-0.0197977002244443
638	31.9	-0.476341583067551	-0.0172183562535793
639	31.95	-0.703323852503672	-0.0146390122827142
640	32	-0.811656299280003	-0.0133493402972817
641	32.05	-0.967706609517336	-0.0107699963264167
642	32.1	-1.13149495166726	-0.00819065235555172
643	32.15	-1.17147478321567	-0.00561130838468671
644	32.2	-1.09925315203145	-0.0030319644138217
645	32.25	-0.8671121946536	-0.00174229242838919
646	32.3	-0.731696636183187	0.00212672352790833
647	32.35	-0.513742070645094	0.00470606749877334
648	32.4	-0.302235865034163	0.00599573948420584
649	32.45	-0.25451800157316	0.00857508345507085
650	32.5	-0.181006698403507	0.0111544274259359
651	32.55	-0.138447522884235	0.0137337713968009
652	32.6	-0.165530634578317	0.0163131153676659
653	32.65	-0.26999406539835	0.0176027873530984
654	32.7	-0.481500271009281	0.0214718033093959
655	32.75	-0.869691538624465	0.0227614752948284
656	32.8	-1.30302132572979	0.0253408192656934
657	32.85	-1.63188768201508	0.0279201632365584
658	32.9	-1.92077420675196	0.0304995072074234
659	32.95	-2.18773630773649	0.031789179192856
660	33	-2.26511662686244	0.034368523163721
661	33.05	-2.29219973855652	0.036947867134586
662	33.1	-2.24190253112465	0.039527211105451
663	33.15	-2.14130811626092	0.0408168830908835
664	33.2	-1.93496059859172	0.0433962270617485
665	33.25	-1.61641161818989	0.044685899047181
666	33.3	-1.23853772645816	0.0459755710326135
667	33.35	-0.878719242522493	0.0485549150034785
668	33.4	-0.526638790499419	0.049844586988911
669	33.45	-0.304815209005028	0.052423930959776
670	33.5	-0.1926137462724	0.0537136029452085
671	33.55	-0.164240962592885	0.0550032749306411
672	33.6	-0.18745505833067	0.0562929469160736
673	33.65	-0.248069641645998	0.0588722908869386
674	33.7	-0.28031144128181	0.0601619628723711
675	33.75	-0.26483537745662	0.0601619628723711
676	33.8	-0.272573409369215	0.0614516348578036
677	33.85	-0.279021769296378	0.0627413068432361
678	33.9	-0.353822744451463	0.0640309788286686
679	33.95	-0.616915829479694	0.0640309788286686
680	34	-1.25530346226878	0.0653206508141011
681	34.05	-2.17354991589673	0.0666103227995336
682	34.1	-2.80290984478779	0.0691896667703986
683	34.15	-3.59476844384335	0.0691896667703986
684	34.2	-4.556863744976	0.0717690107412636
685	34.25	-5.37967447168194	0.0730586827266961
686	34.3	-6.24762371787801	0.0743483547121286
687	34.35	-6.89245971059427	0.0769276986829937
688	34.4	-6.92728085420094	0.0782173706684262
689	34.45	-6.55585532239638	0.0807967146392912
690	34.5	-5.2236241614446	0.0820863866247237
691	34.55	-4.63940275204368	0.0833760586101562
692	34.6	-4.184148541186	0.0859554025810212
693	34.65	-3.00280900252983	0.0885347465518862
694	34.7	-2.54239610373043	0.0898244185373187
695	34.75	-2.52305102394894	0.0911140905227512
696	34.8	-2.89576622773893	0.0936934344936162
697	34.85	-3.78692956967279	0.0949831064790487
698	34.9	-6.39851534017362	0.0975624504499137
699	34.95	-10.5783422449604	0.100141794420779
700	35	-10.5783422449604	0.100141794420779
701	35.05	-10.5783422449604	0.102721138391644
702	35.1	-10.5783422449604	0.104010810377076
703	35.15	-10.5783422449604	0.106590154347941
704	35.2	-10.5783422449604	0.109169498318806
705	35.25	-10.5783422449604	0.110459170304239
706	35.3	-10.5783422449604	0.113038514275104
707	35.35	-10.5783422449604	0.114328186260536
708	35.4	-10.5783422449604	0.116907530231401
709	35.45	-10.5783422449604	0.118197202216834
710	35.5	-10.5783422449604	0.120776546187699
711	35.55	-10.5783422449604	0.122066218173131
712	35.6	-10.5783422449604	0.124645562143996
713	35.65	-10.5783422449604	0.127224906114861
714	35.7	-10.5783422449604	0.129804250085726
715	35.75	-10.5783422449604	0.131093922071159
716	35.8	-10.5783422449604	0.133673266042024
717	35.85	-10.5783422449604	0.136252610012889
718	35.9	-10.5783422449604	0.138831953983754
719	35.95	-10.5783422449604	0.140121625969186
720	36	-10.5783422449604	0.143990641925484
721	36.05	-10.5783422449604	0.146569985896349
722	36.1	-10.5783422449604	0.147859657881781
723	36.15	-10.5783422449604	0.150439001852646
724	36.2	-10.5783422449604	0.153018345823511
725	36.25	-8.20018710382283	0.155597689794376
726	36.3	-4.18027952522971	0.158177033765242
727	36.35	-1.26304149418138	0.159466705750674
728	36.4	-0.778124827658758	0.163335721706972
729	36.45	-0.628522877348587	0.164625393692404
730	36.5	-1.18824051902629	0.167204737663269
731	36.55	-2.13357008434832	0.169784081634134
732	36.6	-3.50449140486307	0.172363425604999
733	36.65	-5.47253085463308	0.174942769575864
734	36.7	-6.33790075685829	0.177522113546729
735	36.75	-6.08254570374265	0.180101457517594
736	36.8	-5.32808759226464	0.183970473473892
737	36.85	-4.17125182133168	0.185260145459324
738	36.9	-3.41550403786823	0.187839489430189
739	36.95	-2.28188236267306	0.191708505386487
740	37	-1.28109690197743	0.194287849357352
741	37.05	-0.627233205363154	0.196867193328217
742	37.1	-0.26999406539835	0.199446537299082
743	37.15	-0.159082274651155	0.202025881269947
744	37.2	-0.374457496218383	0.204605225240812
745	37.25	-0.837449738988653	0.207184569211677
746	37.3	-1.15728839137591	0.209763913182542
747	37.35	-1.46423032390885	0.212343257153407
748	37.4	-1.81115208799019	0.214922601124272
749	37.45	-2.03297566948459	0.217501945095137
750	37.5	-2.18386729178019	0.220081289066002
751	37.55	-2.17741893185303	0.221370961051434
752	37.6	-2.0097615737468	0.223950305022299
753	37.65	-1.68605390540324	0.226529648993164
754	37.7	-1.2359583824873	0.229108992964029
755	37.75	-0.84131875494495	0.231688336934894
756	37.8	-0.468603551154956	0.234267680905759
757	37.85	-0.288049473194405	0.236847024876624
758	37.9	-0.179717026418075	0.239426368847489
759	37.95	-0.124261131044477	0.242005712818354
760	38	-0.170689322520047	0.243295384803787
761	38.05	-0.245490297675133	0.245874728774652
762	38.1	-0.427334047621116	0.248454072745517
763	38.15	-0.673661396838725	0.251033416716382
764	38.2	-0.919988746056333	0.252323088701814
765	38.25	-1.13020527968183	0.254902432672679
766	38.3	-1.21919264667667	0.257481776643544
767	38.35	-1.10312216798775	0.260061120614409
768	38.4	-0.966416937531903	0.262640464585274
769	38.45	-0.824553019134328	0.265219808556139
770	38.5	-0.638840253232047	0.267799152527004
771	38.55	-0.469893223140389	0.269088824512437
772	38.6	-0.303525537019596	0.271668168483302
773	38.65	-0.159082274651155	0.274247512454167
774	38.7	-0.103626379277557	0.276826856425032
775	38.75	-0.13586817891337	0.279406200395897
776	38.8	-0.308684224961326	0.28069587238133
777	38.85	-0.475051911082119	0.284564888337627
778	38.9	-0.589832717785612	0.287144232308492
779	38.95	-0.731696636183187	0.289723576279357
780	39	-0.818104659207165	0.292302920250222
781	39.05	-0.847767114872113	0.293592592235655
782	39.1	-0.829711707076058	0.297461608191952
783	39.15	-0.749752043979242	0.300040952162817
784	39.2	-0.629812549334019	0.30133062414825
785	39.25	-0.490527974907309	0.303909968119115
786	39.3	-0.375747168203816	0.30648931208998
787	39.35	-0.224855545908213	0.309068656060845
788	39.4	-0.106205723248422	0.31164800003171
789	39.45	-0.070094907656312	0.314227344002575
790	39.5	-0.0739639236126095	0.31680668797344
791	39.55	-0.12555080302991	0.318096359958872
792	39.6	-0.214538170024753	0.320675703929737
793	39.65	-0.303525537019596	0.323255047900602
794	39.7	-0.405409623868763	0.325834391871467
795	39.75	-0.477631255052984	0.328413735842332
796	39.8	-0.517611086601391	0.330993079813197
797	39.85	-0.543404526310042	0.333572423784062
798	39.9	-0.482789942994714	0.334862095769495
799	39.95	-0.422175359679386	0.33744143974036
800	40	-0.343505368568003	0.340020783711225
801	40.05	-0.22872456186451	0.34260012768209
802	40.1	-0.16682030656375	0.343889799667522
803	40.15	-0.121681787073612	0.34775881562382
804	40.2	-0.072674251627177	0.349048487609252
805	40.25	-0.0713845796417445	0.35291750356555
806	40.3	-0.0920193314086646	0.355496847536415
807	40.35	-0.122971459059045	0.356786519521847
808	40.4	-0.183586042374372	0.359365863492712
809	40.45	-0.235172921791673	0.361945207463577
810	40.5	-0.263545705471188	0.36323487944901
811	40.55	-0.308684224961326	0.365814223419875
812	40.6	-0.322870616801083	0.36839356739074
813	40.65	-0.313842912903056	0.369683239376172
814	40.7	-0.29062881716527	0.372262583347037
815	40.75	-0.255807673558593	0.374841927317902
816	40.8	-0.181006698403507	0.377421271288767
817	40.85	-0.108785067219287	0.3787109432742
818	40.9	-0.0662258917000145	0.382579959230497
819	40.95	-0.0494601558893919	0.385159303201362
820	41	-0.0559085158165544	0.387738647172228
821	41.05	-0.080412283539772	0.390317991143093
822	41.1	-0.138447522884235	0.392897335113958
823	41.15	-0.169399650534615	0.395476679084823
824	41.2	-0.199062106199563	0.398056023055688
825	41.25	-0.21324849803932	0.400635367026553
826	41.3	-0.230014233849943	0.403214710997418
827	41.35	-0.214538170024753	0.405794054968283
828	41.4	-0.1926137462724	0.408373398939148
829	41.45	-0.173268666490912	0.410952742910013
830	41.5	-0.139737194869667	0.412242414895445
831	41.55	-0.11523342714645	0.416111430851743
832	41.6	-0.0842812994960696	0.417401102837175
833	41.65	-0.0597775317728519	0.41998044680804
834	41.7	-0.0468808119185269	0.422559790778905
835	41.75	-0.0417221239767969	0.423849462764338
836	41.8	-0.0481704839039594	0.426428806735203
837	41.85	-0.0662258917000145	0.429008150706068
838	41.9	-0.0958883473649621	0.431587494676933
839	41.95	-0.13586817891337	0.434166838647798
840	42	-0.168109978549182	0.43545651063323
841	42.05	-0.1926137462724	0.438035854604095
842	42.1	-0.206800138112158	0.44061519857496
843	42.15	-0.200351778184995	0.443194542545825
844	42.2	-0.199062106199563	0.444484214531258
845	42.25	-0.184875714359805	0.447063558502123
846	42.3	-0.157792602665722	0.449642902472988
847	42.35	-0.129419818986207	0.452222246443853
848	42.4	-0.10491605126299	0.453511918429285
849	42.45	-0.0933090033940971	0.45609126240015
850	42.5	-0.0688052356708795	0.457380934385583
851	42.55	-0.0533291718456894	0.459960278356448
852	42.6	-0.0507498278748244	0.462539622327313
853	42.65	-0.0636465477291495	0.463829294312745
854	42.7	-0.0933090033940971	0.46640863828361
855	42.75	-0.134578506927937	0.468987982254475
856	42.8	-0.159082274651155	0.47156732622534
857	42.85	-0.19777243421413	0.472856998210773
858	42.9	-0.206800138112158	0.475436342181638
859	42.95	-0.222276201937348	0.478015686152503
860	43	-0.227434889879078	0.480595030123368
861	43.05	-0.220986529951915	0.4818847021088
862	43.1	-0.196482762228698	0.484464046079665
863	43.15	-0.159082274651155	0.48704339005053
864	43.2	-0.128130147000775	0.489622734021395
865	43.25	-0.10491605126299	0.49220207799226
866	43.3	-0.0791226115543395	0.493491749977693
867	43.35	-0.0739639236126095	0.496071093948558
868	43.4	-0.0559085158165544	0.49736076593399
869	43.45	-0.0520394998602569	0.499940109904855
870	43.5	-0.0520394998602569	0.502519453875721
871	43.55	-0.064936219714582	0.503809125861153
872	43.6	-0.072674251627177	0.505098797846586
873	43.65	-0.0945986753795296	0.507678141817451
874	43.7	-0.116523099131882	0.510257485788316
875	43.75	-0.129419818986207	0.512836829759181
876	43.8	-0.15650293068029	0.514126501744613
877	43.85	-0.139737194869667	0.515416173730046
878	43.9	-0.139737194869667	0.517995517700911
879	43.95	-0.134578506927937	0.520574861671776
880	44	-0.122971459059045	0.521864533657208
881	44.05	-0.11007473920472	0.524443877628073
882	44.1	-0.0842812994960696	0.525733549613506
883	44.15	-0.072674251627177	0.528312893584371
884	44.2	-0.0584878597874194	0.530892237555236
885	44.25	-0.0494601558893919	0.532181909540668
886	44.3	-0.0494601558893919	0.534761253511533
887	44.35	-0.0533291718456894	0.537340597482398
888	44.4	-0.0610672037582844	0.538630269467831
889	44.45	-0.075253595598042	0.541209613438696
890	44.5	-0.082991627510637	0.543788957409561
891	44.55	-0.0933090033940971	0.545078629394993
892	44.6	-0.107495395233855	0.547657973365858
893	44.65	-0.11523342714645	0.548947645351291
894	44.7	-0.11523342714645	0.551526989322156
895	44.75	-0.119102443102747	0.554106333293021
896	44.8	-0.107495395233855	0.555396005278453
897	44.85	-0.0958883473649621	0.557975349249318
898	44.9	-0.0765432675834745	0.559265021234751
899	44.95	-0.064936219714582	0.561844365205616
900	45	-0.0546188438311219	0.564423709176481
901	45.05	-0.0455911399330944	0.565713381161913
902	45.1	-0.0430117959622294	0.568292725132778
903	45.15	-0.0378531080204993	0.569582397118211
904	45.2	-0.0365634360350668	0.572161741089076
905	45.25	-0.0391427800059319	0.573451413074508
906	45.3	-0.0443014679476619	0.574741085059941
907	45.35	-0.0507498278748244	0.577320429030806
908	45.4	-0.0662258917000145	0.577320429030806
909	45.45	-0.0842812994960696	0.579899773001671
910	45.5	-0.0958883473649621	0.582479116972536
911	45.55	-0.111364411190152	0.583768788957968
912	45.6	-0.128130147000775	0.586348132928833
913	45.65	-0.138447522884235	0.588927476899698
914	45.7	-0.13070949097164	0.590217148885131
915	45.75	-0.138447522884235	0.592796492855996
916	45.8	-0.117812771117315	0.594086164841428
917	45.85	-0.117812771117315	0.596665508812293
918	45.9	-0.0894399874377996	0.599244852783158
919	45.95	-0.075253595598042	0.600534524768591
920	46	-0.0713845796417445	0.603113868739456
921	46.05	-0.064936219714582	0.605693212710321
922	46.1	-0.067515563685447	0.608272556681186
923	46.15	-0.0739639236126095	0.610851900652051
924	46.2	-0.0791226115543395	0.612141572637483
925	46.25	-0.0791226115543395	0.613431244622916
926	46.3	-0.0868606434669346	0.616010588593781
927	46.35	-0.0868606434669346	0.617300260579214
928	46.4	-0.101047035306692	0.619879604550079
929	46.45	-0.116523099131882	0.621169276535511
930	46.5	-0.116523099131882	0.622458948520944
931	46.55	-0.11007473920472	0.625038292491809
932	46.6	-0.106205723248422	0.627617636462674
933	46.65	-0.0997573633212596	0.628907308448106
934	46.7	-0.0855709714815021	0.630196980433539
935	46.75	-0.072674251627177	0.632776324404404
936	46.8	-0.0571981878019869	0.635355668375269
937	46.85	-0.0443014679476619	0.636645340360701
938	46.9	-0.0443014679476619	0.637935012346134
939	46.95	-0.0455911399330944	0.640514356316999
940	47	-0.0571981878019869	0.643093700287864
941	47.05	-0.0662258917000145	0.644383372273296
942	47.1	-0.075253595598042	0.646962716244161
943	47.15	-0.0855709714815021	0.649542060215026
944	47.2	-0.0920193314086646	0.652121404185891
945	47.25	-0.0984676913358271	0.653411076171324
946	47.3	-0.0920193314086646	0.655990420142189
947	47.35	-0.0933090033940971	0.658569764113054
948	47.4	-0.0894399874377996	0.659859436098486
949	47.45	-0.077832939568907	0.662438780069351
950	47.5	-0.0713845796417445	0.665018124040216
951	47.55	-0.064936219714582	0.666307796025649
952	47.6	-0.0584878597874194	0.668887139996514
953	47.65	-0.0533291718456894	0.670176811981946
954	47.7	-0.0494601558893919	0.671466483967379
955	47.75	-0.0443014679476619	0.674045827938244
956	47.8	-0.0417221239767969	0.676625171909109
957	47.85	-0.0455911399330944	0.677914843894541
958	47.9	-0.0533291718456894	0.680494187865406
959	47.95	-0.0662258917000145	0.683073531836271
960	48	-0.0817019555252045	0.684363203821704
961	48.05	-0.0920193314086646	0.686942547792569
962	48.1	-0.108785067219287	0.688232219778001
963	48.15	-0.122971459059045	0.690811563748866
964	48.2	-0.128130147000775	0.693390907719731
965	48.25	-0.126840475015342	0.695970251690596
966	48.3	-0.113943755161017	0.699839267646894
967	48.35	-0.102336707292125	0.701128939632326
968	48.4	-0.080412283539772	0.704997955588624
969	48.45	-0.0571981878019869	0.707577299559489
970	48.5	-0.0559085158165544	0.708866971544921
971	48.55	-0.0533291718456894	0.712735987501219
972	48.6	-0.0520394998602569	0.714025659486651
973	48.65	-0.0584878597874194	0.716605003457516
974	48.7	-0.0610672037582844	0.719184347428381
975	48.75	-0.067515563685447	0.720474019413814
976	48.8	-0.0713845796417445	0.724343035370111
977	48.85	-0.077832939568907	0.725632707355544
978	48.9	-0.0791226115543395	0.728212051326409
979	48.95	-0.072674251627177	0.730791395297274
980	49	-0.070094907656312	0.732081067282706
981	49.05	-0.062356875743717	0.734660411253572
982	49.1	-0.0584878597874194	0.737239755224437
983	49.15	-0.0533291718456894	0.738529427209869
984	49.2	-0.0455911399330944	0.741108771180734
985	49.25	-0.0430117959622294	0.742398443166167
986	49.3	-0.0391427800059319	0.744977787137032
987	49.35	-0.0365634360350668	0.746267459122464
988	49.4	-0.0352737640496343	0.748846803093329
989	49.45	-0.0352737640496343	0.750136475078762
990	49.5	-0.0352737640496343	0.752715819049627
991	49.55	-0.0404324519913644	0.754005491035059
992	49.6	-0.0507498278748244	0.755295163020492
993	49.65	-0.0507498278748244	0.757874506991357
994	49.7	-0.0584878597874194	0.760453850962222
995	49.75	-0.062356875743717	0.763033194933087
996	49.8	-0.062356875743717	0.764322866918519
997	49.85	-0.0688052356708795	0.765612538903952
998	49.9	-0.0765432675834745	0.766902210889384
999	49.95	-0.075253595598042	0.769481554860249
1000	50	-0.0739639236126095	0.770771226845682
1001	50.05	-0.0713845796417445	0.773350570816547
1002	50.1	-0.070094907656312	0.774640242801979
1003	50.15	-0.0610672037582844	0.775929914787412
1004	50.2	-0.0571981878019869	0.777219586772844
1005	50.25	-0.0481704839039594	0.779798930743709
1006	50.3	-0.0468808119185269	0.781088602729142
1007	50.35	-0.0468808119185269	0.782378274714574
1008	50.4	-0.0468808119185269	0.784957618685439
1009	50.45	-0.0546188438311219	0.787536962656304
1010	50.5	-0.0713845796417445	0.788826634641737
1011	50.55	-0.0713845796417445	0.790116306627169
1012	50.6	-0.0765432675834745	0.793985322583467
1013	50.65	-0.0894399874377996	0.795274994568899
1014	50.7	-0.0894399874377996	0.796564666554332
1015	50.75	-0.0933090033940971	0.799144010525197
1016	50.8	-0.0739639236126095	0.801723354496062
1017	50.85	-0.075253595598042	0.804302698466927
1018	50.9	-0.0688052356708795	0.805592370452359
1019	50.95	-0.0610672037582844	0.806882042437792
1020	51	-0.0584878597874194	0.809461386408657
1021	51.05	-0.0481704839039594	0.810751058394089
1022	51.1	-0.0404324519913644	0.812040730379522
1023	51.15	-0.0352737640496343	0.814620074350387
1024	51.2	-0.0365634360350668	0.817199418321252
1025	51.25	-0.0365634360350668	0.818489090306684
1026	51.3	-0.0468808119185269	0.821068434277549
1027	51.35	-0.0481704839039594	0.823647778248414
1028	51.4	-0.0597775317728519	0.826227122219279
1029	51.45	-0.070094907656312	0.828806466190144
1030	51.5	-0.0791226115543395	0.831385810161009
1031	51.55	-0.0791226115543395	0.833965154131874
1032	51.6	-0.0855709714815021	0.836544498102739
1033	51.65	-0.0817019555252045	0.837834170088172
1034	51.7	-0.0765432675834745	0.840413514059037
1035	51.75	-0.072674251627177	0.842992858029902
1036	51.8	-0.064936219714582	0.845572202000767
1037	51.85	-0.0571981878019869	0.848151545971632
1038	51.9	-0.0520394998602569	0.850730889942497
1039	51.95	-0.0443014679476619	0.85202056192793
1040	52	-0.0430117959622294	0.853310233913362
1041	52.05	-0.0378531080204993	0.85717924986966
1042	52.1	-0.0391427800059319	0.858468921855092
1043	52.15	-0.0378531080204993	0.861048265825957
1044	52.2	-0.0468808119185269	0.86233793781139
1045	52.25	-0.0455911399330944	0.864917281782255
1046	52.3	-0.0520394998602569	0.866206953767687
1047	52.35	-0.0546188438311219	0.870075969723985
1048	52.4	-0.0584878597874194	0.871365641709417
1049	52.45	-0.0481704839039594	0.873944985680282
1050	52.5	-0.0468808119185269	0.876524329651147
1051	52.55	-0.0417221239767969	0.879103673622012
1052	52.6	-0.0378531080204993	0.881683017592877
1053	52.65	-0.0352737640496343	0.884262361563742
1054	52.7	-0.0352737640496343	0.886841705534607
1055	52.75	-0.0326944200787693	0.88813137752004
1056	52.8	-0.0365634360350668	0.892000393476337
1057	52.85	-0.0365634360350668	0.89329006546177
1058	52.9	-0.0417221239767969	0.895869409432635
1059	52.95	-0.0443014679476619	0.897159081418067
1060	53	-0.0455911399330944	0.901028097374365
1061	53.05	-0.0533291718456894	0.902317769359797
1062	53.1	-0.0546188438311219	0.904897113330662
1063	53.15	-0.0571981878019869	0.906186785316095
1064	53.2	-0.0597775317728519	0.90876612928696
1065	53.25	-0.0571981878019869	0.911345473257825
1066	53.3	-0.0571981878019869	0.915214489214122
1067	53.35	-0.0468808119185269	0.917793833184987
1068	53.4	-0.0443014679476619	0.920373177155852
1069	53.45	-0.0417221239767969	0.922952521126717
1070	53.5	-0.0443014679476619	0.926821537083015
1071	53.55	-0.0443014679476619	0.92940088105388
1072	53.6	-0.0468808119185269	0.931980225024745
1073	53.65	-0.0494601558893919	0.933269897010177
1074	53.7	-0.0533291718456894	0.935849240981042
1075	53.75	-0.0584878597874194	0.937138912966475
1076	53.8	-0.062356875743717	0.938428584951907
1077	53.85	-0.0610672037582844	0.941007928922772
1078	53.9	-0.064936219714582	0.942297600908205
1079	53.95	-0.0636465477291495	0.94487694487907
1080	54	-0.0597775317728519	0.947456288849935
1081	54.05	-0.0559085158165544	0.948745960835367
1082	54.1	-0.0571981878019869	0.951325304806232
1083	54.15	-0.0520394998602569	0.952614976791665
1084	54.2	-0.0533291718456894	0.95519432076253
1085	54.25	-0.0443014679476619	0.956483992747962
1086	54.3	-0.0404324519913644	0.959063336718827
1087	54.35	-0.0391427800059319	0.96035300870426
1088	54.4	-0.0365634360350668	0.962932352675125
1089	54.45	-0.0326944200787693	0.96551169664599
1090	54.5	-0.0378531080204993	0.968091040616855
1091	54.55	-0.0365634360350668	0.97067038458772
1092	54.6	-0.0404324519913644	0.973249728558585
1093	54.65	-0.0443014679476619	0.974539400544018
1094	54.7	-0.0520394998602569	0.977118744514883
1095	54.75	-0.0494601558893919	0.979698088485748
1096	54.8	-0.0571981878019869	0.98098776047118
1097	54.85	-0.0571981878019869	0.983567104442045
1098	54.9	-0.0597775317728519	0.98614644841291
1099	54.95	-0.0571981878019869	0.987436120398343
1100	55	-0.0533291718456894	0.990015464369208
1101	55.05	-0.0481704839039594	0.99130513635464
1102	55.1	-0.0494601558893919	0.993884480325505
1103	55.15	-0.0455911399330944	0.99646382429637
1104	55.2	-0.0455911399330944	0.999043168267235
1105	55.25	-0.0443014679476619	1.00033284025267
1106	55.3	-0.0468808119185269	1.00291218422353
1107	55.35	-0.0468808119185269	1.0054915281944
1108	55.4	-0.0533291718456894	1.00807087216526
1109	55.45	-0.0546188438311219	1.0093605441507
1110	55.5	-0.0597775317728519	1.01193988812156
1111	55.55	-0.0584878597874194	1.01451923209243
1112	55.6	-0.0584878597874194	1.01709857606329
1113	55.65	-0.062356875743717	1.01838824804872
1114	55.7	-0.062356875743717	1.02096759201959
1115	55.75	-0.0584878597874194	1.02354693599045
1116	55.8	-0.064936219714582	1.02483660797589
1117	55.85	-0.0610672037582844	1.02741595194675
1118	55.9	-0.0571981878019869	1.02870562393218
1119	55.95	-0.0533291718456894	1.03128496790305
1120	56	-0.0533291718456894	1.03257463988848
1121	56.05	-0.0443014679476619	1.03515398385935
1122	56.1	-0.0430117959622294	1.03773332783021
1123	56.15	-0.0352737640496343	1.03902299981564
1124	56.2	-0.0365634360350668	1.04160234378651
1125	56.25	-0.0339840920642018	1.04418168775737
1126	56.3	-0.0378531080204993	1.04676103172824
1127	56.35	-0.0378531080204993	1.0493403756991
1128	56.4	-0.0455911399330944	1.05063004768454
1129	56.45	-0.0494601558893919	1.0532093916554
1130	56.5	-0.0507498278748244	1.05578873562627
1131	56.55	-0.0533291718456894	1.05836807959713
1132	56.6	-0.0546188438311219	1.060947423568
1133	56.65	-0.0520394998602569	1.06223709555343
1134	56.7	-0.0520394998602569	1.06481643952429
1135	56.75	-0.0443014679476619	1.06739578349516
1136	56.8	-0.0430117959622294	1.06868545548059
1137	56.85	-0.0391427800059319	1.07126479945146
1138	56.9	-0.0365634360350668	1.07384414342232
1139	56.95	-0.0339840920642018	1.07513381540775
1140	57	-0.0352737640496343	1.07771315937862
1141	57.05	-0.0326944200787693	1.08029250334948
1142	57.1	-0.0378531080204993	1.08287184732035
1143	57.15	-0.0365634360350668	1.08416151930578
1144	57.2	-0.0417221239767969	1.08674086327665
1145	57.25	-0.0468808119185269	1.08932020724751
1146	57.3	-0.0546188438311219	1.09189955121838
1147	57.35	-0.0571981878019869	1.09318922320381
1148	57.4	-0.062356875743717	1.09576856717467
1149	57.45	-0.0636465477291495	1.09834791114554
1150	57.5	-0.0636465477291495	1.1009272551164
1151	57.55	-0.0584878597874194	1.10221692710184
1152	57.6	-0.0559085158165544	1.10608594305813
1153	57.65	-0.0507498278748244	1.108665287029
1154	57.7	-0.0443014679476619	1.11124463099986
1155	57.75	-0.0365634360350668	1.1125343029853
1156	57.8	-0.0352737640496343	1.11511364695616
1157	57.85	-0.0326944200787693	1.11898266291246
1158	57.9	-0.0365634360350668	1.12027233489789
1159	57.95	-0.0378531080204993	1.12414135085419
1160	58	-0.0417221239767969	1.12672069482505
1161	58.05	-0.0417221239767969	1.12930003879592
1162	58.1	-0.0443014679476619	1.13187938276678
1163	58.15	-0.0443014679476619	1.13445872673765
1164	58.2	-0.0468808119185269	1.13703807070851
1165	58.25	-0.0430117959622294	1.13961741467938
1166	58.3	-0.0443014679476619	1.14219675865024
1167	58.35	-0.0391427800059319	1.14477610262111
1168	58.4	-0.0417221239767969	1.14864511857741
1169	58.45	-0.0378531080204993	1.15122446254827
1170	58.5	-0.0417221239767969	1.1525141345337
1171	58.55	-0.0378531080204993	1.15509347850457
1172	58.6	-0.0443014679476619	1.15638315049
1173	58.65	-0.0443014679476619	1.15896249446087
1174	58.7	-0.0494601558893919	1.16154183843173
1175	58.75	-0.0533291718456894	1.1641211824026
1176	58.8	-0.0559085158165544	1.16670052637346
1177	58.85	-0.0571981878019869	1.16927987034433
1178	58.9	-0.0597775317728519	1.17056954232976
1179	58.95	-0.0584878597874194	1.17314888630062
1180	59	-0.0571981878019869	1.17572823027149
1181	59.05	-0.0520394998602569	1.17830757424235
1182	59.1	-0.0507498278748244	1.18088691821322
1183	59.15	-0.0455911399330944	1.18346626218408
1184	59.2	-0.0468808119185269	1.18475593416952
1185	59.25	-0.0443014679476619	1.18862495012581
1186	59.3	-0.0404324519913644	1.18991462211125
1187	59.35	-0.0352737640496343	1.19249396608211
1188	59.4	-0.0378531080204993	1.19507331005298
1189	59.45	-0.0378531080204993	1.19765265402384
1190	59.5	-0.0404324519913644	1.20023199799471
1191	59.55	-0.0404324519913644	1.20281134196557
1192	59.6	-0.0455911399330944	1.20539068593644
1193	59.65	-0.0468808119185269	1.2079700299073
1194	59.7	-0.0494601558893919	1.20925970189273
1195	59.75	-0.0481704839039594	1.21054937387817
1196	59.8	-0.0520394998602569	1.21441838983446
1197	59.85	-0.0443014679476619	1.21699773380533
1198	59.9	-0.0443014679476619	1.21828740579076
1199	59.95	-0.0481704839039594	1.22086674976163
1200	60	-0.0404324519913644	1.22215642174706
1201	60.05	-0.0378531080204993	1.22473576571792
1202	60.1	-0.0365634360350668	1.22602543770336
1203	60.15	-0.0352737640496343	1.22989445365965
1204	60.2	-0.0365634360350668	1.23118412564509
1205	60.25	-0.0365634360350668	1.23247379763052
1206	60.3	-0.0391427800059319	1.23505314160138
1207	60.35	-0.0417221239767969	1.23763248557225
1208	60.4	-0.0468808119185269	1.24021182954311
1209	60.45	-0.0481704839039594	1.24279117351398
1210	60.5	-0.0520394998602569	1.24537051748484
1211	60.55	-0.0559085158165544	1.24794986145571
1212	60.6	-0.0584878597874194	1.25052920542657
1213	60.65	-0.0636465477291495	1.25310854939744
1214	60.7	-0.0713845796417445	1.2556878933683
1215	60.75	-0.075253595598042	1.25826723733917
1216	60.8	-0.0984676913358271	1.26213625329547
1217	60.85	-0.116523099131882	1.26471559726633
1218	60.9	-0.13070949097164	1.26858461322263
1219	60.95	-0.144895882811397	1.27116395719349
1220	61	-0.160371946636587	1.27503297314979
1221	61.05	-0.165530634578317	1.27761231712066
1222	61.1	-0.178427354432642	1.28019166109152
1223	61.15	-0.188744730316103	1.28277100506239
1224	61.2	-0.188744730316103	1.28535034903325
1225	61.25	-0.193903418257833	1.28921936498955
1226	61.3	-0.19777243421413	1.29050903697498
1227	61.35	-0.190034402301535	1.29308838094585
1228	61.4	-0.195193090243265	1.29566772491671
1229	61.45	-0.196482762228698	1.29824706888758
1230	61.5	-0.190034402301535	1.30082641285844
1231	61.55	-0.184875714359805	1.30340575682931
1232	61.6	-0.18229637038894	1.30598510080017
1233	61.65	-0.17713768244721	1.30856444477104
1234	61.7	-0.183586042374372	1.3111437887419
1235	61.75	-0.184875714359805	1.31372313271277
1236	61.8	-0.18229637038894	1.3150128046982
1237	61.85	-0.18229637038894	1.31759214866906
1238	61.9	-0.186165386345237	1.32017149263993
1239	61.95	-0.179717026418075	1.32146116462536
1240	62	-0.184875714359805	1.32533018058166
1241	62.05	-0.183586042374372	1.32790952455252
1242	62.1	-0.18745505833067	1.33048886852339
1243	62.15	-0.186165386345237	1.33177854050882
1244	62.2	-0.18745505833067	1.33564755646512
1245	62.25	-0.184875714359805	1.33693722845055
1246	62.3	-0.188744730316103	1.34080624440685
1247	62.35	-0.188744730316103	1.34209591639228
1248	62.4	-0.18745505833067	1.34467526036315
1249	62.45	-0.184875714359805	1.34725460433401
1250	62.5	-0.188744730316103	1.34983394830488
1251	62.55	-0.183586042374372	1.35112362029031
1252	62.6	-0.18229637038894	1.35499263624661
1253	62.65	-0.183586042374372	1.35628230823204
1254	62.7	-0.190034402301535	1.3588616522029
1255	62.75	-0.186165386345237	1.36144099617377
1256	62.8	-0.18745505833067	1.36402034014463
1257	62.85	-0.188744730316103	1.36531001213007
1258	62.9	-0.184875714359805	1.36788935610093
1259	62.95	-0.18229637038894	1.3704687000718
1260	63	-0.190034402301535	1.37304804404266
1261	63.05	-0.183586042374372	1.37562738801353
1262	63.1	-0.191324074286968	1.37691705999896
1263	63.15	-0.18745505833067	1.37949640396982
1264	63.2	-0.190034402301535	1.38207574794069
1265	63.25	-0.18229637038894	1.38465509191155
1266	63.3	-0.188744730316103	1.38594476389699
1267	63.35	-0.186165386345237	1.38981377985328
1268	63.4	-0.190034402301535	1.39239312382415
1269	63.45	-0.186165386345237	1.39368279580958
1270	63.5	-0.191324074286968	1.39626213978045
1271	63.55	-0.183586042374372	1.39755181176588
1272	63.6	-0.18745505833067	1.40013115573674
1273	63.65	-0.184875714359805	1.40142082772218
1274	63.7	-0.183586042374372	1.40400017169304
1275	63.75	-0.186165386345237	1.40657951566391
1276	63.8	-0.18745505833067	1.40786918764934
1277	63.85	-0.186165386345237	1.4104485316202
1278	63.9	-0.188744730316103	1.41302787559107
1279	63.95	-0.183586042374372	1.41560721956193
1280	64	-0.188744730316103	1.41689689154737
1281	64.05	-0.188744730316103	1.41947623551823
1282	64.1	-0.191324074286968	1.4220555794891
1283	64.15	-0.190034402301535	1.42463492345996
1284	64.2	-0.190034402301535	1.42721426743083
1285	64.25	-0.18229637038894	1.42979361140169
1286	64.3	-0.1926137462724	1.43108328338712
1287	64.35	-0.190034402301535	1.43366262735799
1288	64.4	-0.18745505833067	1.43495229934342
1289	64.45	-0.183586042374372	1.43624197132885
1290	64.5	-0.188744730316103	1.43753164331429
1291	64.55	-0.188744730316103	1.43882131529972
1292	64.6	-0.190034402301535	1.44140065927058
1293	64.65	-0.190034402301535	1.44269033125602
1294	64.7	-0.1926137462724	1.44398000324145
1295	64.75	-0.191324074286968	1.44655934721231
1296	64.8	-0.190034402301535	1.44784901919775
1297	64.85	-0.188744730316103	1.44913869118318
1298	64.9	-0.191324074286968	1.45171803515404
1299	64.95	-0.190034402301535	1.45300770713948
1300	65	-0.18745505833067	1.45429737912491
1301	65.05	-0.186165386345237	1.45687672309577
1302	65.1	-0.190034402301535	1.45816639508121
1303	65.15	-0.188744730316103	1.45816639508121
1304	65.2	-0.190034402301535	1.45945606706664
1305	65.25	-0.18745505833067	1.46074573905207
1306	65.3	-0.184875714359805	1.4620354110375
1307	65.35	-0.186165386345237	1.46332508302294
1308	65.4	-0.188744730316103	1.46332508302294
1309	65.45	-0.188744730316103	1.46332508302294
1310	65.5	-0.190034402301535	1.46332508302294
1311	65.55	-0.184875714359805	1.46461475500837
1312	65.6	-0.184875714359805	1.4659044269938
1313	65.65	-0.184875714359805	1.46461475500837
1314	65.7	-0.18745505833067	1.4659044269938
1315	65.75	-0.183586042374372	1.4659044269938
1316	65.8	-0.190034402301535	1.4659044269938
1317	65.85	-0.190034402301535	1.46719409897923
1318	65.9	-0.191324074286968	1.46719409897923
1319	65.95	-0.188744730316103	1.46719409897923
1320	66	-0.188744730316103	1.46719409897923
1321	66.05	-0.18745505833067	1.46719409897923
1322	66.1	-0.186165386345237	1.46719409897923
1323	66.15	-0.186165386345237	1.46719409897923
1324	66.2	-0.193903418257833	1.46719409897923
1325	66.25	-0.18745505833067	1.46719409897923
1326	66.3	-0.188744730316103	1.46719409897923
1327	66.35	-0.188744730316103	1.46848377096467
1328	66.4	-0.186165386345237	1.46848377096467
1329	66.45	-0.190034402301535	1.46848377096467
1330	66.5	-0.191324074286968	1.46848377096467
1331	66.55	-0.188744730316103	1.46848377096467
1332	66.6	-0.186165386345237	1.46848377096467
1333	66.65	-0.190034402301535	1.46848377096467
1334	66.7	-0.190034402301535	1.46719409897923
1335	66.75	-0.18745505833067	1.46848377096467
1336	66.8	-0.188744730316103	1.46848377096467
1337	66.85	-0.190034402301535	1.46848377096467
1338	66.9	-0.186165386345237	1.46848377096467
1339	66.95	-0.18745505833067	1.46848377096467
1340	67	-0.184875714359805	1.46848377096467
1341	67.05	-0.188744730316103	1.46848377096467
1342	67.1	-0.190034402301535	1.46848377096467
1343	67.15	-0.184875714359805	1.46848377096467
1344	67.2	-0.18745505833067	1.46848377096467
1345	67.25	-0.188744730316103	1.4697734429501
1346	67.3	-0.18745505833067	1.46848377096467
1347	67.35	-0.1926137462724	1.46848377096467
1348	67.4	-0.188744730316103	1.46848377096467
1349	67.45	-0.186165386345237	1.4697734429501
1350	67.5	-0.188744730316103	1.4697734429501
1351	67.55	-0.184875714359805	1.46848377096467
1352	67.6	-0.188744730316103	1.4697734429501
1353	67.65	-0.193903418257833	1.4697734429501
1354	67.7	-0.191324074286968	1.4697734429501
1355	67.75	-0.1926137462724	1.4697734429501
1356	67.8	-0.190034402301535	1.4697734429501
1357	67.85	-0.1926137462724	1.4697734429501
1358	67.9	-0.191324074286968	1.4697734429501
1359	67.95	-0.196482762228698	1.4697734429501
1360	68	-0.193903418257833	1.4697734429501
1361	68.05	-0.18745505833067	1.4697734429501
1362	68.1	-0.191324074286968	1.4697734429501
1363	68.15	-0.1926137462724	1.4697734429501
1364	68.2	-0.193903418257833	1.4697734429501
1365	68.25	-0.18745505833067	1.4697734429501
1366	68.3	-0.188744730316103	1.4697734429501
1367	68.35	-0.188744730316103	1.47106311493553
1368	68.4	-0.191324074286968	1.47106311493553
1369	68.45	-0.186165386345237	1.4697734429501
1370	68.5	-0.195193090243265	1.4697734429501
1371	68.55	-0.195193090243265	1.4697734429501
1372	68.6	-0.191324074286968	1.4697734429501
1373	68.65	-0.190034402301535	1.47106311493553
1374	68.7	-0.196482762228698	1.4697734429501
1375	68.75	-0.193903418257833	1.47106311493553
1376	68.8	-0.191324074286968	1.4697734429501
1377	68.85	-0.191324074286968	1.4697734429501
1378	68.9	-0.186165386345237	1.4697734429501
1379	68.95	-0.1926137462724	1.4697734429501
1380	69	-0.188744730316103	1.4697734429501
1381	69.05	-0.191324074286968	1.4697734429501
1382	69.1	-0.184875714359805	1.47106311493553
1383	69.15	-0.188744730316103	1.47106311493553
1384	69.2	-0.186165386345237	1.47106311493553
1385	69.25	-0.191324074286968	1.47106311493553
1386	69.3	-0.1926137462724	1.47106311493553
1387	69.35	-0.1926137462724	1.47106311493553
1388	69.4	-0.186165386345237	1.47106311493553
1389	69.45	-0.190034402301535	1.47106311493553
1390	69.5	-0.1926137462724	1.47106311493553
1391	69.55	-0.183586042374372	1.47106311493553
1392	69.6	-0.188744730316103	1.47106311493553
1393	69.65	-0.1926137462724	1.47106311493553
1394	69.7	-0.196482762228698	1.47106311493553
1395	69.75	-0.1926137462724	1.47106311493553
1396	69.8	-0.191324074286968	1.47106311493553
1397	69.85	-0.191324074286968	1.47106311493553
1398	69.9	-0.188744730316103	1.47106311493553
1399	69.95	-0.184875714359805	1.47106311493553
1400	70	-0.190034402301535	1.47106311493553
1401	70.05	-0.188744730316103	1.47106311493553
1402	70.1	-0.191324074286968	1.47235278692096
1403	70.15	-0.188744730316103	1.47106311493553
1404	70.2	-0.191324074286968	1.47235278692096
1405	70.25	-0.188744730316103	1.47235278692096
1406	70.3	-0.193903418257833	1.47235278692096
1407	70.35	-0.190034402301535	1.47106311493553
1408	70.4	-0.195193090243265	1.47235278692096
1409	70.45	-0.184875714359805	1.47106311493553
1410	70.5	-0.188744730316103	1.47235278692096
1411	70.55	-0.191324074286968	1.47106311493553
1412	70.6	-0.1926137462724	1.47235278692096
1413	70.65	-0.191324074286968	1.47235278692096
1414	70.7	-0.191324074286968	1.47106311493553
1415	70.75	-0.191324074286968	1.47235278692096
1416	70.8	-0.1926137462724	1.47235278692096
1417	70.85	-0.191324074286968	1.47235278692096
1418	70.9	-0.190034402301535	1.47235278692096
1419	70.95	-0.1926137462724	1.47235278692096
1420	71	-0.18745505833067	1.47235278692096
1421	71.05	-0.1926137462724	1.47235278692096
1422	71.1	-0.193903418257833	1.47235278692096
1423	71.15	-0.191324074286968	1.47235278692096
1424	71.2	-0.1926137462724	1.47235278692096
1425	71.25	-0.191324074286968	1.47235278692096
1426	71.3	-0.18745505833067	1.47235278692096
1427	71.35	-0.190034402301535	1.47235278692096
1428	71.4	-0.18745505833067	1.47235278692096
1429	71.45	-0.191324074286968	1.47235278692096
1430	71.5	-0.188744730316103	1.47235278692096
1431	71.55	-0.193903418257833	1.4736424589064
1432	71.6	-0.188744730316103	1.47235278692096
1433	71.65	-0.190034402301535	1.4736424589064
1434	71.7	-0.188744730316103	1.4736424589064
1435	71.75	-0.1926137462724	1.4736424589064
1436	71.8	-0.190034402301535	1.4736424589064
1437	71.85	-0.186165386345237	1.47493213089183
1438	71.9	-0.18745505833067	1.47493213089183
1439	71.95	-0.18745505833067	1.47493213089183
1440	72	-0.186165386345237	1.47493213089183
1441	72.05	-0.18745505833067	1.47493213089183
1442	72.1	-0.18745505833067	1.4736424589064
1443	72.15	-0.188744730316103	1.47493213089183
1444	72.2	-0.18745505833067	1.47493213089183
1445	72.25	-0.18745505833067	1.47493213089183
1446	72.3	-0.191324074286968	1.47493213089183
1447	72.35	-0.188744730316103	1.4736424589064
1448	72.4	-0.191324074286968	1.47493213089183
1449	72.45	-0.18745505833067	1.4736424589064
1450	72.5	-0.1926137462724	1.4736424589064
1451	72.55	-0.1926137462724	1.4736424589064
1452	72.6	-0.191324074286968	1.4736424589064
1453	72.65	-0.191324074286968	1.4736424589064
1454	72.7	-0.191324074286968	1.4736424589064
1455	72.75	-0.190034402301535	1.4736424589064
1456	72.8	-0.193903418257833	1.4736424589064
1457	72.85	-0.1926137462724	1.4736424589064
1458	72.9	-0.184875714359805	1.4736424589064
1459	72.95	-0.188744730316103	1.4736424589064
1460	73	-0.18745505833067	1.4736424589064
1461	73.05	-0.1926137462724	1.4736424589064
1462	73.1	-0.1926137462724	1.47235278692096
1463	73.15	-0.190034402301535	1.4736424589064
1464	73.2	-0.188744730316103	1.47235278692096
1465	73.25	-0.186165386345237	1.47235278692096
1466	73.3	-0.188744730316103	1.47235278692096
1467	73.35	-0.19777243421413	1.47235278692096
1468	73.4	-0.191324074286968	1.4736424589064
1469	73.45	-0.190034402301535	1.4736424589064
1470	73.5	-0.191324074286968	1.47235278692096
1471	73.55	-0.190034402301535	1.47235278692096
1472	73.6	-0.191324074286968	1.47235278692096
1473	73.65	-0.1926137462724	1.47235278692096
1474	73.7	-0.190034402301535	1.47235278692096
1475	73.75	-0.1926137462724	1.47235278692096
1476	73.8	-0.188744730316103	1.47235278692096
1477	73.85	-0.188744730316103	1.47235278692096
1478	73.9	-0.188744730316103	1.47106311493553
1479	73.95	-0.186165386345237	1.47106311493553
1480	74	-0.18745505833067	1.47106311493553
1481	74.05	-0.190034402301535	1.47106311493553
1482	74.1	-0.184875714359805	1.47106311493553
1483	74.15	-0.186165386345237	1.47106311493553
1484	74.2	-0.190034402301535	1.47106311493553
1485	74.25	-0.186165386345237	1.47106311493553
1486	74.3	-0.190034402301535	1.47106311493553
1487	74.35	-0.190034402301535	1.47106311493553
1488	74.4	-0.190034402301535	1.4697734429501
1489	74.45	-0.190034402301535	1.4697734429501
1490	74.5	-0.1926137462724	1.4697734429501
1491	74.55	-0.190034402301535	1.47106311493553
1492	74.6	-0.18745505833067	1.47106311493553
1493	74.65	-0.193903418257833	1.47106311493553
1494	74.7	-0.184875714359805	1.47106311493553
1495	74.75	-0.18745505833067	1.4697734429501
1496	74.8	-0.18745505833067	1.4697734429501
1497	74.85	-0.188744730316103	1.47106311493553
1498	74.9	-0.186165386345237	1.4697734429501
1499	74.95	-0.188744730316103	1.4697734429501
1500	75	-0.186165386345237	1.4697734429501
1501	75.05	-0.184875714359805	1.4697734429501
1502	75.1	-0.188744730316103	1.4697734429501
1503	75.15	-0.1926137462724	1.46848377096467
1504	75.2	-0.18745505833067	1.4697734429501
1505	75.25	-0.188744730316103	1.46848377096467
1506	75.3	-0.190034402301535	1.4697734429501
1507	75.35	-0.196482762228698	1.46848377096467
1508	75.4	-0.186165386345237	1.46848377096467
1509	75.45	-0.1926137462724	1.46848377096467
1510	75.5	-0.18745505833067	1.46848377096467
1511	75.55	-0.191324074286968	1.46848377096467
1512	75.6	-0.18745505833067	1.46848377096467
1513	75.65	-0.1926137462724	1.46848377096467
1514	75.7	-0.18745505833067	1.46848377096467
1515	75.75	-0.191324074286968	1.46848377096467
1516	75.8	-0.188744730316103	1.46719409897923
1517	75.85	-0.18745505833067	1.46719409897923
1518	75.9	-0.183586042374372	1.46719409897923
1519	75.95	-0.1926137462724	1.46719409897923
1520	76	-0.190034402301535	1.46719409897923
1521	76.05	-0.188744730316103	1.46719409897923
1522	76.1	-0.190034402301535	1.46719409897923
1523	76.15	-0.190034402301535	1.46719409897923
1524	76.2	-0.188744730316103	1.46719409897923
1525	76.25	-0.191324074286968	1.46719409897923
1526	76.3	-0.191324074286968	1.4659044269938
1527	76.35	-0.190034402301535	1.46719409897923
1528	76.4	-0.190034402301535	1.4659044269938
1529	76.45	-0.18745505833067	1.4659044269938
1530	76.5	-0.184875714359805	1.4659044269938
1531	76.55	-0.191324074286968	1.46719409897923
1532	76.6	-0.1926137462724	1.4659044269938
1533	76.65	-0.191324074286968	1.46719409897923
1534	76.7	-0.190034402301535	1.4659044269938
1535	76.75	-0.19777243421413	1.46719409897923
1536	76.8	-0.190034402301535	1.46719409897923
1537	76.85	-0.19777243421413	1.46719409897923
1538	76.9	-0.190034402301535	1.46719409897923
1539	76.95	-0.190034402301535	1.46719409897923
1540	77	-0.188744730316103	1.46719409897923
1541	77.05	-0.188744730316103	1.46719409897923
1542	77.1	-0.186165386345237	1.46719409897923
1543	77.15	-0.191324074286968	1.46719409897923
1544	77.2	-0.191324074286968	1.46719409897923
1545	77.25	-0.18745505833067	1.46848377096467
1546	77.3	-0.190034402301535	1.46848377096467
1547	77.35	-0.18745505833067	1.46848377096467
1548	77.4	-0.191324074286968	1.46848377096467
1549	77.45	-0.1926137462724	1.46848377096467
1550	77.5	-0.190034402301535	1.46848377096467
1551	77.55	-0.193903418257833	1.46848377096467
1552	77.6	-0.190034402301535	1.46848377096467
1553	77.65	-0.186165386345237	1.46848377096467
1554	77.7	-0.188744730316103	1.46848377096467
1555	77.75	-0.191324074286968	1.46848377096467
1556	77.8	-0.188744730316103	1.46848377096467
1557	77.85	-0.183586042374372	1.46848377096467
1558	77.9	-0.186165386345237	1.46848377096467
1559	77.95	-0.191324074286968	1.46848377096467
1560	78	-0.186165386345237	1.46848377096467
1561	78.05	-0.1926137462724	1.46848377096467
1562	78.1	-0.193903418257833	1.46848377096467
1563	78.15	-0.190034402301535	1.46848377096467
1564	78.2	-0.18745505833067	1.46848377096467
1565	78.25	-0.188744730316103	1.46848377096467
1566	78.3	-0.188744730316103	1.46848377096467
1567	78.35	-0.191324074286968	1.46848377096467
1568	78.4	-0.190034402301535	1.46848377096467
1569	78.45	-0.186165386345237	1.46848377096467
1570	78.5	-0.190034402301535	1.46848377096467
1571	78.55	-0.190034402301535	1.46848377096467
1572	78.6	-0.181006698403507	1.46848377096467
1573	78.65	-0.191324074286968	1.46848377096467
1574	78.7	-0.18229637038894	1.46848377096467
1575	78.75	-0.18745505833067	1.46848377096467
1576	78.8	-0.186165386345237	1.46848377096467
1577	78.85	-0.183586042374372	1.46848377096467
1578	78.9	-0.184875714359805	1.46848377096467
1579	78.95	-0.190034402301535	1.46848377096467
1580	79	-0.183586042374372	1.46848377096467
1581	79.05	-0.184875714359805	1.46848377096467
1582	79.1	-0.18229637038894	1.46848377096467
1583	79.15	-0.191324074286968	1.46848377096467
1584	79.2	-0.18745505833067	1.46848377096467
1585	79.25	-0.186165386345237	1.46848377096467
1586	79.3	-0.184875714359805	1.46719409897923
1587	79.35	-0.188744730316103	1.46848377096467
1588	79.4	-0.184875714359805	1.46848377096467
1589	79.45	-0.183586042374372	1.46848377096467
1590	79.5	-0.18745505833067	1.46848377096467
1591	79.55	-0.18229637038894	1.46848377096467
1592	79.6	-0.186165386345237	1.46848377096467
1593	79.65	-0.184875714359805	1.46848377096467
1594	79.7	-0.190034402301535	1.46848377096467
1595	79.75	-0.18745505833067	1.46848377096467
1596	79.8	-0.184875714359805	1.46848377096467
1597	79.85	-0.190034402301535	1.46848377096467
1598	79.9	-0.190034402301535	1.46848377096467
1599	79.95	-0.190034402301535	1.46848377096467
1600	80	-0.186165386345237	1.46848377096467
1601	80.05	-0.186165386345237	1.46848377096467
1602	80.1	-0.188744730316103	1.46848377096467
1603	80.15	-0.18745505833067	1.46848377096467
1604	80.2	-0.186165386345237	1.46848377096467
1605	80.25	-0.18745505833067	1.46848377096467
1606	80.3	-0.183586042374372	1.46848377096467
1607	80.35	-0.18745505833067	1.46848377096467
1608	80.4	-0.186165386345237	1.46848377096467
1609	80.45	-0.178427354432642	1.46848377096467
1610	80.5	-0.175848010461777	1.46848377096467
1611	80.55	-0.175848010461777	1.46848377096467
1612	80.6	-0.173268666490912	1.46848377096467
1613	80.65	-0.175848010461777	1.46848377096467
1614	80.7	-0.174558338476345	1.46848377096467
1615	80.75	-0.174558338476345	1.4697734429501
1616	80.8	-0.175848010461777	1.46848377096467
1617	80.85	-0.175848010461777	1.4697734429501
1618	80.9	-0.178427354432642	1.4697734429501
1619	80.95	-0.17713768244721	1.46848377096467
1620	81	-0.173268666490912	1.4697734429501
1621	81.05	-0.17713768244721	1.46848377096467
1622	81.1	-0.17713768244721	1.46848377096467
1623	81.15	-0.178427354432642	1.4697734429501
1624	81.2	-0.169399650534615	1.4697734429501
1625	81.25	-0.173268666490912	1.4697734429501
1626	81.3	-0.178427354432642	1.4697734429501
1627	81.35	-0.17713768244721	1.4697734429501
1628	81.4	-0.174558338476345	1.46848377096467
1629	81.45	-0.174558338476345	1.4697734429501
1630	81.5	-0.175848010461777	1.4697734429501
1631	81.55	-0.174558338476345	1.4697734429501
1632	81.6	-0.178427354432642	1.46848377096467
1633	81.65	-0.173268666490912	1.4697734429501
1634	81.7	-0.17713768244721	1.46848377096467
1635	81.75	-0.175848010461777	1.4697734429501
1636	81.8	-0.174558338476345	1.4697734429501
1637	81.85	-0.174558338476345	1.4697734429501
1638	81.9	-0.178427354432642	1.4697734429501
1639	81.95	-0.175848010461777	1.4697734429501
1640	82	-0.173268666490912	1.4697734429501
1641	82.05	-0.174558338476345	1.4697734429501
1642	82.1	-0.174558338476345	1.4697734429501
1643	82.15	-0.175848010461777	1.4697734429501
1644	82.2	-0.173268666490912	1.4697734429501
1645	82.25	-0.169399650534615	1.4697734429501
1646	82.3	-0.174558338476345	1.4697734429501
1647	82.35	-0.178427354432642	1.4697734429501
1648	82.4	-0.17713768244721	1.4697734429501
1649	82.45	-0.173268666490912	1.4697734429501
1650	82.5	-0.174558338476345	1.4697734429501
1651	82.55	-0.181006698403507	1.4697734429501
1652	82.6	-0.175848010461777	1.4697734429501
1653	82.65	-0.178427354432642	1.4697734429501
1654	82.7	-0.173268666490912	1.47106311493553
1655	82.75	-0.173268666490912	1.47106311493553
1656	82.8	-0.17713768244721	1.47106311493553
1657	82.85	-0.174558338476345	1.47106311493553
1658	82.9	-0.178427354432642	1.47106311493553
1659	82.95	-0.17713768244721	1.47106311493553
1660	83	-0.170689322520047	1.47106311493553
1661	83.05	-0.17713768244721	1.47106311493553
1662	83.1	-0.174558338476345	1.47106311493553
1663	83.15	-0.17713768244721	1.47106311493553
1664	83.2	-0.17197899450548	1.47106311493553
1665	83.25	-0.173268666490912	1.47106311493553
1666	83.3	-0.174558338476345	1.47235278692096
1667	83.35	-0.175848010461777	1.47235278692096
1668	83.4	-0.173268666490912	1.47235278692096
1669	83.45	-0.175848010461777	1.47106311493553
1670	83.5	-0.179717026418075	1.47235278692096
1671	83.55	-0.174558338476345	1.47235278692096
1672	83.6	-0.173268666490912	1.47235278692096
1673	83.65	-0.17713768244721	1.47106311493553
1674	83.7	-0.175848010461777	1.47106311493553
1675	83.75	-0.174558338476345	1.47235278692096
1676	83.8	-0.170689322520047	1.47235278692096
1677	83.85	-0.17197899450548	1.47106311493553
1678	83.9	-0.17713768244721	1.47235278692096
1679	83.95	-0.174558338476345	1.47235278692096
1680	84	-0.17197899450548	1.47235278692096
1681	84.05	-0.17713768244721	1.47235278692096
1682	84.1	-0.178427354432642	1.47235278692096
1683	84.15	-0.175848010461777	1.47235278692096
1684	84.2	-0.17197899450548	1.47235278692096
1685	84.25	-0.170689322520047	1.47106311493553
1686	84.3	-0.173268666490912	1.47235278692096
1687	84.35	-0.17713768244721	1.47235278692096
1688	84.4	-0.17713768244721	1.47235278692096
1689	84.45	-0.178427354432642	1.47235278692096
1690	84.5	-0.174558338476345	1.47235278692096
1691	84.55	-0.179717026418075	1.47235278692096
1692	84.6	-0.174558338476345	1.47235278692096
1693	84.65	-0.175848010461777	1.47235278692096
1694	84.7	-0.173268666490912	1.47235278692096
1695	84.75	-0.169399650534615	1.47235278692096
1696	84.8	-0.173268666490912	1.47235278692096
1697	84.85	-0.174558338476345	1.47235278692096
1698	84.9	-0.178427354432642	1.47235278692096
1699	84.95	-0.175848010461777	1.47235278692096
1700	85	-0.17197899450548	1.47235278692096
1701	85.05	-0.175848010461777	1.47235278692096
1702	85.1	-0.174558338476345	1.47235278692096
1703	85.15	-0.175848010461777	1.47235278692096
1704	85.2	-0.173268666490912	1.47235278692096
1705	85.25	-0.178427354432642	1.47235278692096
1706	85.3	-0.170689322520047	1.4736424589064
1707	85.35	-0.175848010461777	1.47235278692096
1708	85.4	-0.174558338476345	1.47235278692096
1709	85.45	-0.17197899450548	1.47235278692096
1710	85.5	-0.178427354432642	1.47235278692096
1711	85.55	-0.173268666490912	1.47235278692096
1712	85.6	-0.17197899450548	1.47235278692096
1713	85.65	-0.169399650534615	1.47235278692096
1714	85.7	-0.174558338476345	1.47106311493553
1715	85.75	-0.175848010461777	1.47235278692096
1716	85.8	-0.186165386345237	1.47235278692096
1717	85.85	-0.188744730316103	1.47235278692096
1718	85.9	-0.18745505833067	1.47106311493553
1719	85.95	-0.184875714359805	1.47106311493553
1720	86	-0.18745505833067	1.47235278692096
1721	86.05	-0.186165386345237	1.47106311493553
1722	86.1	-0.18745505833067	1.47106311493553
1723	86.15	-0.191324074286968	1.47106311493553
1724	86.2	-0.18745505833067	1.47106311493553
1725	86.25	-0.186165386345237	1.47106311493553
1726	86.3	-0.190034402301535	1.47106311493553
1727	86.35	-0.18745505833067	1.47235278692096
1728	86.4	-0.188744730316103	1.47235278692096
1729	86.45	-0.190034402301535	1.47235278692096
1730	86.5	-0.18745505833067	1.47106311493553
1731	86.55	-0.186165386345237	1.47235278692096
1732	86.6	-0.191324074286968	1.47235278692096
1733	86.65	-0.183586042374372	1.47106311493553
1734	86.7	-0.186165386345237	1.47235278692096
1735	86.75	-0.186165386345237	1.47106311493553
1736	86.8	-0.190034402301535	1.47106311493553
1737	86.85	-0.190034402301535	1.47235278692096
1738	86.9	-0.18745505833067	1.47106311493553
1739	86.95	-0.18229637038894	1.47106311493553
1740	87	-0.188744730316103	1.47106311493553
1741	87.05	-0.190034402301535	1.47106311493553
1742	87.1	-0.191324074286968	1.47106311493553
1743	87.15	-0.191324074286968	1.47106311493553
1744	87.2	-0.188744730316103	1.47106311493553
1745	87.25	-0.186165386345237	1.47106311493553
1746	87.3	-0.188744730316103	1.4697734429501
1747	87.35	-0.191324074286968	1.4697734429501
1748	87.4	-0.18745505833067	1.4697734429501
1749	87.45	-0.1926137462724	1.4697734429501
1750	87.5	-0.191324074286968	1.4697734429501
1751	87.55	-0.181006698403507	1.4697734429501
1752	87.6	-0.186165386345237	1.4697734429501
1753	87.65	-0.191324074286968	1.4697734429501
1754	87.7	-0.184875714359805	1.4697734429501
1755	87.75	-0.186165386345237	1.4697734429501
1756	87.8	-0.188744730316103	1.4697734429501
1757	87.85	-0.1926137462724	1.46848377096467
1758	87.9	-0.184875714359805	1.4697734429501
1759	87.95	-0.186165386345237	1.46848377096467
1760	88	-0.191324074286968	1.46848377096467
1761	88.05	-0.191324074286968	1.46848377096467
1762	88.1	-0.190034402301535	1.46848377096467
1763	88.15	-0.188744730316103	1.46848377096467
1764	88.2	-0.186165386345237	1.46848377096467
1765	88.25	-0.18229637038894	1.46719409897923
1766	88.3	-0.184875714359805	1.4659044269938
1767	88.35	-0.18229637038894	1.4659044269938
1768	88.4	-0.191324074286968	1.4659044269938
1769	88.45	-0.186165386345237	1.4659044269938
1770	88.5	-0.188744730316103	1.4659044269938
1771	88.55	-0.18745505833067	1.4659044269938
1772	88.6	-0.184875714359805	1.4659044269938
1773	88.65	-0.186165386345237	1.4659044269938
1774	88.7	-0.190034402301535	1.4659044269938
1775	88.75	-0.186165386345237	1.4659044269938
1776	88.8	-0.184875714359805	1.4659044269938
1777	88.85	-0.190034402301535	1.46719409897923
1778	88.9	-0.186165386345237	1.4659044269938
1779	88.95	-0.188744730316103	1.4659044269938
1780	89	-0.186165386345237	1.4659044269938
1781	89.05	-0.184875714359805	1.4659044269938
1782	89.1	-0.18745505833067	1.4659044269938
1783	89.15	-0.186165386345237	1.46719409897923
1784	89.2	-0.1926137462724	1.4659044269938
1785	89.25	-0.186165386345237	1.4659044269938
1786	89.3	-0.188744730316103	1.4659044269938
1787	89.35	-0.190034402301535	1.4659044269938
1788	89.4	-0.191324074286968	1.4659044269938
1789	89.45	-0.188744730316103	1.4659044269938
1790	89.5	-0.18745505833067	1.4659044269938
1791	89.55	-0.18229637038894	1.4659044269938
1792	89.6	-0.181006698403507	1.4659044269938
1793	89.65	-0.184875714359805	1.4659044269938
1794	89.7	-0.184875714359805	1.4659044269938
1795	89.75	-0.188744730316103	1.46719409897923
1796	89.8	-0.186165386345237	1.4659044269938
1797	89.85	-0.18229637038894	1.46461475500837
1798	89.9	-0.186165386345237	1.46461475500837
1799	89.95	-0.183586042374372	1.46461475500837
1800	90	-0.188744730316103	1.46332508302294
1801	90.05	-0.18745505833067	1.46332508302294
1802	90.1	-0.18745505833067	1.46332508302294
1803	90.15	-0.184875714359805	1.4620354110375
1804	90.2	-0.186165386345237	1.4620354110375
1805	90.25	-0.18229637038894	1.46074573905207
1806	90.3	-0.184875714359805	1.45945606706664
1807	90.35	-0.186165386345237	1.45945606706664
1808	90.4	-0.186165386345237	1.45816639508121
1809	90.45	-0.18745505833067	1.45816639508121
1810	90.5	-0.191324074286968	1.45687672309577
1811	90.55	-0.18745505833067	1.45558705111034
1812	90.6	-0.196482762228698	1.45429737912491
1813	90.65	-0.18745505833067	1.45429737912491
1814	90.7	-0.191324074286968	1.45300770713948
1815	90.75	-0.191324074286968	1.45171803515404
1816	90.8	-0.188744730316103	1.45042836316861
1817	90.85	-0.188744730316103	1.44784901919775
1818	90.9	-0.18745505833067	1.44655934721231
1819	90.95	-0.188744730316103	1.44398000324145
1820	91	-0.1926137462724	1.44269033125602
1821	91.05	-0.18745505833067	1.44011098728515
1822	91.1	-0.186165386345237	1.43882131529972
1823	91.15	-0.191324074286968	1.43753164331429
1824	91.2	-0.1926137462724	1.43624197132885
1825	91.25	-0.18745505833067	1.43495229934342
1826	91.3	-0.190034402301535	1.43237295537256
1827	91.35	-0.188744730316103	1.43108328338712
1828	91.4	-0.191324074286968	1.42979361140169
1829	91.45	-0.184875714359805	1.42850393941626
1830	91.5	-0.188744730316103	1.42592459544539
1831	91.55	-0.191324074286968	1.42463492345996
1832	91.6	-0.188744730316103	1.42334525147453
1833	91.65	-0.18745505833067	1.4220555794891
1834	91.7	-0.18745505833067	1.41947623551823
1835	91.75	-0.191324074286968	1.4181865635328
1836	91.8	-0.186165386345237	1.41689689154737
1837	91.85	-0.188744730316103	1.4143175475765
1838	91.9	-0.191324074286968	1.4143175475765
1839	91.95	-0.190034402301535	1.41173820360564
1840	92	-0.190034402301535	1.4104485316202
1841	92.05	-0.191324074286968	1.40915885963477
1842	92.1	-0.1926137462724	1.40657951566391
1843	92.15	-0.188744730316103	1.40528984367847
1844	92.2	-0.1926137462724	1.40271049970761
1845	92.25	-0.190034402301535	1.40142082772218
1846	92.3	-0.186165386345237	1.40013115573674
1847	92.35	-0.188744730316103	1.39755181176588
1848	92.4	-0.195193090243265	1.39626213978045
1849	92.45	-0.195193090243265	1.39368279580958
1850	92.5	-0.191324074286968	1.39239312382415
1851	92.55	-0.188744730316103	1.39110345183872
1852	92.6	-0.18745505833067	1.38981377985328
1853	92.65	-0.18745505833067	1.38723443588242
1854	92.7	-0.190034402301535	1.38594476389699
1855	92.75	-0.184875714359805	1.38465509191155
1856	92.8	-0.193903418257833	1.38336541992612
1857	92.85	-0.188744730316103	1.38207574794069
1858	92.9	-0.191324074286968	1.37949640396982
1859	92.95	-0.196482762228698	1.37820673198439
1860	93	-0.193903418257833	1.37691705999896
1861	93.05	-0.186165386345237	1.37691705999896
1862	93.1	-0.195193090243265	1.37433771602809
1863	93.15	-0.18229637038894	1.37304804404266
1864	93.2	-0.195193090243265	1.37175837205723
1865	93.25	-0.191324074286968	1.3704687000718
1866	93.3	-0.188744730316103	1.36917902808636
1867	93.35	-0.188744730316103	1.36917902808636
1868	93.4	-0.186165386345237	1.36917902808636
1869	93.45	-0.196482762228698	1.36788935610093
1870	93.5	-0.188744730316103	1.36788935610093
1871	93.55	-0.188744730316103	1.3665996841155
1872	93.6	-0.188744730316103	1.36531001213007
1873	93.65	-0.191324074286968	1.36531001213007
1874	93.7	-0.184875714359805	1.36531001213007
1875	93.75	-0.184875714359805	1.36402034014463
1876	93.8	-0.188744730316103	1.3627306681592
1877	93.85	-0.188744730316103	1.3627306681592
1878	93.9	-0.186165386345237	1.3627306681592
1879	93.95	-0.183586042374372	1.36144099617377
1880	94	-0.190034402301535	1.36144099617377
1881	94.05	-0.18745505833067	1.36144099617377
1882	94.1	-0.184875714359805	1.36015132418834
1883	94.15	-0.183586042374372	1.3588616522029
1884	94.2	-0.188744730316103	1.3588616522029
1885	94.25	-0.190034402301535	1.35757198021747
1886	94.3	-0.184875714359805	1.35628230823204
1887	94.35	-0.18745505833067	1.35499263624661
1888	94.4	-0.184875714359805	1.35499263624661
1889	94.45	-0.18745505833067	1.35241329227574
1890	94.5	-0.190034402301535	1.35112362029031
1891	94.55	-0.18229637038894	1.34983394830488
1892	94.6	-0.184875714359805	1.34854427631944
1893	94.65	-0.183586042374372	1.34725460433401
1894	94.7	-0.18745505833067	1.34596493234858
1895	94.75	-0.18229637038894	1.34467526036315
1896	94.8	-0.18229637038894	1.34338558837771
1897	94.85	-0.184875714359805	1.34080624440685
1898	94.9	-0.184875714359805	1.34080624440685
1899	94.95	-0.178427354432642	1.33951657242142
1900	95	-0.18745505833067	1.33951657242142
1901	95.05	-0.17713768244721	1.33693722845055
1902	95.1	-0.186165386345237	1.33564755646512
1903	95.15	-0.178427354432642	1.33564755646512
1904	95.2	-0.174558338476345	1.33435788447969
1905	95.25	-0.178427354432642	1.33306821249425
1906	95.3	-0.17713768244721	1.33177854050882
1907	95.35	-0.17713768244721	1.33177854050882
1908	95.4	-0.183586042374372	1.33048886852339
1909	95.45	-0.178427354432642	1.32790952455252
1910	95.5	-0.179717026418075	1.32790952455252
1911	95.55	-0.174558338476345	1.32661985256709
1912	95.6	-0.18229637038894	1.32533018058166
1913	95.65	-0.18229637038894	1.32404050859623
1914	95.7	-0.184875714359805	1.32275083661079
1915	95.75	-0.18229637038894	1.32146116462536
1916	95.8	-0.184875714359805	1.32146116462536
1917	95.85	-0.183586042374372	1.3188818206545
1918	95.9	-0.183586042374372	1.3188818206545
1919	95.95	-0.18745505833067	1.31759214866906
1920	96	-0.190034402301535	1.31630247668363
1921	96.05	-0.183586042374372	1.31630247668363
1922	96.1	-0.191324074286968	1.3150128046982
1923	96.15	-0.186165386345237	1.3150128046982
1924	96.2	-0.183586042374372	1.31372313271277
1925	96.25	-0.183586042374372	1.31243346072733
1926	96.3	-0.186165386345237	1.3111437887419
1927	96.35	-0.190034402301535	1.3111437887419
1928	96.4	-0.188744730316103	1.30985411675647
1929	96.45	-0.186165386345237	1.30856444477104
1930	96.5	-0.17713768244721	1.3072747727856
1931	96.55	-0.17713768244721	1.30598510080017
1932	96.6	-0.17197899450548	1.30469542881474
1933	96.65	-0.165530634578317	1.30340575682931
1934	96.7	-0.152633914723992	1.30211608484387
1935	96.75	-0.144895882811397	1.30082641285844
1936	96.8	-0.14618555479683	1.29953674087301
1937	96.85	-0.143606210825965	1.29695739690214
1938	96.9	-0.143606210825965	1.29695739690214
1939	96.95	-0.143606210825965	1.29566772491671
1940	97	-0.142316538840532	1.29566772491671
1941	97.05	-0.1410268668551	1.29437805293128
1942	97.1	-0.144895882811397	1.29308838094585
1943	97.15	-0.144895882811397	1.29308838094585
1944	97.2	-0.139737194869667	1.29308838094585
1945	97.25	-0.1410268668551	1.29308838094585
1946	97.3	-0.144895882811397	1.29179870896041
1947	97.35	-0.138447522884235	1.29179870896041
1948	97.4	-0.14618555479683	1.29179870896041
1949	97.45	-0.143606210825965	1.29179870896041
1950	97.5	-0.143606210825965	1.29179870896041
1951	97.55	-0.1410268668551	1.29050903697498
1952	97.6	-0.147475226782262	1.29050903697498
1953	97.65	-0.138447522884235	1.28921936498955
1954	97.7	-0.133288834942505	1.29050903697498
1955	97.75	-0.113943755161017	1.28921936498955
1956	97.8	-0.103626379277557	1.28792969300412
1957	97.85	-0.0958883473649621	1.28664002101868
1958	97.9	-0.0907296594232321	1.28535034903325
1959	97.95	-0.082991627510637	1.28535034903325
1960	98	-0.080412283539772	1.28406067704782
1961	98.05	-0.0713845796417445	1.28277100506239
1962	98.1	-0.067515563685447	1.28148133307695
1963	98.15	-0.0597775317728519	1.28019166109152
1964	98.2	-0.0584878597874194	1.27761231712066
1965	98.25	-0.0546188438311219	1.27632264513522
1966	98.3	-0.0507498278748244	1.27503297314979
1967	98.35	-0.0468808119185269	1.27374330116436
1968	98.4	-0.0468808119185269	1.27116395719349
1969	98.45	-0.0443014679476619	1.26987428520806
1970	98.5	-0.0455911399330944	1.26858461322263
1971	98.55	-0.0430117959622294	1.26600526925176
1972	98.6	-0.0430117959622294	1.26600526925176
1973	98.65	-0.0404324519913644	1.26471559726633
1974	98.7	-0.0404324519913644	1.26213625329547
1975	98.75	-0.0365634360350668	1.26084658131003
1976	98.8	-0.0391427800059319	1.2595569093246
1977	98.85	-0.0339840920642018	1.25826723733917
1978	98.9	-0.0352737640496343	1.25697756535374
1979	98.95	-0.0326944200787693	1.25439822138287
1980	99	-0.0352737640496343	1.25310854939744
1981	99.05	-0.0326944200787693	1.25181887741201
1982	99.1	-0.0391427800059319	1.24923953344114
1983	99.15	-0.0417221239767969	1.24666018947028
1984	99.2	-0.0481704839039594	1.24537051748484
1985	99.25	-0.0481704839039594	1.24279117351398
1986	99.3	-0.0597775317728519	1.24150150152855
1987	99.35	-0.0597775317728519	1.23892215755768
1988	99.4	-0.0597775317728519	1.23763248557225
1989	99.45	-0.0584878597874194	1.23505314160138
1990	99.5	-0.0584878597874194	1.23247379763052
1991	99.55	-0.0559085158165544	1.23118412564509
1992	99.6	-0.0559085158165544	1.22860478167422
1993	99.65	-0.0507498278748244	1.22731510968879
1994	99.7	-0.0481704839039594	1.22602543770336
1995	99.75	-0.0443014679476619	1.22344609373249
1996	99.8	-0.0417221239767969	1.22215642174706
1997	99.85	-0.0378531080204993	1.22086674976163
1998	99.9	-0.0404324519913644	1.21957707777619
1999	99.95	-0.0339840920642018	1.21828740579076
2000	100	-0.0352737640496343	1.21699773380533
2001	100.05	-0.0326944200787693	1.21441838983446
2002	100.1	-0.0365634360350668	1.21312871784903
2003	100.15	-0.0326944200787693	1.2118390458636
2004	100.2	-0.0378531080204993	1.21054937387817
2005	100.25	-0.0391427800059319	1.2079700299073
2006	100.3	-0.0391427800059319	1.20668035792187
2007	100.35	-0.0430117959622294	1.204101013951
2008	100.4	-0.0455911399330944	1.20281134196557
2009	100.45	-0.0443014679476619	1.20023199799471
2010	100.5	-0.0481704839039594	1.19894232600927
2011	100.55	-0.0468808119185269	1.19636298203841
2012	100.6	-0.0481704839039594	1.19378363806754
2013	100.65	-0.0430117959622294	1.19249396608211
2014	100.7	-0.0443014679476619	1.18991462211125
2015	100.75	-0.0404324519913644	1.18862495012581
2016	100.8	-0.0417221239767969	1.18733527814038
2017	100.85	-0.0378531080204993	1.18475593416952
2018	100.9	-0.0417221239767969	1.18346626218408
2019	100.95	-0.0378531080204993	1.18217659019865
2020	101	-0.0417221239767969	1.17959724622779
2021	101.05	-0.0417221239767969	1.17830757424235
2022	101.1	-0.0455911399330944	1.17572823027149
2023	101.15	-0.0430117959622294	1.17443855828606
2024	101.2	-0.0494601558893919	1.17314888630062
2025	101.25	-0.0481704839039594	1.17056954232976
2026	101.3	-0.0533291718456894	1.17056954232976
2027	101.35	-0.0507498278748244	1.16799019835889
2028	101.4	-0.0507498278748244	1.16670052637346
2029	101.45	-0.0520394998602569	1.16670052637346
2030	101.5	-0.0520394998602569	1.16541085438803
2031	101.55	-0.0494601558893919	1.16541085438803
2032	101.6	-0.0507498278748244	1.1641211824026
2033	101.65	-0.0481704839039594	1.1641211824026
2034	101.7	-0.0533291718456894	1.16283151041716
2035	101.75	-0.0507498278748244	1.16283151041716
2036	101.8	-0.0520394998602569	1.16283151041716
2037	101.85	-0.0494601558893919	1.16283151041716
2038	101.9	-0.0494601558893919	1.16283151041716
2039	101.95	-0.0417221239767969	1.16283151041716
2040	102	-0.0455911399330944	1.1641211824026
2041	102.05	-0.0404324519913644	1.16541085438803
2042	102.1	-0.0455911399330944	1.16541085438803
2043	102.15	-0.0455911399330944	1.16670052637346
2044	102.2	-0.0520394998602569	1.16799019835889
2045	102.25	-0.0507498278748244	1.16927987034433
2046	102.3	-0.0520394998602569	1.17056954232976
2047	102.35	-0.0507498278748244	1.17314888630062
2048	102.4	-0.0533291718456894	1.17314888630062
2049	102.45	-0.0507498278748244	1.17572823027149
2050	102.5	-0.0559085158165544	1.17701790225692
2051	102.55	-0.0494601558893919	1.17830757424235
2052	102.6	-0.0520394998602569	1.17959724622779
2053	102.65	-0.0455911399330944	1.18217659019865
2054	102.7	-0.0468808119185269	1.18346626218408
2055	102.75	-0.0417221239767969	1.18475593416952
2056	102.8	-0.0404324519913644	1.18604560615495
2057	102.85	-0.0365634360350668	1.18733527814038
2058	102.9	-0.0365634360350668	1.18862495012581
2059	102.95	-0.0326944200787693	1.19120429409668
2060	103	-0.0339840920642018	1.19378363806754
2061	103.05	-0.0314047480933368	1.19507331005298
2062	103.1	-0.0326944200787693	1.19636298203841
2063	103.15	-0.0326944200787693	1.19765265402384
2064	103.2	-0.0352737640496343	1.19894232600927
2065	103.25	-0.0339840920642018	1.20023199799471
2066	103.3	-0.0352737640496343	1.20152166998014
2067	103.35	-0.0326944200787693	1.20281134196557
2068	103.4	-0.0365634360350668	1.20281134196557
2069	103.45	-0.0314047480933368	1.20281134196557
2070	103.5	-0.0352737640496343	1.204101013951
2071	103.55	-0.0326944200787693	1.204101013951
2072	103.6	-0.0339840920642018	1.20539068593644
2073	103.65	-0.0352737640496343	1.20539068593644
2074	103.7	-0.0339840920642018	1.20539068593644
2075	103.75	-0.0339840920642018	1.204101013951
2076	103.8	-0.0391427800059319	1.20281134196557
2077	103.85	-0.0404324519913644	1.20281134196557
2078	103.9	-0.0455911399330944	1.20152166998014
2079	103.95	-0.0430117959622294	1.20023199799471
2080	104	-0.0481704839039594	1.19894232600927
2081	104.05	-0.0520394998602569	1.19636298203841
2082	104.1	-0.0520394998602569	1.19507331005298
2083	104.15	-0.0507498278748244	1.19378363806754
2084	104.2	-0.0520394998602569	1.19120429409668
2085	104.25	-0.0520394998602569	1.18991462211125
2086	104.3	-0.0533291718456894	1.18733527814038
2087	104.35	-0.0468808119185269	1.18733527814038
2088	104.4	-0.0468808119185269	1.18475593416952
2089	104.45	-0.0455911399330944	1.18217659019865
2090	104.5	-0.0455911399330944	1.18088691821322
2091	104.55	-0.0455911399330944	1.17830757424235
2092	104.6	-0.0494601558893919	1.17572823027149
2093	104.65	-0.0468808119185269	1.17443855828606
2094	104.7	-0.0507498278748244	1.17314888630062
2095	104.75	-0.0468808119185269	1.16927987034433
2096	104.8	-0.0507498278748244	1.16670052637346
2097	104.85	-0.0494601558893919	1.16541085438803
2098	104.9	-0.0546188438311219	1.16283151041716
2099	104.95	-0.0468808119185269	1.16154183843173
2100	105	-0.0494601558893919	1.1602521664463
2101	105.05	-0.0507498278748244	1.15767282247543
2102	105.1	-0.0468808119185269	1.15638315049
2103	105.15	-0.0481704839039594	1.15380380651914
2104	105.2	-0.0443014679476619	1.1525141345337
2105	105.25	-0.0404324519913644	1.15122446254827
2106	105.3	-0.0404324519913644	1.14864511857741
2107	105.35	-0.0339840920642018	1.14735544659197
2108	105.4	-0.0352737640496343	1.14477610262111
2109	105.45	-0.0326944200787693	1.14348643063568
2110	105.5	-0.0352737640496343	1.14090708666481
2111	105.55	-0.0352737640496343	1.13832774269395
2112	105.6	-0.0417221239767969	1.13574839872308
2113	105.65	-0.0443014679476619	1.13445872673765
2114	105.7	-0.0546188438311219	1.13187938276678
2115	105.75	-0.0584878597874194	1.12930003879592
2116	105.8	-0.0597775317728519	1.12801036681049
2117	105.85	-0.0610672037582844	1.12543102283962
2118	105.9	-0.0636465477291495	1.12414135085419
2119	105.95	-0.062356875743717	1.12156200688332
2120	106	-0.0571981878019869	1.12027233489789
2121	106.05	-0.0546188438311219	1.11640331894159
2122	106.1	-0.0507498278748244	1.11511364695616
2123	106.15	-0.0507498278748244	1.11382397497073
2124	106.2	-0.0520394998602569	1.11124463099986
2125	106.25	-0.0417221239767969	1.10995495901443
2126	106.3	-0.0417221239767969	1.108665287029
2127	106.35	-0.0391427800059319	1.10608594305813
2128	106.4	-0.0378531080204993	1.1047962710727
2129	106.45	-0.0365634360350668	1.10350659908727
2130	106.5	-0.0365634360350668	1.1009272551164
2131	106.55	-0.0365634360350668	1.09963758313097
2132	106.6	-0.0391427800059319	1.09705823916011
2133	106.65	-0.0365634360350668	1.09576856717467
2134	106.7	-0.0404324519913644	1.09447889518924
2135	106.75	-0.0404324519913644	1.09189955121838
2136	106.8	-0.0520394998602569	1.09060987923294
2137	106.85	-0.0455911399330944	1.08932020724751
2138	106.9	-0.0455911399330944	1.08803053526208
2139	106.95	-0.0559085158165544	1.08674086327665
2140	107	-0.0571981878019869	1.08416151930578
2141	107.05	-0.0533291718456894	1.08287184732035
2142	107.1	-0.0584878597874194	1.08029250334948
2143	107.15	-0.0546188438311219	1.08029250334948
2144	107.2	-0.0546188438311219	1.07900283136405
2145	107.25	-0.0468808119185269	1.07642348739319
2146	107.3	-0.0468808119185269	1.07384414342232
2147	107.35	-0.0455911399330944	1.07255447143689
2148	107.4	-0.0391427800059319	1.07126479945146
2149	107.45	-0.0378531080204993	1.06997512746602
2150	107.5	-0.0339840920642018	1.06739578349516
2151	107.55	-0.0339840920642018	1.06610611150973
2152	107.6	-0.0365634360350668	1.06481643952429
2153	107.65	-0.0365634360350668	1.06223709555343
2154	107.7	-0.0430117959622294	1.060947423568
2155	107.75	-0.0455911399330944	1.05965775158256
2156	107.8	-0.0468808119185269	1.0570784076117
2157	107.85	-0.0494601558893919	1.05578873562627
2158	107.9	-0.0546188438311219	1.0532093916554
2159	107.95	-0.0533291718456894	1.05063004768454
2160	108	-0.0597775317728519	1.0493403756991
2161	108.05	-0.0584878597874194	1.04805070371367
2162	108.1	-0.064936219714582	1.04547135974281
2163	108.15	-0.062356875743717	1.04289201577194
2164	108.2	-0.062356875743717	1.04289201577194
2165	108.25	-0.0636465477291495	1.04031267180108
2166	108.3	-0.062356875743717	1.03902299981564
2167	108.35	-0.0597775317728519	1.03773332783021
2168	108.4	-0.0584878597874194	1.03644365584478
2169	108.45	-0.0571981878019869	1.03515398385935
2170	108.5	-0.0571981878019869	1.03257463988848
2171	108.55	-0.0533291718456894	1.03128496790305
2172	108.6	-0.0520394998602569	1.02999529591762
2173	108.65	-0.0494601558893919	1.02870562393218
2174	108.7	-0.0494601558893919	1.02741595194675
2175	108.75	-0.0468808119185269	1.02612627996132
2176	108.8	-0.0481704839039594	1.02483660797589
2177	108.85	-0.0481704839039594	1.02354693599045
2178	108.9	-0.0481704839039594	1.02225726400502
2179	108.95	-0.0468808119185269	1.01967792003416
2180	109	-0.0520394998602569	1.01967792003416
2181	109.05	-0.0507498278748244	1.01838824804872
2182	109.1	-0.0559085158165544	1.01709857606329
2183	109.15	-0.0559085158165544	1.01580890407786
2184	109.2	-0.0597775317728519	1.01451923209243
2185	109.25	-0.062356875743717	1.01322956010699
2186	109.3	-0.0636465477291495	1.01193988812156
2187	109.35	-0.062356875743717	1.01065021613613
2188	109.4	-0.0688052356708795	1.0093605441507
2189	109.45	-0.0610672037582844	1.00807087216526
2190	109.5	-0.0636465477291495	1.00678120017983
2191	109.55	-0.0610672037582844	1.00420185620897
2192	109.6	-0.0559085158165544	1.00291218422353
2193	109.65	-0.0507498278748244	1.00033284025267
2194	109.7	-0.0468808119185269	0.999043168267235
2195	109.75	-0.0417221239767969	0.997753496281803
2196	109.8	-0.0404324519913644	0.995174152310938
2197	109.85	-0.0365634360350668	0.993884480325505
2198	109.9	-0.0378531080204993	0.992594808340073
2199	109.95	-0.0314047480933368	0.99130513635464
2200	110	-0.0352737640496343	0.990015464369208
2201	110.05	-0.0339840920642018	0.987436120398343
2202	110.1	-0.0391427800059319	0.984856776427478
2203	110.15	-0.0391427800059319	0.983567104442045
2204	110.2	-0.0468808119185269	0.982277432456613
2205	110.25	-0.0507498278748244	0.979698088485748
2206	110.3	-0.0546188438311219	0.978408416500315
2207	110.35	-0.0546188438311219	0.97582907252945
2208	110.4	-0.0597775317728519	0.973249728558585
2209	110.45	-0.0597775317728519	0.971960056573153
2210	110.5	-0.0559085158165544	0.969380712602288
2211	110.55	-0.0507498278748244	0.966801368631423
2212	110.6	-0.0520394998602569	0.964222024660558
2213	110.65	-0.0507498278748244	0.962932352675125
2214	110.7	-0.0494601558893919	0.961642680689692
2215	110.75	-0.0443014679476619	0.96035300870426
2216	110.8	-0.0455911399330944	0.959063336718827
2217	110.85	-0.0430117959622294	0.956483992747962
2218	110.9	-0.0520394998602569	0.953904648777097
2219	110.95	-0.0520394998602569	0.952614976791665
2220	111	-0.0520394998602569	0.9500356328208
2221	111.05	-0.0688052356708795	0.947456288849935
2222	111.1	-0.080412283539772	0.94487694487907
2223	111.15	-0.075253595598042	0.942297600908205
2224	111.2	-0.0688052356708795	0.93971825693734
2225	111.25	-0.062356875743717	0.937138912966475
2226	111.3	-0.075253595598042	0.935849240981042
2227	111.35	-0.067515563685447	0.933269897010177
2228	111.4	-0.0636465477291495	0.930690553039312
2229	111.45	-0.0559085158165544	0.928111209068447
2230	111.5	-0.0520394998602569	0.926821537083015
2231	111.55	-0.0443014679476619	0.92424219311215
2232	111.6	-0.0417221239767969	0.922952521126717
2233	111.65	-0.0391427800059319	0.920373177155852
2234	111.7	-0.0378531080204993	0.91908350517042
2235	111.75	-0.0365634360350668	0.916504161199555
2236	111.8	-0.0378531080204993	0.915214489214122
2237	111.85	-0.0378531080204993	0.91392481722869
2238	111.9	-0.0391427800059319	0.912635145243257
2239	111.95	-0.0365634360350668	0.911345473257825
2240	112	-0.0468808119185269	0.90876612928696
2241	112.05	-0.0455911399330944	0.907476457301527
2242	112.1	-0.0597775317728519	0.904897113330662
2243	112.15	-0.070094907656312	0.902317769359797
2244	112.2	-0.0765432675834745	0.901028097374365
2245	112.25	-0.0868606434669346	0.899738425388932
2246	112.3	-0.072674251627177	0.897159081418067
2247	112.35	-0.0610672037582844	0.894579737447202
2248	112.4	-0.0571981878019869	0.89329006546177
2249	112.45	-0.0571981878019869	0.890710721490905
2250	112.5	-0.0507498278748244	0.88813137752004
2251	112.55	-0.0468808119185269	0.886841705534607
2252	112.6	-0.0455911399330944	0.884262361563742
2253	112.65	-0.0468808119185269	0.88297268957831
2254	112.7	-0.0520394998602569	0.880393345607445
2255	112.75	-0.0559085158165544	0.87781400163658
2256	112.8	-0.067515563685447	0.876524329651147
2257	112.85	-0.067515563685447	0.873944985680282
2258	112.9	-0.067515563685447	0.871365641709417
2259	112.95	-0.0688052356708795	0.870075969723985
2260	113	-0.075253595598042	0.868786297738552
2261	113.05	-0.072674251627177	0.86749662575312
2262	113.1	-0.0817019555252045	0.866206953767687
2263	113.15	-0.075253595598042	0.866206953767687
2264	113.2	-0.0842812994960696	0.863627609796822
2265	113.25	-0.080412283539772	0.86233793781139
2266	113.3	-0.0842812994960696	0.861048265825957
2267	113.35	-0.0855709714815021	0.859758593840525
2268	113.4	-0.082991627510637	0.858468921855092
2269	113.45	-0.0791226115543395	0.85717924986966
2270	113.5	-0.072674251627177	0.855889577884227
2271	113.55	-0.0597775317728519	0.854599905898795
2272	113.6	-0.0443014679476619	0.85202056192793
2273	113.65	-0.0326944200787693	0.848151545971632
2274	113.7	-0.0339840920642018	0.846861873986199
2275	113.75	-0.0339840920642018	0.844282530015334
2276	113.8	-0.0417221239767969	0.841703186044469
2277	113.85	-0.0494601558893919	0.839123842073604
2278	113.9	-0.0571981878019869	0.837834170088172
2279	113.95	-0.0662258917000145	0.835254826117307
2280	114	-0.0765432675834745	0.832675482146442
2281	114.05	-0.0868606434669346	0.831385810161009
2282	114.1	-0.102336707292125	0.830096138175577
2283	114.15	-0.108785067219287	0.827516794204712
2284	114.2	-0.117812771117315	0.826227122219279
2285	114.25	-0.112654083175585	0.823647778248414
2286	114.3	-0.116523099131882	0.821068434277549
2287	114.35	-0.107495395233855	0.819778762292117
2288	114.4	-0.101047035306692	0.818489090306684
2289	114.45	-0.0920193314086646	0.817199418321252
2290	114.5	-0.0817019555252045	0.815909746335819
2291	114.55	-0.0636465477291495	0.813330402364954
2292	114.6	-0.0520394998602569	0.810751058394089
2293	114.65	-0.0430117959622294	0.809461386408657
2294	114.7	-0.0468808119185269	0.806882042437792
2295	114.75	-0.0468808119185269	0.805592370452359
2296	114.8	-0.0520394998602569	0.803013026481494
2297	114.85	-0.0546188438311219	0.800433682510629
2298	114.9	-0.0584878597874194	0.799144010525197
2299	114.95	-0.0597775317728519	0.797854338539764
2300	115	-0.0636465477291495	0.795274994568899
2301	115.05	-0.064936219714582	0.793985322583467
2302	115.1	-0.0636465477291495	0.791405978612602
2303	115.15	-0.0597775317728519	0.790116306627169
2304	115.2	-0.0584878597874194	0.788826634641737
2305	115.25	-0.0546188438311219	0.787536962656304
2306	115.3	-0.0520394998602569	0.784957618685439
2307	115.35	-0.0455911399330944	0.783667946700007
2308	115.4	-0.0468808119185269	0.782378274714574
2309	115.45	-0.0430117959622294	0.779798930743709
2310	115.5	-0.0417221239767969	0.779798930743709
2311	115.55	-0.0378531080204993	0.778509258758277
2312	115.6	-0.0404324519913644	0.777219586772844
2313	115.65	-0.0365634360350668	0.775929914787412
2314	115.7	-0.0365634360350668	0.774640242801979
2315	115.75	-0.0339840920642018	0.773350570816547
2316	115.8	-0.0326944200787693	0.773350570816547
2317	115.85	-0.0314047480933368	0.772060898831114
2318	115.9	-0.0339840920642018	0.770771226845682
2319	115.95	-0.0314047480933368	0.770771226845682
2320	116	-0.0352737640496343	0.768191882874817
2321	116.05	-0.0365634360350668	0.766902210889384
2322	116.1	-0.0404324519913644	0.766902210889384
2323	116.15	-0.0417221239767969	0.764322866918519
2324	116.2	-0.0468808119185269	0.763033194933087
2325	116.25	-0.0507498278748244	0.763033194933087
2326	116.3	-0.0559085158165544	0.760453850962222
2327	116.35	-0.0571981878019869	0.759164178976789
2328	116.4	-0.0636465477291495	0.757874506991357
2329	116.45	-0.067515563685447	0.756584835005924
2330	116.5	-0.075253595598042	0.755295163020492
2331	116.55	-0.070094907656312	0.754005491035059
2332	116.6	-0.070094907656312	0.752715819049627
2333	116.65	-0.0713845796417445	0.751426147064194
2334	116.7	-0.0739639236126095	0.751426147064194
2335	116.75	-0.067515563685447	0.750136475078762
2336	116.8	-0.067515563685447	0.748846803093329
2337	116.85	-0.0662258917000145	0.748846803093329
2338	116.9	-0.0713845796417445	0.748846803093329
2339	116.95	-0.0713845796417445	0.747557131107897
2340	117	-0.070094907656312	0.747557131107897
2341	117.05	-0.0713845796417445	0.746267459122464
2342	117.1	-0.0688052356708795	0.746267459122464
2343	117.15	-0.070094907656312	0.746267459122464
2344	117.2	-0.0713845796417445	0.744977787137032
2345	117.25	-0.070094907656312	0.744977787137032
2346	117.3	-0.0713845796417445	0.744977787137032
2347	117.35	-0.067515563685447	0.744977787137032
2348	117.4	-0.0636465477291495	0.743688115151599
2349	117.45	-0.0584878597874194	0.742398443166167
2350	117.5	-0.0507498278748244	0.741108771180734
2351	117.55	-0.0507498278748244	0.739819099195302
2352	117.6	-0.0481704839039594	0.738529427209869
2353	117.65	-0.0494601558893919	0.737239755224437
2354	117.7	-0.0520394998602569	0.735950083239004
2355	117.75	-0.0520394998602569	0.734660411253572
2356	117.8	-0.0571981878019869	0.733370739268139
2357	117.85	-0.0571981878019869	0.732081067282706
2358	117.9	-0.0610672037582844	0.730791395297274
2359	117.95	-0.062356875743717	0.729501723311841
2360	118	-0.0662258917000145	0.729501723311841
2361	118.05	-0.067515563685447	0.728212051326409
2362	118.1	-0.0688052356708795	0.726922379340976
2363	118.15	-0.0662258917000145	0.726922379340976
2364	118.2	-0.070094907656312	0.725632707355544
2365	118.25	-0.067515563685447	0.725632707355544
2366	118.3	-0.0713845796417445	0.724343035370111
2367	118.35	-0.067515563685447	0.725632707355544
2368	118.4	-0.0688052356708795	0.724343035370111
2369	118.45	-0.070094907656312	0.723053363384679
2370	118.5	-0.0739639236126095	0.724343035370111
2371	118.55	-0.0713845796417445	0.724343035370111
2372	118.6	-0.0791226115543395	0.723053363384679
2373	118.65	-0.0739639236126095	0.723053363384679
2374	118.7	-0.0739639236126095	0.723053363384679
2375	118.75	-0.072674251627177	0.723053363384679
2376	118.8	-0.075253595598042	0.721763691399246
2377	118.85	-0.072674251627177	0.721763691399246
2378	118.9	-0.0765432675834745	0.721763691399246
2379	118.95	-0.0739639236126095	0.721763691399246
2380	119	-0.075253595598042	0.721763691399246
2381	119.05	-0.0739639236126095	0.721763691399246
2382	119.1	-0.075253595598042	0.721763691399246
2383	119.15	-0.0739639236126095	0.721763691399246
2384	119.2	-0.0739639236126095	0.721763691399246
2385	119.25	-0.0739639236126095	0.721763691399246
2386	119.3	-0.0739639236126095	0.721763691399246
2387	119.35	-0.070094907656312	0.721763691399246
2388	119.4	-0.0739639236126095	0.720474019413814
2389	119.45	-0.0713845796417445	0.720474019413814
2390	119.5	-0.0713845796417445	0.721763691399246
2391	119.55	-0.0688052356708795	0.721763691399246
2392	119.6	-0.072674251627177	0.721763691399246
2393	119.65	-0.0662258917000145	0.720474019413814
2394	119.7	-0.070094907656312	0.720474019413814
2395	119.75	-0.072674251627177	0.720474019413814
2396	119.8	-0.0688052356708795	0.720474019413814
2397	119.85	-0.0688052356708795	0.721763691399246
2398	119.9	-0.0739639236126095	0.721763691399246
2399	119.95	-0.0713845796417445	0.720474019413814
2400	120	-0.0713845796417445	0.721763691399246
2401	120.05	-0.0688052356708795	0.721763691399246
2402	120.1	-0.067515563685447	0.721763691399246
2403	120.15	-0.064936219714582	0.721763691399246
2404	120.2	-0.067515563685447	0.721763691399246
2405	120.25	-0.064936219714582	0.720474019413814
2406	120.3	-0.062356875743717	0.721763691399246
2407	120.35	-0.0662258917000145	0.721763691399246
2408	120.4	-0.064936219714582	0.721763691399246
2409	120.45	-0.0662258917000145	0.720474019413814
2410	120.5	-0.067515563685447	0.720474019413814
2411	120.55	-0.062356875743717	0.720474019413814
2412	120.6	-0.064936219714582	0.721763691399246
2413	120.65	-0.064936219714582	0.721763691399246
2414	120.7	-0.0662258917000145	0.721763691399246
2415	120.75	-0.064936219714582	0.720474019413814
2416	120.8	-0.067515563685447	0.721763691399246
2417	120.85	-0.0636465477291495	0.720474019413814
2418	120.9	-0.064936219714582	0.721763691399246
2419	120.95	-0.067515563685447	0.721763691399246
2420	121	-0.067515563685447	0.721763691399246
2421	121.05	-0.064936219714582	0.720474019413814
2422	121.1	-0.067515563685447	0.720474019413814
2423	121.15	-0.0662258917000145	0.721763691399246
2424	121.2	-0.0662258917000145	0.721763691399246
2425	121.25	-0.067515563685447	0.721763691399246
2426	121.3	-0.0662258917000145	0.721763691399246
2427	121.35	-0.064936219714582	0.721763691399246
2428	121.4	-0.0688052356708795	0.720474019413814
2429	121.45	-0.0636465477291495	0.721763691399246
2430	121.5	-0.067515563685447	0.720474019413814
2431	121.55	-0.062356875743717	0.720474019413814
2432	121.6	-0.0662258917000145	0.721763691399246
2433	121.65	-0.064936219714582	0.720474019413814
2434	121.7	-0.064936219714582	0.721763691399246
2435	121.75	-0.067515563685447	0.720474019413814
2436	121.8	-0.067515563685447	0.721763691399246
2437	121.85	-0.064936219714582	0.720474019413814
2438	121.9	-0.0662258917000145	0.720474019413814
2439	121.95	-0.064936219714582	0.721763691399246
2440	122	-0.067515563685447	0.720474019413814
2441	122.05	-0.0662258917000145	0.720474019413814
2442	122.1	-0.0662258917000145	0.721763691399246
2443	122.15	-0.064936219714582	0.721763691399246
2444	122.2	-0.0662258917000145	0.720474019413814
2445	122.25	-0.0662258917000145	0.720474019413814
2446	122.3	-0.0688052356708795	0.720474019413814
2447	122.35	-0.067515563685447	0.720474019413814
2448	122.4	-0.067515563685447	0.721763691399246
2449	122.45	-0.067515563685447	0.720474019413814
2450	122.5	-0.067515563685447	0.720474019413814
2451	122.55	-0.0688052356708795	0.721763691399246
2452	122.6	-0.067515563685447	0.720474019413814
2453	122.65	-0.0662258917000145	0.720474019413814
2454	122.7	-0.067515563685447	0.721763691399246
2455	122.75	-0.0662258917000145	0.720474019413814
2456	122.8	-0.0688052356708795	0.721763691399246
2457	122.85	-0.070094907656312	0.720474019413814
2458	122.9	-0.0713845796417445	0.720474019413814
2459	122.95	-0.067515563685447	0.720474019413814
2460	123	-0.0765432675834745	0.720474019413814
2461	123.05	-0.080412283539772	0.720474019413814
2462	123.1	-0.0713845796417445	0.720474019413814
2463	123.15	-0.070094907656312	0.720474019413814
2464	123.2	-0.0739639236126095	0.720474019413814
2465	123.25	-0.0713845796417445	0.720474019413814
2466	123.3	-0.0739639236126095	0.720474019413814
2467	123.35	-0.064936219714582	0.721763691399246
2468	123.4	-0.0713845796417445	0.720474019413814
2469	123.45	-0.0739639236126095	0.720474019413814
2470	123.5	-0.070094907656312	0.720474019413814
2471	123.55	-0.0765432675834745	0.720474019413814
2472	123.6	-0.0765432675834745	0.720474019413814
2473	123.65	-0.075253595598042	0.720474019413814
2474	123.7	-0.080412283539772	0.720474019413814
2475	123.75	-0.0791226115543395	0.720474019413814
2476	123.8	-0.080412283539772	0.720474019413814
2477	123.85	-0.0791226115543395	0.720474019413814
2478	123.9	-0.0791226115543395	0.721763691399246
2479	123.95	-0.077832939568907	0.720474019413814
2480	124	-0.0791226115543395	0.720474019413814
2481	124.05	-0.077832939568907	0.721763691399246
2482	124.1	-0.0791226115543395	0.720474019413814
2483	124.15	-0.077832939568907	0.720474019413814
2484	124.2	-0.080412283539772	0.721763691399246
2485	124.25	-0.0765432675834745	0.720474019413814
2486	124.3	-0.080412283539772	0.720474019413814
2487	124.35	-0.0765432675834745	0.720474019413814
2488	124.4	-0.080412283539772	0.720474019413814
2489	124.45	-0.0791226115543395	0.720474019413814
2490	124.5	-0.080412283539772	0.720474019413814
2491	124.55	-0.0791226115543395	0.720474019413814
2492	124.6	-0.0817019555252045	0.720474019413814
2493	124.65	-0.0765432675834745	0.720474019413814
2494	124.7	-0.0817019555252045	0.721763691399246
2495	124.75	-0.080412283539772	0.720474019413814
2496	124.8	-0.0817019555252045	0.720474019413814
2497	124.85	-0.0791226115543395	0.721763691399246
2498	124.9	-0.0817019555252045	0.721763691399246
2499	124.95	-0.0765432675834745	0.720474019413814
2500	125	-0.077832939568907	0.720474019413814
2501	125.05	-0.080412283539772	0.720474019413814
2502	125.1	-0.0817019555252045	0.720474019413814
2503	125.15	-0.075253595598042	0.720474019413814
2504	125.2	-0.0791226115543395	0.720474019413814
2505	125.25	-0.075253595598042	0.720474019413814
2506	125.3	-0.0791226115543395	0.720474019413814
2507	125.35	-0.0765432675834745	0.721763691399246
2508	125.4	-0.080412283539772	0.720474019413814
2509	125.45	-0.0765432675834745	0.720474019413814
2510	125.5	-0.0791226115543395	0.721763691399246
2511	125.55	-0.077832939568907	0.720474019413814
2512	125.6	-0.077832939568907	0.720474019413814
2513	125.65	-0.077832939568907	0.720474019413814
2514	125.7	-0.0791226115543395	0.720474019413814
2515	125.75	-0.0765432675834745	0.720474019413814
2516	125.8	-0.077832939568907	0.720474019413814
2517	125.85	-0.0791226115543395	0.720474019413814
2518	125.9	-0.0791226115543395	0.720474019413814
2519	125.95	-0.080412283539772	0.720474019413814
2520	126	-0.0817019555252045	0.720474019413814
2521	126.05	-0.080412283539772	0.720474019413814
2522	126.1	-0.082991627510637	0.720474019413814
2523	126.15	-0.0817019555252045	0.719184347428381
2524	126.2	-0.082991627510637	0.720474019413814
2525	126.25	-0.082991627510637	0.720474019413814
2526	126.3	-0.077832939568907	0.720474019413814
2527	126.35	-0.0791226115543395	0.720474019413814
2528	126.4	-0.0791226115543395	0.720474019413814
2529	126.45	-0.080412283539772	0.720474019413814
2530	126.5	-0.0791226115543395	0.719184347428381
2531	126.55	-0.0791226115543395	0.720474019413814
2532	126.6	-0.080412283539772	0.720474019413814
2533	126.65	-0.0791226115543395	0.720474019413814
2534	126.7	-0.0817019555252045	0.720474019413814
2535	126.75	-0.080412283539772	0.720474019413814
2536	126.8	-0.0817019555252045	0.719184347428381
2537	126.85	-0.0765432675834745	0.720474019413814
2538	126.9	-0.0791226115543395	0.720474019413814
2539	126.95	-0.0791226115543395	0.719184347428381
2540	127	-0.0842812994960696	0.719184347428381
2541	127.05	-0.077832939568907	0.720474019413814
2542	127.1	-0.0817019555252045	0.719184347428381
2543	127.15	-0.080412283539772	0.720474019413814
2544	127.2	-0.0817019555252045	0.719184347428381
2545	127.25	-0.080412283539772	0.720474019413814
2546	127.3	-0.0817019555252045	0.720474019413814
2547	127.35	-0.075253595598042	0.719184347428381
2548	127.4	-0.0817019555252045	0.719184347428381
2549	127.45	-0.080412283539772	0.719184347428381
2550	127.5	-0.0791226115543395	0.720474019413814
2551	127.55	-0.080412283539772	0.720474019413814
2552	127.6	-0.0817019555252045	0.719184347428381
2553	127.65	-0.077832939568907	0.719184347428381
2554	127.7	-0.0791226115543395	0.719184347428381
2555	127.75	-0.0791226115543395	0.719184347428381
2556	127.8	-0.0765432675834745	0.719184347428381
2557	127.85	-0.077832939568907	0.720474019413814
2558	127.9	-0.0791226115543395	0.719184347428381
2559	127.95	-0.075253595598042	0.719184347428381
2560	128	-0.0739639236126095	0.719184347428381
2561	128.05	-0.0739639236126095	0.719184347428381
2562	128.1	-0.072674251627177	0.719184347428381
2563	128.15	-0.0713845796417445	0.719184347428381
2564	128.2	-0.070094907656312	0.719184347428381
2565	128.25	-0.070094907656312	0.719184347428381
2566	128.3	-0.072674251627177	0.719184347428381
2567	128.35	-0.0713845796417445	0.719184347428381
2568	128.4	-0.070094907656312	0.719184347428381
2569	128.45	-0.070094907656312	0.719184347428381
2570	128.5	-0.0713845796417445	0.719184347428381
2571	128.55	-0.0688052356708795	0.719184347428381
2572	128.6	-0.0688052356708795	0.719184347428381
2573	128.65	-0.0688052356708795	0.719184347428381
2574	128.7	-0.070094907656312	0.719184347428381
2575	128.75	-0.0688052356708795	0.719184347428381
2576	128.8	-0.0713845796417445	0.719184347428381
2577	128.85	-0.0713845796417445	0.719184347428381
2578	128.9	-0.0688052356708795	0.719184347428381
2579	128.95	-0.070094907656312	0.719184347428381
2580	129	-0.067515563685447	0.719184347428381
2581	129.05	-0.0688052356708795	0.719184347428381
2582	129.1	-0.072674251627177	0.719184347428381
2583	129.15	-0.0713845796417445	0.719184347428381
2584	129.2	-0.070094907656312	0.719184347428381
2585	129.25	-0.064936219714582	0.719184347428381
2586	129.3	-0.0713845796417445	0.719184347428381
2587	129.35	-0.070094907656312	0.719184347428381
2588	129.4	-0.0713845796417445	0.719184347428381
2589	129.45	-0.072674251627177	0.719184347428381
2590	129.5	-0.0713845796417445	0.719184347428381
2591	129.55	-0.0739639236126095	0.719184347428381
2592	129.6	-0.0739639236126095	0.719184347428381
2593	129.65	-0.0688052356708795	0.719184347428381
2594	129.7	-0.0713845796417445	0.719184347428381
2595	129.75	-0.070094907656312	0.719184347428381
2596	129.8	-0.0262460601516068	0.719184347428381
2597	129.85	-0.0262460601516068	0.719184347428381
2598	129.9	-0.072674251627177	0.719184347428381
2599	129.95	-0.0713845796417445	0.719184347428381
2600	130	-0.075253595598042	0.717894675442949
2601	130.05	-0.072674251627177	0.717894675442949
2602	130.1	-0.0739639236126095	0.719184347428381
2603	130.15	-0.0713845796417445	0.719184347428381
2604	130.2	-0.0713845796417445	0.719184347428381
2605	130.25	-0.067515563685447	0.717894675442949
2606	130.3	-0.0688052356708795	0.719184347428381
2607	130.35	-0.0739639236126095	0.719184347428381
2608	130.4	-0.072674251627177	0.719184347428381
2609	130.45	-0.072674251627177	0.717894675442949
2610	130.5	-0.0713845796417445	0.719184347428381
2611	130.55	-0.067515563685447	0.719184347428381
2612	130.6	-0.070094907656312	0.717894675442949
2613	130.65	-0.0688052356708795	0.719184347428381
2614	130.7	-0.0713845796417445	0.719184347428381
2615	130.75	-0.070094907656312	0.717894675442949
2616	130.8	-0.0713845796417445	0.719184347428381
2617	130.85	-0.072674251627177	0.719184347428381
2618	130.9	-0.0739639236126095	0.719184347428381
2619	130.95	-0.0713845796417445	0.717894675442949
2620	131	-0.072674251627177	0.717894675442949
2621	131.05	-0.0739639236126095	0.719184347428381
2622	131.1	-0.072674251627177	0.719184347428381
2623	131.15	-0.072674251627177	0.719184347428381
2624	131.2	-0.0739639236126095	0.719184347428381
2625	131.25	-0.070094907656312	0.717894675442949
2626	131.3	-0.0739639236126095	0.719184347428381
2627	131.35	-0.0688052356708795	0.717894675442949
2628	131.4	-0.0765432675834745	0.717894675442949
2629	131.45	-0.075253595598042	0.719184347428381
2630	131.5	-0.075253595598042	0.719184347428381
2631	131.55	-0.075253595598042	0.719184347428381
2632	131.6	-0.077832939568907	0.719184347428381
2633	131.65	-0.075253595598042	0.719184347428381
2634	131.7	-0.075253595598042	0.717894675442949
2635	131.75	-0.072674251627177	0.717894675442949
2636	131.8	-0.080412283539772	0.717894675442949
2637	131.85	-0.0791226115543395	0.719184347428381
2638	131.9	-0.0326944200787693	0.717894675442949
2639	131.95	-0.0288254041224718	0.719184347428381
2640	132	-0.0314047480933368	0.719184347428381
2641	132.05	-0.0301150761079043	0.719184347428381
2642	132.1	-0.0314047480933368	0.719184347428381
2643	132.15	-0.0791226115543395	0.719184347428381
2644	132.2	-0.0817019555252045	0.719184347428381
2645	132.25	-0.080412283539772	0.719184347428381
2646	132.3	-0.080412283539772	0.719184347428381
2647	132.35	-0.077832939568907	0.719184347428381
2648	132.4	-0.080412283539772	0.719184347428381
2649	132.45	-0.0765432675834745	0.719184347428381
2650	132.5	-0.077832939568907	0.719184347428381
2651	132.55	-0.0791226115543395	0.719184347428381
2652	132.6	-0.0791226115543395	0.719184347428381
2653	132.65	-0.0791226115543395	0.719184347428381
2654	132.7	-0.0314047480933368	0.719184347428381
2655	132.75	-0.0791226115543395	0.719184347428381
2656	132.8	-0.0791226115543395	0.719184347428381
2657	132.85	-0.0765432675834745	0.719184347428381
2658	132.9	-0.080412283539772	0.719184347428381
2659	132.95	-0.080412283539772	0.719184347428381
2660	133	-0.080412283539772	0.719184347428381
2661	133.05	-0.0765432675834745	0.719184347428381
2662	133.1	-0.080412283539772	0.720474019413814
2663	133.15	-0.080412283539772	0.719184347428381
2664	133.2	-0.0817019555252045	0.720474019413814
2665	133.25	-0.0817019555252045	0.719184347428381
2666	133.3	-0.080412283539772	0.720474019413814
2667	133.35	-0.0817019555252045	0.720474019413814
2668	133.4	-0.077832939568907	0.719184347428381
2669	133.45	-0.080412283539772	0.720474019413814
2670	133.5	-0.0791226115543395	0.720474019413814
2671	133.55	-0.080412283539772	0.720474019413814
2672	133.6	-0.0855709714815021	0.720474019413814
2673	133.65	-0.0765432675834745	0.719184347428381
2674	133.7	-0.0817019555252045	0.720474019413814
2675	133.75	-0.082991627510637	0.720474019413814
2676	133.8	-0.0817019555252045	0.719184347428381
2677	133.85	-0.0817019555252045	0.720474019413814
2678	133.9	-0.0855709714815021	0.719184347428381
2679	133.95	-0.0842812994960696	0.720474019413814
2680	134	-0.0881503154523671	0.719184347428381
2681	134.05	-0.0817019555252045	0.719184347428381
2682	134.1	-0.082991627510637	0.720474019413814
2683	134.15	-0.082991627510637	0.720474019413814
2684	134.2	-0.0817019555252045	0.719184347428381
2685	134.25	-0.082991627510637	0.719184347428381
2686	134.3	-0.082991627510637	0.719184347428381
2687	134.35	-0.082991627510637	0.720474019413814
2688	134.4	-0.0817019555252045	0.719184347428381
2689	134.45	-0.0817019555252045	0.719184347428381
2690	134.5	-0.0817019555252045	0.719184347428381
2691	134.55	-0.080412283539772	0.720474019413814
2692	134.6	-0.0855709714815021	0.720474019413814
2693	134.65	-0.0791226115543395	0.720474019413814
2694	134.7	-0.0791226115543395	0.720474019413814
2695	134.75	-0.082991627510637	0.720474019413814
2696	134.8	-0.0817019555252045	0.719184347428381
2697	134.85	-0.080412283539772	0.720474019413814
2698	134.9	-0.0842812994960696	0.719184347428381
2699	134.95	-0.080412283539772	0.719184347428381
2700	135	-0.0817019555252045	0.720474019413814
2701	135.05	-0.080412283539772	0.720474019413814
2702	135.1	-0.080412283539772	0.719184347428381
2703	135.15	-0.080412283539772	0.720474019413814
2704	135.2	-0.077832939568907	0.719184347428381
2705	135.25	-0.077832939568907	0.719184347428381
2706	135.3	-0.0791226115543395	0.720474019413814
2707	135.35	-0.0765432675834745	0.719184347428381
2708	135.4	-0.0791226115543395	0.719184347428381
2709	135.45	-0.0765432675834745	0.719184347428381
2710	135.5	-0.082991627510637	0.719184347428381
2711	135.55	-0.0791226115543395	0.719184347428381
2712	135.6	-0.075253595598042	0.719184347428381
2713	135.65	-0.080412283539772	0.719184347428381
2714	135.7	-0.0791226115543395	0.719184347428381
2715	135.75	-0.077832939568907	0.719184347428381
2716	135.8	-0.080412283539772	0.719184347428381
2717	135.85	-0.0791226115543395	0.719184347428381
2718	135.9	-0.077832939568907	0.719184347428381
2719	135.95	-0.080412283539772	0.719184347428381
2720	136	-0.077832939568907	0.719184347428381
2721	136.05	-0.077832939568907	0.719184347428381
2722	136.1	-0.077832939568907	0.719184347428381
2723	136.15	-0.072674251627177	0.719184347428381
2724	136.2	-0.0765432675834745	0.719184347428381
2725	136.25	-0.077832939568907	0.719184347428381
2726	136.3	-0.077832939568907	0.719184347428381
2727	136.35	-0.0765432675834745	0.719184347428381
2728	136.4	-0.0791226115543395	0.719184347428381
2729	136.45	-0.077832939568907	0.719184347428381
2730	136.5	-0.075253595598042	0.719184347428381
2731	136.55	-0.0571981878019869	0.719184347428381
2732	136.6	-0.0520394998602569	0.719184347428381
2733	136.65	-0.0507498278748244	0.719184347428381
2734	136.7	-0.067515563685447	0.719184347428381
2735	136.75	-0.072674251627177	0.719184347428381
2736	136.8	-0.0791226115543395	0.719184347428381
2737	136.85	-0.0739639236126095	0.717894675442949
2738	136.9	-0.077832939568907	0.719184347428381
2739	136.95	-0.0765432675834745	0.719184347428381
2740	137	-0.077832939568907	0.719184347428381
2741	137.05	-0.075253595598042	0.719184347428381
2742	137.1	-0.075253595598042	0.719184347428381
2743	137.15	-0.077832939568907	0.719184347428381
2744	137.2	-0.0765432675834745	0.719184347428381
2745	137.25	-0.075253595598042	0.719184347428381
2746	137.3	-0.075253595598042	0.719184347428381
2747	137.35	-0.077832939568907	0.719184347428381
2748	137.4	-0.0765432675834745	0.719184347428381
2749	137.45	-0.075253595598042	0.719184347428381
2750	137.5	-0.0765432675834745	0.719184347428381
2751	137.55	-0.077832939568907	0.719184347428381
2752	137.6	-0.075253595598042	0.719184347428381
2753	137.65	-0.077832939568907	0.719184347428381
2754	137.7	-0.077832939568907	0.719184347428381
2755	137.75	-0.0765432675834745	0.719184347428381
2756	137.8	-0.0765432675834745	0.719184347428381
2757	137.85	-0.077832939568907	0.719184347428381
2758	137.9	-0.0791226115543395	0.719184347428381
2759	137.95	-0.0817019555252045	0.719184347428381
2760	138	-0.080412283539772	0.719184347428381
2761	138.05	-0.0933090033940971	0.717894675442949
2762	138.1	-0.107495395233855	0.717894675442949
2763	138.15	-0.119102443102747	0.716605003457516
2764	138.2	-0.126840475015342	0.716605003457516
2765	138.25	-0.124261131044477	0.715315331472084
2766	138.3	-0.133288834942505	0.714025659486651
2767	138.35	-0.137157850898802	0.712735987501219
2768	138.4	-0.129419818986207	0.711446315515786
2769	138.45	-0.12555080302991	0.711446315515786
2770	138.5	-0.124261131044477	0.708866971544921
2771	138.55	-0.111364411190152	0.708866971544921
2772	138.6	-0.102336707292125	0.707577299559489
2773	138.65	-0.0958883473649621	0.706287627574056
2774	138.7	-0.0791226115543395	0.703708283603191
2775	138.75	-0.0713845796417445	0.702418611617759
2776	138.8	-0.062356875743717	0.701128939632326
2777	138.85	-0.0520394998602569	0.699839267646894
2778	138.9	-0.0494601558893919	0.698549595661461
2779	138.95	-0.0443014679476619	0.697259923676029
2780	139	-0.0468808119185269	0.695970251690596
2781	139.05	-0.0455911399330944	0.694680579705164
2782	139.1	-0.0455911399330944	0.693390907719731
2783	139.15	-0.0404324519913644	0.692101235734299
2784	139.2	-0.0404324519913644	0.692101235734299
2785	139.25	-0.0404324519913644	0.690811563748866
2786	139.3	-0.0468808119185269	0.689521891763434
2787	139.35	-0.0455911399330944	0.688232219778001
2788	139.4	-0.0507498278748244	0.686942547792569
2789	139.45	-0.0584878597874194	0.685652875807136
2790	139.5	-0.0688052356708795	0.684363203821704
2791	139.55	-0.080412283539772	0.683073531836271
2792	139.6	-0.0907296594232321	0.680494187865406
2793	139.65	-0.0958883473649621	0.679204515879974
2794	139.7	-0.0997573633212596	0.679204515879974
2795	139.75	-0.0971780193503946	0.676625171909109
2796	139.8	-0.0997573633212596	0.675335499923676
2797	139.85	-0.0984676913358271	0.674045827938244
2798	139.9	-0.101047035306692	0.674045827938244
2799	139.95	-0.0971780193503946	0.672756155952811
2800	140	-0.0933090033940971	0.672756155952811
2801	140.05	-0.0984676913358271	0.671466483967379
2802	140.1	-0.0971780193503946	0.670176811981946
2803	140.15	-0.0984676913358271	0.670176811981946
2804	140.2	-0.0984676913358271	0.668887139996514
2805	140.25	-0.0945986753795296	0.668887139996514
2806	140.3	-0.0933090033940971	0.667597468011081
2807	140.35	-0.0881503154523671	0.666307796025649
2808	140.4	-0.0920193314086646	0.666307796025649
2809	140.45	-0.0933090033940971	0.663728452054784
2810	140.5	-0.0894399874377996	0.663728452054784
2811	140.55	-0.080412283539772	0.662438780069351
2812	140.6	-0.075253595598042	0.661149108083919
2813	140.65	-0.0688052356708795	0.661149108083919
2814	140.7	-0.0584878597874194	0.659859436098486
2815	140.75	-0.0468808119185269	0.658569764113054
2816	140.8	-0.0455911399330944	0.657280092127621
2817	140.85	-0.0455911399330944	0.655990420142189
2818	140.9	-0.064936219714582	0.653411076171324
2819	140.95	-0.0842812994960696	0.652121404185891
2820	141	-0.0546188438311219	0.650831732200459
2821	141.05	-0.067515563685447	0.649542060215026
2822	141.1	-0.0713845796417445	0.648252388229594
2823	141.15	-0.064936219714582	0.648252388229594
2824	141.2	-0.067515563685447	0.646962716244161
