Number of measurement points: 14480
Sample Rate (Hz): 200
Low limit Ch0 (V): -10
Upper limit Ch0 (V): 10
Low limit Ch1 (V): -10
Upper limit Ch1 (V): 10

Index	Time[s]	Ch0[V]	Ch1[V]
0	0	-0.0107699963264167	1.21441838983446
1	0.005	-0.0120596683118492	1.21441838983446
2	0.01	-0.0120596683118492	1.21441838983446
3	0.015	-0.0107699963264167	1.21441838983446
4	0.02	-0.0107699963264167	1.21312871784903
5	0.025	-0.0120596683118492	1.21441838983446
6	0.03	-0.0120596683118492	1.21441838983446
7	0.035	-0.0107699963264167	1.21441838983446
8	0.04	-0.0107699963264167	1.21312871784903
9	0.045	-0.0107699963264167	1.21441838983446
10	0.05	-0.0107699963264167	1.21441838983446
11	0.055	-0.0107699963264167	1.21312871784903
12	0.06	-0.0107699963264167	1.21312871784903
13	0.065	-0.0120596683118492	1.21441838983446
14	0.07	-0.0120596683118492	1.21441838983446
15	0.075	-0.0120596683118492	1.21441838983446
16	0.08	-0.0120596683118492	1.21441838983446
17	0.085	-0.0107699963264167	1.21441838983446
18	0.09	-0.0120596683118492	1.21441838983446
19	0.095	-0.0120596683118492	1.21441838983446
20	0.1	-0.0120596683118492	1.21312871784903
21	0.105	-0.0120596683118492	1.21312871784903
22	0.11	-0.0120596683118492	1.21441838983446
23	0.115	-0.0107699963264167	1.21441838983446
24	0.12	-0.0120596683118492	1.21312871784903
25	0.125	-0.0107699963264167	1.21312871784903
26	0.13	-0.0120596683118492	1.21441838983446
27	0.135	-0.0107699963264167	1.21441838983446
28	0.14	-0.0120596683118492	1.21441838983446
29	0.145	-0.0120596683118492	1.21441838983446
30	0.15	-0.0107699963264167	1.21441838983446
31	0.155	-0.0107699963264167	1.21441838983446
32	0.16	-0.0107699963264167	1.21441838983446
33	0.165	-0.0107699963264167	1.21441838983446
34	0.17	-0.0120596683118492	1.21441838983446
35	0.175	-0.0107699963264167	1.21441838983446
36	0.18	-0.0107699963264167	1.21441838983446
37	0.185	-0.0107699963264167	1.21312871784903
38	0.19	-0.0120596683118492	1.21312871784903
39	0.195	-0.0107699963264167	1.21312871784903
40	0.2	-0.0107699963264167	1.21441838983446
41	0.205	-0.0107699963264167	1.21312871784903
42	0.21	-0.0120596683118492	1.21312871784903
43	0.215	-0.0120596683118492	1.21441838983446
44	0.22	-0.0107699963264167	1.21441838983446
45	0.225	-0.0107699963264167	1.21312871784903
46	0.23	-0.0107699963264167	1.21312871784903
47	0.235	-0.0107699963264167	1.21441838983446
48	0.24	-0.0107699963264167	1.21441838983446
49	0.245	-0.0120596683118492	1.21441838983446
50	0.25	-0.0107699963264167	1.21441838983446
51	0.255	-0.0107699963264167	1.21441838983446
52	0.26	-0.0120596683118492	1.21312871784903
53	0.265	-0.0107699963264167	1.21441838983446
54	0.27	-0.0120596683118492	1.21441838983446
55	0.275	-0.0120596683118492	1.21312871784903
56	0.28	-0.0120596683118492	1.21312871784903
57	0.285	-0.0120596683118492	1.21441838983446
58	0.29	-0.0107699963264167	1.21312871784903
59	0.295	-0.0120596683118492	1.21312871784903
60	0.3	-0.0120596683118492	1.21312871784903
61	0.305	-0.0107699963264167	1.21312871784903
62	0.31	-0.0107699963264167	1.21312871784903
63	0.315	-0.0107699963264167	1.21312871784903
64	0.32	-0.0107699963264167	1.21312871784903
65	0.325	-0.0120596683118492	1.21441838983446
66	0.33	-0.0120596683118492	1.21441838983446
67	0.335	-0.0107699963264167	1.21441838983446
68	0.34	-0.0120596683118492	1.21441838983446
69	0.345	-0.0107699963264167	1.21441838983446
70	0.35	-0.0120596683118492	1.21441838983446
71	0.355	-0.0120596683118492	1.21312871784903
72	0.36	-0.0107699963264167	1.21312871784903
73	0.365	-0.0107699963264167	1.21441838983446
74	0.37	-0.0120596683118492	1.21441838983446
75	0.375	-0.0120596683118492	1.21441838983446
76	0.38	-0.0120596683118492	1.21441838983446
77	0.385	-0.0120596683118492	1.21441838983446
78	0.39	-0.0120596683118492	1.21441838983446
79	0.395	-0.0120596683118492	1.21441838983446
80	0.4	-0.0107699963264167	1.21312871784903
81	0.405	-0.0120596683118492	1.21441838983446
82	0.41	-0.0107699963264167	1.21441838983446
83	0.415	-0.0120596683118492	1.21312871784903
84	0.42	-0.0107699963264167	1.21312871784903
85	0.425	-0.0107699963264167	1.21312871784903
86	0.43	-0.0120596683118492	1.21312871784903
87	0.435	-0.0120596683118492	1.21312871784903
88	0.44	-0.0107699963264167	1.21441838983446
89	0.445	-0.0120596683118492	1.21312871784903
90	0.45	-0.0107699963264167	1.21312871784903
91	0.455	-0.0107699963264167	1.21312871784903
92	0.46	-0.0120596683118492	1.21441838983446
93	0.465	-0.0107699963264167	1.21312871784903
94	0.47	-0.0120596683118492	1.21441838983446
95	0.475	-0.0120596683118492	1.21441838983446
96	0.48	-0.0120596683118492	1.21441838983446
97	0.485	-0.0107699963264167	1.21441838983446
98	0.49	-0.0120596683118492	1.21312871784903
99	0.495	-0.0107699963264167	1.21441838983446
100	0.5	-0.0120596683118492	1.21312871784903
101	0.505	-0.0107699963264167	1.21312871784903
102	0.51	-0.0120596683118492	1.21312871784903
103	0.515	-0.0120596683118492	1.21441838983446
104	0.52	-0.0120596683118492	1.21312871784903
105	0.525	-0.0120596683118492	1.21441838983446
106	0.53	-0.0107699963264167	1.21441838983446
107	0.535	-0.0120596683118492	1.21441838983446
108	0.54	-0.0120596683118492	1.21441838983446
109	0.545	-0.0120596683118492	1.21441838983446
110	0.55	-0.0120596683118492	1.21441838983446
111	0.555	-0.0120596683118492	1.21441838983446
112	0.56	-0.0120596683118492	1.21441838983446
113	0.565	-0.0133493402972817	1.21441838983446
114	0.57	-0.0120596683118492	1.21312871784903
115	0.575	-0.0120596683118492	1.21441838983446
116	0.58	-0.0120596683118492	1.21312871784903
117	0.585	-0.0120596683118492	1.21441838983446
118	0.59	-0.0120596683118492	1.21441838983446
119	0.595	-0.0107699963264167	1.21441838983446
120	0.6	-0.0120596683118492	1.21312871784903
121	0.605	-0.0107699963264167	1.21441838983446
122	0.61	-0.0120596683118492	1.21441838983446
123	0.615	-0.0120596683118492	1.21441838983446
124	0.62	-0.0107699963264167	1.21312871784903
125	0.625	-0.0107699963264167	1.21441838983446
126	0.63	-0.0120596683118492	1.21312871784903
127	0.635	-0.0120596683118492	1.21441838983446
128	0.64	-0.0120596683118492	1.21441838983446
129	0.645	-0.0107699963264167	1.21312871784903
130	0.65	-0.0107699963264167	1.21441838983446
131	0.655	-0.0107699963264167	1.21312871784903
132	0.66	-0.0107699963264167	1.21312871784903
133	0.665	-0.0107699963264167	1.21312871784903
134	0.67	-0.0120596683118492	1.21312871784903
135	0.675	-0.0107699963264167	1.21441838983446
136	0.68	-0.0107699963264167	1.21312871784903
137	0.685	-0.0107699963264167	1.21312871784903
138	0.69	-0.0107699963264167	1.21441838983446
139	0.695	-0.0107699963264167	1.21441838983446
140	0.7	-0.0120596683118492	1.21312871784903
141	0.705	-0.0120596683118492	1.21441838983446
142	0.71	-0.0107699963264167	1.21441838983446
143	0.715	-0.0107699963264167	1.21441838983446
144	0.72	-0.0107699963264167	1.21441838983446
145	0.725	-0.0107699963264167	1.21441838983446
146	0.73	-0.0120596683118492	1.21312871784903
147	0.735	-0.0107699963264167	1.21441838983446
148	0.74	-0.0107699963264167	1.21312871784903
149	0.745	-0.0107699963264167	1.21312871784903
150	0.75	-0.0107699963264167	1.21441838983446
151	0.755	-0.0120596683118492	1.21312871784903
152	0.76	-0.0120596683118492	1.21441838983446
153	0.765	-0.0120596683118492	1.21312871784903
154	0.77	-0.0120596683118492	1.21441838983446
155	0.775	-0.0107699963264167	1.21441838983446
156	0.78	-0.0107699963264167	1.21312871784903
157	0.785	-0.0120596683118492	1.21441838983446
158	0.79	-0.0107699963264167	1.21312871784903
159	0.795	-0.0107699963264167	1.21441838983446
160	0.8	-0.0120596683118492	1.21441838983446
161	0.805	-0.0120596683118492	1.21312871784903
162	0.81	-0.0107699963264167	1.21312871784903
163	0.815	-0.0120596683118492	1.21312871784903
164	0.82	-0.0120596683118492	1.21441838983446
165	0.825	-0.0107699963264167	1.21441838983446
166	0.83	-0.0120596683118492	1.21441838983446
167	0.835	-0.0107699963264167	1.21441838983446
168	0.84	-0.0120596683118492	1.21312871784903
169	0.845	-0.0107699963264167	1.21312871784903
170	0.85	-0.0107699963264167	1.21441838983446
171	0.855	-0.0120596683118492	1.21312871784903
172	0.86	-0.0120596683118492	1.21312871784903
173	0.865	-0.0120596683118492	1.21441838983446
174	0.87	-0.0120596683118492	1.21312871784903
175	0.875	-0.0120596683118492	1.21441838983446
176	0.88	-0.0120596683118492	1.21312871784903
177	0.885	-0.0120596683118492	1.21441838983446
178	0.89	-0.0120596683118492	1.21441838983446
179	0.895	-0.0107699963264167	1.21441838983446
180	0.9	-0.0107699963264167	1.21312871784903
181	0.905	-0.0107699963264167	1.21312871784903
182	0.91	-0.0120596683118492	1.21312871784903
183	0.915	-0.0120596683118492	1.21312871784903
184	0.92	-0.0120596683118492	1.21312871784903
185	0.925	-0.0120596683118492	1.21312871784903
186	0.93	-0.0107699963264167	1.21312871784903
187	0.935	-0.0107699963264167	1.21312871784903
188	0.94	-0.0120596683118492	1.21312871784903
189	0.945	-0.0107699963264167	1.21312871784903
190	0.95	-0.0107699963264167	1.21441838983446
191	0.955	-0.0133493402972817	1.21312871784903
192	0.96	-0.0107699963264167	1.21312871784903
193	0.965	-0.0107699963264167	1.21312871784903
194	0.97	-0.0107699963264167	1.21312871784903
195	0.975	-0.0107699963264167	1.21312871784903
196	0.98	-0.0107699963264167	1.21312871784903
197	0.985	-0.0107699963264167	1.21312871784903
198	0.99	-0.0107699963264167	1.21312871784903
199	0.995	-0.0107699963264167	1.21312871784903
200	1	-0.0107699963264167	1.21312871784903
201	1.005	-0.0107699963264167	1.21312871784903
202	1.01	-0.0120596683118492	1.21312871784903
203	1.015	-0.0120596683118492	1.21312871784903
204	1.02	-0.0120596683118492	1.21312871784903
205	1.025	-0.0120596683118492	1.21312871784903
206	1.03	-0.0107699963264167	1.21312871784903
207	1.035	-0.0120596683118492	1.2118390458636
208	1.04	-0.0120596683118492	1.21312871784903
209	1.045	-0.0120596683118492	1.21312871784903
210	1.05	-0.0120596683118492	1.21312871784903
211	1.055	-0.0120596683118492	1.21312871784903
212	1.06	-0.0120596683118492	1.21312871784903
213	1.065	-0.0107699963264167	1.21312871784903
214	1.07	-0.0107699963264167	1.2118390458636
215	1.075	-0.0120596683118492	1.21312871784903
216	1.08	-0.0107699963264167	1.21312871784903
217	1.085	-0.0120596683118492	1.21312871784903
218	1.09	-0.0107699963264167	1.21312871784903
219	1.095	-0.0120596683118492	1.21312871784903
220	1.1	-0.0120596683118492	1.21312871784903
221	1.105	-0.0107699963264167	1.21312871784903
222	1.11	-0.0120596683118492	1.21312871784903
223	1.115	-0.0120596683118492	1.2118390458636
224	1.12	-0.0107699963264167	1.21312871784903
225	1.125	-0.0107699963264167	1.2118390458636
226	1.13	-0.0120596683118492	1.21312871784903
227	1.135	-0.0107699963264167	1.21312871784903
228	1.14	-0.0120596683118492	1.2118390458636
229	1.145	-0.0120596683118492	1.2118390458636
230	1.15	-0.0120596683118492	1.2118390458636
231	1.155	-0.0107699963264167	1.2118390458636
232	1.16	-0.0107699963264167	1.2118390458636
233	1.165	-0.0120596683118492	1.21312871784903
234	1.17	-0.0120596683118492	1.21312871784903
235	1.175	-0.0107699963264167	1.21312871784903
236	1.18	-0.0120596683118492	1.21312871784903
237	1.185	-0.0107699963264167	1.2118390458636
238	1.19	-0.0107699963264167	1.2118390458636
239	1.195	-0.0107699963264167	1.2118390458636
240	1.2	-0.0120596683118492	1.2118390458636
241	1.205	-0.0107699963264167	1.21312871784903
242	1.21	-0.0120596683118492	1.2118390458636
243	1.215	-0.0107699963264167	1.2118390458636
244	1.22	-0.0120596683118492	1.2118390458636
245	1.225	-0.0120596683118492	1.21312871784903
246	1.23	-0.00948032434098423	1.2118390458636
247	1.235	-0.0120596683118492	1.2118390458636
248	1.24	-0.0107699963264167	1.2118390458636
249	1.245	-0.0120596683118492	1.2118390458636
250	1.25	-0.0120596683118492	1.2118390458636
251	1.255	-0.0107699963264167	1.2118390458636
252	1.26	-0.0120596683118492	1.2118390458636
253	1.265	-0.0107699963264167	1.2118390458636
254	1.27	-0.0120596683118492	1.2118390458636
255	1.275	-0.0107699963264167	1.2118390458636
256	1.28	-0.0107699963264167	1.2118390458636
257	1.285	-0.0107699963264167	1.2118390458636
258	1.29	-0.0107699963264167	1.2118390458636
259	1.295	-0.0107699963264167	1.2118390458636
260	1.3	-0.0120596683118492	1.2118390458636
261	1.305	-0.0120596683118492	1.2118390458636
262	1.31	-0.0107699963264167	1.2118390458636
263	1.315	-0.0120596683118492	1.2118390458636
264	1.32	-0.0120596683118492	1.2118390458636
265	1.325	-0.0107699963264167	1.2118390458636
266	1.33	-0.0107699963264167	1.2118390458636
267	1.335	-0.0120596683118492	1.2118390458636
268	1.34	-0.0107699963264167	1.2118390458636
269	1.345	-0.0107699963264167	1.2118390458636
270	1.35	-0.0120596683118492	1.2118390458636
271	1.355	-0.0107699963264167	1.2118390458636
272	1.36	-0.0120596683118492	1.21054937387817
273	1.365	-0.0107699963264167	1.21054937387817
274	1.37	-0.0120596683118492	1.2118390458636
275	1.375	-0.0107699963264167	1.21054937387817
276	1.38	-0.0120596683118492	1.21054937387817
277	1.385	-0.0120596683118492	1.2118390458636
278	1.39	-0.0107699963264167	1.2118390458636
279	1.395	-0.0120596683118492	1.21054937387817
280	1.4	-0.0107699963264167	1.21054937387817
281	1.405	-0.0107699963264167	1.21054937387817
282	1.41	-0.0120596683118492	1.21054937387817
283	1.415	-0.0120596683118492	1.21054937387817
284	1.42	-0.0120596683118492	1.21054937387817
285	1.425	-0.0107699963264167	1.21054937387817
286	1.43	-0.0107699963264167	1.21054937387817
287	1.435	-0.0107699963264167	1.21054937387817
288	1.44	-0.0107699963264167	1.21054937387817
289	1.445	-0.0120596683118492	1.21054937387817
290	1.45	-0.0107699963264167	1.21054937387817
291	1.455	-0.0120596683118492	1.21054937387817
292	1.46	-0.0107699963264167	1.20925970189273
293	1.465	-0.0107699963264167	1.20925970189273
294	1.47	-0.0120596683118492	1.21054937387817
295	1.475	-0.0107699963264167	1.21054937387817
296	1.48	-0.0120596683118492	1.20925970189273
297	1.485	-0.0120596683118492	1.21054937387817
298	1.49	-0.0107699963264167	1.21054937387817
299	1.495	-0.0120596683118492	1.20925970189273
300	1.5	-0.0107699963264167	1.20925970189273
301	1.505	-0.0107699963264167	1.20925970189273
302	1.51	-0.0107699963264167	1.20925970189273
303	1.515	-0.0120596683118492	1.20925970189273
304	1.52	-0.0107699963264167	1.20925970189273
305	1.525	-0.0107699963264167	1.20925970189273
306	1.53	-0.0107699963264167	1.20925970189273
307	1.535	-0.0120596683118492	1.20925970189273
308	1.54	-0.0120596683118492	1.20925970189273
309	1.545	-0.0120596683118492	1.20925970189273
310	1.55	-0.0107699963264167	1.20925970189273
311	1.555	-0.0120596683118492	1.20925970189273
312	1.56	-0.0120596683118492	1.20925970189273
313	1.565	-0.0120596683118492	1.20925970189273
314	1.57	-0.0107699963264167	1.2079700299073
315	1.575	-0.0120596683118492	1.20925970189273
316	1.58	-0.0107699963264167	1.2079700299073
317	1.585	-0.0120596683118492	1.2079700299073
318	1.59	-0.0107699963264167	1.2079700299073
319	1.595	-0.0107699963264167	1.2079700299073
320	1.6	-0.0107699963264167	1.20925970189273
321	1.605	-0.0120596683118492	1.2079700299073
322	1.61	-0.0120596683118492	1.2079700299073
323	1.615	-0.0120596683118492	1.2079700299073
324	1.62	-0.0107699963264167	1.2079700299073
325	1.625	-0.0120596683118492	1.2079700299073
326	1.63	-0.0120596683118492	1.2079700299073
327	1.635	-0.0120596683118492	1.2079700299073
328	1.64	-0.0120596683118492	1.2079700299073
329	1.645	-0.0120596683118492	1.2079700299073
330	1.65	-0.0120596683118492	1.2079700299073
331	1.655	-0.0120596683118492	1.2079700299073
332	1.66	-0.0120596683118492	1.2079700299073
333	1.665	-0.0107699963264167	1.20668035792187
334	1.67	-0.0107699963264167	1.20668035792187
335	1.675	-0.0107699963264167	1.20668035792187
336	1.68	-0.0120596683118492	1.20668035792187
337	1.685	-0.0120596683118492	1.20668035792187
338	1.69	-0.0107699963264167	1.20668035792187
339	1.695	-0.0120596683118492	1.20668035792187
340	1.7	-0.0107699963264167	1.20668035792187
341	1.705	-0.00948032434098423	1.20668035792187
342	1.71	-0.0120596683118492	1.20668035792187
343	1.715	-0.0107699963264167	1.20668035792187
344	1.72	-0.0120596683118492	1.20539068593644
345	1.725	-0.0120596683118492	1.20668035792187
346	1.73	-0.0120596683118492	1.20668035792187
347	1.735	-0.0107699963264167	1.20668035792187
348	1.74	-0.0107699963264167	1.20539068593644
349	1.745	-0.0107699963264167	1.20668035792187
350	1.75	-0.0120596683118492	1.20668035792187
351	1.755	-0.0107699963264167	1.20539068593644
352	1.76	-0.0107699963264167	1.20668035792187
353	1.765	-0.0107699963264167	1.20539068593644
354	1.77	-0.0120596683118492	1.20539068593644
355	1.775	-0.0120596683118492	1.20539068593644
356	1.78	-0.0107699963264167	1.20539068593644
357	1.785	-0.0120596683118492	1.20539068593644
358	1.79	-0.0107699963264167	1.204101013951
359	1.795	-0.0120596683118492	1.20539068593644
360	1.8	-0.0107699963264167	1.20539068593644
361	1.805	-0.0107699963264167	1.204101013951
362	1.81	-0.0107699963264167	1.20539068593644
363	1.815	-0.0107699963264167	1.204101013951
364	1.82	-0.0107699963264167	1.204101013951
365	1.825	-0.0120596683118492	1.204101013951
366	1.83	-0.0107699963264167	1.204101013951
367	1.835	-0.0107699963264167	1.204101013951
368	1.84	-0.0107699963264167	1.204101013951
369	1.845	-0.0120596683118492	1.204101013951
370	1.85	-0.0120596683118492	1.204101013951
371	1.855	-0.0107699963264167	1.204101013951
372	1.86	-0.0120596683118492	1.204101013951
373	1.865	-0.0107699963264167	1.204101013951
374	1.87	-0.0107699963264167	1.204101013951
375	1.875	-0.0107699963264167	1.204101013951
376	1.88	-0.0107699963264167	1.20281134196557
377	1.885	-0.0107699963264167	1.204101013951
378	1.89	-0.0107699963264167	1.20281134196557
379	1.895	-0.0107699963264167	1.204101013951
380	1.9	-0.0107699963264167	1.204101013951
381	1.905	-0.0120596683118492	1.20281134196557
382	1.91	-0.0120596683118492	1.20281134196557
383	1.915	-0.0107699963264167	1.20281134196557
384	1.92	-0.0120596683118492	1.20281134196557
385	1.925	-0.0120596683118492	1.20281134196557
386	1.93	-0.0107699963264167	1.20281134196557
387	1.935	-0.0107699963264167	1.20281134196557
388	1.94	-0.0107699963264167	1.20152166998014
389	1.945	-0.0107699963264167	1.20281134196557
390	1.95	-0.0120596683118492	1.20152166998014
391	1.955	-0.0107699963264167	1.20152166998014
392	1.96	-0.0107699963264167	1.20152166998014
393	1.965	-0.0107699963264167	1.20281134196557
394	1.97	-0.0107699963264167	1.20152166998014
395	1.975	-0.0107699963264167	1.20152166998014
396	1.98	-0.0120596683118492	1.20152166998014
397	1.985	-0.0107699963264167	1.20152166998014
398	1.99	-0.0107699963264167	1.20152166998014
399	1.995	-0.0107699963264167	1.20152166998014
400	2	-0.0120596683118492	1.20152166998014
401	2.005	-0.0107699963264167	1.20152166998014
402	2.01	-0.0107699963264167	1.20152166998014
403	2.015	-0.0107699963264167	1.20152166998014
404	2.02	-0.0107699963264167	1.20152166998014
405	2.025	-0.0107699963264167	1.20023199799471
406	2.03	-0.0107699963264167	1.20023199799471
407	2.035	-0.0107699963264167	1.20023199799471
408	2.04	-0.0107699963264167	1.20023199799471
409	2.045	-0.0120596683118492	1.20023199799471
410	2.05	-0.0107699963264167	1.20023199799471
411	2.055	-0.0107699963264167	1.20023199799471
412	2.06	-0.0107699963264167	1.20023199799471
413	2.065	-0.0107699963264167	1.20023199799471
414	2.07	-0.0107699963264167	1.20023199799471
415	2.075	-0.0107699963264167	1.20023199799471
416	2.08	-0.0107699963264167	1.20023199799471
417	2.085	-0.0107699963264167	1.20023199799471
418	2.09	-0.0120596683118492	1.20023199799471
419	2.095	-0.0107699963264167	1.20023199799471
420	2.1	-0.0107699963264167	1.20023199799471
421	2.105	-0.0120596683118492	1.20023199799471
422	2.11	-0.0120596683118492	1.20023199799471
423	2.115	-0.0107699963264167	1.19894232600927
424	2.12	-0.0107699963264167	1.19894232600927
425	2.125	-0.0107699963264167	1.20023199799471
426	2.13	-0.0107699963264167	1.19894232600927
427	2.135	-0.0120596683118492	1.19894232600927
428	2.14	-0.0120596683118492	1.19894232600927
429	2.145	-0.0107699963264167	1.19894232600927
430	2.15	-0.0107699963264167	1.19894232600927
431	2.155	-0.0107699963264167	1.19894232600927
432	2.16	-0.0107699963264167	1.19894232600927
433	2.165	-0.0107699963264167	1.19894232600927
434	2.17	-0.00948032434098423	1.19894232600927
435	2.175	-0.0120596683118492	1.19894232600927
436	2.18	-0.0107699963264167	1.19765265402384
437	2.185	-0.0107699963264167	1.19765265402384
438	2.19	-0.0107699963264167	1.19765265402384
439	2.195	-0.0120596683118492	1.19765265402384
440	2.2	-0.0107699963264167	1.19765265402384
441	2.205	-0.0107699963264167	1.19765265402384
442	2.21	-0.0107699963264167	1.19765265402384
443	2.215	-0.0107699963264167	1.19765265402384
444	2.22	-0.0107699963264167	1.19765265402384
445	2.225	-0.0107699963264167	1.19765265402384
446	2.23	-0.0107699963264167	1.19765265402384
447	2.235	-0.0107699963264167	1.19765265402384
448	2.24	-0.0107699963264167	1.19765265402384
449	2.245	-0.0107699963264167	1.19765265402384
450	2.25	-0.0120596683118492	1.19765265402384
451	2.255	-0.0107699963264167	1.19765265402384
452	2.26	-0.0107699963264167	1.19765265402384
453	2.265	-0.0120596683118492	1.19765265402384
454	2.27	-0.0107699963264167	1.19636298203841
455	2.275	-0.0107699963264167	1.19765265402384
456	2.28	-0.0107699963264167	1.19636298203841
457	2.285	-0.0107699963264167	1.19636298203841
458	2.29	-0.0107699963264167	1.19636298203841
459	2.295	-0.0107699963264167	1.19636298203841
460	2.3	-0.0107699963264167	1.19636298203841
461	2.305	-0.0107699963264167	1.19636298203841
462	2.31	-0.0120596683118492	1.19636298203841
463	2.315	-0.0107699963264167	1.19636298203841
464	2.32	-0.0107699963264167	1.19507331005298
465	2.325	-0.0107699963264167	1.19636298203841
466	2.33	-0.0107699963264167	1.19507331005298
467	2.335	-0.0107699963264167	1.19507331005298
468	2.34	-0.0107699963264167	1.19507331005298
469	2.345	-0.0107699963264167	1.19507331005298
470	2.35	-0.0107699963264167	1.19507331005298
471	2.355	-0.0107699963264167	1.19507331005298
472	2.36	-0.0107699963264167	1.19507331005298
473	2.365	-0.0120596683118492	1.19507331005298
474	2.37	-0.0107699963264167	1.19507331005298
475	2.375	-0.0107699963264167	1.19507331005298
476	2.38	-0.0107699963264167	1.19507331005298
477	2.385	-0.0107699963264167	1.19378363806754
478	2.39	-0.0107699963264167	1.19378363806754
479	2.395	-0.0107699963264167	1.19507331005298
480	2.4	-0.0107699963264167	1.19507331005298
481	2.405	-0.00948032434098423	1.19378363806754
482	2.41	-0.0107699963264167	1.19378363806754
483	2.415	-0.0107699963264167	1.19378363806754
484	2.42	-0.0107699963264167	1.19378363806754
485	2.425	-0.0107699963264167	1.19378363806754
486	2.43	-0.0107699963264167	1.19378363806754
487	2.435	-0.0107699963264167	1.19249396608211
488	2.44	-0.0107699963264167	1.19378363806754
489	2.445	-0.0107699963264167	1.19378363806754
490	2.45	-0.0107699963264167	1.19378363806754
491	2.455	-0.0107699963264167	1.19378363806754
492	2.46	-0.0107699963264167	1.19378363806754
493	2.465	-0.0107699963264167	1.19249396608211
494	2.47	-0.0107699963264167	1.19249396608211
495	2.475	-0.0107699963264167	1.19249396608211
496	2.48	-0.0107699963264167	1.19249396608211
497	2.485	-0.0107699963264167	1.19249396608211
498	2.49	-0.0107699963264167	1.19249396608211
499	2.495	-0.0107699963264167	1.19249396608211
500	2.5	-0.0107699963264167	1.19249396608211
501	2.505	-0.0107699963264167	1.19249396608211
502	2.51	-0.0107699963264167	1.19249396608211
503	2.515	-0.0120596683118492	1.19249396608211
504	2.52	-0.0107699963264167	1.19249396608211
505	2.525	-0.0107699963264167	1.19249396608211
506	2.53	-0.0107699963264167	1.19120429409668
507	2.535	-0.00948032434098423	1.19120429409668
508	2.54	-0.0107699963264167	1.19120429409668
509	2.545	-0.0107699963264167	1.19249396608211
510	2.55	-0.0120596683118492	1.19120429409668
511	2.555	-0.0107699963264167	1.19120429409668
512	2.56	-0.0107699963264167	1.19120429409668
513	2.565	-0.0107699963264167	1.19249396608211
514	2.57	-0.0107699963264167	1.19120429409668
515	2.575	-0.0107699963264167	1.19120429409668
516	2.58	-0.00948032434098423	1.19120429409668
517	2.585	-0.0107699963264167	1.19120429409668
518	2.59	-0.0120596683118492	1.19120429409668
519	2.595	-0.0107699963264167	1.19120429409668
520	2.6	-0.0107699963264167	1.19120429409668
521	2.605	-0.0120596683118492	1.18991462211125
522	2.61	-0.0107699963264167	1.18991462211125
523	2.615	-0.0107699963264167	1.19120429409668
524	2.62	-0.0120596683118492	1.19120429409668
525	2.625	-0.0120596683118492	1.19120429409668
526	2.63	-0.0107699963264167	1.18991462211125
527	2.635	-0.0107699963264167	1.18991462211125
528	2.64	-0.0107699963264167	1.18991462211125
529	2.645	-0.0107699963264167	1.18991462211125
530	2.65	-0.0107699963264167	1.18991462211125
531	2.655	-0.0107699963264167	1.18991462211125
532	2.66	-0.0107699963264167	1.18991462211125
533	2.665	-0.0107699963264167	1.18991462211125
534	2.67	-0.0107699963264167	1.18991462211125
535	2.675	-0.0107699963264167	1.18991462211125
536	2.68	-0.0107699963264167	1.18991462211125
537	2.685	-0.0120596683118492	1.18991462211125
538	2.69	-0.0107699963264167	1.18991462211125
539	2.695	-0.0107699963264167	1.18991462211125
540	2.7	-0.0107699963264167	1.18991462211125
541	2.705	-0.0107699963264167	1.18862495012581
542	2.71	-0.0107699963264167	1.18862495012581
543	2.715	-0.0107699963264167	1.18862495012581
544	2.72	-0.0107699963264167	1.18862495012581
545	2.725	-0.0107699963264167	1.18991462211125
546	2.73	-0.00948032434098423	1.18862495012581
547	2.735	-0.0107699963264167	1.18862495012581
548	2.74	-0.0107699963264167	1.18862495012581
549	2.745	-0.0107699963264167	1.18862495012581
550	2.75	-0.0107699963264167	1.18862495012581
551	2.755	-0.00948032434098423	1.18862495012581
552	2.76	-0.0120596683118492	1.18862495012581
553	2.765	-0.0120596683118492	1.18862495012581
554	2.77	-0.0107699963264167	1.18862495012581
555	2.775	-0.0107699963264167	1.18862495012581
556	2.78	-0.0107699963264167	1.18733527814038
557	2.785	-0.0120596683118492	1.18862495012581
558	2.79	-0.0107699963264167	1.18733527814038
559	2.795	-0.0107699963264167	1.18862495012581
560	2.8	-0.0120596683118492	1.18733527814038
561	2.805	-0.0120596683118492	1.18733527814038
562	2.81	-0.0107699963264167	1.18733527814038
563	2.815	-0.0120596683118492	1.18862495012581
564	2.82	-0.0107699963264167	1.18733527814038
565	2.825	-0.0120596683118492	1.18733527814038
566	2.83	-0.0107699963264167	1.18733527814038
567	2.835	-0.0120596683118492	1.18733527814038
568	2.84	-0.0107699963264167	1.18733527814038
569	2.845	-0.0107699963264167	1.18733527814038
570	2.85	-0.0107699963264167	1.18733527814038
571	2.855	-0.00948032434098423	1.18733527814038
572	2.86	-0.0107699963264167	1.18733527814038
573	2.865	-0.0107699963264167	1.18733527814038
574	2.87	-0.0107699963264167	1.18733527814038
575	2.875	-0.0107699963264167	1.18604560615495
576	2.88	-0.0120596683118492	1.18733527814038
577	2.885	-0.0107699963264167	1.18604560615495
578	2.89	-0.0107699963264167	1.18604560615495
579	2.895	-0.0107699963264167	1.18604560615495
580	2.9	-0.0107699963264167	1.18604560615495
581	2.905	-0.0107699963264167	1.18604560615495
582	2.91	-0.0107699963264167	1.18604560615495
583	2.915	-0.0107699963264167	1.18604560615495
584	2.92	-0.0107699963264167	1.18604560615495
585	2.925	-0.0107699963264167	1.18733527814038
586	2.93	-0.0120596683118492	1.18604560615495
587	2.935	-0.0107699963264167	1.18604560615495
588	2.94	-0.0107699963264167	1.18604560615495
589	2.945	-0.0120596683118492	1.18604560615495
590	2.95	-0.0107699963264167	1.18604560615495
591	2.955	-0.0107699963264167	1.18604560615495
592	2.96	-0.0107699963264167	1.18604560615495
593	2.965	-0.0107699963264167	1.18604560615495
594	2.97	-0.0107699963264167	1.18604560615495
595	2.975	-0.0107699963264167	1.18604560615495
596	2.98	-0.0107699963264167	1.18604560615495
597	2.985	-0.0107699963264167	1.18604560615495
598	2.99	-0.00948032434098423	1.18475593416952
599	2.995	-0.0107699963264167	1.18475593416952
600	3	-0.0107699963264167	1.18475593416952
601	3.005	-0.0107699963264167	1.18604560615495
602	3.01	-0.0107699963264167	1.18604560615495
603	3.015	-0.0107699963264167	1.18604560615495
604	3.02	-0.0107699963264167	1.18475593416952
605	3.025	-0.0107699963264167	1.18475593416952
606	3.03	-0.0107699963264167	1.18475593416952
607	3.035	-0.0107699963264167	1.18475593416952
608	3.04	-0.0120596683118492	1.18475593416952
609	3.045	-0.0107699963264167	1.18475593416952
610	3.05	-0.0107699963264167	1.18475593416952
611	3.055	-0.0107699963264167	1.18475593416952
612	3.06	-0.0120596683118492	1.18346626218408
613	3.065	-0.0107699963264167	1.18346626218408
614	3.07	-0.0107699963264167	1.18475593416952
615	3.075	-0.0107699963264167	1.18475593416952
616	3.08	-0.0107699963264167	1.18475593416952
617	3.085	-0.0107699963264167	1.18346626218408
618	3.09	-0.0107699963264167	1.18346626218408
619	3.095	-0.0107699963264167	1.18475593416952
620	3.1	-0.0107699963264167	1.18346626218408
621	3.105	-0.0107699963264167	1.18346626218408
622	3.11	-0.0120596683118492	1.18346626218408
623	3.115	-0.0107699963264167	1.18475593416952
624	3.12	-0.0107699963264167	1.18346626218408
625	3.125	-0.0120596683118492	1.18346626218408
626	3.13	-0.0107699963264167	1.18346626218408
627	3.135	-0.0120596683118492	1.18346626218408
628	3.14	-0.0120596683118492	1.18346626218408
629	3.145	-0.0120596683118492	1.18346626218408
630	3.15	-0.0107699963264167	1.18346626218408
631	3.155	-0.0107699963264167	1.18346626218408
632	3.16	-0.0107699963264167	1.18346626218408
633	3.165	-0.0120596683118492	1.18346626218408
634	3.17	-0.0107699963264167	1.18346626218408
635	3.175	-0.0107699963264167	1.18346626218408
636	3.18	-0.0107699963264167	1.18346626218408
637	3.185	-0.0120596683118492	1.18346626218408
638	3.19	-0.0107699963264167	1.18346626218408
639	3.195	-0.0107699963264167	1.18346626218408
640	3.2	-0.0107699963264167	1.18217659019865
641	3.205	-0.0107699963264167	1.18346626218408
642	3.21	-0.0107699963264167	1.18217659019865
643	3.215	-0.0107699963264167	1.18217659019865
644	3.22	-0.0107699963264167	1.18217659019865
645	3.225	-0.0107699963264167	1.18217659019865
646	3.23	-0.0107699963264167	1.18217659019865
647	3.235	-0.0107699963264167	1.18217659019865
648	3.24	-0.0107699963264167	1.18217659019865
649	3.245	-0.0107699963264167	1.18217659019865
650	3.25	-0.0107699963264167	1.18217659019865
651	3.255	-0.0107699963264167	1.18217659019865
652	3.26	-0.0107699963264167	1.18088691821322
653	3.265	-0.0107699963264167	1.18088691821322
654	3.27	-0.0107699963264167	1.18217659019865
655	3.275	-0.0107699963264167	1.18217659019865
656	3.28	-0.0107699963264167	1.18088691821322
657	3.285	-0.0120596683118492	1.18088691821322
658	3.29	-0.0107699963264167	1.18088691821322
659	3.295	-0.0120596683118492	1.18217659019865
660	3.3	-0.0107699963264167	1.18088691821322
661	3.305	-0.0107699963264167	1.18088691821322
662	3.31	-0.0120596683118492	1.18217659019865
663	3.315	-0.0120596683118492	1.18088691821322
664	3.32	-0.0107699963264167	1.18088691821322
665	3.325	-0.0107699963264167	1.18088691821322
666	3.33	-0.0120596683118492	1.18088691821322
667	3.335	-0.0107699963264167	1.18088691821322
668	3.34	-0.0120596683118492	1.18088691821322
669	3.345	-0.0107699963264167	1.18088691821322
670	3.35	-0.0107699963264167	1.18088691821322
671	3.355	-0.0107699963264167	1.18088691821322
672	3.36	-0.0107699963264167	1.18088691821322
673	3.365	-0.0107699963264167	1.18088691821322
674	3.37	-0.0107699963264167	1.18088691821322
675	3.375	-0.0120596683118492	1.17959724622779
676	3.38	-0.0107699963264167	1.18088691821322
677	3.385	-0.0107699963264167	1.17959724622779
678	3.39	-0.0107699963264167	1.18088691821322
679	3.395	-0.0107699963264167	1.17959724622779
680	3.4	-0.0107699963264167	1.18088691821322
681	3.405	-0.0107699963264167	1.17959724622779
682	3.41	-0.00948032434098423	1.17959724622779
683	3.415	-0.0107699963264167	1.17959724622779
684	3.42	-0.0107699963264167	1.18088691821322
685	3.425	-0.0107699963264167	1.17959724622779
686	3.43	-0.0120596683118492	1.17959724622779
687	3.435	-0.0107699963264167	1.17959724622779
688	3.44	-0.0107699963264167	1.17959724622779
689	3.445	-0.0107699963264167	1.17959724622779
690	3.45	-0.0107699963264167	1.17959724622779
691	3.455	-0.0107699963264167	1.17959724622779
692	3.46	-0.0107699963264167	1.17959724622779
693	3.465	-0.0120596683118492	1.17959724622779
694	3.47	-0.0120596683118492	1.17959724622779
695	3.475	-0.0107699963264167	1.17959724622779
696	3.48	-0.0107699963264167	1.17830757424235
697	3.485	-0.0107699963264167	1.17830757424235
698	3.49	-0.0107699963264167	1.17830757424235
699	3.495	-0.0107699963264167	1.17830757424235
700	3.5	-0.0107699963264167	1.17959724622779
701	3.505	-0.0107699963264167	1.17959724622779
702	3.51	-0.0107699963264167	1.17830757424235
703	3.515	-0.0107699963264167	1.17830757424235
704	3.52	-0.0107699963264167	1.17830757424235
705	3.525	-0.0107699963264167	1.17830757424235
706	3.53	-0.0107699963264167	1.17830757424235
707	3.535	-0.0107699963264167	1.17830757424235
708	3.54	-0.0107699963264167	1.17830757424235
709	3.545	-0.0120596683118492	1.17830757424235
710	3.55	-0.0107699963264167	1.17830757424235
711	3.555	-0.0120596683118492	1.17701790225692
712	3.56	-0.0107699963264167	1.17701790225692
713	3.565	-0.0107699963264167	1.17701790225692
714	3.57	-0.0107699963264167	1.17701790225692
715	3.575	-0.0107699963264167	1.17701790225692
716	3.58	-0.0107699963264167	1.17701790225692
717	3.585	-0.00948032434098423	1.17830757424235
718	3.59	-0.00948032434098423	1.17701790225692
719	3.595	-0.0120596683118492	1.17701790225692
720	3.6	-0.0120596683118492	1.17701790225692
721	3.605	-0.0107699963264167	1.17701790225692
722	3.61	-0.0107699963264167	1.17701790225692
723	3.615	-0.0107699963264167	1.17701790225692
724	3.62	-0.0107699963264167	1.17701790225692
725	3.625	-0.0107699963264167	1.17572823027149
726	3.63	-0.0107699963264167	1.17572823027149
727	3.635	-0.0107699963264167	1.17572823027149
728	3.64	-0.0107699963264167	1.17701790225692
729	3.645	-0.0107699963264167	1.17572823027149
730	3.65	-0.0107699963264167	1.17572823027149
731	3.655	-0.0107699963264167	1.17572823027149
732	3.66	-0.0107699963264167	1.17572823027149
733	3.665	-0.0120596683118492	1.17572823027149
734	3.67	-0.0107699963264167	1.17572823027149
735	3.675	-0.0107699963264167	1.17572823027149
736	3.68	-0.0107699963264167	1.17443855828606
737	3.685	-0.0107699963264167	1.17443855828606
738	3.69	-0.0107699963264167	1.17572823027149
739	3.695	-0.0107699963264167	1.17443855828606
740	3.7	-0.0107699963264167	1.17443855828606
741	3.705	-0.0107699963264167	1.17443855828606
742	3.71	-0.0107699963264167	1.17443855828606
743	3.715	-0.0107699963264167	1.17443855828606
744	3.72	-0.0107699963264167	1.17443855828606
745	3.725	-0.0120596683118492	1.17443855828606
746	3.73	-0.0107699963264167	1.17443855828606
747	3.735	-0.0107699963264167	1.17443855828606
748	3.74	-0.0120596683118492	1.17314888630062
749	3.745	-0.00948032434098423	1.17314888630062
750	3.75	-0.0107699963264167	1.17314888630062
751	3.755	-0.0120596683118492	1.17314888630062
752	3.76	-0.0120596683118492	1.17314888630062
753	3.765	-0.0107699963264167	1.17314888630062
754	3.77	-0.0120596683118492	1.17314888630062
755	3.775	-0.0107699963264167	1.17314888630062
756	3.78	-0.0107699963264167	1.17185921431519
757	3.785	-0.0120596683118492	1.17314888630062
758	3.79	-0.0107699963264167	1.17185921431519
759	3.795	-0.0107699963264167	1.17185921431519
760	3.8	-0.0107699963264167	1.17185921431519
761	3.805	-0.0107699963264167	1.17314888630062
762	3.81	-0.00948032434098423	1.17185921431519
763	3.815	-0.0107699963264167	1.17185921431519
764	3.82	-0.0107699963264167	1.17185921431519
765	3.825	-0.0107699963264167	1.17185921431519
766	3.83	-0.0107699963264167	1.17185921431519
767	3.835	-0.0107699963264167	1.17185921431519
768	3.84	-0.0107699963264167	1.17185921431519
769	3.845	-0.0107699963264167	1.17185921431519
770	3.85	-0.0107699963264167	1.17185921431519
771	3.855	-0.0107699963264167	1.17185921431519
772	3.86	-0.0120596683118492	1.17056954232976
773	3.865	-0.0107699963264167	1.17056954232976
774	3.87	-0.0107699963264167	1.17056954232976
775	3.875	-0.0107699963264167	1.17056954232976
776	3.88	-0.0120596683118492	1.17056954232976
777	3.885	-0.0107699963264167	1.17056954232976
778	3.89	-0.0120596683118492	1.17056954232976
779	3.895	-0.0120596683118492	1.17056954232976
780	3.9	-0.0120596683118492	1.16927987034433
781	3.905	-0.0107699963264167	1.16927987034433
782	3.91	-0.0107699963264167	1.16927987034433
783	3.915	-0.0107699963264167	1.17056954232976
784	3.92	-0.0107699963264167	1.16927987034433
785	3.925	-0.0120596683118492	1.16927987034433
786	3.93	-0.0107699963264167	1.16927987034433
787	3.935	-0.0107699963264167	1.16927987034433
788	3.94	-0.0107699963264167	1.16799019835889
789	3.945	-0.0107699963264167	1.16927987034433
790	3.95	-0.0107699963264167	1.16927987034433
791	3.955	-0.0107699963264167	1.16927987034433
792	3.96	-0.0107699963264167	1.16799019835889
793	3.965	-0.0107699963264167	1.16927987034433
794	3.97	-0.0107699963264167	1.16799019835889
795	3.975	-0.0107699963264167	1.16799019835889
796	3.98	-0.0107699963264167	1.16799019835889
797	3.985	-0.0120596683118492	1.16799019835889
798	3.99	-0.0107699963264167	1.16799019835889
799	3.995	-0.0107699963264167	1.16799019835889
800	4	-0.0107699963264167	1.16799019835889
801	4.005	-0.0107699963264167	1.16799019835889
802	4.01	-0.0107699963264167	1.16799019835889
803	4.015	-0.00948032434098423	1.16670052637346
804	4.02	-0.0107699963264167	1.16670052637346
805	4.025	-0.0107699963264167	1.16670052637346
806	4.03	-0.0107699963264167	1.16670052637346
807	4.035	-0.0120596683118492	1.16670052637346
808	4.04	-0.0107699963264167	1.16670052637346
809	4.045	-0.0107699963264167	1.16670052637346
810	4.05	-0.0107699963264167	1.16670052637346
811	4.055	-0.0107699963264167	1.16670052637346
812	4.06	-0.0107699963264167	1.16670052637346
813	4.065	-0.0107699963264167	1.16541085438803
814	4.07	-0.0120596683118492	1.16670052637346
815	4.075	-0.0120596683118492	1.16541085438803
816	4.08	-0.0107699963264167	1.16541085438803
817	4.085	-0.0107699963264167	1.16670052637346
818	4.09	-0.0107699963264167	1.16541085438803
819	4.095	-0.0107699963264167	1.16541085438803
820	4.1	-0.0107699963264167	1.16541085438803
821	4.105	-0.0107699963264167	1.16541085438803
822	4.11	-0.0107699963264167	1.16541085438803
823	4.115	-0.0107699963264167	1.16541085438803
824	4.12	-0.0107699963264167	1.16541085438803
825	4.125	-0.00948032434098423	1.1641211824026
826	4.13	-0.0107699963264167	1.1641211824026
827	4.135	-0.0107699963264167	1.16541085438803
828	4.14	-0.0107699963264167	1.1641211824026
829	4.145	-0.0107699963264167	1.1641211824026
830	4.15	-0.0120596683118492	1.1641211824026
831	4.155	-0.0107699963264167	1.1641211824026
832	4.16	-0.0120596683118492	1.1641211824026
833	4.165	-0.0120596683118492	1.1641211824026
834	4.17	-0.0107699963264167	1.1641211824026
835	4.175	-0.0107699963264167	1.16283151041716
836	4.18	-0.0107699963264167	1.1641211824026
837	4.185	-0.0107699963264167	1.16283151041716
838	4.19	-0.0107699963264167	1.1641211824026
839	4.195	-0.0107699963264167	1.16283151041716
840	4.2	-0.0107699963264167	1.1641211824026
841	4.205	-0.0107699963264167	1.16283151041716
842	4.21	-0.0107699963264167	1.16283151041716
843	4.215	-0.0107699963264167	1.16283151041716
844	4.22	-0.0107699963264167	1.16283151041716
845	4.225	-0.0107699963264167	1.16283151041716
846	4.23	-0.0107699963264167	1.16283151041716
847	4.235	-0.0120596683118492	1.16283151041716
848	4.24	-0.0107699963264167	1.16154183843173
849	4.245	-0.00948032434098423	1.16154183843173
850	4.25	-0.0107699963264167	1.16154183843173
851	4.255	-0.0120596683118492	1.16154183843173
852	4.26	-0.0107699963264167	1.16154183843173
853	4.265	-0.0107699963264167	1.16154183843173
854	4.27	-0.0107699963264167	1.16154183843173
855	4.275	-0.0107699963264167	1.16154183843173
856	4.28	-0.0107699963264167	1.16154183843173
857	4.285	-0.0107699963264167	1.16154183843173
858	4.29	-0.0107699963264167	1.16154183843173
859	4.295	-0.0107699963264167	1.16154183843173
860	4.3	-0.0107699963264167	1.16154183843173
861	4.305	-0.0107699963264167	1.1602521664463
862	4.31	-0.0107699963264167	1.1602521664463
863	4.315	-0.0120596683118492	1.16154183843173
864	4.32	-0.0107699963264167	1.1602521664463
865	4.325	-0.0107699963264167	1.1602521664463
866	4.33	-0.0107699963264167	1.1602521664463
867	4.335	-0.0107699963264167	1.1602521664463
868	4.34	-0.0107699963264167	1.1602521664463
869	4.345	-0.0120596683118492	1.1602521664463
870	4.35	-0.0107699963264167	1.1602521664463
871	4.355	-0.0107699963264167	1.15896249446087
872	4.36	-0.0107699963264167	1.1602521664463
873	4.365	-0.0120596683118492	1.1602521664463
874	4.37	-0.00948032434098423	1.1602521664463
875	4.375	-0.0107699963264167	1.1602521664463
876	4.38	-0.0107699963264167	1.15896249446087
877	4.385	-0.0107699963264167	1.15896249446087
878	4.39	-0.00948032434098423	1.15896249446087
879	4.395	-0.00948032434098423	1.1602521664463
880	4.4	-0.0107699963264167	1.15896249446087
881	4.405	-0.0107699963264167	1.15896249446087
882	4.41	-0.0107699963264167	1.15896249446087
883	4.415	-0.00948032434098423	1.15896249446087
884	4.42	-0.0107699963264167	1.15896249446087
885	4.425	-0.0107699963264167	1.15896249446087
886	4.43	-0.0107699963264167	1.15767282247543
887	4.435	-0.0107699963264167	1.15767282247543
888	4.44	-0.0107699963264167	1.15767282247543
889	4.445	-0.00948032434098423	1.15896249446087
890	4.45	-0.0107699963264167	1.15767282247543
891	4.455	-0.0107699963264167	1.15767282247543
892	4.46	-0.0107699963264167	1.15767282247543
893	4.465	-0.0107699963264167	1.15767282247543
894	4.47	-0.0107699963264167	1.15767282247543
895	4.475	-0.0107699963264167	1.15767282247543
896	4.48	-0.0107699963264167	1.15767282247543
897	4.485	-0.00948032434098423	1.15767282247543
898	4.49	-0.0107699963264167	1.15638315049
899	4.495	-0.0107699963264167	1.15767282247543
900	4.5	-0.00948032434098423	1.15638315049
901	4.505	-0.0107699963264167	1.15638315049
902	4.51	-0.0107699963264167	1.15767282247543
903	4.515	-0.0107699963264167	1.15638315049
904	4.52	-0.0107699963264167	1.15638315049
905	4.525	-0.0107699963264167	1.15638315049
906	4.53	-0.0107699963264167	1.15638315049
907	4.535	-0.0107699963264167	1.15638315049
908	4.54	-0.0107699963264167	1.15638315049
909	4.545	-0.0107699963264167	1.15509347850457
910	4.55	-0.00948032434098423	1.15638315049
911	4.555	-0.0107699963264167	1.15509347850457
912	4.56	-0.0107699963264167	1.15509347850457
913	4.565	-0.0107699963264167	1.15509347850457
914	4.57	-0.00948032434098423	1.15638315049
915	4.575	-0.0107699963264167	1.15638315049
916	4.58	-0.00948032434098423	1.15638315049
917	4.585	-0.0107699963264167	1.15509347850457
918	4.59	-0.0107699963264167	1.15509347850457
919	4.595	-0.00948032434098423	1.15509347850457
920	4.6	-0.00948032434098423	1.15509347850457
921	4.605	-0.0120596683118492	1.15509347850457
922	4.61	-0.00948032434098423	1.15509347850457
923	4.615	-0.00948032434098423	1.15509347850457
924	4.62	-0.0107699963264167	1.15380380651914
925	4.625	-0.00948032434098423	1.15509347850457
926	4.63	-0.00948032434098423	1.15380380651914
927	4.635	-0.00948032434098423	1.15380380651914
928	4.64	-0.0107699963264167	1.15380380651914
929	4.645	-0.00948032434098423	1.15380380651914
930	4.65	-0.0107699963264167	1.15380380651914
931	4.655	-0.00819065235555172	1.15380380651914
932	4.66	-0.0107699963264167	1.15380380651914
933	4.665	-0.00948032434098423	1.15380380651914
934	4.67	-0.0107699963264167	1.15380380651914
935	4.675	-0.00948032434098423	1.1525141345337
936	4.68	-0.0107699963264167	1.15380380651914
937	4.685	-0.00948032434098423	1.1525141345337
938	4.69	-0.00948032434098423	1.15380380651914
939	4.695	-0.00948032434098423	1.1525141345337
940	4.7	-0.00948032434098423	1.1525141345337
941	4.705	-0.00948032434098423	1.1525141345337
942	4.71	-0.00948032434098423	1.1525141345337
943	4.715	-0.00948032434098423	1.15122446254827
944	4.72	-0.00948032434098423	1.15122446254827
945	4.725	-0.0107699963264167	1.1525141345337
946	4.73	-0.00948032434098423	1.15122446254827
947	4.735	-0.00948032434098423	1.1525141345337
948	4.74	-0.00948032434098423	1.15122446254827
949	4.745	-0.00948032434098423	1.15122446254827
950	4.75	-0.00948032434098423	1.15122446254827
951	4.755	-0.00948032434098423	1.15122446254827
952	4.76	-0.00948032434098423	1.15122446254827
953	4.765	-0.00948032434098423	1.15122446254827
954	4.77	-0.00948032434098423	1.15122446254827
955	4.775	-0.00948032434098423	1.14993479056284
956	4.78	-0.00948032434098423	1.15122446254827
957	4.785	-0.0107699963264167	1.14993479056284
958	4.79	-0.00948032434098423	1.14993479056284
959	4.795	-0.00948032434098423	1.14993479056284
960	4.8	-0.00948032434098423	1.14993479056284
961	4.805	-0.00948032434098423	1.14993479056284
962	4.81	-0.00819065235555172	1.14993479056284
963	4.815	-0.00948032434098423	1.14993479056284
964	4.82	-0.00948032434098423	1.14993479056284
965	4.825	-0.00948032434098423	1.14993479056284
966	4.83	-0.00948032434098423	1.14864511857741
967	4.835	-0.00948032434098423	1.14864511857741
968	4.84	-0.00819065235555172	1.14864511857741
969	4.845	-0.00948032434098423	1.14993479056284
970	4.85	-0.00948032434098423	1.14864511857741
971	4.855	-0.00948032434098423	1.14864511857741
972	4.86	-0.00948032434098423	1.14864511857741
973	4.865	-0.00948032434098423	1.14864511857741
974	4.87	-0.00948032434098423	1.14864511857741
975	4.875	-0.00819065235555172	1.14864511857741
976	4.88	-0.00948032434098423	1.14864511857741
977	4.885	-0.00948032434098423	1.14864511857741
978	4.89	-0.00948032434098423	1.14735544659197
979	4.895	-0.00948032434098423	1.14735544659197
980	4.9	-0.00948032434098423	1.14864511857741
981	4.905	-0.00948032434098423	1.14735544659197
982	4.91	-0.00819065235555172	1.14735544659197
983	4.915	-0.00819065235555172	1.14735544659197
984	4.92	-0.00948032434098423	1.14735544659197
985	4.925	-0.00948032434098423	1.14606577460654
986	4.93	-0.00948032434098423	1.14735544659197
987	4.935	-0.00819065235555172	1.14735544659197
988	4.94	-0.00948032434098423	1.14735544659197
989	4.945	-0.00819065235555172	1.14606577460654
990	4.95	-0.00819065235555172	1.14606577460654
991	4.955	-0.00948032434098423	1.14606577460654
992	4.96	-0.00948032434098423	1.14606577460654
993	4.965	-0.00948032434098423	1.14606577460654
994	4.97	-0.00948032434098423	1.14606577460654
995	4.975	-0.00819065235555172	1.14606577460654
996	4.98	-0.00948032434098423	1.14477610262111
997	4.985	-0.00819065235555172	1.14477610262111
998	4.99	-0.00948032434098423	1.14477610262111
999	4.995	-0.00819065235555172	1.14477610262111
1000	5	-0.00948032434098423	1.14477610262111
1001	5.005	-0.00819065235555172	1.14477610262111
1002	5.01	-0.00819065235555172	1.14477610262111
1003	5.015	-0.00819065235555172	1.14477610262111
1004	5.02	-0.00948032434098423	1.14477610262111
1005	5.025	-0.00819065235555172	1.14477610262111
1006	5.03	-0.00819065235555172	1.14348643063568
1007	5.035	-0.00819065235555172	1.14477610262111
1008	5.04	-0.00819065235555172	1.14348643063568
1009	5.045	-0.00819065235555172	1.14477610262111
1010	5.05	-0.00819065235555172	1.14477610262111
1011	5.055	-0.00819065235555172	1.14348643063568
1012	5.06	-0.00819065235555172	1.14348643063568
1013	5.065	-0.00819065235555172	1.14348643063568
1014	5.07	-0.00819065235555172	1.14348643063568
1015	5.075	-0.00819065235555172	1.14348643063568
1016	5.08	-0.00819065235555172	1.14348643063568
1017	5.085	-0.00819065235555172	1.14348643063568
1018	5.09	-0.00948032434098423	1.14348643063568
1019	5.095	-0.00819065235555172	1.14219675865024
1020	5.1	-0.00690098037011921	1.14348643063568
1021	5.105	-0.00819065235555172	1.14219675865024
1022	5.11	-0.00819065235555172	1.14219675865024
1023	5.115	-0.00819065235555172	1.14219675865024
1024	5.12	-0.00690098037011921	1.14219675865024
1025	5.125	-0.00819065235555172	1.14219675865024
1026	5.13	-0.00819065235555172	1.14219675865024
1027	5.135	-0.00819065235555172	1.14090708666481
1028	5.14	-0.00819065235555172	1.14090708666481
1029	5.145	-0.00819065235555172	1.14090708666481
1030	5.15	-0.00819065235555172	1.14090708666481
1031	5.155	-0.00690098037011921	1.14219675865024
1032	5.16	-0.00819065235555172	1.14090708666481
1033	5.165	-0.00819065235555172	1.14090708666481
1034	5.17	-0.00819065235555172	1.14090708666481
1035	5.175	-0.00690098037011921	1.14090708666481
1036	5.18	-0.00819065235555172	1.14090708666481
1037	5.185	-0.00690098037011921	1.14090708666481
1038	5.19	-0.00819065235555172	1.14090708666481
1039	5.195	-0.00690098037011921	1.13961741467938
1040	5.2	-0.00819065235555172	1.13961741467938
1041	5.205	-0.00819065235555172	1.13961741467938
1042	5.21	-0.00819065235555172	1.13961741467938
1043	5.215	-0.00690098037011921	1.13961741467938
1044	5.22	-0.00819065235555172	1.13961741467938
1045	5.225	-0.00690098037011921	1.13961741467938
1046	5.23	-0.00690098037011921	1.13832774269395
1047	5.235	-0.00690098037011921	1.13961741467938
1048	5.24	-0.00690098037011921	1.13832774269395
1049	5.245	-0.00819065235555172	1.13832774269395
1050	5.25	-0.00690098037011921	1.13832774269395
1051	5.255	-0.00690098037011921	1.13832774269395
1052	5.26	-0.00690098037011921	1.13832774269395
1053	5.265	-0.00690098037011921	1.13832774269395
1054	5.27	-0.00690098037011921	1.13832774269395
1055	5.275	-0.00690098037011921	1.13832774269395
1056	5.28	-0.00690098037011921	1.13832774269395
1057	5.285	-0.00690098037011921	1.13703807070851
1058	5.29	-0.00690098037011921	1.13703807070851
1059	5.295	-0.00690098037011921	1.13703807070851
1060	5.3	-0.00690098037011921	1.13703807070851
1061	5.305	-0.00690098037011921	1.13703807070851
1062	5.31	-0.00690098037011921	1.13703807070851
1063	5.315	-0.00690098037011921	1.13703807070851
1064	5.32	-0.00690098037011921	1.13703807070851
1065	5.325	-0.00690098037011921	1.13703807070851
1066	5.33	-0.00690098037011921	1.13703807070851
1067	5.335	-0.00690098037011921	1.13703807070851
1068	5.34	-0.00561130838468671	1.13574839872308
1069	5.345	-0.00690098037011921	1.13574839872308
1070	5.35	-0.00690098037011921	1.13703807070851
1071	5.355	-0.00561130838468671	1.13574839872308
1072	5.36	-0.00690098037011921	1.13574839872308
1073	5.365	-0.00561130838468671	1.13574839872308
1074	5.37	-0.00690098037011921	1.13574839872308
1075	5.375	-0.00690098037011921	1.13574839872308
1076	5.38	-0.00561130838468671	1.13574839872308
1077	5.385	-0.00690098037011921	1.13574839872308
1078	5.39	-0.00561130838468671	1.13574839872308
1079	5.395	-0.00690098037011921	1.13574839872308
1080	5.4	-0.00561130838468671	1.13574839872308
1081	5.405	-0.00561130838468671	1.13445872673765
1082	5.41	-0.00561130838468671	1.13445872673765
1083	5.415	-0.00690098037011921	1.13445872673765
1084	5.42	-0.00561130838468671	1.13445872673765
1085	5.425	-0.00561130838468671	1.13316905475222
1086	5.43	-0.00561130838468671	1.13445872673765
1087	5.435	-0.00561130838468671	1.13445872673765
1088	5.44	-0.00561130838468671	1.13445872673765
1089	5.445	-0.00561130838468671	1.13445872673765
1090	5.45	-0.00561130838468671	1.13445872673765
1091	5.455	-0.00561130838468671	1.13316905475222
1092	5.46	-0.00561130838468671	1.13445872673765
1093	5.465	-0.00561130838468671	1.13316905475222
1094	5.47	-0.00561130838468671	1.13316905475222
1095	5.475	-0.00561130838468671	1.13445872673765
1096	5.48	-0.00561130838468671	1.13445872673765
1097	5.485	-0.00561130838468671	1.13316905475222
1098	5.49	-0.00561130838468671	1.13316905475222
1099	5.495	-0.00561130838468671	1.13316905475222
1100	5.5	-0.00561130838468671	1.13316905475222
1101	5.505	-0.00561130838468671	1.13187938276678
1102	5.51	-0.00561130838468671	1.13316905475222
1103	5.515	-0.00561130838468671	1.13316905475222
1104	5.52	-0.00561130838468671	1.13316905475222
1105	5.525	-0.00561130838468671	1.13187938276678
1106	5.53	-0.00561130838468671	1.13187938276678
1107	5.535	-0.0043216363992542	1.13187938276678
1108	5.54	-0.00561130838468671	1.13187938276678
1109	5.545	-0.00561130838468671	1.13187938276678
1110	5.55	-0.00561130838468671	1.13187938276678
1111	5.555	-0.00561130838468671	1.13187938276678
1112	5.56	-0.00561130838468671	1.13187938276678
1113	5.565	-0.00561130838468671	1.13187938276678
1114	5.57	-0.00561130838468671	1.13058971078135
1115	5.575	-0.0043216363992542	1.13187938276678
1116	5.58	-0.00561130838468671	1.13058971078135
1117	5.585	-0.00561130838468671	1.13187938276678
1118	5.59	-0.00561130838468671	1.13187938276678
1119	5.595	-0.00561130838468671	1.13058971078135
1120	5.6	-0.0043216363992542	1.13058971078135
1121	5.605	-0.0043216363992542	1.13058971078135
1122	5.61	-0.0043216363992542	1.13058971078135
1123	5.615	-0.00561130838468671	1.13058971078135
1124	5.62	-0.00561130838468671	1.13058971078135
1125	5.625	-0.00561130838468671	1.13058971078135
1126	5.63	-0.00561130838468671	1.13058971078135
1127	5.635	-0.00561130838468671	1.13058971078135
1128	5.64	-0.0043216363992542	1.12930003879592
1129	5.645	-0.0043216363992542	1.13058971078135
1130	5.65	-0.0043216363992542	1.12930003879592
1131	5.655	-0.0043216363992542	1.12930003879592
1132	5.66	-0.00561130838468671	1.12930003879592
1133	5.665	-0.00561130838468671	1.12930003879592
1134	5.67	-0.0043216363992542	1.12930003879592
1135	5.675	-0.0043216363992542	1.12930003879592
1136	5.68	-0.0043216363992542	1.12930003879592
1137	5.685	-0.0043216363992542	1.12930003879592
1138	5.69	-0.0043216363992542	1.12930003879592
1139	5.695	-0.0043216363992542	1.12801036681049
1140	5.7	-0.0043216363992542	1.12930003879592
1141	5.705	-0.00561130838468671	1.12801036681049
1142	5.71	-0.00561130838468671	1.12801036681049
1143	5.715	-0.0043216363992542	1.12801036681049
1144	5.72	-0.0030319644138217	1.12801036681049
1145	5.725	-0.0043216363992542	1.12801036681049
1146	5.73	-0.0043216363992542	1.12801036681049
1147	5.735	-0.0043216363992542	1.12801036681049
1148	5.74	-0.00561130838468671	1.12801036681049
1149	5.745	-0.0043216363992542	1.12801036681049
1150	5.75	-0.0043216363992542	1.12672069482505
1151	5.755	-0.0043216363992542	1.12672069482505
1152	5.76	-0.0043216363992542	1.12672069482505
1153	5.765	-0.0043216363992542	1.12672069482505
1154	5.77	-0.0043216363992542	1.12672069482505
1155	5.775	-0.0043216363992542	1.12672069482505
1156	5.78	-0.0043216363992542	1.12672069482505
1157	5.785	-0.0043216363992542	1.12672069482505
1158	5.79	-0.0043216363992542	1.12672069482505
1159	5.795	-0.0043216363992542	1.12672069482505
1160	5.8	-0.0043216363992542	1.12672069482505
1161	5.805	-0.0043216363992542	1.12543102283962
1162	5.81	-0.0043216363992542	1.12543102283962
1163	5.815	-0.0043216363992542	1.12543102283962
1164	5.82	-0.0043216363992542	1.12672069482505
1165	5.825	-0.0043216363992542	1.12543102283962
1166	5.83	-0.0043216363992542	1.12414135085419
1167	5.835	-0.0043216363992542	1.12543102283962
1168	5.84	-0.0043216363992542	1.12543102283962
1169	5.845	-0.0043216363992542	1.12543102283962
1170	5.85	-0.0030319644138217	1.12543102283962
1171	5.855	-0.0043216363992542	1.12543102283962
1172	5.86	-0.0043216363992542	1.12414135085419
1173	5.865	-0.0043216363992542	1.12414135085419
1174	5.87	-0.0043216363992542	1.12414135085419
1175	5.875	-0.0030319644138217	1.12414135085419
1176	5.88	-0.0043216363992542	1.12414135085419
1177	5.885	-0.0043216363992542	1.12414135085419
1178	5.89	-0.0043216363992542	1.12414135085419
1179	5.895	-0.0043216363992542	1.12414135085419
1180	5.9	-0.0043216363992542	1.12414135085419
1181	5.905	-0.0043216363992542	1.12285167886876
1182	5.91	-0.0043216363992542	1.12414135085419
1183	5.915	-0.0043216363992542	1.12285167886876
1184	5.92	-0.0043216363992542	1.12285167886876
1185	5.925	-0.0043216363992542	1.12285167886876
1186	5.93	-0.0030319644138217	1.12285167886876
1187	5.935	-0.0043216363992542	1.12285167886876
1188	5.94	-0.0043216363992542	1.12285167886876
1189	5.945	-0.0030319644138217	1.12285167886876
1190	5.95	-0.0043216363992542	1.12156200688332
1191	5.955	-0.0043216363992542	1.12156200688332
1192	5.96	-0.0043216363992542	1.12285167886876
1193	5.965	-0.0043216363992542	1.12156200688332
1194	5.97	-0.0043216363992542	1.12156200688332
1195	5.975	-0.0043216363992542	1.12156200688332
1196	5.98	-0.0043216363992542	1.12156200688332
1197	5.985	-0.0043216363992542	1.12156200688332
1198	5.99	-0.0043216363992542	1.12156200688332
1199	5.995	-0.0043216363992542	1.12027233489789
1200	6	-0.0043216363992542	1.12156200688332
1201	6.005	-0.0043216363992542	1.12156200688332
1202	6.01	-0.0043216363992542	1.12156200688332
1203	6.015	-0.0043216363992542	1.12156200688332
1204	6.02	-0.0043216363992542	1.12027233489789
1205	6.025	-0.0043216363992542	1.12027233489789
1206	6.03	-0.0043216363992542	1.12027233489789
1207	6.035	-0.0043216363992542	1.12027233489789
1208	6.04	-0.0043216363992542	1.12027233489789
1209	6.045	-0.0043216363992542	1.12027233489789
1210	6.05	-0.0043216363992542	1.12027233489789
1211	6.055	-0.0043216363992542	1.11898266291246
1212	6.06	-0.0043216363992542	1.11898266291246
1213	6.065	-0.0043216363992542	1.11898266291246
1214	6.07	-0.0043216363992542	1.11898266291246
1215	6.075	-0.0043216363992542	1.12027233489789
1216	6.08	-0.0030319644138217	1.11898266291246
1217	6.085	-0.0043216363992542	1.11898266291246
1218	6.09	-0.0030319644138217	1.11898266291246
1219	6.095	-0.0043216363992542	1.11898266291246
1220	6.1	-0.0043216363992542	1.11898266291246
1221	6.105	-0.0043216363992542	1.11898266291246
1222	6.11	-0.0043216363992542	1.11898266291246
1223	6.115	-0.0043216363992542	1.11898266291246
1224	6.12	-0.0043216363992542	1.11898266291246
1225	6.125	-0.0043216363992542	1.11769299092703
1226	6.13	-0.0043216363992542	1.11898266291246
1227	6.135	-0.0043216363992542	1.11898266291246
1228	6.14	-0.0043216363992542	1.11769299092703
1229	6.145	-0.0043216363992542	1.11769299092703
1230	6.15	-0.0043216363992542	1.11769299092703
1231	6.155	-0.0030319644138217	1.11769299092703
1232	6.16	-0.0043216363992542	1.11769299092703
1233	6.165	-0.0043216363992542	1.11769299092703
1234	6.17	-0.0043216363992542	1.11769299092703
1235	6.175	-0.0043216363992542	1.11769299092703
1236	6.18	-0.0043216363992542	1.11769299092703
1237	6.185	-0.0043216363992542	1.11640331894159
1238	6.19	-0.0030319644138217	1.11769299092703
1239	6.195	-0.0043216363992542	1.11769299092703
1240	6.2	-0.0043216363992542	1.11640331894159
1241	6.205	-0.0043216363992542	1.11640331894159
1242	6.21	-0.0043216363992542	1.11640331894159
1243	6.215	-0.0043216363992542	1.11640331894159
1244	6.22	-0.0043216363992542	1.11640331894159
1245	6.225	-0.0043216363992542	1.11640331894159
1246	6.23	-0.0043216363992542	1.11640331894159
1247	6.235	-0.0043216363992542	1.11640331894159
1248	6.24	-0.0043216363992542	1.11640331894159
1249	6.245	-0.0043216363992542	1.11640331894159
1250	6.25	-0.0043216363992542	1.11640331894159
1251	6.255	-0.0043216363992542	1.11511364695616
1252	6.26	-0.0030319644138217	1.11511364695616
1253	6.265	-0.0043216363992542	1.11511364695616
1254	6.27	-0.0043216363992542	1.11511364695616
1255	6.275	-0.0030319644138217	1.11511364695616
1256	6.28	-0.0043216363992542	1.11511364695616
1257	6.285	-0.0043216363992542	1.11511364695616
1258	6.29	-0.0043216363992542	1.11511364695616
1259	6.295	-0.0030319644138217	1.11511364695616
1260	6.3	-0.0043216363992542	1.11511364695616
1261	6.305	-0.0043216363992542	1.11511364695616
1262	6.31	-0.0030319644138217	1.11511364695616
1263	6.315	-0.0030319644138217	1.11511364695616
1264	6.32	-0.0043216363992542	1.11511364695616
1265	6.325	-0.0043216363992542	1.11511364695616
1266	6.33	-0.0043216363992542	1.11511364695616
1267	6.335	-0.0043216363992542	1.11382397497073
1268	6.34	-0.0043216363992542	1.11511364695616
1269	6.345	-0.0043216363992542	1.11382397497073
1270	6.35	-0.0043216363992542	1.11382397497073
1271	6.355	-0.0030319644138217	1.11382397497073
1272	6.36	-0.0043216363992542	1.11382397497073
1273	6.365	-0.0043216363992542	1.11382397497073
1274	6.37	-0.0043216363992542	1.11382397497073
1275	6.375	-0.0043216363992542	1.11382397497073
1276	6.38	-0.0030319644138217	1.11382397497073
1277	6.385	-0.0043216363992542	1.11382397497073
1278	6.39	-0.0030319644138217	1.1125343029853
1279	6.395	-0.0043216363992542	1.1125343029853
1280	6.4	-0.0043216363992542	1.1125343029853
1281	6.405	-0.0043216363992542	1.1125343029853
1282	6.41	-0.0043216363992542	1.1125343029853
1283	6.415	-0.0043216363992542	1.1125343029853
1284	6.42	-0.0043216363992542	1.1125343029853
1285	6.425	-0.0043216363992542	1.1125343029853
1286	6.43	-0.0043216363992542	1.1125343029853
1287	6.435	-0.0043216363992542	1.1125343029853
1288	6.44	-0.0043216363992542	1.1125343029853
1289	6.445	-0.0030319644138217	1.1125343029853
1290	6.45	-0.0043216363992542	1.1125343029853
1291	6.455	-0.0043216363992542	1.1125343029853
1292	6.46	-0.0043216363992542	1.1125343029853
1293	6.465	-0.0043216363992542	1.11124463099986
1294	6.47	-0.0043216363992542	1.1125343029853
1295	6.475	-0.0030319644138217	1.11124463099986
1296	6.48	-0.0043216363992542	1.11124463099986
1297	6.485	-0.0043216363992542	1.11124463099986
1298	6.49	-0.0043216363992542	1.11124463099986
1299	6.495	-0.0043216363992542	1.11124463099986
1300	6.5	-0.0043216363992542	1.11124463099986
1301	6.505	-0.0043216363992542	1.11124463099986
1302	6.51	-0.0030319644138217	1.11124463099986
1303	6.515	-0.0043216363992542	1.11124463099986
1304	6.52	-0.0043216363992542	1.11124463099986
1305	6.525	-0.0043216363992542	1.10995495901443
1306	6.53	-0.0043216363992542	1.11124463099986
1307	6.535	-0.0043216363992542	1.10995495901443
1308	6.54	-0.0043216363992542	1.10995495901443
1309	6.545	-0.0043216363992542	1.10995495901443
1310	6.55	-0.0043216363992542	1.10995495901443
1311	6.555	-0.0043216363992542	1.10995495901443
1312	6.56	-0.0043216363992542	1.10995495901443
1313	6.565	-0.0043216363992542	1.10995495901443
1314	6.57	-0.0043216363992542	1.10995495901443
1315	6.575	-0.0043216363992542	1.10995495901443
1316	6.58	-0.0030319644138217	1.10995495901443
1317	6.585	-0.0043216363992542	1.10995495901443
1318	6.59	-0.0043216363992542	1.10995495901443
1319	6.595	-0.0043216363992542	1.10995495901443
1320	6.6	-0.0030319644138217	1.10995495901443
1321	6.605	-0.0030319644138217	1.10995495901443
1322	6.61	-0.0043216363992542	1.10995495901443
1323	6.615	-0.0043216363992542	1.10995495901443
1324	6.62	-0.0043216363992542	1.108665287029
1325	6.625	-0.0030319644138217	1.108665287029
1326	6.63	-0.0043216363992542	1.108665287029
1327	6.635	-0.0043216363992542	1.10995495901443
1328	6.64	-0.0043216363992542	1.108665287029
1329	6.645	-0.0043216363992542	1.108665287029
1330	6.65	-0.0043216363992542	1.108665287029
1331	6.655	-0.0043216363992542	1.108665287029
1332	6.66	-0.0043216363992542	1.108665287029
1333	6.665	-0.0043216363992542	1.108665287029
1334	6.67	-0.0043216363992542	1.108665287029
1335	6.675	-0.0030319644138217	1.10737561504357
1336	6.68	-0.0043216363992542	1.10737561504357
1337	6.685	-0.0043216363992542	1.10737561504357
1338	6.69	-0.0043216363992542	1.10737561504357
1339	6.695	-0.0043216363992542	1.10737561504357
1340	6.7	-0.0030319644138217	1.10737561504357
1341	6.705	-0.0043216363992542	1.10737561504357
1342	6.71	-0.0043216363992542	1.10737561504357
1343	6.715	-0.0043216363992542	1.10737561504357
1344	6.72	-0.0030319644138217	1.10737561504357
1345	6.725	-0.0043216363992542	1.10737561504357
1346	6.73	-0.0043216363992542	1.10737561504357
1347	6.735	-0.0043216363992542	1.10608594305813
1348	6.74	-0.0043216363992542	1.10608594305813
1349	6.745	-0.0043216363992542	1.10608594305813
1350	6.75	-0.0043216363992542	1.10608594305813
1351	6.755	-0.0030319644138217	1.10608594305813
1352	6.76	-0.0043216363992542	1.10608594305813
1353	6.765	-0.0043216363992542	1.10608594305813
1354	6.77	-0.0043216363992542	1.10608594305813
1355	6.775	-0.0043216363992542	1.10608594305813
1356	6.78	-0.0043216363992542	1.10608594305813
1357	6.785	-0.0043216363992542	1.1047962710727
1358	6.79	-0.0043216363992542	1.1047962710727
1359	6.795	-0.0043216363992542	1.1047962710727
1360	6.8	-0.0030319644138217	1.1047962710727
1361	6.805	-0.0043216363992542	1.10608594305813
1362	6.81	-0.0030319644138217	1.1047962710727
1363	6.815	-0.0043216363992542	1.1047962710727
1364	6.82	-0.0043216363992542	1.1047962710727
1365	6.825	-0.0043216363992542	1.1047962710727
1366	6.83	-0.0043216363992542	1.10350659908727
1367	6.835	-0.0030319644138217	1.1047962710727
1368	6.84	-0.0043216363992542	1.10350659908727
1369	6.845	-0.0043216363992542	1.1047962710727
1370	6.85	-0.0030319644138217	1.1047962710727
1371	6.855	-0.0043216363992542	1.1047962710727
1372	6.86	-0.0043216363992542	1.10350659908727
1373	6.865	-0.0030319644138217	1.10350659908727
1374	6.87	-0.0043216363992542	1.10350659908727
1375	6.875	-0.0043216363992542	1.10350659908727
1376	6.88	-0.0043216363992542	1.10350659908727
1377	6.885	-0.0043216363992542	1.10350659908727
1378	6.89	-0.0043216363992542	1.10350659908727
1379	6.895	-0.0030319644138217	1.10221692710184
1380	6.9	-0.0043216363992542	1.10221692710184
1381	6.905	-0.0043216363992542	1.10221692710184
1382	6.91	-0.0043216363992542	1.10221692710184
1383	6.915	-0.0030319644138217	1.10221692710184
1384	6.92	-0.0030319644138217	1.10221692710184
1385	6.925	-0.0030319644138217	1.10221692710184
1386	6.93	-0.0043216363992542	1.10221692710184
1387	6.935	-0.0043216363992542	1.10221692710184
1388	6.94	-0.0043216363992542	1.10221692710184
1389	6.945	-0.0043216363992542	1.1009272551164
1390	6.95	-0.0043216363992542	1.10221692710184
1391	6.955	-0.0030319644138217	1.10221692710184
1392	6.96	-0.0030319644138217	1.10221692710184
1393	6.965	-0.0043216363992542	1.10221692710184
1394	6.97	-0.0030319644138217	1.1009272551164
1395	6.975	-0.0043216363992542	1.1009272551164
1396	6.98	-0.0030319644138217	1.1009272551164
1397	6.985	-0.0043216363992542	1.1009272551164
1398	6.99	-0.0043216363992542	1.1009272551164
1399	6.995	-0.0043216363992542	1.1009272551164
1400	7	-0.0030319644138217	1.1009272551164
1401	7.005	-0.0043216363992542	1.1009272551164
1402	7.01	-0.0030319644138217	1.09963758313097
1403	7.015	-0.0043216363992542	1.1009272551164
1404	7.02	-0.0030319644138217	1.1009272551164
1405	7.025	-0.0043216363992542	1.09963758313097
1406	7.03	-0.0043216363992542	1.1009272551164
1407	7.035	-0.0030319644138217	1.1009272551164
1408	7.04	-0.0043216363992542	1.1009272551164
1409	7.045	-0.0043216363992542	1.09963758313097
1410	7.05	-0.0043216363992542	1.1009272551164
1411	7.055	-0.0043216363992542	1.09963758313097
1412	7.06	-0.0043216363992542	1.09963758313097
1413	7.065	-0.0030319644138217	1.1009272551164
1414	7.07	-0.0043216363992542	1.09963758313097
1415	7.075	-0.0030319644138217	1.09963758313097
1416	7.08	-0.0043216363992542	1.09963758313097
1417	7.085	-0.0043216363992542	1.09963758313097
1418	7.09	-0.0043216363992542	1.09963758313097
1419	7.095	-0.0030319644138217	1.09963758313097
1420	7.1	-0.0030319644138217	1.09963758313097
1421	7.105	-0.0043216363992542	1.09963758313097
1422	7.11	-0.0043216363992542	1.09834791114554
1423	7.115	-0.0043216363992542	1.09963758313097
1424	7.12	-0.0043216363992542	1.09834791114554
1425	7.125	-0.0043216363992542	1.09834791114554
1426	7.13	-0.0043216363992542	1.09963758313097
1427	7.135	-0.0043216363992542	1.09834791114554
1428	7.14	-0.0030319644138217	1.09834791114554
1429	7.145	-0.0043216363992542	1.09834791114554
1430	7.15	-0.0043216363992542	1.09834791114554
1431	7.155	-0.0043216363992542	1.09705823916011
1432	7.16	-0.0030319644138217	1.09834791114554
1433	7.165	-0.0030319644138217	1.09834791114554
1434	7.17	-0.0043216363992542	1.09705823916011
1435	7.175	-0.0030319644138217	1.09705823916011
1436	7.18	-0.0043216363992542	1.09705823916011
1437	7.185	-0.0043216363992542	1.09705823916011
1438	7.19	-0.0043216363992542	1.09705823916011
1439	7.195	-0.0030319644138217	1.09705823916011
1440	7.2	-0.0043216363992542	1.09705823916011
1441	7.205	-0.0043216363992542	1.09705823916011
1442	7.21	-0.0043216363992542	1.09705823916011
1443	7.215	-0.0043216363992542	1.09576856717467
1444	7.22	-0.0043216363992542	1.09705823916011
1445	7.225	-0.0043216363992542	1.09576856717467
1446	7.23	-0.0043216363992542	1.09705823916011
1447	7.235	-0.0043216363992542	1.09576856717467
1448	7.24	-0.0030319644138217	1.09576856717467
1449	7.245	-0.0030319644138217	1.09576856717467
1450	7.25	-0.0043216363992542	1.09576856717467
1451	7.255	-0.0043216363992542	1.09576856717467
1452	7.26	-0.0043216363992542	1.09576856717467
1453	7.265	-0.0043216363992542	1.09576856717467
1454	7.27	-0.0043216363992542	1.09576856717467
1455	7.275	-0.0043216363992542	1.09447889518924
1456	7.28	-0.0030319644138217	1.09447889518924
1457	7.285	-0.0043216363992542	1.09576856717467
1458	7.29	-0.0030319644138217	1.09447889518924
1459	7.295	-0.0030319644138217	1.09576856717467
1460	7.3	-0.0043216363992542	1.09447889518924
1461	7.305	-0.0043216363992542	1.09447889518924
1462	7.31	-0.0043216363992542	1.09447889518924
1463	7.315	-0.0030319644138217	1.09447889518924
1464	7.32	-0.0043216363992542	1.09447889518924
1465	7.325	-0.0043216363992542	1.09447889518924
1466	7.33	-0.0043216363992542	1.09447889518924
1467	7.335	-0.0043216363992542	1.09447889518924
1468	7.34	-0.0043216363992542	1.09318922320381
1469	7.345	-0.0043216363992542	1.09447889518924
1470	7.35	-0.0043216363992542	1.09318922320381
1471	7.355	-0.0030319644138217	1.09318922320381
1472	7.36	-0.0043216363992542	1.09318922320381
1473	7.365	-0.0030319644138217	1.09318922320381
1474	7.37	-0.0030319644138217	1.09318922320381
1475	7.375	-0.0030319644138217	1.09318922320381
1476	7.38	-0.0030319644138217	1.09318922320381
1477	7.385	-0.0043216363992542	1.09318922320381
1478	7.39	-0.0043216363992542	1.09318922320381
1479	7.395	-0.0030319644138217	1.09318922320381
1480	7.4	-0.0043216363992542	1.09189955121838
1481	7.405	-0.0043216363992542	1.09318922320381
1482	7.41	-0.0043216363992542	1.09189955121838
1483	7.415	-0.0043216363992542	1.09189955121838
1484	7.42	-0.0043216363992542	1.09189955121838
1485	7.425	-0.0043216363992542	1.09189955121838
1486	7.43	-0.0043216363992542	1.09189955121838
1487	7.435	-0.0043216363992542	1.09189955121838
1488	7.44	-0.0030319644138217	1.09189955121838
1489	7.445	-0.0043216363992542	1.09060987923294
1490	7.45	-0.0030319644138217	1.09189955121838
1491	7.455	-0.0030319644138217	1.09060987923294
1492	7.46	-0.0030319644138217	1.09060987923294
1493	7.465	-0.0043216363992542	1.09060987923294
1494	7.47	-0.0043216363992542	1.09060987923294
1495	7.475	-0.0043216363992542	1.09060987923294
1496	7.48	-0.0030319644138217	1.09060987923294
1497	7.485	-0.0043216363992542	1.09060987923294
1498	7.49	-0.0030319644138217	1.08932020724751
1499	7.495	-0.0030319644138217	1.08932020724751
1500	7.5	-0.0043216363992542	1.08932020724751
1501	7.505	-0.0030319644138217	1.08932020724751
1502	7.51	-0.0043216363992542	1.08932020724751
1503	7.515	-0.0043216363992542	1.08932020724751
1504	7.52	-0.0043216363992542	1.08932020724751
1505	7.525	-0.0030319644138217	1.08932020724751
1506	7.53	-0.0030319644138217	1.08932020724751
1507	7.535	-0.0030319644138217	1.08932020724751
1508	7.54	-0.0043216363992542	1.08932020724751
1509	7.545	-0.0043216363992542	1.08932020724751
1510	7.55	-0.0030319644138217	1.08932020724751
1511	7.555	-0.0043216363992542	1.08932020724751
1512	7.56	-0.0043216363992542	1.08932020724751
1513	7.565	-0.0030319644138217	1.08932020724751
1514	7.57	-0.0030319644138217	1.08803053526208
1515	7.575	-0.0043216363992542	1.08803053526208
1516	7.58	-0.0030319644138217	1.08803053526208
1517	7.585	-0.0030319644138217	1.08803053526208
1518	7.59	-0.0030319644138217	1.08803053526208
1519	7.595	-0.0043216363992542	1.08803053526208
1520	7.6	-0.0043216363992542	1.08674086327665
1521	7.605	-0.0043216363992542	1.08803053526208
1522	7.61	-0.0043216363992542	1.08674086327665
1523	7.615	-0.0030319644138217	1.08803053526208
1524	7.62	-0.0030319644138217	1.08674086327665
1525	7.625	-0.0043216363992542	1.08674086327665
1526	7.63	-0.0043216363992542	1.08674086327665
1527	7.635	-0.0043216363992542	1.08674086327665
1528	7.64	-0.0043216363992542	1.08674086327665
1529	7.645	-0.0030319644138217	1.08674086327665
1530	7.65	-0.0043216363992542	1.08674086327665
1531	7.655	-0.0043216363992542	1.08674086327665
1532	7.66	-0.0030319644138217	1.08674086327665
1533	7.665	-0.0043216363992542	1.08674086327665
1534	7.67	-0.0030319644138217	1.08545119129121
1535	7.675	-0.0030319644138217	1.08545119129121
1536	7.68	-0.0030319644138217	1.08545119129121
1537	7.685	-0.0043216363992542	1.08545119129121
1538	7.69	-0.0030319644138217	1.08545119129121
1539	7.695	-0.0030319644138217	1.08545119129121
1540	7.7	-0.0043216363992542	1.08545119129121
1541	7.705	-0.0043216363992542	1.08545119129121
1542	7.71	-0.0043216363992542	1.08416151930578
1543	7.715	-0.0030319644138217	1.08416151930578
1544	7.72	-0.0043216363992542	1.08416151930578
1545	7.725	-0.0043216363992542	1.08416151930578
1546	7.73	-0.0043216363992542	1.08416151930578
1547	7.735	-0.0043216363992542	1.08416151930578
1548	7.74	-0.0043216363992542	1.08287184732035
1549	7.745	-0.0030319644138217	1.08416151930578
1550	7.75	-0.0043216363992542	1.08416151930578
1551	7.755	-0.0030319644138217	1.08416151930578
1552	7.76	-0.0030319644138217	1.08287184732035
1553	7.765	-0.0030319644138217	1.08416151930578
1554	7.77	-0.0043216363992542	1.08287184732035
1555	7.775	-0.0043216363992542	1.08287184732035
1556	7.78	-0.0043216363992542	1.08287184732035
1557	7.785	-0.0043216363992542	1.08287184732035
1558	7.79	-0.0043216363992542	1.08287184732035
1559	7.795	-0.0030319644138217	1.08158217533492
1560	7.8	-0.0043216363992542	1.08158217533492
1561	7.805	-0.0030319644138217	1.08158217533492
1562	7.81	-0.0043216363992542	1.08158217533492
1563	7.815	-0.0043216363992542	1.08158217533492
1564	7.82	-0.0030319644138217	1.08158217533492
1565	7.825	-0.0030319644138217	1.08158217533492
1566	7.83	-0.0030319644138217	1.08158217533492
1567	7.835	-0.0043216363992542	1.08158217533492
1568	7.84	-0.0030319644138217	1.08029250334948
1569	7.845	-0.0030319644138217	1.08158217533492
1570	7.85	-0.0030319644138217	1.08029250334948
1571	7.855	-0.0043216363992542	1.08029250334948
1572	7.86	-0.0030319644138217	1.08029250334948
1573	7.865	-0.0043216363992542	1.08029250334948
1574	7.87	-0.0043216363992542	1.08029250334948
1575	7.875	-0.0030319644138217	1.08029250334948
1576	7.88	-0.0030319644138217	1.08029250334948
1577	7.885	-0.0043216363992542	1.07900283136405
1578	7.89	-0.0043216363992542	1.08029250334948
1579	7.895	-0.0030319644138217	1.08029250334948
1580	7.9	-0.0043216363992542	1.08029250334948
1581	7.905	-0.0043216363992542	1.07900283136405
1582	7.91	-0.0043216363992542	1.07900283136405
1583	7.915	-0.0043216363992542	1.07900283136405
1584	7.92	-0.0030319644138217	1.07900283136405
1585	7.925	-0.0030319644138217	1.07900283136405
1586	7.93	-0.0030319644138217	1.07900283136405
1587	7.935	-0.0043216363992542	1.07771315937862
1588	7.94	-0.0030319644138217	1.07771315937862
1589	7.945	-0.0030319644138217	1.07771315937862
1590	7.95	-0.0043216363992542	1.07900283136405
1591	7.955	-0.0043216363992542	1.07771315937862
1592	7.96	-0.0030319644138217	1.07771315937862
1593	7.965	-0.0043216363992542	1.07771315937862
1594	7.97	-0.0043216363992542	1.07771315937862
1595	7.975	-0.0043216363992542	1.07642348739319
1596	7.98	-0.0043216363992542	1.07771315937862
1597	7.985	-0.0043216363992542	1.07771315937862
1598	7.99	-0.0043216363992542	1.07642348739319
1599	7.995	-0.0043216363992542	1.07642348739319
1600	8	-0.0030319644138217	1.07771315937862
1601	8.005	-0.0030319644138217	1.07642348739319
1602	8.01	-0.0030319644138217	1.07642348739319
1603	8.015	-0.0043216363992542	1.07642348739319
1604	8.02	-0.0030319644138217	1.07513381540775
1605	8.025	-0.0043216363992542	1.07642348739319
1606	8.03	-0.0043216363992542	1.07513381540775
1607	8.035	-0.0030319644138217	1.07513381540775
1608	8.04	-0.0030319644138217	1.07513381540775
1609	8.045	-0.0043216363992542	1.07513381540775
1610	8.05	-0.0030319644138217	1.07513381540775
1611	8.055	-0.0043216363992542	1.07513381540775
1612	8.06	-0.0030319644138217	1.07513381540775
1613	8.065	-0.0043216363992542	1.07513381540775
1614	8.07	-0.0043216363992542	1.07513381540775
1615	8.075	-0.0030319644138217	1.07513381540775
1616	8.08	-0.0043216363992542	1.07513381540775
1617	8.085	-0.0030319644138217	1.07513381540775
1618	8.09	-0.0043216363992542	1.07384414342232
1619	8.095	-0.0030319644138217	1.07384414342232
1620	8.1	-0.0043216363992542	1.07384414342232
1621	8.105	-0.0030319644138217	1.07513381540775
1622	8.11	-0.0030319644138217	1.07384414342232
1623	8.115	-0.0043216363992542	1.07384414342232
1624	8.12	-0.0043216363992542	1.07384414342232
1625	8.125	-0.0043216363992542	1.07384414342232
1626	8.13	-0.0030319644138217	1.07384414342232
1627	8.135	-0.0030319644138217	1.07384414342232
1628	8.14	-0.0043216363992542	1.07255447143689
1629	8.145	-0.0043216363992542	1.07384414342232
1630	8.15	-0.0030319644138217	1.07255447143689
1631	8.155	-0.0043216363992542	1.07384414342232
1632	8.16	-0.0030319644138217	1.07255447143689
1633	8.165	-0.0043216363992542	1.07255447143689
1634	8.17	-0.0030319644138217	1.07255447143689
1635	8.175	-0.0043216363992542	1.07255447143689
1636	8.18	-0.0043216363992542	1.07255447143689
1637	8.185	-0.0043216363992542	1.07255447143689
1638	8.19	-0.0043216363992542	1.07255447143689
1639	8.195	-0.0030319644138217	1.07255447143689
1640	8.2	-0.0043216363992542	1.07255447143689
1641	8.205	-0.0030319644138217	1.07255447143689
1642	8.21	-0.0030319644138217	1.07255447143689
1643	8.215	-0.0043216363992542	1.07126479945146
1644	8.22	-0.0043216363992542	1.07255447143689
1645	8.225	-0.0030319644138217	1.07126479945146
1646	8.23	-0.0043216363992542	1.07126479945146
1647	8.235	-0.0043216363992542	1.07255447143689
1648	8.24	-0.0043216363992542	1.07126479945146
1649	8.245	-0.0043216363992542	1.07126479945146
1650	8.25	-0.0043216363992542	1.07126479945146
1651	8.255	-0.0043216363992542	1.07126479945146
1652	8.26	-0.0030319644138217	1.07126479945146
1653	8.265	-0.0043216363992542	1.07126479945146
1654	8.27	-0.0030319644138217	1.07126479945146
1655	8.275	-0.0043216363992542	1.07126479945146
1656	8.28	-0.0043216363992542	1.07126479945146
1657	8.285	-0.0030319644138217	1.07126479945146
1658	8.29	-0.0043216363992542	1.07126479945146
1659	8.295	-0.0030319644138217	1.07126479945146
1660	8.3	-0.0030319644138217	1.07126479945146
1661	8.305	-0.0043216363992542	1.07126479945146
1662	8.31	-0.0030319644138217	1.07126479945146
1663	8.315	-0.0043216363992542	1.06997512746602
1664	8.32	-0.0043216363992542	1.06997512746602
1665	8.325	-0.0043216363992542	1.06997512746602
1666	8.33	-0.0043216363992542	1.07126479945146
1667	8.335	-0.0043216363992542	1.06997512746602
1668	8.34	-0.0030319644138217	1.06997512746602
1669	8.345	-0.0043216363992542	1.06997512746602
1670	8.35	-0.0043216363992542	1.06997512746602
1671	8.355	-0.0030319644138217	1.06997512746602
1672	8.36	-0.0043216363992542	1.06997512746602
1673	8.365	-0.0043216363992542	1.06997512746602
1674	8.37	-0.0043216363992542	1.06997512746602
1675	8.375	-0.0043216363992542	1.06868545548059
1676	8.38	-0.0043216363992542	1.06868545548059
1677	8.385	-0.0030319644138217	1.06868545548059
1678	8.39	-0.0043216363992542	1.06868545548059
1679	8.395	-0.0030319644138217	1.06868545548059
1680	8.4	-0.0030319644138217	1.06868545548059
1681	8.405	-0.0043216363992542	1.06997512746602
1682	8.41	-0.0030319644138217	1.06868545548059
1683	8.415	-0.0043216363992542	1.06868545548059
1684	8.42	-0.0043216363992542	1.06868545548059
1685	8.425	-0.0043216363992542	1.06868545548059
1686	8.43	-0.0030319644138217	1.06868545548059
1687	8.435	-0.0030319644138217	1.06868545548059
1688	8.44	-0.0030319644138217	1.06739578349516
1689	8.445	-0.0030319644138217	1.06868545548059
1690	8.45	-0.0043216363992542	1.06868545548059
1691	8.455	-0.0043216363992542	1.06739578349516
1692	8.46	-0.0043216363992542	1.06739578349516
1693	8.465	-0.0043216363992542	1.06739578349516
1694	8.47	-0.0043216363992542	1.06739578349516
1695	8.475	-0.0043216363992542	1.06739578349516
1696	8.48	-0.0030319644138217	1.06739578349516
1697	8.485	-0.0043216363992542	1.06739578349516
1698	8.49	-0.0030319644138217	1.06610611150973
1699	8.495	-0.0043216363992542	1.06610611150973
1700	8.5	-0.0043216363992542	1.06739578349516
1701	8.505	-0.0030319644138217	1.06610611150973
1702	8.51	-0.0043216363992542	1.06610611150973
1703	8.515	-0.0030319644138217	1.06739578349516
1704	8.52	-0.0043216363992542	1.06610611150973
1705	8.525	-0.0043216363992542	1.06610611150973
1706	8.53	-0.0043216363992542	1.06610611150973
1707	8.535	-0.0043216363992542	1.06610611150973
1708	8.54	-0.0043216363992542	1.06610611150973
1709	8.545	-0.0043216363992542	1.06610611150973
1710	8.55	-0.0043216363992542	1.06481643952429
1711	8.555	-0.0043216363992542	1.06610611150973
1712	8.56	-0.0030319644138217	1.06610611150973
1713	8.565	-0.0043216363992542	1.06610611150973
1714	8.57	-0.0043216363992542	1.06481643952429
1715	8.575	-0.0043216363992542	1.06481643952429
1716	8.58	-0.0043216363992542	1.06481643952429
1717	8.585	-0.0043216363992542	1.06481643952429
1718	8.59	-0.0043216363992542	1.06481643952429
1719	8.595	-0.0043216363992542	1.06481643952429
1720	8.6	-0.0043216363992542	1.06481643952429
1721	8.605	-0.0043216363992542	1.06481643952429
1722	8.61	-0.0043216363992542	1.06481643952429
1723	8.615	-0.0043216363992542	1.06481643952429
1724	8.62	-0.0043216363992542	1.06352676753886
1725	8.625	-0.0043216363992542	1.06352676753886
1726	8.63	-0.0043216363992542	1.06481643952429
1727	8.635	-0.0043216363992542	1.06352676753886
1728	8.64	-0.0043216363992542	1.06352676753886
1729	8.645	-0.0043216363992542	1.06352676753886
1730	8.65	-0.0043216363992542	1.06352676753886
1731	8.655	-0.0043216363992542	1.06352676753886
1732	8.66	-0.0043216363992542	1.06352676753886
1733	8.665	-0.0043216363992542	1.06352676753886
1734	8.67	-0.0043216363992542	1.06352676753886
1735	8.675	-0.0043216363992542	1.06352676753886
1736	8.68	-0.0043216363992542	1.06352676753886
1737	8.685	-0.0043216363992542	1.06223709555343
1738	8.69	-0.0043216363992542	1.06352676753886
1739	8.695	-0.0043216363992542	1.06223709555343
1740	8.7	-0.0043216363992542	1.06223709555343
1741	8.705	-0.0043216363992542	1.06223709555343
1742	8.71	-0.0043216363992542	1.06223709555343
1743	8.715	-0.0043216363992542	1.06223709555343
1744	8.72	-0.0043216363992542	1.06223709555343
1745	8.725	-0.0043216363992542	1.06223709555343
1746	8.73	-0.0043216363992542	1.06223709555343
1747	8.735	-0.0030319644138217	1.06223709555343
1748	8.74	-0.0043216363992542	1.060947423568
1749	8.745	-0.0043216363992542	1.06223709555343
1750	8.75	-0.0043216363992542	1.06223709555343
1751	8.755	-0.0043216363992542	1.060947423568
1752	8.76	-0.0043216363992542	1.060947423568
1753	8.765	-0.0043216363992542	1.060947423568
1754	8.77	-0.0043216363992542	1.060947423568
1755	8.775	-0.0043216363992542	1.060947423568
1756	8.78	-0.0043216363992542	1.060947423568
1757	8.785	-0.0043216363992542	1.060947423568
1758	8.79	-0.0043216363992542	1.060947423568
1759	8.795	-0.0043216363992542	1.060947423568
1760	8.8	-0.0043216363992542	1.060947423568
1761	8.805	-0.0043216363992542	1.060947423568
1762	8.81	-0.0043216363992542	1.060947423568
1763	8.815	-0.0043216363992542	1.05965775158256
1764	8.82	-0.0043216363992542	1.05965775158256
1765	8.825	-0.0043216363992542	1.05965775158256
1766	8.83	-0.0043216363992542	1.05965775158256
1767	8.835	-0.0043216363992542	1.05965775158256
1768	8.84	-0.0043216363992542	1.05965775158256
1769	8.845	-0.0043216363992542	1.05965775158256
1770	8.85	-0.0043216363992542	1.05836807959713
1771	8.855	-0.0043216363992542	1.05965775158256
1772	8.86	-0.0043216363992542	1.05965775158256
1773	8.865	-0.0030319644138217	1.05965775158256
1774	8.87	-0.0043216363992542	1.05965775158256
1775	8.875	-0.0043216363992542	1.05836807959713
1776	8.88	-0.0043216363992542	1.05836807959713
1777	8.885	-0.0043216363992542	1.05836807959713
1778	8.89	-0.0043216363992542	1.05965775158256
1779	8.895	-0.0043216363992542	1.05836807959713
1780	8.9	-0.0043216363992542	1.05836807959713
1781	8.905	-0.0043216363992542	1.05836807959713
1782	8.91	-0.0043216363992542	1.05836807959713
1783	8.915	-0.0043216363992542	1.05836807959713
1784	8.92	-0.0043216363992542	1.05836807959713
1785	8.925	-0.0043216363992542	1.05836807959713
1786	8.93	-0.0043216363992542	1.0570784076117
1787	8.935	-0.0043216363992542	1.0570784076117
1788	8.94	-0.0043216363992542	1.0570784076117
1789	8.945	-0.0043216363992542	1.0570784076117
1790	8.95	-0.0043216363992542	1.0570784076117
1791	8.955	-0.0043216363992542	1.0570784076117
1792	8.96	-0.0043216363992542	1.0570784076117
1793	8.965	-0.0043216363992542	1.0570784076117
1794	8.97	-0.0043216363992542	1.0570784076117
1795	8.975	-0.0043216363992542	1.0570784076117
1796	8.98	-0.0030319644138217	1.05578873562627
1797	8.985	-0.0043216363992542	1.05578873562627
1798	8.99	-0.0043216363992542	1.05578873562627
1799	8.995	-0.0030319644138217	1.05578873562627
1800	9	-0.0043216363992542	1.0570784076117
1801	9.005	-0.0043216363992542	1.0570784076117
1802	9.01	-0.0030319644138217	1.05578873562627
1803	9.015	-0.0043216363992542	1.05578873562627
1804	9.02	-0.0043216363992542	1.05578873562627
1805	9.025	-0.0043216363992542	1.05578873562627
1806	9.03	-0.0043216363992542	1.05578873562627
1807	9.035	-0.0030319644138217	1.05578873562627
1808	9.04	-0.0043216363992542	1.05578873562627
1809	9.045	-0.0043216363992542	1.05578873562627
1810	9.05	-0.0043216363992542	1.05578873562627
1811	9.055	-0.0043216363992542	1.05578873562627
1812	9.06	-0.0043216363992542	1.05578873562627
1813	9.065	-0.0043216363992542	1.05449906364083
1814	9.07	-0.0030319644138217	1.05449906364083
1815	9.075	-0.0043216363992542	1.05449906364083
1816	9.08	-0.0030319644138217	1.05449906364083
1817	9.085	-0.0043216363992542	1.05449906364083
1818	9.09	-0.0043216363992542	1.05449906364083
1819	9.095	-0.0030319644138217	1.05449906364083
1820	9.1	-0.0030319644138217	1.05449906364083
1821	9.105	-0.0043216363992542	1.05449906364083
1822	9.11	-0.0043216363992542	1.05449906364083
1823	9.115	-0.0030319644138217	1.0532093916554
1824	9.12	-0.0043216363992542	1.05449906364083
1825	9.125	-0.0043216363992542	1.05449906364083
1826	9.13	-0.0030319644138217	1.05449906364083
1827	9.135	-0.0043216363992542	1.05449906364083
1828	9.14	-0.0030319644138217	1.05449906364083
1829	9.145	-0.0043216363992542	1.0532093916554
1830	9.15	-0.0030319644138217	1.0532093916554
1831	9.155	-0.0043216363992542	1.0532093916554
1832	9.16	-0.0030319644138217	1.0532093916554
1833	9.165	-0.0043216363992542	1.0532093916554
1834	9.17	-0.0043216363992542	1.0532093916554
1835	9.175	-0.0030319644138217	1.05191971966997
1836	9.18	-0.0030319644138217	1.05191971966997
1837	9.185	-0.0043216363992542	1.0532093916554
1838	9.19	-0.0030319644138217	1.05191971966997
1839	9.195	-0.0030319644138217	1.05191971966997
1840	9.2	-0.0043216363992542	1.0532093916554
1841	9.205	-0.0030319644138217	1.05191971966997
1842	9.21	-0.0043216363992542	1.05191971966997
1843	9.215	-0.0043216363992542	1.05191971966997
1844	9.22	-0.0043216363992542	1.05191971966997
1845	9.225	-0.0043216363992542	1.05191971966997
1846	9.23	-0.0043216363992542	1.05191971966997
1847	9.235	-0.0043216363992542	1.05191971966997
1848	9.24	-0.0030319644138217	1.05191971966997
1849	9.245	-0.0030319644138217	1.05191971966997
1850	9.25	-0.0030319644138217	1.05063004768454
1851	9.255	-0.0043216363992542	1.05191971966997
1852	9.26	-0.0030319644138217	1.05063004768454
1853	9.265	-0.0043216363992542	1.05063004768454
1854	9.27	-0.0043216363992542	1.05191971966997
1855	9.275	-0.0030319644138217	1.05063004768454
1856	9.28	-0.0030319644138217	1.05063004768454
1857	9.285	-0.0043216363992542	1.05063004768454
1858	9.29	-0.0043216363992542	1.05063004768454
1859	9.295	-0.0043216363992542	1.05063004768454
1860	9.3	-0.0043216363992542	1.05063004768454
1861	9.305	-0.0043216363992542	1.05063004768454
1862	9.31	-0.0043216363992542	1.05063004768454
1863	9.315	-0.0030319644138217	1.05063004768454
1864	9.32	-0.0043216363992542	1.0493403756991
1865	9.325	-0.0043216363992542	1.05063004768454
1866	9.33	-0.0043216363992542	1.0493403756991
1867	9.335	-0.0043216363992542	1.05063004768454
1868	9.34	-0.0030319644138217	1.0493403756991
1869	9.345	-0.0043216363992542	1.0493403756991
1870	9.35	-0.0030319644138217	1.0493403756991
1871	9.355	-0.0043216363992542	1.0493403756991
1872	9.36	-0.0030319644138217	1.0493403756991
1873	9.365	-0.0043216363992542	1.0493403756991
1874	9.37	-0.0043216363992542	1.0493403756991
1875	9.375	-0.0030319644138217	1.0493403756991
1876	9.38	-0.0043216363992542	1.0493403756991
1877	9.385	-0.0043216363992542	1.04805070371367
1878	9.39	-0.0043216363992542	1.04805070371367
1879	9.395	-0.0030319644138217	1.04805070371367
1880	9.4	-0.0043216363992542	1.04805070371367
1881	9.405	-0.0043216363992542	1.04805070371367
1882	9.41	-0.0030319644138217	1.0493403756991
1883	9.415	-0.0043216363992542	1.04805070371367
1884	9.42	-0.0030319644138217	1.04805070371367
1885	9.425	-0.0043216363992542	1.04805070371367
1886	9.43	-0.0043216363992542	1.04805070371367
1887	9.435	-0.0030319644138217	1.04805070371367
1888	9.44	-0.0030319644138217	1.04676103172824
1889	9.445	-0.0030319644138217	1.04805070371367
1890	9.45	-0.0030319644138217	1.04805070371367
1891	9.455	-0.0043216363992542	1.04805070371367
1892	9.46	-0.0030319644138217	1.04805070371367
1893	9.465	-0.0043216363992542	1.04805070371367
1894	9.47	-0.0030319644138217	1.04676103172824
1895	9.475	-0.0043216363992542	1.04676103172824
1896	9.48	-0.0030319644138217	1.04676103172824
1897	9.485	-0.0030319644138217	1.04676103172824
1898	9.49	-0.0043216363992542	1.04676103172824
1899	9.495	-0.0030319644138217	1.04676103172824
1900	9.5	-0.0043216363992542	1.04676103172824
1901	9.505	-0.0043216363992542	1.04676103172824
1902	9.51	-0.0030319644138217	1.04676103172824
1903	9.515	-0.0030319644138217	1.04676103172824
1904	9.52	-0.0043216363992542	1.04547135974281
1905	9.525	-0.0043216363992542	1.04676103172824
1906	9.53	-0.0043216363992542	1.04676103172824
1907	9.535	-0.0043216363992542	1.04676103172824
1908	9.54	-0.0030319644138217	1.04547135974281
1909	9.545	-0.0043216363992542	1.04676103172824
1910	9.55	-0.0030319644138217	1.04547135974281
1911	9.555	-0.0030319644138217	1.04547135974281
1912	9.56	-0.0043216363992542	1.04547135974281
1913	9.565	-0.0043216363992542	1.04547135974281
1914	9.57	-0.0043216363992542	1.04547135974281
1915	9.575	-0.0030319644138217	1.04547135974281
1916	9.58	-0.0030319644138217	1.04547135974281
1917	9.585	-0.0030319644138217	1.04547135974281
1918	9.59	-0.0043216363992542	1.04547135974281
1919	9.595	-0.0030319644138217	1.04547135974281
1920	9.6	-0.0043216363992542	1.04418168775737
1921	9.605	-0.0030319644138217	1.04547135974281
1922	9.61	-0.0043216363992542	1.04547135974281
1923	9.615	-0.0030319644138217	1.04418168775737
1924	9.62	-0.0043216363992542	1.04418168775737
1925	9.625	-0.0030319644138217	1.04418168775737
1926	9.63	-0.0043216363992542	1.04418168775737
1927	9.635	-0.0043216363992542	1.04418168775737
1928	9.64	-0.0043216363992542	1.04418168775737
1929	9.645	-0.0043216363992542	1.04418168775737
1930	9.65	-0.0043216363992542	1.04418168775737
1931	9.655	-0.0043216363992542	1.04418168775737
1932	9.66	-0.0030319644138217	1.04418168775737
1933	9.665	-0.0043216363992542	1.04418168775737
1934	9.67	-0.0030319644138217	1.04418168775737
1935	9.675	-0.0043216363992542	1.04418168775737
1936	9.68	-0.0043216363992542	1.04418168775737
1937	9.685	-0.0030319644138217	1.04418168775737
1938	9.69	-0.0043216363992542	1.04418168775737
1939	9.695	-0.0043216363992542	1.04418168775737
1940	9.7	-0.0030319644138217	1.04418168775737
1941	9.705	-0.0030319644138217	1.04418168775737
1942	9.71	-0.0030319644138217	1.04418168775737
1943	9.715	-0.0043216363992542	1.04289201577194
1944	9.72	-0.0030319644138217	1.04289201577194
1945	9.725	-0.0030319644138217	1.04289201577194
1946	9.73	-0.0043216363992542	1.04418168775737
1947	9.735	-0.0030319644138217	1.04289201577194
1948	9.74	-0.0043216363992542	1.04289201577194
1949	9.745	-0.0030319644138217	1.04289201577194
1950	9.75	-0.0043216363992542	1.04289201577194
1951	9.755	-0.0030319644138217	1.04289201577194
1952	9.76	-0.0030319644138217	1.04289201577194
1953	9.765	-0.0030319644138217	1.04289201577194
1954	9.77	-0.0030319644138217	1.04160234378651
1955	9.775	-0.0043216363992542	1.04289201577194
1956	9.78	-0.0043216363992542	1.04289201577194
1957	9.785	-0.0043216363992542	1.04160234378651
1958	9.79	-0.0043216363992542	1.04160234378651
1959	9.795	-0.0030319644138217	1.04160234378651
1960	9.8	-0.0043216363992542	1.04160234378651
1961	9.805	-0.0030319644138217	1.04160234378651
1962	9.81	-0.0043216363992542	1.04160234378651
1963	9.815	-0.0043216363992542	1.04160234378651
1964	9.82	-0.0043216363992542	1.04160234378651
1965	9.825	-0.0043216363992542	1.04160234378651
1966	9.83	-0.0030319644138217	1.04160234378651
1967	9.835	-0.0043216363992542	1.04160234378651
1968	9.84	-0.0030319644138217	1.04160234378651
1969	9.845	-0.0043216363992542	1.04160234378651
1970	9.85	-0.0043216363992542	1.04160234378651
1971	9.855	-0.0043216363992542	1.04160234378651
1972	9.86	-0.0043216363992542	1.04160234378651
1973	9.865	-0.0030319644138217	1.04031267180108
1974	9.87	-0.0043216363992542	1.04160234378651
1975	9.875	-0.0043216363992542	1.04031267180108
1976	9.88	-0.0030319644138217	1.04160234378651
1977	9.885	-0.0043216363992542	1.04031267180108
1978	9.89	-0.0030319644138217	1.04031267180108
1979	9.895	-0.0030319644138217	1.04031267180108
1980	9.9	-0.0043216363992542	1.04031267180108
1981	9.905	-0.0043216363992542	1.04031267180108
1982	9.91	-0.0043216363992542	1.04031267180108
1983	9.915	-0.0043216363992542	1.04031267180108
1984	9.92	-0.0043216363992542	1.04031267180108
1985	9.925	-0.0030319644138217	1.04031267180108
1986	9.93	-0.0030319644138217	1.03902299981564
1987	9.935	-0.0030319644138217	1.03902299981564
1988	9.94	-0.0043216363992542	1.04031267180108
1989	9.945	-0.0030319644138217	1.03902299981564
1990	9.95	-0.0043216363992542	1.04031267180108
1991	9.955	-0.0043216363992542	1.03902299981564
1992	9.96	-0.0030319644138217	1.03902299981564
1993	9.965	-0.0030319644138217	1.03902299981564
1994	9.97	-0.0043216363992542	1.03902299981564
1995	9.975	-0.0030319644138217	1.03902299981564
1996	9.98	-0.0030319644138217	1.03773332783021
1997	9.985	-0.0030319644138217	1.03902299981564
1998	9.99	-0.0030319644138217	1.03773332783021
1999	9.995	-0.0030319644138217	1.03902299981564
2000	10	-0.0030319644138217	1.03902299981564
2001	10.005	-0.0030319644138217	1.03902299981564
2002	10.01	-0.0043216363992542	1.03773332783021
2003	10.015	-0.0030319644138217	1.03902299981564
2004	10.02	-0.0030319644138217	1.03902299981564
2005	10.025	-0.0043216363992542	1.03773332783021
2006	10.03	-0.0030319644138217	1.03902299981564
2007	10.035	-0.0043216363992542	1.03773332783021
2008	10.04	-0.0030319644138217	1.03773332783021
2009	10.045	-0.0043216363992542	1.03773332783021
2010	10.05	-0.0043216363992542	1.03773332783021
2011	10.055	-0.0030319644138217	1.03773332783021
2012	10.06	-0.0030319644138217	1.03773332783021
2013	10.065	-0.0043216363992542	1.03773332783021
2014	10.07	-0.0043216363992542	1.03773332783021
2015	10.075	-0.0043216363992542	1.03773332783021
2016	10.08	-0.0043216363992542	1.03773332783021
2017	10.085	-0.0043216363992542	1.03773332783021
2018	10.09	-0.0043216363992542	1.03773332783021
2019	10.095	-0.0030319644138217	1.03644365584478
2020	10.1	-0.0043216363992542	1.03644365584478
2021	10.105	-0.0043216363992542	1.03644365584478
2022	10.11	-0.0043216363992542	1.03773332783021
2023	10.115	-0.0030319644138217	1.03644365584478
2024	10.12	-0.0043216363992542	1.03644365584478
2025	10.125	-0.0043216363992542	1.03644365584478
2026	10.13	-0.0043216363992542	1.03644365584478
2027	10.135	-0.0043216363992542	1.03644365584478
2028	10.14	-0.0030319644138217	1.03644365584478
2029	10.145	-0.0030319644138217	1.03644365584478
2030	10.15	-0.0043216363992542	1.03644365584478
2031	10.155	-0.0030319644138217	1.03644365584478
2032	10.16	-0.0043216363992542	1.03644365584478
2033	10.165	-0.0043216363992542	1.03515398385935
2034	10.17	-0.0043216363992542	1.03515398385935
2035	10.175	-0.0043216363992542	1.03515398385935
2036	10.18	-0.0030319644138217	1.03644365584478
2037	10.185	-0.0043216363992542	1.03644365584478
2038	10.19	-0.0043216363992542	1.03515398385935
2039	10.195	-0.0030319644138217	1.03515398385935
2040	10.2	-0.0030319644138217	1.03515398385935
2041	10.205	-0.0030319644138217	1.03515398385935
2042	10.21	-0.0043216363992542	1.03515398385935
2043	10.215	-0.0043216363992542	1.03515398385935
2044	10.22	-0.0043216363992542	1.03515398385935
2045	10.225	-0.0043216363992542	1.03386431187391
2046	10.23	-0.0043216363992542	1.03386431187391
2047	10.235	-0.0030319644138217	1.03386431187391
2048	10.24	-0.0043216363992542	1.03386431187391
2049	10.245	-0.0030319644138217	1.03386431187391
2050	10.25	-0.0030319644138217	1.03386431187391
2051	10.255	-0.0030319644138217	1.03515398385935
2052	10.26	-0.0030319644138217	1.03386431187391
2053	10.265	-0.0043216363992542	1.03386431187391
2054	10.27	-0.0043216363992542	1.03386431187391
2055	10.275	-0.0043216363992542	1.03257463988848
2056	10.28	-0.0030319644138217	1.03386431187391
2057	10.285	-0.0030319644138217	1.03386431187391
2058	10.29	-0.0030319644138217	1.03386431187391
2059	10.295	-0.0030319644138217	1.03257463988848
2060	10.3	-0.0030319644138217	1.03386431187391
2061	10.305	-0.0043216363992542	1.03386431187391
2062	10.31	-0.0030319644138217	1.03257463988848
2063	10.315	-0.0043216363992542	1.03257463988848
2064	10.32	-0.0043216363992542	1.03257463988848
2065	10.325	-0.0030319644138217	1.03257463988848
2066	10.33	-0.0043216363992542	1.03257463988848
2067	10.335	-0.0043216363992542	1.03257463988848
2068	10.34	-0.0043216363992542	1.03257463988848
2069	10.345	-0.0030319644138217	1.03257463988848
2070	10.35	-0.0043216363992542	1.03257463988848
2071	10.355	-0.0043216363992542	1.03128496790305
2072	10.36	-0.0043216363992542	1.03257463988848
2073	10.365	-0.0043216363992542	1.03257463988848
2074	10.37	-0.0043216363992542	1.03257463988848
2075	10.375	-0.0043216363992542	1.03128496790305
2076	10.38	-0.0030319644138217	1.03128496790305
2077	10.385	-0.0043216363992542	1.03128496790305
2078	10.39	-0.0030319644138217	1.03128496790305
2079	10.395	-0.0030319644138217	1.03128496790305
2080	10.4	-0.0030319644138217	1.03128496790305
2081	10.405	-0.0030319644138217	1.03128496790305
2082	10.41	-0.0030319644138217	1.03128496790305
2083	10.415	-0.0043216363992542	1.03128496790305
2084	10.42	-0.0030319644138217	1.02999529591762
2085	10.425	-0.0030319644138217	1.02999529591762
2086	10.43	-0.0043216363992542	1.03128496790305
2087	10.435	-0.0043216363992542	1.03128496790305
2088	10.44	-0.0030319644138217	1.03128496790305
2089	10.445	-0.0030319644138217	1.03128496790305
2090	10.45	-0.0030319644138217	1.02999529591762
2091	10.455	-0.0043216363992542	1.02999529591762
2092	10.46	-0.0043216363992542	1.02999529591762
2093	10.465	-0.0043216363992542	1.02999529591762
2094	10.47	-0.0043216363992542	1.02999529591762
2095	10.475	-0.0043216363992542	1.02999529591762
2096	10.48	-0.0030319644138217	1.02999529591762
2097	10.485	-0.0043216363992542	1.02999529591762
2098	10.49	-0.0043216363992542	1.02999529591762
2099	10.495	-0.0030319644138217	1.02999529591762
2100	10.5	-0.0030319644138217	1.02999529591762
2101	10.505	-0.0043216363992542	1.02999529591762
2102	10.51	-0.0043216363992542	1.02999529591762
2103	10.515	-0.0030319644138217	1.02870562393218
2104	10.52	-0.0030319644138217	1.02870562393218
2105	10.525	-0.0030319644138217	1.02870562393218
2106	10.53	-0.0043216363992542	1.02870562393218
2107	10.535	-0.0043216363992542	1.02870562393218
2108	10.54	-0.0043216363992542	1.02870562393218
2109	10.545	-0.0043216363992542	1.02870562393218
2110	10.55	-0.0030319644138217	1.02870562393218
2111	10.555	-0.0043216363992542	1.02870562393218
2112	10.56	-0.0043216363992542	1.02870562393218
2113	10.565	-0.0043216363992542	1.02870562393218
2114	10.57	-0.0043216363992542	1.02741595194675
2115	10.575	-0.0043216363992542	1.02741595194675
2116	10.58	-0.0030319644138217	1.02741595194675
2117	10.585	-0.0030319644138217	1.02741595194675
2118	10.59	-0.0043216363992542	1.02870562393218
2119	10.595	-0.0030319644138217	1.02741595194675
2120	10.6	-0.0043216363992542	1.02741595194675
2121	10.605	-0.0043216363992542	1.02741595194675
2122	10.61	-0.0043216363992542	1.02741595194675
2123	10.615	-0.0043216363992542	1.02741595194675
2124	10.62	-0.0030319644138217	1.02741595194675
2125	10.625	-0.0043216363992542	1.02612627996132
2126	10.63	-0.0043216363992542	1.02741595194675
2127	10.635	-0.0030319644138217	1.02741595194675
2128	10.64	-0.0043216363992542	1.02612627996132
2129	10.645	-0.0043216363992542	1.02612627996132
2130	10.65	-0.0043216363992542	1.02741595194675
2131	10.655	-0.0043216363992542	1.02612627996132
2132	10.66	-0.0030319644138217	1.02612627996132
2133	10.665	-0.0043216363992542	1.02612627996132
2134	10.67	-0.0030319644138217	1.02612627996132
2135	10.675	-0.0043216363992542	1.02612627996132
2136	10.68	-0.0043216363992542	1.02612627996132
2137	10.685	-0.0030319644138217	1.02612627996132
2138	10.69	-0.0043216363992542	1.02612627996132
2139	10.695	-0.0043216363992542	1.02612627996132
2140	10.7	-0.0030319644138217	1.02483660797589
2141	10.705	-0.0043216363992542	1.02612627996132
2142	10.71	-0.0043216363992542	1.02483660797589
2143	10.715	-0.0043216363992542	1.02483660797589
2144	10.72	-0.0043216363992542	1.02483660797589
2145	10.725	-0.0043216363992542	1.02483660797589
2146	10.73	-0.0043216363992542	1.02483660797589
2147	10.735	-0.0043216363992542	1.02612627996132
2148	10.74	-0.0043216363992542	1.02483660797589
2149	10.745	-0.0030319644138217	1.02483660797589
2150	10.75	-0.0043216363992542	1.02483660797589
2151	10.755	-0.0043216363992542	1.02483660797589
2152	10.76	-0.0043216363992542	1.02483660797589
2153	10.765	-0.0043216363992542	1.02483660797589
2154	10.77	-0.0043216363992542	1.02483660797589
2155	10.775	-0.0043216363992542	1.02483660797589
2156	10.78	-0.0030319644138217	1.02354693599045
2157	10.785	-0.0030319644138217	1.02483660797589
2158	10.79	-0.0043216363992542	1.02483660797589
2159	10.795	-0.0043216363992542	1.02483660797589
2160	10.8	-0.0043216363992542	1.02354693599045
2161	10.805	-0.0030319644138217	1.02354693599045
2162	10.81	-0.0043216363992542	1.02354693599045
2163	10.815	-0.0030319644138217	1.02354693599045
2164	10.82	-0.0043216363992542	1.02483660797589
2165	10.825	-0.0030319644138217	1.02354693599045
2166	10.83	-0.0043216363992542	1.02354693599045
2167	10.835	-0.0030319644138217	1.02225726400502
2168	10.84	-0.0043216363992542	1.02354693599045
2169	10.845	-0.0043216363992542	1.02354693599045
2170	10.85	-0.0030319644138217	1.02354693599045
2171	10.855	-0.0043216363992542	1.02354693599045
2172	10.86	-0.0030319644138217	1.02225726400502
2173	10.865	-0.0043216363992542	1.02354693599045
2174	10.87	-0.0043216363992542	1.02354693599045
2175	10.875	-0.0043216363992542	1.02354693599045
2176	10.88	-0.0043216363992542	1.02225726400502
2177	10.885	-0.0043216363992542	1.02225726400502
2178	10.89	-0.0043216363992542	1.02225726400502
2179	10.895	-0.0043216363992542	1.02225726400502
2180	10.9	-0.0030319644138217	1.02225726400502
2181	10.905	-0.0043216363992542	1.02225726400502
2182	10.91	-0.0043216363992542	1.02225726400502
2183	10.915	-0.0030319644138217	1.02225726400502
2184	10.92	-0.0030319644138217	1.02225726400502
2185	10.925	-0.0043216363992542	1.02225726400502
2186	10.93	-0.0030319644138217	1.02225726400502
2187	10.935	-0.0043216363992542	1.02225726400502
2188	10.94	-0.0030319644138217	1.02225726400502
2189	10.945	-0.0043216363992542	1.02225726400502
2190	10.95	-0.0030319644138217	1.02096759201959
2191	10.955	-0.0043216363992542	1.02096759201959
2192	10.96	-0.0030319644138217	1.02225726400502
2193	10.965	-0.0043216363992542	1.02096759201959
2194	10.97	-0.0043216363992542	1.02096759201959
2195	10.975	-0.0043216363992542	1.02096759201959
2196	10.98	-0.0030319644138217	1.02096759201959
2197	10.985	-0.0043216363992542	1.02096759201959
2198	10.99	-0.0043216363992542	1.02096759201959
2199	10.995	-0.0043216363992542	1.02096759201959
2200	11	-0.0043216363992542	1.02096759201959
2201	11.005	-0.0030319644138217	1.02096759201959
2202	11.01	-0.0043216363992542	1.02096759201959
2203	11.015	-0.0043216363992542	1.02096759201959
2204	11.02	-0.0030319644138217	1.02096759201959
2205	11.025	-0.0043216363992542	1.01967792003416
2206	11.03	-0.0043216363992542	1.02096759201959
2207	11.035	-0.0043216363992542	1.01967792003416
2208	11.04	-0.0030319644138217	1.01967792003416
2209	11.045	-0.0030319644138217	1.01967792003416
2210	11.05	-0.0043216363992542	1.01967792003416
2211	11.055	-0.0030319644138217	1.01967792003416
2212	11.06	-0.0030319644138217	1.01967792003416
2213	11.065	-0.0030319644138217	1.01967792003416
2214	11.07	-0.0043216363992542	1.01838824804872
2215	11.075	-0.0043216363992542	1.01967792003416
2216	11.08	-0.0030319644138217	1.01967792003416
2217	11.085	-0.0043216363992542	1.01967792003416
2218	11.09	-0.0043216363992542	1.01838824804872
2219	11.095	-0.0043216363992542	1.01838824804872
2220	11.1	-0.0043216363992542	1.01838824804872
2221	11.105	-0.0043216363992542	1.01838824804872
2222	11.11	-0.0043216363992542	1.01838824804872
2223	11.115	-0.0030319644138217	1.01838824804872
2224	11.12	-0.0030319644138217	1.01838824804872
2225	11.125	-0.0043216363992542	1.01838824804872
2226	11.13	-0.0030319644138217	1.01838824804872
2227	11.135	-0.0030319644138217	1.01838824804872
2228	11.14	-0.0043216363992542	1.01838824804872
2229	11.145	-0.0043216363992542	1.01838824804872
2230	11.15	-0.0030319644138217	1.01709857606329
2231	11.155	-0.0043216363992542	1.01709857606329
2232	11.16	-0.0030319644138217	1.01838824804872
2233	11.165	-0.0043216363992542	1.01709857606329
2234	11.17	-0.0043216363992542	1.01709857606329
2235	11.175	-0.0043216363992542	1.01709857606329
2236	11.18	-0.0043216363992542	1.01709857606329
2237	11.185	-0.0043216363992542	1.01709857606329
2238	11.19	-0.0043216363992542	1.01709857606329
2239	11.195	-0.0030319644138217	1.01709857606329
2240	11.2	-0.0043216363992542	1.01709857606329
2241	11.205	-0.0043216363992542	1.01709857606329
2242	11.21	-0.0030319644138217	1.01709857606329
2243	11.215	-0.0043216363992542	1.01580890407786
2244	11.22	-0.0043216363992542	1.01709857606329
2245	11.225	-0.0030319644138217	1.01709857606329
2246	11.23	-0.0043216363992542	1.01709857606329
2247	11.235	-0.0043216363992542	1.01580890407786
2248	11.24	-0.0043216363992542	1.01580890407786
2249	11.245	-0.0043216363992542	1.01580890407786
2250	11.25	-0.0043216363992542	1.01580890407786
2251	11.255	-0.0043216363992542	1.01580890407786
2252	11.26	-0.0030319644138217	1.01580890407786
2253	11.265	-0.0043216363992542	1.01580890407786
2254	11.27	-0.0043216363992542	1.01580890407786
2255	11.275	-0.0030319644138217	1.01580890407786
2256	11.28	-0.0043216363992542	1.01580890407786
2257	11.285	-0.0030319644138217	1.01580890407786
2258	11.29	-0.0043216363992542	1.01451923209243
2259	11.295	-0.0030319644138217	1.01580890407786
2260	11.3	-0.0043216363992542	1.01451923209243
2261	11.305	-0.0043216363992542	1.01451923209243
2262	11.31	-0.0043216363992542	1.01451923209243
2263	11.315	-0.0043216363992542	1.01451923209243
2264	11.32	-0.0030319644138217	1.01451923209243
2265	11.325	-0.0030319644138217	1.01451923209243
2266	11.33	-0.0043216363992542	1.01451923209243
2267	11.335	-0.0043216363992542	1.01451923209243
2268	11.34	-0.0043216363992542	1.01451923209243
2269	11.345	-0.0043216363992542	1.01451923209243
2270	11.35	-0.0043216363992542	1.01322956010699
2271	11.355	-0.0043216363992542	1.01322956010699
2272	11.36	-0.0030319644138217	1.01451923209243
2273	11.365	-0.0043216363992542	1.01322956010699
2274	11.37	-0.0030319644138217	1.01322956010699
2275	11.375	-0.0043216363992542	1.01322956010699
2276	11.38	-0.0043216363992542	1.01322956010699
2277	11.385	-0.0043216363992542	1.01322956010699
2278	11.39	-0.0043216363992542	1.01322956010699
2279	11.395	-0.0030319644138217	1.01193988812156
2280	11.4	-0.0030319644138217	1.01193988812156
2281	11.405	-0.0043216363992542	1.01322956010699
2282	11.41	-0.0043216363992542	1.01322956010699
2283	11.415	-0.0030319644138217	1.01193988812156
2284	11.42	-0.0030319644138217	1.01193988812156
2285	11.425	-0.0030319644138217	1.01322956010699
2286	11.43	-0.0043216363992542	1.01193988812156
2287	11.435	-0.0043216363992542	1.01193988812156
2288	11.44	-0.0030319644138217	1.01193988812156
2289	11.445	-0.0043216363992542	1.01193988812156
2290	11.45	-0.0043216363992542	1.01193988812156
2291	11.455	-0.0030319644138217	1.01193988812156
2292	11.46	-0.0043216363992542	1.01193988812156
2293	11.465	-0.0043216363992542	1.01193988812156
2294	11.47	-0.0043216363992542	1.01193988812156
2295	11.475	-0.0043216363992542	1.01065021613613
2296	11.48	-0.0030319644138217	1.01193988812156
2297	11.485	-0.0043216363992542	1.01065021613613
2298	11.49	-0.0030319644138217	1.01065021613613
2299	11.495	-0.0043216363992542	1.01065021613613
2300	11.5	-0.0043216363992542	1.01065021613613
2301	11.505	-0.0043216363992542	1.01065021613613
2302	11.51	-0.0043216363992542	1.01065021613613
2303	11.515	-0.0043216363992542	1.01065021613613
2304	11.52	-0.0043216363992542	1.0093605441507
2305	11.525	-0.0043216363992542	1.01065021613613
2306	11.53	-0.0043216363992542	1.01065021613613
2307	11.535	-0.0043216363992542	1.0093605441507
2308	11.54	-0.0043216363992542	1.0093605441507
2309	11.545	-0.0043216363992542	1.0093605441507
2310	11.55	-0.0043216363992542	1.0093605441507
2311	11.555	-0.0043216363992542	1.0093605441507
2312	11.56	-0.0030319644138217	1.0093605441507
2313	11.565	-0.0043216363992542	1.0093605441507
2314	11.57	-0.0043216363992542	1.0093605441507
2315	11.575	-0.0030319644138217	1.0093605441507
2316	11.58	-0.0043216363992542	1.0093605441507
2317	11.585	-0.0043216363992542	1.0093605441507
2318	11.59	-0.0043216363992542	1.00807087216526
2319	11.595	-0.0043216363992542	1.00807087216526
2320	11.6	-0.0030319644138217	1.00807087216526
2321	11.605	-0.0043216363992542	1.00807087216526
2322	11.61	-0.0030319644138217	1.0093605441507
2323	11.615	-0.0043216363992542	1.00807087216526
2324	11.62	-0.0043216363992542	1.00807087216526
2325	11.625	-0.0043216363992542	1.00807087216526
2326	11.63	-0.0043216363992542	1.00807087216526
2327	11.635	-0.0030319644138217	1.00807087216526
2328	11.64	-0.0030319644138217	1.00807087216526
2329	11.645	-0.0043216363992542	1.00807087216526
2330	11.65	-0.0030319644138217	1.00807087216526
2331	11.655	-0.0043216363992542	1.00807087216526
2332	11.66	-0.0043216363992542	1.00807087216526
2333	11.665	-0.0043216363992542	1.00678120017983
2334	11.67	-0.0043216363992542	1.00807087216526
2335	11.675	-0.0030319644138217	1.00807087216526
2336	11.68	-0.0030319644138217	1.00678120017983
2337	11.685	-0.0043216363992542	1.00678120017983
2338	11.69	-0.0043216363992542	1.00678120017983
2339	11.695	-0.0043216363992542	1.00678120017983
2340	11.7	-0.0043216363992542	1.00678120017983
2341	11.705	-0.0043216363992542	1.00678120017983
2342	11.71	-0.0043216363992542	1.00678120017983
2343	11.715	-0.0043216363992542	1.0054915281944
2344	11.72	-0.0030319644138217	1.00678120017983
2345	11.725	-0.0030319644138217	1.0054915281944
2346	11.73	-0.0043216363992542	1.00678120017983
2347	11.735	-0.0030319644138217	1.0054915281944
2348	11.74	-0.0043216363992542	1.0054915281944
2349	11.745	-0.0043216363992542	1.0054915281944
2350	11.75	-0.0043216363992542	1.0054915281944
2351	11.755	-0.0043216363992542	1.0054915281944
2352	11.76	-0.0030319644138217	1.0054915281944
2353	11.765	-0.0030319644138217	1.0054915281944
2354	11.77	-0.0030319644138217	1.0054915281944
2355	11.775	-0.0030319644138217	1.0054915281944
2356	11.78	-0.0030319644138217	1.00420185620897
2357	11.785	-0.0043216363992542	1.0054915281944
2358	11.79	-0.0030319644138217	1.00420185620897
2359	11.795	-0.0043216363992542	1.00420185620897
2360	11.8	-0.0043216363992542	1.0054915281944
2361	11.805	-0.0043216363992542	1.00420185620897
2362	11.81	-0.0030319644138217	1.00420185620897
2363	11.815	-0.0043216363992542	1.00420185620897
2364	11.82	-0.0043216363992542	1.00420185620897
2365	11.825	-0.0030319644138217	1.00420185620897
2366	11.83	-0.0043216363992542	1.00420185620897
2367	11.835	-0.0043216363992542	1.00420185620897
2368	11.84	-0.0043216363992542	1.00420185620897
2369	11.845	-0.0043216363992542	1.00420185620897
2370	11.85	-0.0030319644138217	1.00291218422353
2371	11.855	-0.0043216363992542	1.00420185620897
2372	11.86	-0.0030319644138217	1.00291218422353
2373	11.865	-0.0030319644138217	1.00291218422353
2374	11.87	-0.0030319644138217	1.00291218422353
2375	11.875	-0.0030319644138217	1.00291218422353
2376	11.88	-0.0030319644138217	1.00291218422353
2377	11.885	-0.0043216363992542	1.00291218422353
2378	11.89	-0.0030319644138217	1.0016225122381
2379	11.895	-0.0030319644138217	1.0016225122381
2380	11.9	-0.0030319644138217	1.00291218422353
2381	11.905	-0.0030319644138217	1.00291218422353
2382	11.91	-0.0030319644138217	1.0016225122381
2383	11.915	-0.0030319644138217	1.0016225122381
2384	11.92	-0.0043216363992542	1.0016225122381
2385	11.925	-0.0030319644138217	1.0016225122381
2386	11.93	-0.0043216363992542	1.0016225122381
2387	11.935	-0.0030319644138217	1.0016225122381
2388	11.94	-0.0030319644138217	1.0016225122381
2389	11.945	-0.0043216363992542	1.00033284025267
2390	11.95	-0.0043216363992542	1.0016225122381
2391	11.955	-0.0043216363992542	1.0016225122381
2392	11.96	-0.0043216363992542	1.00033284025267
2393	11.965	-0.0043216363992542	1.00033284025267
2394	11.97	-0.0030319644138217	1.0016225122381
2395	11.975	-0.0043216363992542	1.00033284025267
2396	11.98	-0.0043216363992542	1.00033284025267
2397	11.985	-0.0043216363992542	1.00033284025267
2398	11.99	-0.0043216363992542	1.00033284025267
2399	11.995	-0.0030319644138217	1.00033284025267
2400	12	-0.0043216363992542	1.00033284025267
2401	12.005	-0.0043216363992542	1.00033284025267
2402	12.01	-0.0043216363992542	1.00033284025267
2403	12.015	-0.0043216363992542	0.999043168267235
2404	12.02	-0.0030319644138217	1.00033284025267
2405	12.025	-0.0030319644138217	0.999043168267235
2406	12.03	-0.0030319644138217	0.999043168267235
2407	12.035	-0.0043216363992542	0.999043168267235
2408	12.04	-0.0043216363992542	0.999043168267235
2409	12.045	-0.0030319644138217	0.999043168267235
2410	12.05	-0.0043216363992542	0.999043168267235
2411	12.055	-0.0030319644138217	0.999043168267235
2412	12.06	-0.0043216363992542	0.999043168267235
2413	12.065	-0.0030319644138217	0.997753496281803
2414	12.07	-0.0043216363992542	0.999043168267235
2415	12.075	-0.0030319644138217	0.999043168267235
2416	12.08	-0.0030319644138217	0.997753496281803
2417	12.085	-0.0030319644138217	0.997753496281803
2418	12.09	-0.0043216363992542	0.997753496281803
2419	12.095	-0.0043216363992542	0.997753496281803
2420	12.1	-0.0043216363992542	0.997753496281803
2421	12.105	-0.0030319644138217	0.997753496281803
2422	12.11	-0.0030319644138217	0.997753496281803
2423	12.115	-0.0043216363992542	0.997753496281803
2424	12.12	-0.0030319644138217	0.997753496281803
2425	12.125	-0.0043216363992542	0.997753496281803
2426	12.13	-0.0030319644138217	0.997753496281803
2427	12.135	-0.0030319644138217	0.99646382429637
2428	12.14	-0.0030319644138217	0.997753496281803
2429	12.145	-0.0043216363992542	0.997753496281803
2430	12.15	-0.0043216363992542	0.99646382429637
2431	12.155	-0.0043216363992542	0.99646382429637
2432	12.16	-0.0030319644138217	0.99646382429637
2433	12.165	-0.0030319644138217	0.99646382429637
2434	12.17	-0.0043216363992542	0.99646382429637
2435	12.175	-0.0043216363992542	0.99646382429637
2436	12.18	-0.0030319644138217	0.99646382429637
2437	12.185	-0.0030319644138217	0.99646382429637
2438	12.19	-0.0043216363992542	0.99646382429637
2439	12.195	-0.0043216363992542	0.995174152310938
2440	12.2	-0.0043216363992542	0.99646382429637
2441	12.205	-0.0043216363992542	0.99646382429637
2442	12.21	-0.0043216363992542	0.995174152310938
2443	12.215	-0.0030319644138217	0.995174152310938
2444	12.22	-0.0043216363992542	0.995174152310938
2445	12.225	-0.0043216363992542	0.995174152310938
2446	12.23	-0.0043216363992542	0.995174152310938
2447	12.235	-0.0043216363992542	0.995174152310938
2448	12.24	-0.0030319644138217	0.995174152310938
2449	12.245	-0.0043216363992542	0.995174152310938
2450	12.25	-0.0043216363992542	0.995174152310938
2451	12.255	-0.0030319644138217	0.993884480325505
2452	12.26	-0.0030319644138217	0.995174152310938
2453	12.265	-0.0030319644138217	0.993884480325505
2454	12.27	-0.0043216363992542	0.993884480325505
2455	12.275	-0.0043216363992542	0.995174152310938
2456	12.28	-0.0043216363992542	0.993884480325505
2457	12.285	-0.0030319644138217	0.993884480325505
2458	12.29	-0.0043216363992542	0.993884480325505
2459	12.295	-0.0030319644138217	0.993884480325505
2460	12.3	-0.0030319644138217	0.993884480325505
2461	12.305	-0.0043216363992542	0.993884480325505
2462	12.31	-0.0043216363992542	0.993884480325505
2463	12.315	-0.0030319644138217	0.993884480325505
2464	12.32	-0.0030319644138217	0.992594808340073
2465	12.325	-0.0030319644138217	0.993884480325505
2466	12.33	-0.0043216363992542	0.993884480325505
2467	12.335	-0.0043216363992542	0.992594808340073
2468	12.34	-0.0030319644138217	0.993884480325505
2469	12.345	-0.0043216363992542	0.992594808340073
2470	12.35	-0.0043216363992542	0.992594808340073
2471	12.355	-0.0030319644138217	0.992594808340073
2472	12.36	-0.0030319644138217	0.992594808340073
2473	12.365	-0.0030319644138217	0.992594808340073
2474	12.37	-0.0043216363992542	0.992594808340073
2475	12.375	-0.0030319644138217	0.992594808340073
2476	12.38	-0.0043216363992542	0.99130513635464
2477	12.385	-0.0043216363992542	0.992594808340073
2478	12.39	-0.0030319644138217	0.992594808340073
2479	12.395	-0.0043216363992542	0.992594808340073
2480	12.4	-0.0030319644138217	0.992594808340073
2481	12.405	-0.0030319644138217	0.992594808340073
2482	12.41	-0.0030319644138217	0.992594808340073
2483	12.415	-0.0030319644138217	0.99130513635464
2484	12.42	-0.0030319644138217	0.99130513635464
2485	12.425	-0.0030319644138217	0.99130513635464
2486	12.43	-0.0043216363992542	0.99130513635464
2487	12.435	-0.0030319644138217	0.99130513635464
2488	12.44	-0.0030319644138217	0.99130513635464
2489	12.445	-0.0030319644138217	0.99130513635464
2490	12.45	-0.0043216363992542	0.99130513635464
2491	12.455	-0.0043216363992542	0.99130513635464
2492	12.46	-0.0043216363992542	0.990015464369208
2493	12.465	-0.0043216363992542	0.99130513635464
2494	12.47	-0.0043216363992542	0.990015464369208
2495	12.475	-0.0043216363992542	0.990015464369208
2496	12.48	-0.0043216363992542	0.990015464369208
2497	12.485	-0.0030319644138217	0.990015464369208
2498	12.49	-0.0043216363992542	0.990015464369208
2499	12.495	-0.0043216363992542	0.990015464369208
2500	12.5	-0.0043216363992542	0.990015464369208
2501	12.505	-0.0043216363992542	0.990015464369208
2502	12.51	-0.0043216363992542	0.990015464369208
2503	12.515	-0.0043216363992542	0.990015464369208
2504	12.52	-0.0030319644138217	0.990015464369208
2505	12.525	-0.0043216363992542	0.990015464369208
2506	12.53	-0.0043216363992542	0.990015464369208
2507	12.535	-0.0043216363992542	0.988725792383775
2508	12.54	-0.0043216363992542	0.990015464369208
2509	12.545	-0.0030319644138217	0.990015464369208
2510	12.55	-0.0030319644138217	0.988725792383775
2511	12.555	-0.0030319644138217	0.988725792383775
2512	12.56	-0.0030319644138217	0.990015464369208
2513	12.565	-0.0043216363992542	0.988725792383775
2514	12.57	-0.0043216363992542	0.988725792383775
2515	12.575	-0.0030319644138217	0.988725792383775
2516	12.58	-0.0043216363992542	0.988725792383775
2517	12.585	-0.0030319644138217	0.988725792383775
2518	12.59	-0.0030319644138217	0.988725792383775
2519	12.595	-0.0043216363992542	0.988725792383775
2520	12.6	-0.0030319644138217	0.988725792383775
2521	12.605	-0.0043216363992542	0.987436120398343
2522	12.61	-0.0030319644138217	0.988725792383775
2523	12.615	-0.0030319644138217	0.987436120398343
2524	12.62	-0.0030319644138217	0.988725792383775
2525	12.625	-0.0030319644138217	0.988725792383775
2526	12.63	-0.0030319644138217	0.988725792383775
2527	12.635	-0.0043216363992542	0.987436120398343
2528	12.64	-0.0043216363992542	0.987436120398343
2529	12.645	-0.0043216363992542	0.988725792383775
2530	12.65	-0.0043216363992542	0.987436120398343
2531	12.655	-0.0030319644138217	0.987436120398343
2532	12.66	-0.0043216363992542	0.987436120398343
2533	12.665	-0.0043216363992542	0.987436120398343
2534	12.67	-0.0043216363992542	0.987436120398343
2535	12.675	-0.0043216363992542	0.987436120398343
2536	12.68	-0.0030319644138217	0.987436120398343
2537	12.685	-0.0030319644138217	0.987436120398343
2538	12.69	-0.0043216363992542	0.98614644841291
2539	12.695	-0.0030319644138217	0.987436120398343
2540	12.7	-0.0043216363992542	0.987436120398343
2541	12.705	-0.0030319644138217	0.98614644841291
2542	12.71	-0.0030319644138217	0.987436120398343
2543	12.715	-0.0030319644138217	0.98614644841291
2544	12.72	-0.0043216363992542	0.98614644841291
2545	12.725	-0.0043216363992542	0.98614644841291
2546	12.73	-0.0043216363992542	0.98614644841291
2547	12.735	-0.0030319644138217	0.98614644841291
2548	12.74	-0.0030319644138217	0.98614644841291
2549	12.745	-0.0043216363992542	0.98614644841291
2550	12.75	-0.0043216363992542	0.98614644841291
2551	12.755	-0.0043216363992542	0.98614644841291
2552	12.76	-0.0043216363992542	0.98614644841291
2553	12.765	-0.0030319644138217	0.984856776427478
2554	12.77	-0.0043216363992542	0.984856776427478
2555	12.775	-0.0030319644138217	0.984856776427478
2556	12.78	-0.0030319644138217	0.98614644841291
2557	12.785	-0.0030319644138217	0.984856776427478
2558	12.79	-0.0043216363992542	0.984856776427478
2559	12.795	-0.0030319644138217	0.984856776427478
2560	12.8	-0.0043216363992542	0.984856776427478
2561	12.805	-0.0043216363992542	0.984856776427478
2562	12.81	-0.0030319644138217	0.984856776427478
2563	12.815	-0.0043216363992542	0.984856776427478
2564	12.82	-0.0030319644138217	0.984856776427478
2565	12.825	-0.0030319644138217	0.984856776427478
2566	12.83	-0.0043216363992542	0.983567104442045
2567	12.835	-0.0030319644138217	0.983567104442045
2568	12.84	-0.0043216363992542	0.983567104442045
2569	12.845	-0.0043216363992542	0.983567104442045
2570	12.85	-0.0043216363992542	0.984856776427478
2571	12.855	-0.0043216363992542	0.983567104442045
2572	12.86	-0.0043216363992542	0.983567104442045
2573	12.865	-0.0030319644138217	0.983567104442045
2574	12.87	-0.0043216363992542	0.983567104442045
2575	12.875	-0.0043216363992542	0.983567104442045
2576	12.88	-0.0043216363992542	0.983567104442045
2577	12.885	-0.0043216363992542	0.983567104442045
2578	12.89	-0.0030319644138217	0.982277432456613
2579	12.895	-0.0043216363992542	0.982277432456613
2580	12.9	-0.0043216363992542	0.982277432456613
2581	12.905	-0.0043216363992542	0.983567104442045
2582	12.91	-0.0030319644138217	0.982277432456613
2583	12.915	-0.0030319644138217	0.982277432456613
2584	12.92	-0.0030319644138217	0.982277432456613
2585	12.925	-0.0030319644138217	0.982277432456613
2586	12.93	-0.0030319644138217	0.982277432456613
2587	12.935	-0.0030319644138217	0.982277432456613
2588	12.94	-0.0030319644138217	0.98098776047118
2589	12.945	-0.0043216363992542	0.98098776047118
2590	12.95	-0.0030319644138217	0.98098776047118
2591	12.955	-0.0030319644138217	0.98098776047118
2592	12.96	-0.0043216363992542	0.98098776047118
2593	12.965	-0.0043216363992542	0.98098776047118
2594	12.97	-0.0030319644138217	0.98098776047118
2595	12.975	-0.0043216363992542	0.98098776047118
2596	12.98	-0.0030319644138217	0.98098776047118
2597	12.985	-0.0030319644138217	0.98098776047118
2598	12.99	-0.0043216363992542	0.98098776047118
2599	12.995	-0.0030319644138217	0.98098776047118
2600	13	-0.0030319644138217	0.98098776047118
2601	13.005	-0.0043216363992542	0.979698088485748
2602	13.01	-0.0030319644138217	0.979698088485748
2603	13.015	-0.0030319644138217	0.979698088485748
2604	13.02	-0.0043216363992542	0.979698088485748
2605	13.025	-0.0043216363992542	0.979698088485748
2606	13.03	-0.0030319644138217	0.979698088485748
2607	13.035	-0.0030319644138217	0.979698088485748
2608	13.04	-0.0030319644138217	0.979698088485748
2609	13.045	-0.0043216363992542	0.979698088485748
2610	13.05	-0.0043216363992542	0.979698088485748
2611	13.055	-0.0043216363992542	0.979698088485748
2612	13.06	-0.0030319644138217	0.979698088485748
2613	13.065	-0.0030319644138217	0.978408416500315
2614	13.07	-0.0043216363992542	0.978408416500315
2615	13.075	-0.0043216363992542	0.978408416500315
2616	13.08	-0.0030319644138217	0.979698088485748
2617	13.085	-0.0043216363992542	0.978408416500315
2618	13.09	-0.0030319644138217	0.978408416500315
2619	13.095	-0.0030319644138217	0.978408416500315
2620	13.1	-0.0043216363992542	0.978408416500315
2621	13.105	-0.0030319644138217	0.978408416500315
2622	13.11	-0.0030319644138217	0.978408416500315
2623	13.115	-0.0030319644138217	0.978408416500315
2624	13.12	-0.0030319644138217	0.978408416500315
2625	13.125	-0.0030319644138217	0.978408416500315
2626	13.13	-0.0043216363992542	0.977118744514883
2627	13.135	-0.0030319644138217	0.977118744514883
2628	13.14	-0.0030319644138217	0.977118744514883
2629	13.145	-0.0030319644138217	0.977118744514883
2630	13.15	-0.0043216363992542	0.977118744514883
2631	13.155	-0.0030319644138217	0.977118744514883
2632	13.16	-0.0043216363992542	0.977118744514883
2633	13.165	-0.0030319644138217	0.977118744514883
2634	13.17	-0.0043216363992542	0.977118744514883
2635	13.175	-0.0030319644138217	0.977118744514883
2636	13.18	-0.0030319644138217	0.977118744514883
2637	13.185	-0.0030319644138217	0.977118744514883
2638	13.19	-0.0043216363992542	0.977118744514883
2639	13.195	-0.0043216363992542	0.97582907252945
2640	13.2	-0.0043216363992542	0.977118744514883
2641	13.205	-0.0043216363992542	0.977118744514883
2642	13.21	-0.0043216363992542	0.97582907252945
2643	13.215	-0.0030319644138217	0.97582907252945
2644	13.22	-0.0030319644138217	0.97582907252945
2645	13.225	-0.0030319644138217	0.97582907252945
2646	13.23	-0.0043216363992542	0.97582907252945
2647	13.235	-0.0043216363992542	0.97582907252945
2648	13.24	-0.0030319644138217	0.97582907252945
2649	13.245	-0.0043216363992542	0.97582907252945
2650	13.25	-0.0043216363992542	0.97582907252945
2651	13.255	-0.0043216363992542	0.974539400544018
2652	13.26	-0.0030319644138217	0.97582907252945
2653	13.265	-0.0043216363992542	0.97582907252945
2654	13.27	-0.0043216363992542	0.97582907252945
2655	13.275	-0.0030319644138217	0.97582907252945
2656	13.28	-0.0030319644138217	0.97582907252945
2657	13.285	-0.0030319644138217	0.97582907252945
2658	13.29	-0.0043216363992542	0.974539400544018
2659	13.295	-0.0030319644138217	0.974539400544018
2660	13.3	-0.0030319644138217	0.974539400544018
2661	13.305	-0.0043216363992542	0.974539400544018
2662	13.31	-0.0030319644138217	0.974539400544018
2663	13.315	-0.0043216363992542	0.974539400544018
2664	13.32	-0.0043216363992542	0.974539400544018
2665	13.325	-0.0043216363992542	0.974539400544018
2666	13.33	-0.0043216363992542	0.974539400544018
2667	13.335	-0.0030319644138217	0.974539400544018
2668	13.34	-0.0043216363992542	0.974539400544018
2669	13.345	-0.0043216363992542	0.973249728558585
2670	13.35	-0.0043216363992542	0.974539400544018
2671	13.355	-0.0043216363992542	0.973249728558585
2672	13.36	-0.0030319644138217	0.973249728558585
2673	13.365	-0.0043216363992542	0.974539400544018
2674	13.37	-0.0043216363992542	0.973249728558585
2675	13.375	-0.0043216363992542	0.973249728558585
2676	13.38	-0.0043216363992542	0.974539400544018
2677	13.385	-0.0043216363992542	0.973249728558585
2678	13.39	-0.0043216363992542	0.973249728558585
2679	13.395	-0.0030319644138217	0.974539400544018
2680	13.4	-0.0043216363992542	0.973249728558585
2681	13.405	-0.0043216363992542	0.973249728558585
2682	13.41	-0.0043216363992542	0.973249728558585
2683	13.415	-0.0043216363992542	0.973249728558585
2684	13.42	-0.0043216363992542	0.971960056573153
2685	13.425	-0.0043216363992542	0.973249728558585
2686	13.43	-0.0043216363992542	0.973249728558585
2687	13.435	-0.0043216363992542	0.973249728558585
2688	13.44	-0.0043216363992542	0.971960056573153
2689	13.445	-0.0043216363992542	0.973249728558585
2690	13.45	-0.0030319644138217	0.973249728558585
2691	13.455	-0.0043216363992542	0.971960056573153
2692	13.46	-0.0030319644138217	0.973249728558585
2693	13.465	-0.0043216363992542	0.971960056573153
2694	13.47	-0.0043216363992542	0.971960056573153
2695	13.475	-0.0043216363992542	0.971960056573153
2696	13.48	-0.0030319644138217	0.971960056573153
2697	13.485	-0.0043216363992542	0.971960056573153
2698	13.49	-0.0043216363992542	0.971960056573153
2699	13.495	-0.0043216363992542	0.971960056573153
2700	13.5	-0.0043216363992542	0.971960056573153
2701	13.505	-0.0030319644138217	0.971960056573153
2702	13.51	-0.0043216363992542	0.971960056573153
2703	13.515	-0.0043216363992542	0.97067038458772
2704	13.52	-0.0030319644138217	0.971960056573153
2705	13.525	-0.0043216363992542	0.97067038458772
2706	13.53	-0.0043216363992542	0.971960056573153
2707	13.535	-0.0030319644138217	0.97067038458772
2708	13.54	-0.0043216363992542	0.97067038458772
2709	13.545	-0.0043216363992542	0.97067038458772
2710	13.55	-0.0043216363992542	0.97067038458772
2711	13.555	-0.0043216363992542	0.97067038458772
2712	13.56	-0.0043216363992542	0.97067038458772
2713	13.565	-0.0043216363992542	0.97067038458772
2714	13.57	-0.0043216363992542	0.97067038458772
2715	13.575	-0.0043216363992542	0.97067038458772
2716	13.58	-0.0043216363992542	0.969380712602288
2717	13.585	-0.0030319644138217	0.969380712602288
2718	13.59	-0.0043216363992542	0.969380712602288
2719	13.595	-0.0043216363992542	0.97067038458772
2720	13.6	-0.0043216363992542	0.969380712602288
2721	13.605	-0.0043216363992542	0.969380712602288
2722	13.61	-0.0043216363992542	0.97067038458772
2723	13.615	-0.0043216363992542	0.969380712602288
2724	13.62	-0.0030319644138217	0.969380712602288
2725	13.625	-0.0043216363992542	0.969380712602288
2726	13.63	-0.0030319644138217	0.969380712602288
2727	13.635	-0.0043216363992542	0.969380712602288
2728	13.64	-0.0043216363992542	0.969380712602288
2729	13.645	-0.0030319644138217	0.969380712602288
2730	13.65	-0.0043216363992542	0.969380712602288
2731	13.655	-0.0043216363992542	0.968091040616855
2732	13.66	-0.0043216363992542	0.969380712602288
2733	13.665	-0.0043216363992542	0.968091040616855
2734	13.67	-0.0030319644138217	0.968091040616855
2735	13.675	-0.0043216363992542	0.968091040616855
2736	13.68	-0.0043216363992542	0.968091040616855
2737	13.685	-0.0043216363992542	0.968091040616855
2738	13.69	-0.0043216363992542	0.968091040616855
2739	13.695	-0.0043216363992542	0.968091040616855
2740	13.7	-0.0043216363992542	0.968091040616855
2741	13.705	-0.0043216363992542	0.968091040616855
2742	13.71	-0.0030319644138217	0.968091040616855
2743	13.715	-0.0030319644138217	0.968091040616855
2744	13.72	-0.0030319644138217	0.968091040616855
2745	13.725	-0.0030319644138217	0.968091040616855
2746	13.73	-0.0043216363992542	0.966801368631423
2747	13.735	-0.0043216363992542	0.966801368631423
2748	13.74	-0.0043216363992542	0.968091040616855
2749	13.745	-0.0043216363992542	0.966801368631423
2750	13.75	-0.0043216363992542	0.966801368631423
2751	13.755	-0.0043216363992542	0.966801368631423
2752	13.76	-0.0030319644138217	0.966801368631423
2753	13.765	-0.0043216363992542	0.966801368631423
2754	13.77	-0.0043216363992542	0.966801368631423
2755	13.775	-0.0030319644138217	0.966801368631423
2756	13.78	-0.0043216363992542	0.96551169664599
2757	13.785	-0.0043216363992542	0.96551169664599
2758	13.79	-0.0043216363992542	0.96551169664599
2759	13.795	-0.0043216363992542	0.96551169664599
2760	13.8	-0.0043216363992542	0.96551169664599
2761	13.805	-0.0043216363992542	0.96551169664599
2762	13.81	-0.0043216363992542	0.96551169664599
2763	13.815	-0.0030319644138217	0.96551169664599
2764	13.82	-0.0043216363992542	0.96551169664599
2765	13.825	-0.0043216363992542	0.96551169664599
2766	13.83	-0.00561130838468671	0.96551169664599
2767	13.835	-0.0030319644138217	0.96551169664599
2768	13.84	-0.0043216363992542	0.964222024660558
2769	13.845	-0.0043216363992542	0.964222024660558
2770	13.85	-0.0043216363992542	0.964222024660558
2771	13.855	-0.0043216363992542	0.964222024660558
2772	13.86	-0.0043216363992542	0.964222024660558
2773	13.865	-0.0030319644138217	0.964222024660558
2774	13.87	-0.0043216363992542	0.96551169664599
2775	13.875	-0.0043216363992542	0.964222024660558
2776	13.88	-0.0043216363992542	0.964222024660558
2777	13.885	-0.0043216363992542	0.964222024660558
2778	13.89	-0.0043216363992542	0.964222024660558
2779	13.895	-0.0043216363992542	0.964222024660558
2780	13.9	-0.0043216363992542	0.964222024660558
2781	13.905	-0.0030319644138217	0.962932352675125
2782	13.91	-0.0043216363992542	0.962932352675125
2783	13.915	-0.0043216363992542	0.962932352675125
2784	13.92	-0.0030319644138217	0.962932352675125
2785	13.925	-0.0043216363992542	0.962932352675125
2786	13.93	-0.0043216363992542	0.961642680689692
2787	13.935	-0.0043216363992542	0.962932352675125
2788	13.94	-0.0043216363992542	0.962932352675125
2789	13.945	-0.0043216363992542	0.961642680689692
2790	13.95	-0.0043216363992542	0.961642680689692
2791	13.955	-0.0043216363992542	0.961642680689692
2792	13.96	-0.0043216363992542	0.961642680689692
2793	13.965	-0.0030319644138217	0.961642680689692
2794	13.97	-0.0043216363992542	0.961642680689692
2795	13.975	-0.0043216363992542	0.96035300870426
2796	13.98	-0.0043216363992542	0.96035300870426
2797	13.985	-0.0043216363992542	0.961642680689692
2798	13.99	-0.0043216363992542	0.961642680689692
2799	13.995	-0.0043216363992542	0.96035300870426
2800	14	-0.0030319644138217	0.96035300870426
2801	14.005	-0.0043216363992542	0.96035300870426
2802	14.01	-0.0043216363992542	0.96035300870426
2803	14.015	-0.0043216363992542	0.96035300870426
2804	14.02	-0.0043216363992542	0.96035300870426
2805	14.025	-0.0043216363992542	0.959063336718827
2806	14.03	-0.0030319644138217	0.959063336718827
2807	14.035	-0.0043216363992542	0.959063336718827
2808	14.04	-0.0043216363992542	0.959063336718827
2809	14.045	-0.0043216363992542	0.959063336718827
2810	14.05	-0.0030319644138217	0.959063336718827
2811	14.055	-0.0043216363992542	0.959063336718827
2812	14.06	-0.0043216363992542	0.959063336718827
2813	14.065	-0.0043216363992542	0.959063336718827
2814	14.07	-0.0030319644138217	0.959063336718827
2815	14.075	-0.0043216363992542	0.957773664733395
2816	14.08	-0.0043216363992542	0.957773664733395
2817	14.085	-0.0030319644138217	0.957773664733395
2818	14.09	-0.0043216363992542	0.957773664733395
2819	14.095	-0.0043216363992542	0.957773664733395
2820	14.1	-0.0030319644138217	0.957773664733395
2821	14.105	-0.0030319644138217	0.957773664733395
2822	14.11	-0.0043216363992542	0.957773664733395
2823	14.115	-0.0043216363992542	0.957773664733395
2824	14.12	-0.0030319644138217	0.956483992747962
2825	14.125	-0.0043216363992542	0.956483992747962
2826	14.13	-0.0043216363992542	0.956483992747962
2827	14.135	-0.0043216363992542	0.956483992747962
2828	14.14	-0.0030319644138217	0.956483992747962
2829	14.145	-0.0030319644138217	0.956483992747962
2830	14.15	-0.0043216363992542	0.956483992747962
2831	14.155	-0.0043216363992542	0.956483992747962
2832	14.16	-0.0030319644138217	0.956483992747962
2833	14.165	-0.0043216363992542	0.95519432076253
2834	14.17	-0.0043216363992542	0.95519432076253
2835	14.175	-0.0043216363992542	0.95519432076253
2836	14.18	-0.0043216363992542	0.95519432076253
2837	14.185	-0.0043216363992542	0.95519432076253
2838	14.19	-0.0030319644138217	0.953904648777097
2839	14.195	-0.0043216363992542	0.953904648777097
2840	14.2	-0.0043216363992542	0.95519432076253
2841	14.205	-0.0030319644138217	0.953904648777097
2842	14.21	-0.0043216363992542	0.953904648777097
2843	14.215	-0.0043216363992542	0.953904648777097
2844	14.22	-0.0030319644138217	0.953904648777097
2845	14.225	-0.0030319644138217	0.953904648777097
2846	14.23	-0.0043216363992542	0.953904648777097
2847	14.235	-0.0043216363992542	0.953904648777097
2848	14.24	-0.0030319644138217	0.952614976791665
2849	14.245	-0.0043216363992542	0.953904648777097
2850	14.25	-0.0043216363992542	0.952614976791665
2851	14.255	-0.0043216363992542	0.952614976791665
2852	14.26	-0.0043216363992542	0.952614976791665
2853	14.265	-0.0043216363992542	0.952614976791665
2854	14.27	-0.0030319644138217	0.952614976791665
2855	14.275	-0.0030319644138217	0.952614976791665
2856	14.28	-0.0030319644138217	0.952614976791665
2857	14.285	-0.0043216363992542	0.952614976791665
2858	14.29	-0.0030319644138217	0.952614976791665
2859	14.295	-0.0043216363992542	0.952614976791665
2860	14.3	-0.0030319644138217	0.951325304806232
2861	14.305	-0.0043216363992542	0.951325304806232
2862	14.31	-0.0030319644138217	0.951325304806232
2863	14.315	-0.0043216363992542	0.951325304806232
2864	14.32	-0.0043216363992542	0.951325304806232
2865	14.325	-0.0043216363992542	0.951325304806232
2866	14.33	-0.0043216363992542	0.951325304806232
2867	14.335	-0.0043216363992542	0.951325304806232
2868	14.34	-0.0030319644138217	0.951325304806232
2869	14.345	-0.0043216363992542	0.951325304806232
2870	14.35	-0.0043216363992542	0.951325304806232
2871	14.355	-0.0030319644138217	0.951325304806232
2872	14.36	-0.0043216363992542	0.9500356328208
2873	14.365	-0.0043216363992542	0.9500356328208
2874	14.37	-0.0043216363992542	0.9500356328208
2875	14.375	-0.0043216363992542	0.9500356328208
2876	14.38	-0.0043216363992542	0.9500356328208
2877	14.385	-0.0043216363992542	0.9500356328208
2878	14.39	-0.0043216363992542	0.9500356328208
2879	14.395	-0.0043216363992542	0.9500356328208
2880	14.4	-0.0043216363992542	0.9500356328208
2881	14.405	-0.0030319644138217	0.9500356328208
2882	14.41	-0.0043216363992542	0.9500356328208
2883	14.415	-0.0043216363992542	0.948745960835367
2884	14.42	-0.0043216363992542	0.948745960835367
2885	14.425	-0.0043216363992542	0.948745960835367
2886	14.43	-0.0043216363992542	0.948745960835367
2887	14.435	-0.0043216363992542	0.948745960835367
2888	14.44	-0.0030319644138217	0.948745960835367
2889	14.445	-0.0030319644138217	0.948745960835367
2890	14.45	-0.0030319644138217	0.948745960835367
2891	14.455	-0.0043216363992542	0.948745960835367
2892	14.46	-0.0043216363992542	0.948745960835367
2893	14.465	-0.0043216363992542	0.948745960835367
2894	14.47	-0.0043216363992542	0.947456288849935
2895	14.475	-0.0043216363992542	0.947456288849935
2896	14.48	-0.0030319644138217	0.947456288849935
2897	14.485	-0.0030319644138217	0.947456288849935
2898	14.49	-0.0043216363992542	0.947456288849935
2899	14.495	-0.0043216363992542	0.947456288849935
2900	14.5	-0.0030319644138217	0.947456288849935
2901	14.505	-0.0043216363992542	0.946166616864502
2902	14.51	-0.0030319644138217	0.946166616864502
2903	14.515	-0.0043216363992542	0.946166616864502
2904	14.52	-0.0030319644138217	0.947456288849935
2905	14.525	-0.0043216363992542	0.946166616864502
2906	14.53	-0.0030319644138217	0.946166616864502
2907	14.535	-0.0043216363992542	0.946166616864502
2908	14.54	-0.0030319644138217	0.946166616864502
2909	14.545	-0.0030319644138217	0.946166616864502
2910	14.55	-0.0043216363992542	0.946166616864502
2911	14.555	-0.0030319644138217	0.94487694487907
2912	14.56	-0.0043216363992542	0.946166616864502
2913	14.565	-0.0030319644138217	0.946166616864502
2914	14.57	-0.0043216363992542	0.94487694487907
2915	14.575	-0.0043216363992542	0.946166616864502
2916	14.58	-0.0043216363992542	0.946166616864502
2917	14.585	-0.0043216363992542	0.94487694487907
2918	14.59	-0.0030319644138217	0.94487694487907
2919	14.595	-0.0043216363992542	0.94487694487907
2920	14.6	-0.0043216363992542	0.94487694487907
2921	14.605	-0.0043216363992542	0.94487694487907
2922	14.61	-0.0043216363992542	0.94487694487907
2923	14.615	-0.0043216363992542	0.943587272893637
2924	14.62	-0.0030319644138217	0.943587272893637
2925	14.625	-0.0030319644138217	0.943587272893637
2926	14.63	-0.0043216363992542	0.943587272893637
2927	14.635	-0.0043216363992542	0.943587272893637
2928	14.64	-0.0043216363992542	0.943587272893637
2929	14.645	-0.0043216363992542	0.943587272893637
2930	14.65	-0.0030319644138217	0.943587272893637
2931	14.655	-0.0043216363992542	0.943587272893637
2932	14.66	-0.0043216363992542	0.942297600908205
2933	14.665	-0.0030319644138217	0.943587272893637
2934	14.67	-0.0030319644138217	0.942297600908205
2935	14.675	-0.0030319644138217	0.942297600908205
2936	14.68	-0.0043216363992542	0.942297600908205
2937	14.685	-0.0043216363992542	0.942297600908205
2938	14.69	-0.0030319644138217	0.942297600908205
2939	14.695	-0.0030319644138217	0.942297600908205
2940	14.7	-0.0043216363992542	0.942297600908205
2941	14.705	-0.0043216363992542	0.941007928922772
2942	14.71	-0.0043216363992542	0.942297600908205
2943	14.715	-0.0043216363992542	0.941007928922772
2944	14.72	-0.0030319644138217	0.941007928922772
2945	14.725	-0.0030319644138217	0.941007928922772
2946	14.73	-0.0030319644138217	0.941007928922772
2947	14.735	-0.0030319644138217	0.941007928922772
2948	14.74	-0.0043216363992542	0.941007928922772
2949	14.745	-0.0030319644138217	0.941007928922772
2950	14.75	-0.0030319644138217	0.941007928922772
2951	14.755	-0.0043216363992542	0.93971825693734
2952	14.76	-0.0030319644138217	0.93971825693734
2953	14.765	-0.0030319644138217	0.941007928922772
2954	14.77	-0.0030319644138217	0.93971825693734
2955	14.775	-0.0043216363992542	0.93971825693734
2956	14.78	-0.0030319644138217	0.93971825693734
2957	14.785	-0.0043216363992542	0.93971825693734
2958	14.79	-0.0030319644138217	0.93971825693734
2959	14.795	-0.0043216363992542	0.93971825693734
2960	14.8	-0.0043216363992542	0.93971825693734
2961	14.805	-0.0030319644138217	0.93971825693734
2962	14.81	-0.0030319644138217	0.93971825693734
2963	14.815	-0.0043216363992542	0.938428584951907
2964	14.82	-0.0043216363992542	0.93971825693734
2965	14.825	-0.0030319644138217	0.93971825693734
2966	14.83	-0.0043216363992542	0.93971825693734
2967	14.835	-0.0043216363992542	0.938428584951907
2968	14.84	-0.0030319644138217	0.938428584951907
2969	14.845	-0.0030319644138217	0.938428584951907
2970	14.85	-0.0030319644138217	0.938428584951907
2971	14.855	-0.0043216363992542	0.938428584951907
2972	14.86	-0.0043216363992542	0.938428584951907
2973	14.865	-0.0043216363992542	0.938428584951907
2974	14.87	-0.0043216363992542	0.938428584951907
2975	14.875	-0.0043216363992542	0.938428584951907
2976	14.88	-0.0043216363992542	0.937138912966475
2977	14.885	-0.0043216363992542	0.937138912966475
2978	14.89	-0.0043216363992542	0.938428584951907
2979	14.895	-0.0043216363992542	0.937138912966475
2980	14.9	-0.0043216363992542	0.938428584951907
2981	14.905	-0.0030319644138217	0.937138912966475
2982	14.91	-0.0043216363992542	0.937138912966475
2983	14.915	-0.0043216363992542	0.937138912966475
2984	14.92	-0.0043216363992542	0.937138912966475
2985	14.925	-0.0043216363992542	0.937138912966475
2986	14.93	-0.0043216363992542	0.937138912966475
2987	14.935	-0.0030319644138217	0.937138912966475
2988	14.94	-0.0030319644138217	0.937138912966475
2989	14.945	-0.0043216363992542	0.937138912966475
2990	14.95	-0.0043216363992542	0.937138912966475
2991	14.955	-0.0043216363992542	0.937138912966475
2992	14.96	-0.0030319644138217	0.937138912966475
2993	14.965	-0.0043216363992542	0.937138912966475
2994	14.97	-0.0043216363992542	0.937138912966475
2995	14.975	-0.0030319644138217	0.935849240981042
2996	14.98	-0.0043216363992542	0.935849240981042
2997	14.985	-0.0043216363992542	0.935849240981042
2998	14.99	-0.0043216363992542	0.935849240981042
2999	14.995	-0.0030319644138217	0.935849240981042
3000	15	-0.0043216363992542	0.935849240981042
3001	15.005	-0.0043216363992542	0.935849240981042
3002	15.01	-0.0030319644138217	0.935849240981042
3003	15.015	-0.0030319644138217	0.93455956899561
3004	15.02	-0.0043216363992542	0.935849240981042
3005	15.025	-0.0030319644138217	0.935849240981042
3006	15.03	-0.0043216363992542	0.935849240981042
3007	15.035	-0.0043216363992542	0.935849240981042
3008	15.04	-0.0030319644138217	0.93455956899561
3009	15.045	-0.0030319644138217	0.93455956899561
3010	15.05	-0.0043216363992542	0.93455956899561
3011	15.055	-0.0043216363992542	0.93455956899561
3012	15.06	-0.0043216363992542	0.93455956899561
3013	15.065	-0.0030319644138217	0.93455956899561
3014	15.07	-0.0030319644138217	0.93455956899561
3015	15.075	-0.0043216363992542	0.93455956899561
3016	15.08	-0.0043216363992542	0.93455956899561
3017	15.085	-0.0043216363992542	0.93455956899561
3018	15.09	-0.0030319644138217	0.933269897010177
3019	15.095	-0.0030319644138217	0.93455956899561
3020	15.1	-0.0030319644138217	0.933269897010177
3021	15.105	-0.0030319644138217	0.93455956899561
3022	15.11	-0.0030319644138217	0.93455956899561
3023	15.115	-0.0030319644138217	0.93455956899561
3024	15.12	-0.0043216363992542	0.933269897010177
3025	15.125	-0.0043216363992542	0.933269897010177
3026	15.13	-0.0030319644138217	0.933269897010177
3027	15.135	-0.0043216363992542	0.933269897010177
3028	15.14	-0.0043216363992542	0.933269897010177
3029	15.145	-0.0043216363992542	0.933269897010177
3030	15.15	-0.0043216363992542	0.933269897010177
3031	15.155	-0.0043216363992542	0.933269897010177
3032	15.16	-0.0030319644138217	0.933269897010177
3033	15.165	-0.0043216363992542	0.931980225024745
3034	15.17	-0.0043216363992542	0.931980225024745
3035	15.175	-0.0030319644138217	0.933269897010177
3036	15.18	-0.0030319644138217	0.931980225024745
3037	15.185	-0.0030319644138217	0.931980225024745
3038	15.19	-0.0030319644138217	0.931980225024745
3039	15.195	-0.0043216363992542	0.931980225024745
3040	15.2	-0.0030319644138217	0.931980225024745
3041	15.205	-0.0043216363992542	0.931980225024745
3042	15.21	-0.0030319644138217	0.931980225024745
3043	15.215	-0.0030319644138217	0.931980225024745
3044	15.22	-0.0043216363992542	0.930690553039312
3045	15.225	-0.0030319644138217	0.931980225024745
3046	15.23	-0.0030319644138217	0.930690553039312
3047	15.235	-0.0030319644138217	0.931980225024745
3048	15.24	-0.0030319644138217	0.930690553039312
3049	15.245	-0.0043216363992542	0.930690553039312
3050	15.25	-0.0043216363992542	0.930690553039312
3051	15.255	-0.0043216363992542	0.930690553039312
3052	15.26	-0.0030319644138217	0.931980225024745
3053	15.265	-0.0043216363992542	0.930690553039312
3054	15.27	-0.0043216363992542	0.930690553039312
3055	15.275	-0.0043216363992542	0.930690553039312
3056	15.28	-0.0043216363992542	0.930690553039312
3057	15.285	-0.0043216363992542	0.92940088105388
3058	15.29	-0.0043216363992542	0.92940088105388
3059	15.295	-0.0043216363992542	0.930690553039312
3060	15.3	-0.0030319644138217	0.92940088105388
3061	15.305	-0.0030319644138217	0.92940088105388
3062	15.31	-0.0030319644138217	0.92940088105388
3063	15.315	-0.0030319644138217	0.92940088105388
3064	15.32	-0.0043216363992542	0.930690553039312
3065	15.325	-0.0030319644138217	0.92940088105388
3066	15.33	-0.0043216363992542	0.92940088105388
3067	15.335	-0.0043216363992542	0.930690553039312
3068	15.34	-0.0030319644138217	0.92940088105388
3069	15.345	-0.0043216363992542	0.92940088105388
3070	15.35	-0.0043216363992542	0.92940088105388
3071	15.355	-0.0043216363992542	0.92940088105388
3072	15.36	-0.0030319644138217	0.92940088105388
3073	15.365	-0.0043216363992542	0.92940088105388
3074	15.37	-0.0030319644138217	0.928111209068447
3075	15.375	-0.0043216363992542	0.92940088105388
3076	15.38	-0.0043216363992542	0.92940088105388
3077	15.385	-0.0043216363992542	0.92940088105388
3078	15.39	-0.0043216363992542	0.928111209068447
3079	15.395	-0.0043216363992542	0.928111209068447
3080	15.4	-0.0043216363992542	0.928111209068447
3081	15.405	-0.0030319644138217	0.928111209068447
3082	15.41	-0.0030319644138217	0.928111209068447
3083	15.415	-0.0030319644138217	0.928111209068447
3084	15.42	-0.0043216363992542	0.928111209068447
3085	15.425	-0.0043216363992542	0.926821537083015
3086	15.43	-0.0043216363992542	0.926821537083015
3087	15.435	-0.0043216363992542	0.926821537083015
3088	15.44	-0.0043216363992542	0.926821537083015
3089	15.445	-0.0043216363992542	0.926821537083015
3090	15.45	-0.0043216363992542	0.926821537083015
3091	15.455	-0.0043216363992542	0.926821537083015
3092	15.46	-0.0030319644138217	0.926821537083015
3093	15.465	-0.0030319644138217	0.926821537083015
3094	15.47	-0.0043216363992542	0.926821537083015
3095	15.475	-0.0043216363992542	0.926821537083015
3096	15.48	-0.0030319644138217	0.926821537083015
3097	15.485	-0.0043216363992542	0.926821537083015
3098	15.49	-0.0043216363992542	0.926821537083015
3099	15.495	-0.0043216363992542	0.926821537083015
3100	15.5	-0.0043216363992542	0.926821537083015
3101	15.505	-0.0030319644138217	0.926821537083015
3102	15.51	-0.0043216363992542	0.926821537083015
3103	15.515	-0.0043216363992542	0.925531865097582
3104	15.52	-0.0043216363992542	0.926821537083015
3105	15.525	-0.0030319644138217	0.925531865097582
3106	15.53	-0.0043216363992542	0.925531865097582
3107	15.535	-0.0030319644138217	0.925531865097582
3108	15.54	-0.0030319644138217	0.925531865097582
3109	15.545	-0.0043216363992542	0.925531865097582
3110	15.55	-0.0043216363992542	0.925531865097582
3111	15.555	-0.0043216363992542	0.925531865097582
3112	15.56	-0.0043216363992542	0.925531865097582
3113	15.565	-0.0043216363992542	0.925531865097582
3114	15.57	-0.0043216363992542	0.925531865097582
3115	15.575	-0.0030319644138217	0.925531865097582
3116	15.58	-0.0030319644138217	0.925531865097582
3117	15.585	-0.0043216363992542	0.925531865097582
3118	15.59	-0.0030319644138217	0.92424219311215
3119	15.595	-0.0043216363992542	0.925531865097582
3120	15.6	-0.0043216363992542	0.925531865097582
3121	15.605	-0.0030319644138217	0.92424219311215
3122	15.61	-0.0043216363992542	0.925531865097582
3123	15.615	-0.0030319644138217	0.92424219311215
3124	15.62	-0.0030319644138217	0.92424219311215
3125	15.625	-0.0043216363992542	0.92424219311215
3126	15.63	-0.0030319644138217	0.92424219311215
3127	15.635	-0.0030319644138217	0.922952521126717
3128	15.64	-0.0043216363992542	0.92424219311215
3129	15.645	-0.0043216363992542	0.92424219311215
3130	15.65	-0.0030319644138217	0.92424219311215
3131	15.655	-0.0043216363992542	0.922952521126717
3132	15.66	-0.0043216363992542	0.92424219311215
3133	15.665	-0.0043216363992542	0.922952521126717
3134	15.67	-0.0030319644138217	0.922952521126717
3135	15.675	-0.0043216363992542	0.922952521126717
3136	15.68	-0.0043216363992542	0.922952521126717
3137	15.685	-0.0030319644138217	0.92424219311215
3138	15.69	-0.0030319644138217	0.92424219311215
3139	15.695	-0.0043216363992542	0.92424219311215
3140	15.7	-0.0030319644138217	0.922952521126717
3141	15.705	-0.0043216363992542	0.922952521126717
3142	15.71	-0.0043216363992542	0.922952521126717
3143	15.715	-0.0030319644138217	0.922952521126717
3144	15.72	-0.0043216363992542	0.922952521126717
3145	15.725	-0.0030319644138217	0.922952521126717
3146	15.73	-0.0043216363992542	0.922952521126717
3147	15.735	-0.0043216363992542	0.922952521126717
3148	15.74	-0.0030319644138217	0.922952521126717
3149	15.745	-0.0030319644138217	0.921662849141285
3150	15.75	-0.0043216363992542	0.921662849141285
3151	15.755	-0.0043216363992542	0.921662849141285
3152	15.76	-0.0043216363992542	0.921662849141285
3153	15.765	-0.0043216363992542	0.921662849141285
3154	15.77	-0.0043216363992542	0.921662849141285
3155	15.775	-0.0043216363992542	0.921662849141285
3156	15.78	-0.0043216363992542	0.921662849141285
3157	15.785	-0.0043216363992542	0.921662849141285
3158	15.79	-0.0043216363992542	0.921662849141285
3159	15.795	-0.0043216363992542	0.921662849141285
3160	15.8	-0.0043216363992542	0.921662849141285
3161	15.805	-0.0043216363992542	0.921662849141285
3162	15.81	-0.0043216363992542	0.921662849141285
3163	15.815	-0.0043216363992542	0.920373177155852
3164	15.82	-0.0043216363992542	0.920373177155852
3165	15.825	-0.0030319644138217	0.920373177155852
3166	15.83	-0.0043216363992542	0.920373177155852
3167	15.835	-0.0043216363992542	0.920373177155852
3168	15.84	-0.0043216363992542	0.920373177155852
3169	15.845	-0.0043216363992542	0.920373177155852
3170	15.85	-0.0043216363992542	0.920373177155852
3171	15.855	-0.0043216363992542	0.920373177155852
3172	15.86	-0.0043216363992542	0.920373177155852
3173	15.865	-0.0030319644138217	0.91908350517042
3174	15.87	-0.0043216363992542	0.91908350517042
3175	15.875	-0.0043216363992542	0.91908350517042
3176	15.88	-0.0043216363992542	0.91908350517042
3177	15.885	-0.0043216363992542	0.91908350517042
3178	15.89	-0.0043216363992542	0.91908350517042
3179	15.895	-0.0043216363992542	0.91908350517042
3180	15.9	-0.0043216363992542	0.91908350517042
3181	15.905	-0.0030319644138217	0.91908350517042
3182	15.91	-0.0043216363992542	0.920373177155852
3183	15.915	-0.0043216363992542	0.91908350517042
3184	15.92	-0.0043216363992542	0.91908350517042
3185	15.925	-0.0043216363992542	0.91908350517042
3186	15.93	-0.0043216363992542	0.91908350517042
3187	15.935	-0.0043216363992542	0.917793833184987
3188	15.94	-0.0043216363992542	0.91908350517042
3189	15.945	-0.0043216363992542	0.917793833184987
3190	15.95	-0.0030319644138217	0.917793833184987
3191	15.955	-0.0043216363992542	0.91908350517042
3192	15.96	-0.0043216363992542	0.91908350517042
3193	15.965	-0.0043216363992542	0.917793833184987
3194	15.97	-0.0043216363992542	0.91908350517042
3195	15.975	-0.0043216363992542	0.917793833184987
3196	15.98	-0.0043216363992542	0.917793833184987
3197	15.985	-0.0043216363992542	0.917793833184987
3198	15.99	-0.0043216363992542	0.917793833184987
3199	15.995	-0.0043216363992542	0.917793833184987
3200	16	-0.0043216363992542	0.917793833184987
3201	16.005	-0.0030319644138217	0.916504161199555
3202	16.01	-0.0043216363992542	0.917793833184987
3203	16.015	-0.0043216363992542	0.916504161199555
3204	16.02	-0.0043216363992542	0.916504161199555
3205	16.025	-0.0043216363992542	0.916504161199555
3206	16.03	-0.0043216363992542	0.917793833184987
3207	16.035	-0.0043216363992542	0.916504161199555
3208	16.04	-0.0043216363992542	0.916504161199555
3209	16.045	-0.0043216363992542	0.916504161199555
3210	16.05	-0.0043216363992542	0.916504161199555
3211	16.055	-0.0043216363992542	0.916504161199555
3212	16.06	-0.0043216363992542	0.916504161199555
3213	16.065	-0.0043216363992542	0.916504161199555
3214	16.07	-0.0043216363992542	0.915214489214122
3215	16.075	-0.0043216363992542	0.916504161199555
3216	16.08	-0.0043216363992542	0.915214489214122
3217	16.085	-0.0043216363992542	0.915214489214122
3218	16.09	-0.0043216363992542	0.915214489214122
3219	16.095	-0.00561130838468671	0.915214489214122
3220	16.1	-0.0043216363992542	0.915214489214122
3221	16.105	-0.0043216363992542	0.915214489214122
3222	16.11	-0.0043216363992542	0.915214489214122
3223	16.115	-0.0043216363992542	0.91392481722869
3224	16.12	-0.0043216363992542	0.91392481722869
3225	16.125	-0.0043216363992542	0.91392481722869
3226	16.13	-0.0043216363992542	0.91392481722869
3227	16.135	-0.0043216363992542	0.91392481722869
3228	16.14	-0.0030319644138217	0.91392481722869
3229	16.145	-0.0043216363992542	0.91392481722869
3230	16.15	-0.0043216363992542	0.91392481722869
3231	16.155	-0.0043216363992542	0.91392481722869
3232	16.16	-0.0043216363992542	0.912635145243257
3233	16.165	-0.0043216363992542	0.912635145243257
3234	16.17	-0.0043216363992542	0.91392481722869
3235	16.175	-0.0043216363992542	0.91392481722869
3236	16.18	-0.0043216363992542	0.912635145243257
3237	16.185	-0.0043216363992542	0.912635145243257
3238	16.19	-0.0043216363992542	0.912635145243257
3239	16.195	-0.0043216363992542	0.911345473257825
3240	16.2	-0.0043216363992542	0.912635145243257
3241	16.205	-0.0043216363992542	0.912635145243257
3242	16.21	-0.0043216363992542	0.911345473257825
3243	16.215	-0.0043216363992542	0.912635145243257
3244	16.22	-0.0030319644138217	0.911345473257825
3245	16.225	-0.00561130838468671	0.912635145243257
3246	16.23	-0.0043216363992542	0.911345473257825
3247	16.235	-0.00561130838468671	0.911345473257825
3248	16.24	-0.0043216363992542	0.911345473257825
3249	16.245	-0.0043216363992542	0.911345473257825
3250	16.25	-0.0043216363992542	0.911345473257825
3251	16.255	-0.0043216363992542	0.911345473257825
3252	16.26	-0.0043216363992542	0.911345473257825
3253	16.265	-0.0043216363992542	0.910055801272392
3254	16.27	-0.0043216363992542	0.910055801272392
3255	16.275	-0.0030319644138217	0.910055801272392
3256	16.28	-0.0030319644138217	0.910055801272392
3257	16.285	-0.0043216363992542	0.910055801272392
3258	16.29	-0.0043216363992542	0.910055801272392
3259	16.295	-0.0043216363992542	0.910055801272392
3260	16.3	-0.0043216363992542	0.90876612928696
3261	16.305	-0.0043216363992542	0.910055801272392
3262	16.31	-0.0043216363992542	0.90876612928696
3263	16.315	-0.0043216363992542	0.90876612928696
3264	16.32	-0.0043216363992542	0.90876612928696
3265	16.325	-0.0043216363992542	0.90876612928696
3266	16.33	-0.0043216363992542	0.90876612928696
3267	16.335	-0.0043216363992542	0.90876612928696
3268	16.34	-0.0043216363992542	0.90876612928696
3269	16.345	-0.0043216363992542	0.90876612928696
3270	16.35	-0.0043216363992542	0.90876612928696
3271	16.355	-0.0043216363992542	0.90876612928696
3272	16.36	-0.0043216363992542	0.907476457301527
3273	16.365	-0.0043216363992542	0.907476457301527
3274	16.37	-0.0043216363992542	0.907476457301527
3275	16.375	-0.0043216363992542	0.907476457301527
3276	16.38	-0.0030319644138217	0.907476457301527
3277	16.385	-0.0030319644138217	0.907476457301527
3278	16.39	-0.0043216363992542	0.907476457301527
3279	16.395	-0.0043216363992542	0.906186785316095
3280	16.4	-0.0043216363992542	0.906186785316095
3281	16.405	-0.0043216363992542	0.907476457301527
3282	16.41	-0.0043216363992542	0.906186785316095
3283	16.415	-0.0043216363992542	0.906186785316095
3284	16.42	-0.0030319644138217	0.906186785316095
3285	16.425	-0.0030319644138217	0.906186785316095
3286	16.43	-0.0043216363992542	0.906186785316095
3287	16.435	-0.0043216363992542	0.906186785316095
3288	16.44	-0.0043216363992542	0.906186785316095
3289	16.445	-0.0043216363992542	0.906186785316095
3290	16.45	-0.0043216363992542	0.906186785316095
3291	16.455	-0.0043216363992542	0.904897113330662
3292	16.46	-0.0043216363992542	0.904897113330662
3293	16.465	-0.0030319644138217	0.904897113330662
3294	16.47	-0.0043216363992542	0.904897113330662
3295	16.475	-0.0043216363992542	0.904897113330662
3296	16.48	-0.0030319644138217	0.904897113330662
3297	16.485	-0.0030319644138217	0.904897113330662
3298	16.49	-0.0043216363992542	0.90360744134523
3299	16.495	-0.0030319644138217	0.90360744134523
3300	16.5	-0.0043216363992542	0.90360744134523
3301	16.505	-0.0043216363992542	0.90360744134523
3302	16.51	-0.0030319644138217	0.90360744134523
3303	16.515	-0.0043216363992542	0.90360744134523
3304	16.52	-0.0043216363992542	0.90360744134523
3305	16.525	-0.0043216363992542	0.90360744134523
3306	16.53	-0.0043216363992542	0.90360744134523
3307	16.535	-0.0043216363992542	0.90360744134523
3308	16.54	-0.0030319644138217	0.90360744134523
3309	16.545	-0.0030319644138217	0.90360744134523
3310	16.55	-0.0030319644138217	0.902317769359797
3311	16.555	-0.0043216363992542	0.902317769359797
3312	16.56	-0.0030319644138217	0.902317769359797
3313	16.565	-0.0030319644138217	0.902317769359797
3314	16.57	-0.0043216363992542	0.902317769359797
3315	16.575	-0.0043216363992542	0.902317769359797
3316	16.58	-0.0043216363992542	0.902317769359797
3317	16.585	-0.0030319644138217	0.901028097374365
3318	16.59	-0.0043216363992542	0.901028097374365
3319	16.595	-0.0030319644138217	0.901028097374365
3320	16.6	-0.0030319644138217	0.901028097374365
3321	16.605	-0.0043216363992542	0.901028097374365
3322	16.61	-0.0030319644138217	0.901028097374365
3323	16.615	-0.0043216363992542	0.901028097374365
3324	16.62	-0.0043216363992542	0.901028097374365
3325	16.625	-0.0043216363992542	0.901028097374365
3326	16.63	-0.0043216363992542	0.899738425388932
3327	16.635	-0.0043216363992542	0.901028097374365
3328	16.64	-0.0043216363992542	0.901028097374365
3329	16.645	-0.0030319644138217	0.901028097374365
3330	16.65	-0.0043216363992542	0.899738425388932
3331	16.655	-0.0030319644138217	0.899738425388932
3332	16.66	-0.0043216363992542	0.899738425388932
3333	16.665	-0.0030319644138217	0.899738425388932
3334	16.67	-0.0043216363992542	0.8984487534035
3335	16.675	-0.0043216363992542	0.8984487534035
3336	16.68	-0.0043216363992542	0.899738425388932
3337	16.685	-0.0030319644138217	0.8984487534035
3338	16.69	-0.0043216363992542	0.8984487534035
3339	16.695	-0.0043216363992542	0.8984487534035
3340	16.7	-0.0030319644138217	0.8984487534035
3341	16.705	-0.0043216363992542	0.8984487534035
3342	16.71	-0.0030319644138217	0.8984487534035
3343	16.715	-0.0043216363992542	0.897159081418067
3344	16.72	-0.0030319644138217	0.897159081418067
3345	16.725	-0.0043216363992542	0.8984487534035
3346	16.73	-0.0043216363992542	0.897159081418067
3347	16.735	-0.0030319644138217	0.8984487534035
3348	16.74	-0.0030319644138217	0.897159081418067
3349	16.745	-0.0043216363992542	0.897159081418067
3350	16.75	-0.0043216363992542	0.897159081418067
3351	16.755	-0.0030319644138217	0.897159081418067
3352	16.76	-0.0030319644138217	0.897159081418067
3353	16.765	-0.0030319644138217	0.895869409432635
3354	16.77	-0.0043216363992542	0.895869409432635
3355	16.775	-0.0043216363992542	0.895869409432635
3356	16.78	-0.0043216363992542	0.895869409432635
3357	16.785	-0.0043216363992542	0.897159081418067
3358	16.79	-0.0043216363992542	0.895869409432635
3359	16.795	-0.0043216363992542	0.895869409432635
3360	16.8	-0.0043216363992542	0.895869409432635
3361	16.805	-0.0043216363992542	0.895869409432635
3362	16.81	-0.0043216363992542	0.895869409432635
3363	16.815	-0.0043216363992542	0.894579737447202
3364	16.82	-0.0043216363992542	0.894579737447202
3365	16.825	-0.0030319644138217	0.895869409432635
3366	16.83	-0.0043216363992542	0.894579737447202
3367	16.835	-0.0030319644138217	0.894579737447202
3368	16.84	-0.0043216363992542	0.894579737447202
3369	16.845	-0.0043216363992542	0.894579737447202
3370	16.85	-0.0030319644138217	0.894579737447202
3371	16.855	-0.0043216363992542	0.89329006546177
3372	16.86	-0.0030319644138217	0.89329006546177
3373	16.865	-0.0030319644138217	0.89329006546177
3374	16.87	-0.0030319644138217	0.89329006546177
3375	16.875	-0.0043216363992542	0.89329006546177
3376	16.88	-0.0043216363992542	0.89329006546177
3377	16.885	-0.0043216363992542	0.89329006546177
3378	16.89	-0.0043216363992542	0.89329006546177
3379	16.895	-0.0043216363992542	0.89329006546177
3380	16.9	-0.0043216363992542	0.89329006546177
3381	16.905	-0.0043216363992542	0.892000393476337
3382	16.91	-0.0030319644138217	0.892000393476337
3383	16.915	-0.0043216363992542	0.892000393476337
3384	16.92	-0.0043216363992542	0.892000393476337
3385	16.925	-0.0043216363992542	0.892000393476337
3386	16.93	-0.0030319644138217	0.892000393476337
3387	16.935	-0.0030319644138217	0.890710721490905
3388	16.94	-0.0043216363992542	0.892000393476337
3389	16.945	-0.0030319644138217	0.892000393476337
3390	16.95	-0.0030319644138217	0.890710721490905
3391	16.955	-0.0030319644138217	0.890710721490905
3392	16.96	-0.0030319644138217	0.890710721490905
3393	16.965	-0.0043216363992542	0.890710721490905
3394	16.97	-0.0043216363992542	0.890710721490905
3395	16.975	-0.0043216363992542	0.890710721490905
3396	16.98	-0.0043216363992542	0.890710721490905
3397	16.985	-0.0030319644138217	0.889421049505472
3398	16.99	-0.0043216363992542	0.889421049505472
3399	16.995	-0.0030319644138217	0.889421049505472
3400	17	-0.0043216363992542	0.889421049505472
3401	17.005	-0.0043216363992542	0.889421049505472
3402	17.01	-0.0043216363992542	0.889421049505472
3403	17.015	-0.0043216363992542	0.889421049505472
3404	17.02	-0.0043216363992542	0.88813137752004
3405	17.025	-0.0030319644138217	0.88813137752004
3406	17.03	-0.0043216363992542	0.88813137752004
3407	17.035	-0.0043216363992542	0.889421049505472
3408	17.04	-0.0043216363992542	0.88813137752004
3409	17.045	-0.0030319644138217	0.88813137752004
3410	17.05	-0.0030319644138217	0.886841705534607
3411	17.055	-0.0043216363992542	0.88813137752004
3412	17.06	-0.0043216363992542	0.886841705534607
3413	17.065	-0.0030319644138217	0.88813137752004
3414	17.07	-0.0043216363992542	0.886841705534607
3415	17.075	-0.0043216363992542	0.886841705534607
3416	17.08	-0.0043216363992542	0.886841705534607
3417	17.085	-0.0030319644138217	0.886841705534607
3418	17.09	-0.0043216363992542	0.886841705534607
3419	17.095	-0.0030319644138217	0.886841705534607
3420	17.1	-0.0043216363992542	0.886841705534607
3421	17.105	-0.0043216363992542	0.886841705534607
3422	17.11	-0.0043216363992542	0.885552033549175
3423	17.115	-0.0043216363992542	0.886841705534607
3424	17.12	-0.0030319644138217	0.886841705534607
3425	17.125	-0.0043216363992542	0.885552033549175
3426	17.13	-0.0043216363992542	0.885552033549175
3427	17.135	-0.0043216363992542	0.885552033549175
3428	17.14	-0.0043216363992542	0.885552033549175
3429	17.145	-0.0043216363992542	0.885552033549175
3430	17.15	-0.0043216363992542	0.885552033549175
3431	17.155	-0.0043216363992542	0.885552033549175
3432	17.16	-0.0043216363992542	0.885552033549175
3433	17.165	-0.0043216363992542	0.884262361563742
3434	17.17	-0.0043216363992542	0.884262361563742
3435	17.175	-0.0030319644138217	0.884262361563742
3436	17.18	-0.0043216363992542	0.884262361563742
3437	17.185	-0.0043216363992542	0.884262361563742
3438	17.19	-0.0043216363992542	0.884262361563742
3439	17.195	-0.0030319644138217	0.884262361563742
3440	17.2	-0.0030319644138217	0.88297268957831
3441	17.205	-0.0030319644138217	0.88297268957831
3442	17.21	-0.0043216363992542	0.884262361563742
3443	17.215	-0.0030319644138217	0.884262361563742
3444	17.22	-0.0043216363992542	0.88297268957831
3445	17.225	-0.0043216363992542	0.88297268957831
3446	17.23	-0.0043216363992542	0.88297268957831
3447	17.235	-0.0030319644138217	0.884262361563742
3448	17.24	-0.0043216363992542	0.88297268957831
3449	17.245	-0.0043216363992542	0.88297268957831
3450	17.25	-0.0030319644138217	0.88297268957831
3451	17.255	-0.0043216363992542	0.881683017592877
3452	17.26	-0.0043216363992542	0.88297268957831
3453	17.265	-0.0030319644138217	0.88297268957831
3454	17.27	-0.0030319644138217	0.88297268957831
3455	17.275	-0.0043216363992542	0.881683017592877
3456	17.28	-0.0043216363992542	0.881683017592877
3457	17.285	-0.0030319644138217	0.881683017592877
3458	17.29	-0.0043216363992542	0.881683017592877
3459	17.295	-0.0043216363992542	0.881683017592877
3460	17.3	-0.0030319644138217	0.881683017592877
3461	17.305	-0.0030319644138217	0.881683017592877
3462	17.31	-0.0043216363992542	0.880393345607445
3463	17.315	-0.0043216363992542	0.881683017592877
3464	17.32	-0.0043216363992542	0.880393345607445
3465	17.325	-0.0043216363992542	0.880393345607445
3466	17.33	-0.0043216363992542	0.880393345607445
3467	17.335	-0.0043216363992542	0.880393345607445
3468	17.34	-0.0043216363992542	0.880393345607445
3469	17.345	-0.0030319644138217	0.880393345607445
3470	17.35	-0.0043216363992542	0.880393345607445
3471	17.355	-0.0043216363992542	0.880393345607445
3472	17.36	-0.0030319644138217	0.880393345607445
3473	17.365	-0.0030319644138217	0.880393345607445
3474	17.37	-0.0043216363992542	0.879103673622012
3475	17.375	-0.0043216363992542	0.879103673622012
3476	17.38	-0.0030319644138217	0.879103673622012
3477	17.385	-0.0043216363992542	0.879103673622012
3478	17.39	-0.0043216363992542	0.880393345607445
3479	17.395	-0.0030319644138217	0.879103673622012
3480	17.4	-0.0030319644138217	0.879103673622012
3481	17.405	-0.0043216363992542	0.879103673622012
3482	17.41	-0.0030319644138217	0.879103673622012
3483	17.415	-0.0030319644138217	0.879103673622012
3484	17.42	-0.0043216363992542	0.87781400163658
3485	17.425	-0.0030319644138217	0.879103673622012
3486	17.43	-0.0043216363992542	0.879103673622012
3487	17.435	-0.0043216363992542	0.879103673622012
3488	17.44	-0.0043216363992542	0.87781400163658
3489	17.445	-0.0043216363992542	0.879103673622012
3490	17.45	-0.0043216363992542	0.87781400163658
3491	17.455	-0.0043216363992542	0.87781400163658
3492	17.46	-0.0043216363992542	0.87781400163658
3493	17.465	-0.0030319644138217	0.87781400163658
3494	17.47	-0.0043216363992542	0.87781400163658
3495	17.475	-0.0043216363992542	0.876524329651147
3496	17.48	-0.0043216363992542	0.876524329651147
3497	17.485	-0.0043216363992542	0.87781400163658
3498	17.49	-0.0030319644138217	0.87781400163658
3499	17.495	-0.0043216363992542	0.876524329651147
3500	17.5	-0.0043216363992542	0.876524329651147
3501	17.505	-0.0030319644138217	0.876524329651147
3502	17.51	-0.0043216363992542	0.876524329651147
3503	17.515	-0.0043216363992542	0.876524329651147
3504	17.52	-0.0043216363992542	0.876524329651147
3505	17.525	-0.0030319644138217	0.876524329651147
3506	17.53	-0.0043216363992542	0.876524329651147
3507	17.535	-0.0043216363992542	0.876524329651147
3508	17.54	-0.0030319644138217	0.876524329651147
3509	17.545	-0.0043216363992542	0.876524329651147
3510	17.55	-0.0043216363992542	0.876524329651147
3511	17.555	-0.0043216363992542	0.876524329651147
3512	17.56	-0.0043216363992542	0.875234657665715
3513	17.565	-0.0030319644138217	0.875234657665715
3514	17.57	-0.0030319644138217	0.875234657665715
3515	17.575	-0.0043216363992542	0.876524329651147
3516	17.58	-0.0043216363992542	0.875234657665715
3517	17.585	-0.0030319644138217	0.875234657665715
3518	17.59	-0.0030319644138217	0.875234657665715
3519	17.595	-0.0030319644138217	0.875234657665715
3520	17.6	-0.0043216363992542	0.875234657665715
3521	17.605	-0.0043216363992542	0.875234657665715
3522	17.61	-0.0043216363992542	0.875234657665715
3523	17.615	-0.0043216363992542	0.875234657665715
3524	17.62	-0.0043216363992542	0.873944985680282
3525	17.625	-0.0043216363992542	0.873944985680282
3526	17.63	-0.0043216363992542	0.873944985680282
3527	17.635	-0.0043216363992542	0.873944985680282
3528	17.64	-0.0043216363992542	0.873944985680282
3529	17.645	-0.0043216363992542	0.873944985680282
3530	17.65	-0.0043216363992542	0.873944985680282
3531	17.655	-0.0030319644138217	0.873944985680282
3532	17.66	-0.0043216363992542	0.873944985680282
3533	17.665	-0.0043216363992542	0.873944985680282
3534	17.67	-0.0030319644138217	0.873944985680282
3535	17.675	-0.0030319644138217	0.873944985680282
3536	17.68	-0.0043216363992542	0.873944985680282
3537	17.685	-0.0043216363992542	0.87265531369485
3538	17.69	-0.0030319644138217	0.873944985680282
3539	17.695	-0.0043216363992542	0.87265531369485
3540	17.7	-0.0030319644138217	0.87265531369485
3541	17.705	-0.0043216363992542	0.87265531369485
3542	17.71	-0.0043216363992542	0.87265531369485
3543	17.715	-0.0043216363992542	0.87265531369485
3544	17.72	-0.0043216363992542	0.87265531369485
3545	17.725	-0.0030319644138217	0.87265531369485
3546	17.73	-0.0043216363992542	0.87265531369485
3547	17.735	-0.0043216363992542	0.87265531369485
3548	17.74	-0.0043216363992542	0.87265531369485
3549	17.745	-0.0030319644138217	0.87265531369485
3550	17.75	-0.0030319644138217	0.87265531369485
3551	17.755	-0.0030319644138217	0.87265531369485
3552	17.76	-0.0030319644138217	0.871365641709417
3553	17.765	-0.0030319644138217	0.871365641709417
3554	17.77	-0.0043216363992542	0.87265531369485
3555	17.775	-0.0043216363992542	0.871365641709417
3556	17.78	-0.0030319644138217	0.871365641709417
3557	17.785	-0.0030319644138217	0.871365641709417
3558	17.79	-0.0030319644138217	0.871365641709417
3559	17.795	-0.0043216363992542	0.871365641709417
3560	17.8	-0.0030319644138217	0.871365641709417
3561	17.805	-0.0043216363992542	0.871365641709417
3562	17.81	-0.0043216363992542	0.871365641709417
3563	17.815	-0.0043216363992542	0.871365641709417
3564	17.82	-0.0030319644138217	0.871365641709417
3565	17.825	-0.0030319644138217	0.871365641709417
3566	17.83	-0.0043216363992542	0.871365641709417
3567	17.835	-0.0043216363992542	0.870075969723985
3568	17.84	-0.0030319644138217	0.870075969723985
3569	17.845	-0.0030319644138217	0.870075969723985
3570	17.85	-0.0043216363992542	0.870075969723985
3571	17.855	-0.0043216363992542	0.870075969723985
3572	17.86	-0.0043216363992542	0.870075969723985
3573	17.865	-0.0030319644138217	0.870075969723985
3574	17.87	-0.0030319644138217	0.870075969723985
3575	17.875	-0.0030319644138217	0.870075969723985
3576	17.88	-0.0043216363992542	0.870075969723985
3577	17.885	-0.0030319644138217	0.870075969723985
3578	17.89	-0.0043216363992542	0.870075969723985
3579	17.895	-0.0043216363992542	0.870075969723985
3580	17.9	-0.0043216363992542	0.870075969723985
3581	17.905	-0.0030319644138217	0.868786297738552
3582	17.91	-0.0030319644138217	0.870075969723985
3583	17.915	-0.0043216363992542	0.870075969723985
3584	17.92	-0.0043216363992542	0.870075969723985
3585	17.925	-0.0030319644138217	0.868786297738552
3586	17.93	-0.0030319644138217	0.868786297738552
3587	17.935	-0.0030319644138217	0.868786297738552
3588	17.94	-0.0030319644138217	0.868786297738552
3589	17.945	-0.0030319644138217	0.868786297738552
3590	17.95	-0.0043216363992542	0.868786297738552
3591	17.955	-0.0030319644138217	0.868786297738552
3592	17.96	-0.0030319644138217	0.868786297738552
3593	17.965	-0.0030319644138217	0.868786297738552
3594	17.97	-0.0043216363992542	0.86749662575312
3595	17.975	-0.0030319644138217	0.868786297738552
3596	17.98	-0.0043216363992542	0.86749662575312
3597	17.985	-0.0043216363992542	0.86749662575312
3598	17.99	-0.0043216363992542	0.86749662575312
3599	17.995	-0.0043216363992542	0.86749662575312
3600	18	-0.0030319644138217	0.86749662575312
3601	18.005	-0.0043216363992542	0.86749662575312
3602	18.01	-0.0043216363992542	0.86749662575312
3603	18.015	-0.0043216363992542	0.86749662575312
3604	18.02	-0.0030319644138217	0.86749662575312
3605	18.025	-0.0030319644138217	0.86749662575312
3606	18.03	-0.0043216363992542	0.866206953767687
3607	18.035	-0.0043216363992542	0.866206953767687
3608	18.04	-0.0030319644138217	0.866206953767687
3609	18.045	-0.0043216363992542	0.86749662575312
3610	18.05	-0.0043216363992542	0.866206953767687
3611	18.055	-0.0030319644138217	0.866206953767687
3612	18.06	-0.0030319644138217	0.866206953767687
3613	18.065	-0.0030319644138217	0.866206953767687
3614	18.07	-0.0030319644138217	0.866206953767687
3615	18.075	-0.0043216363992542	0.866206953767687
3616	18.08	-0.0043216363992542	0.866206953767687
3617	18.085	-0.0030319644138217	0.866206953767687
3618	18.09	-0.0043216363992542	0.866206953767687
3619	18.095	-0.0030319644138217	0.866206953767687
3620	18.1	-0.0030319644138217	0.864917281782255
3621	18.105	-0.0043216363992542	0.864917281782255
3622	18.11	-0.0043216363992542	0.864917281782255
3623	18.115	-0.0043216363992542	0.864917281782255
3624	18.12	-0.0030319644138217	0.864917281782255
3625	18.125	-0.0043216363992542	0.864917281782255
3626	18.13	-0.0043216363992542	0.864917281782255
3627	18.135	-0.0043216363992542	0.864917281782255
3628	18.14	-0.0043216363992542	0.864917281782255
3629	18.145	-0.0043216363992542	0.863627609796822
3630	18.15	-0.0043216363992542	0.864917281782255
3631	18.155	-0.0043216363992542	0.863627609796822
3632	18.16	-0.0043216363992542	0.863627609796822
3633	18.165	-0.0043216363992542	0.863627609796822
3634	18.17	-0.0043216363992542	0.864917281782255
3635	18.175	-0.0030319644138217	0.864917281782255
3636	18.18	-0.0043216363992542	0.863627609796822
3637	18.185	-0.0043216363992542	0.863627609796822
3638	18.19	-0.0030319644138217	0.863627609796822
3639	18.195	-0.0043216363992542	0.863627609796822
3640	18.2	-0.0030319644138217	0.863627609796822
3641	18.205	-0.0030319644138217	0.863627609796822
3642	18.21	-0.0030319644138217	0.86233793781139
3643	18.215	-0.0030319644138217	0.86233793781139
3644	18.22	-0.0030319644138217	0.863627609796822
3645	18.225	-0.0043216363992542	0.86233793781139
3646	18.23	-0.0043216363992542	0.86233793781139
3647	18.235	-0.0043216363992542	0.863627609796822
3648	18.24	-0.0043216363992542	0.86233793781139
3649	18.245	-0.0043216363992542	0.86233793781139
3650	18.25	-0.0043216363992542	0.86233793781139
3651	18.255	-0.0030319644138217	0.86233793781139
3652	18.26	-0.0043216363992542	0.86233793781139
3653	18.265	-0.0043216363992542	0.86233793781139
3654	18.27	-0.0043216363992542	0.86233793781139
3655	18.275	-0.0030319644138217	0.861048265825957
3656	18.28	-0.0043216363992542	0.861048265825957
3657	18.285	-0.0043216363992542	0.861048265825957
3658	18.29	-0.0043216363992542	0.861048265825957
3659	18.295	-0.0043216363992542	0.861048265825957
3660	18.3	-0.0043216363992542	0.86233793781139
3661	18.305	-0.0043216363992542	0.861048265825957
3662	18.31	-0.0030319644138217	0.861048265825957
3663	18.315	-0.0043216363992542	0.861048265825957
3664	18.32	-0.0043216363992542	0.861048265825957
3665	18.325	-0.0043216363992542	0.861048265825957
3666	18.33	-0.0043216363992542	0.861048265825957
3667	18.335	-0.0043216363992542	0.861048265825957
3668	18.34	-0.0043216363992542	0.861048265825957
3669	18.345	-0.0043216363992542	0.861048265825957
3670	18.35	-0.0043216363992542	0.859758593840525
3671	18.355	-0.0043216363992542	0.859758593840525
3672	18.36	-0.0043216363992542	0.861048265825957
3673	18.365	-0.0043216363992542	0.859758593840525
3674	18.37	-0.0030319644138217	0.861048265825957
3675	18.375	-0.0043216363992542	0.861048265825957
3676	18.38	-0.0030319644138217	0.859758593840525
3677	18.385	-0.0043216363992542	0.859758593840525
3678	18.39	-0.0043216363992542	0.859758593840525
3679	18.395	-0.0043216363992542	0.859758593840525
3680	18.4	-0.0043216363992542	0.859758593840525
3681	18.405	-0.0043216363992542	0.859758593840525
3682	18.41	-0.0043216363992542	0.859758593840525
3683	18.415	-0.0030319644138217	0.859758593840525
3684	18.42	-0.0043216363992542	0.859758593840525
3685	18.425	-0.0043216363992542	0.859758593840525
3686	18.43	-0.0030319644138217	0.859758593840525
3687	18.435	-0.0030319644138217	0.859758593840525
3688	18.44	-0.0030319644138217	0.859758593840525
3689	18.445	-0.0043216363992542	0.859758593840525
3690	18.45	-0.0030319644138217	0.859758593840525
3691	18.455	-0.0043216363992542	0.859758593840525
3692	18.46	-0.0030319644138217	0.858468921855092
3693	18.465	-0.0030319644138217	0.859758593840525
3694	18.47	-0.0043216363992542	0.859758593840525
3695	18.475	-0.0030319644138217	0.859758593840525
3696	18.48	-0.0043216363992542	0.858468921855092
3697	18.485	-0.0043216363992542	0.858468921855092
3698	18.49	-0.0030319644138217	0.858468921855092
3699	18.495	-0.0043216363992542	0.858468921855092
3700	18.5	-0.0043216363992542	0.859758593840525
3701	18.505	-0.0043216363992542	0.859758593840525
3702	18.51	-0.0043216363992542	0.858468921855092
3703	18.515	-0.0043216363992542	0.858468921855092
3704	18.52	-0.0030319644138217	0.858468921855092
3705	18.525	-0.0030319644138217	0.858468921855092
3706	18.53	-0.0030319644138217	0.858468921855092
3707	18.535	-0.0043216363992542	0.858468921855092
3708	18.54	-0.0030319644138217	0.858468921855092
3709	18.545	-0.0043216363992542	0.858468921855092
3710	18.55	-0.0043216363992542	0.858468921855092
3711	18.555	-0.0043216363992542	0.858468921855092
3712	18.56	-0.0043216363992542	0.858468921855092
3713	18.565	-0.0030319644138217	0.85717924986966
3714	18.57	-0.0030319644138217	0.858468921855092
3715	18.575	-0.0043216363992542	0.85717924986966
3716	18.58	-0.0030319644138217	0.85717924986966
3717	18.585	-0.0043216363992542	0.85717924986966
3718	18.59	-0.0043216363992542	0.85717924986966
3719	18.595	-0.0043216363992542	0.85717924986966
3720	18.6	-0.0043216363992542	0.858468921855092
3721	18.605	-0.0043216363992542	0.85717924986966
3722	18.61	-0.0043216363992542	0.85717924986966
3723	18.615	-0.0043216363992542	0.858468921855092
3724	18.62	-0.0030319644138217	0.85717924986966
3725	18.625	-0.0030319644138217	0.85717924986966
3726	18.63	-0.0043216363992542	0.85717924986966
3727	18.635	-0.0043216363992542	0.85717924986966
3728	18.64	-0.0043216363992542	0.855889577884227
3729	18.645	-0.0030319644138217	0.85717924986966
3730	18.65	-0.0043216363992542	0.85717924986966
3731	18.655	-0.0043216363992542	0.855889577884227
3732	18.66	-0.0030319644138217	0.855889577884227
3733	18.665	-0.0043216363992542	0.855889577884227
3734	18.67	-0.0043216363992542	0.855889577884227
3735	18.675	-0.0030319644138217	0.855889577884227
3736	18.68	-0.0043216363992542	0.855889577884227
3737	18.685	-0.0030319644138217	0.855889577884227
3738	18.69	-0.0043216363992542	0.855889577884227
3739	18.695	-0.0043216363992542	0.85717924986966
3740	18.7	-0.0043216363992542	0.855889577884227
3741	18.705	-0.0030319644138217	0.855889577884227
3742	18.71	-0.0043216363992542	0.854599905898795
3743	18.715	-0.0043216363992542	0.855889577884227
3744	18.72	-0.0043216363992542	0.855889577884227
3745	18.725	-0.0043216363992542	0.855889577884227
3746	18.73	-0.0043216363992542	0.855889577884227
3747	18.735	-0.0043216363992542	0.854599905898795
3748	18.74	-0.0030319644138217	0.854599905898795
3749	18.745	-0.0043216363992542	0.854599905898795
3750	18.75	-0.0030319644138217	0.854599905898795
3751	18.755	-0.0043216363992542	0.854599905898795
3752	18.76	-0.0043216363992542	0.854599905898795
3753	18.765	-0.0043216363992542	0.854599905898795
3754	18.77	-0.0043216363992542	0.854599905898795
3755	18.775	-0.0043216363992542	0.854599905898795
3756	18.78	-0.0043216363992542	0.854599905898795
3757	18.785	-0.0030319644138217	0.854599905898795
3758	18.79	-0.0030319644138217	0.854599905898795
3759	18.795	-0.0030319644138217	0.854599905898795
3760	18.8	-0.0030319644138217	0.854599905898795
3761	18.805	-0.0030319644138217	0.854599905898795
3762	18.81	-0.0043216363992542	0.854599905898795
3763	18.815	-0.0030319644138217	0.853310233913362
3764	18.82	-0.0043216363992542	0.853310233913362
3765	18.825	-0.0043216363992542	0.854599905898795
3766	18.83	-0.0043216363992542	0.854599905898795
3767	18.835	-0.0043216363992542	0.853310233913362
3768	18.84	-0.0043216363992542	0.853310233913362
3769	18.845	-0.0043216363992542	0.854599905898795
3770	18.85	-0.0030319644138217	0.853310233913362
3771	18.855	-0.0043216363992542	0.853310233913362
3772	18.86	-0.0043216363992542	0.853310233913362
3773	18.865	-0.0043216363992542	0.853310233913362
3774	18.87	-0.0043216363992542	0.853310233913362
3775	18.875	-0.0030319644138217	0.853310233913362
3776	18.88	-0.0030319644138217	0.853310233913362
3777	18.885	-0.0043216363992542	0.853310233913362
3778	18.89	-0.0030319644138217	0.853310233913362
3779	18.895	-0.0030319644138217	0.853310233913362
3780	18.9	-0.0030319644138217	0.853310233913362
3781	18.905	-0.0030319644138217	0.853310233913362
3782	18.91	-0.0030319644138217	0.853310233913362
3783	18.915	-0.0043216363992542	0.853310233913362
3784	18.92	-0.0043216363992542	0.85202056192793
3785	18.925	-0.0043216363992542	0.85202056192793
3786	18.93	-0.0043216363992542	0.85202056192793
3787	18.935	-0.0043216363992542	0.85202056192793
3788	18.94	-0.0030319644138217	0.85202056192793
3789	18.945	-0.0043216363992542	0.85202056192793
3790	18.95	-0.0043216363992542	0.85202056192793
3791	18.955	-0.0030319644138217	0.85202056192793
3792	18.96	-0.0043216363992542	0.85202056192793
3793	18.965	-0.0043216363992542	0.85202056192793
3794	18.97	-0.0030319644138217	0.85202056192793
3795	18.975	-0.0030319644138217	0.85202056192793
3796	18.98	-0.0030319644138217	0.85202056192793
3797	18.985	-0.0043216363992542	0.85202056192793
3798	18.99	-0.0043216363992542	0.85202056192793
3799	18.995	-0.0043216363992542	0.85202056192793
3800	19	-0.0030319644138217	0.85202056192793
3801	19.005	-0.0043216363992542	0.85202056192793
3802	19.01	-0.0030319644138217	0.85202056192793
3803	19.015	-0.0043216363992542	0.85202056192793
3804	19.02	-0.0043216363992542	0.85202056192793
3805	19.025	-0.0030319644138217	0.85202056192793
3806	19.03	-0.0030319644138217	0.850730889942497
3807	19.035	-0.0043216363992542	0.85202056192793
3808	19.04	-0.0043216363992542	0.850730889942497
3809	19.045	-0.0043216363992542	0.850730889942497
3810	19.05	-0.0030319644138217	0.850730889942497
3811	19.055	-0.0030319644138217	0.850730889942497
3812	19.06	-0.0043216363992542	0.850730889942497
3813	19.065	-0.0030319644138217	0.850730889942497
3814	19.07	-0.0030319644138217	0.850730889942497
3815	19.075	-0.0030319644138217	0.850730889942497
3816	19.08	-0.0043216363992542	0.850730889942497
3817	19.085	-0.0043216363992542	0.850730889942497
3818	19.09	-0.0043216363992542	0.850730889942497
3819	19.095	-0.0043216363992542	0.850730889942497
3820	19.1	-0.0043216363992542	0.850730889942497
3821	19.105	-0.0030319644138217	0.850730889942497
3822	19.11	-0.0043216363992542	0.850730889942497
3823	19.115	-0.0043216363992542	0.850730889942497
3824	19.12	-0.0043216363992542	0.850730889942497
3825	19.125	-0.0043216363992542	0.849441217957065
3826	19.13	-0.0030319644138217	0.850730889942497
3827	19.135	-0.0030319644138217	0.849441217957065
3828	19.14	-0.0043216363992542	0.849441217957065
3829	19.145	-0.0043216363992542	0.849441217957065
3830	19.15	-0.0043216363992542	0.849441217957065
3831	19.155	-0.0030319644138217	0.849441217957065
3832	19.16	-0.0030319644138217	0.849441217957065
3833	19.165	-0.0043216363992542	0.849441217957065
3834	19.17	-0.0043216363992542	0.849441217957065
3835	19.175	-0.0030319644138217	0.849441217957065
3836	19.18	-0.0030319644138217	0.848151545971632
3837	19.185	-0.0043216363992542	0.849441217957065
3838	19.19	-0.0043216363992542	0.848151545971632
3839	19.195	-0.0043216363992542	0.848151545971632
3840	19.2	-0.0030319644138217	0.848151545971632
3841	19.205	-0.0043216363992542	0.848151545971632
3842	19.21	-0.0043216363992542	0.848151545971632
3843	19.215	-0.0030319644138217	0.848151545971632
3844	19.22	-0.0043216363992542	0.848151545971632
3845	19.225	-0.0030319644138217	0.848151545971632
3846	19.23	-0.0030319644138217	0.848151545971632
3847	19.235	-0.0043216363992542	0.848151545971632
3848	19.24	-0.0043216363992542	0.846861873986199
3849	19.245	-0.0043216363992542	0.846861873986199
3850	19.25	-0.0030319644138217	0.846861873986199
3851	19.255	-0.0043216363992542	0.846861873986199
3852	19.26	-0.0043216363992542	0.848151545971632
3853	19.265	-0.0043216363992542	0.846861873986199
3854	19.27	-0.0043216363992542	0.846861873986199
3855	19.275	-0.0043216363992542	0.846861873986199
3856	19.28	-0.0030319644138217	0.846861873986199
3857	19.285	-0.0030319644138217	0.848151545971632
3858	19.29	-0.0030319644138217	0.846861873986199
3859	19.295	-0.0043216363992542	0.846861873986199
3860	19.3	-0.0043216363992542	0.846861873986199
3861	19.305	-0.0030319644138217	0.846861873986199
3862	19.31	-0.0043216363992542	0.846861873986199
3863	19.315	-0.0043216363992542	0.846861873986199
3864	19.32	-0.0030319644138217	0.845572202000767
3865	19.325	-0.0043216363992542	0.846861873986199
3866	19.33	-0.0043216363992542	0.845572202000767
3867	19.335	-0.0030319644138217	0.846861873986199
3868	19.34	-0.0030319644138217	0.845572202000767
3869	19.345	-0.0043216363992542	0.845572202000767
3870	19.35	-0.0043216363992542	0.845572202000767
3871	19.355	-0.0043216363992542	0.845572202000767
3872	19.36	-0.0030319644138217	0.845572202000767
3873	19.365	-0.0030319644138217	0.845572202000767
3874	19.37	-0.0043216363992542	0.845572202000767
3875	19.375	-0.0043216363992542	0.845572202000767
3876	19.38	-0.0043216363992542	0.844282530015334
3877	19.385	-0.0030319644138217	0.845572202000767
3878	19.39	-0.0043216363992542	0.844282530015334
3879	19.395	-0.0043216363992542	0.845572202000767
3880	19.4	-0.0030319644138217	0.844282530015334
3881	19.405	-0.0043216363992542	0.844282530015334
3882	19.41	-0.0043216363992542	0.844282530015334
3883	19.415	-0.0043216363992542	0.845572202000767
3884	19.42	-0.0043216363992542	0.844282530015334
3885	19.425	-0.0043216363992542	0.844282530015334
3886	19.43	-0.0043216363992542	0.844282530015334
3887	19.435	-0.0043216363992542	0.844282530015334
3888	19.44	-0.0030319644138217	0.844282530015334
3889	19.445	-0.0030319644138217	0.844282530015334
3890	19.45	-0.0030319644138217	0.844282530015334
3891	19.455	-0.0030319644138217	0.844282530015334
3892	19.46	-0.0043216363992542	0.844282530015334
3893	19.465	-0.0043216363992542	0.844282530015334
3894	19.47	-0.0043216363992542	0.842992858029902
3895	19.475	-0.0043216363992542	0.844282530015334
3896	19.48	-0.0030319644138217	0.842992858029902
3897	19.485	-0.0043216363992542	0.844282530015334
3898	19.49	-0.0043216363992542	0.842992858029902
3899	19.495	-0.0043216363992542	0.842992858029902
3900	19.5	-0.0030319644138217	0.842992858029902
3901	19.505	-0.0030319644138217	0.842992858029902
3902	19.51	-0.0043216363992542	0.842992858029902
3903	19.515	-0.0043216363992542	0.842992858029902
3904	19.52	-0.0030319644138217	0.842992858029902
3905	19.525	-0.0030319644138217	0.842992858029902
3906	19.53	-0.0043216363992542	0.842992858029902
3907	19.535	-0.0043216363992542	0.841703186044469
3908	19.54	-0.0030319644138217	0.841703186044469
3909	19.545	-0.0043216363992542	0.841703186044469
3910	19.55	-0.0043216363992542	0.841703186044469
3911	19.555	-0.0043216363992542	0.841703186044469
3912	19.56	-0.0043216363992542	0.841703186044469
3913	19.565	-0.0043216363992542	0.842992858029902
3914	19.57	-0.0030319644138217	0.842992858029902
3915	19.575	-0.0043216363992542	0.841703186044469
3916	19.58	-0.0030319644138217	0.841703186044469
3917	19.585	-0.0030319644138217	0.841703186044469
3918	19.59	-0.0043216363992542	0.841703186044469
3919	19.595	-0.0030319644138217	0.841703186044469
3920	19.6	-0.0030319644138217	0.840413514059037
3921	19.605	-0.0043216363992542	0.840413514059037
3922	19.61	-0.0030319644138217	0.841703186044469
3923	19.615	-0.0030319644138217	0.840413514059037
3924	19.62	-0.0030319644138217	0.841703186044469
3925	19.625	-0.0030319644138217	0.840413514059037
3926	19.63	-0.0043216363992542	0.840413514059037
3927	19.635	-0.0043216363992542	0.840413514059037
3928	19.64	-0.0043216363992542	0.841703186044469
3929	19.645	-0.0043216363992542	0.839123842073604
3930	19.65	-0.0030319644138217	0.840413514059037
3931	19.655	-0.0030319644138217	0.840413514059037
3932	19.66	-0.0030319644138217	0.839123842073604
3933	19.665	-0.0030319644138217	0.839123842073604
3934	19.67	-0.0030319644138217	0.839123842073604
3935	19.675	-0.0043216363992542	0.839123842073604
3936	19.68	-0.0043216363992542	0.839123842073604
3937	19.685	-0.0043216363992542	0.839123842073604
3938	19.69	-0.0030319644138217	0.839123842073604
3939	19.695	-0.0043216363992542	0.839123842073604
3940	19.7	-0.0030319644138217	0.839123842073604
3941	19.705	-0.0043216363992542	0.839123842073604
3942	19.71	-0.0043216363992542	0.839123842073604
3943	19.715	-0.0043216363992542	0.837834170088172
3944	19.72	-0.0043216363992542	0.839123842073604
3945	19.725	-0.0043216363992542	0.839123842073604
3946	19.73	-0.0043216363992542	0.837834170088172
3947	19.735	-0.0030319644138217	0.837834170088172
3948	19.74	-0.0043216363992542	0.837834170088172
3949	19.745	-0.0043216363992542	0.837834170088172
3950	19.75	-0.0043216363992542	0.837834170088172
3951	19.755	-0.0043216363992542	0.837834170088172
3952	19.76	-0.0043216363992542	0.837834170088172
3953	19.765	-0.0043216363992542	0.837834170088172
3954	19.77	-0.0030319644138217	0.837834170088172
3955	19.775	-0.0043216363992542	0.837834170088172
3956	19.78	-0.0043216363992542	0.837834170088172
3957	19.785	-0.0043216363992542	0.837834170088172
3958	19.79	-0.0043216363992542	0.837834170088172
3959	19.795	-0.0043216363992542	0.837834170088172
3960	19.8	-0.0030319644138217	0.836544498102739
3961	19.805	-0.0030319644138217	0.837834170088172
3962	19.81	-0.0030319644138217	0.836544498102739
3963	19.815	-0.0043216363992542	0.836544498102739
3964	19.82	-0.0030319644138217	0.836544498102739
3965	19.825	-0.0030319644138217	0.836544498102739
3966	19.83	-0.0030319644138217	0.836544498102739
3967	19.835	-0.0043216363992542	0.836544498102739
3968	19.84	-0.0030319644138217	0.836544498102739
3969	19.845	-0.0030319644138217	0.836544498102739
3970	19.85	-0.0043216363992542	0.835254826117307
3971	19.855	-0.0043216363992542	0.836544498102739
3972	19.86	-0.0043216363992542	0.836544498102739
3973	19.865	-0.0043216363992542	0.835254826117307
3974	19.87	-0.0043216363992542	0.835254826117307
3975	19.875	-0.0043216363992542	0.835254826117307
3976	19.88	-0.0030319644138217	0.835254826117307
3977	19.885	-0.0043216363992542	0.835254826117307
3978	19.89	-0.0043216363992542	0.835254826117307
3979	19.895	-0.0043216363992542	0.835254826117307
3980	19.9	-0.0030319644138217	0.835254826117307
3981	19.905	-0.0043216363992542	0.835254826117307
3982	19.91	-0.0043216363992542	0.835254826117307
3983	19.915	-0.0043216363992542	0.835254826117307
3984	19.92	-0.0043216363992542	0.835254826117307
3985	19.925	-0.0030319644138217	0.835254826117307
3986	19.93	-0.0030319644138217	0.835254826117307
3987	19.935	-0.0043216363992542	0.833965154131874
3988	19.94	-0.0043216363992542	0.835254826117307
3989	19.945	-0.0030319644138217	0.833965154131874
3990	19.95	-0.0030319644138217	0.833965154131874
3991	19.955	-0.0043216363992542	0.833965154131874
3992	19.96	-0.0030319644138217	0.833965154131874
3993	19.965	-0.0030319644138217	0.833965154131874
3994	19.97	-0.0043216363992542	0.833965154131874
3995	19.975	-0.0043216363992542	0.833965154131874
3996	19.98	-0.0043216363992542	0.833965154131874
3997	19.985	-0.0030319644138217	0.833965154131874
3998	19.99	-0.0043216363992542	0.833965154131874
3999	19.995	-0.0043216363992542	0.833965154131874
4000	20	-0.0043216363992542	0.832675482146442
4001	20.005	-0.0030319644138217	0.832675482146442
4002	20.01	-0.0043216363992542	0.833965154131874
4003	20.015	-0.0043216363992542	0.833965154131874
4004	20.02	-0.0030319644138217	0.832675482146442
4005	20.025	-0.0030319644138217	0.832675482146442
4006	20.03	-0.0043216363992542	0.832675482146442
4007	20.035	-0.0043216363992542	0.832675482146442
4008	20.04	-0.0043216363992542	0.832675482146442
4009	20.045	-0.0043216363992542	0.831385810161009
4010	20.05	-0.0043216363992542	0.832675482146442
4011	20.055	-0.0043216363992542	0.832675482146442
4012	20.06	-0.0043216363992542	0.831385810161009
4013	20.065	-0.0043216363992542	0.831385810161009
4014	20.07	-0.0043216363992542	0.831385810161009
4015	20.075	-0.0043216363992542	0.831385810161009
4016	20.08	-0.0043216363992542	0.831385810161009
4017	20.085	-0.0043216363992542	0.831385810161009
4018	20.09	-0.0043216363992542	0.831385810161009
4019	20.095	-0.0043216363992542	0.830096138175577
4020	20.1	-0.0030319644138217	0.831385810161009
4021	20.105	-0.0030319644138217	0.830096138175577
4022	20.11	-0.0043216363992542	0.831385810161009
4023	20.115	-0.0030319644138217	0.831385810161009
4024	20.12	-0.0030319644138217	0.831385810161009
4025	20.125	-0.0043216363992542	0.830096138175577
4026	20.13	-0.0030319644138217	0.831385810161009
4027	20.135	-0.0043216363992542	0.830096138175577
4028	20.14	-0.0043216363992542	0.830096138175577
4029	20.145	-0.0030319644138217	0.830096138175577
4030	20.15	-0.0043216363992542	0.830096138175577
4031	20.155	-0.0043216363992542	0.830096138175577
4032	20.16	-0.0030319644138217	0.830096138175577
4033	20.165	-0.0043216363992542	0.830096138175577
4034	20.17	-0.0030319644138217	0.830096138175577
4035	20.175	-0.0030319644138217	0.830096138175577
4036	20.18	-0.0043216363992542	0.828806466190144
4037	20.185	-0.0043216363992542	0.828806466190144
4038	20.19	-0.0043216363992542	0.828806466190144
4039	20.195	-0.0043216363992542	0.830096138175577
4040	20.2	-0.0043216363992542	0.830096138175577
4041	20.205	-0.0043216363992542	0.828806466190144
4042	20.21	-0.0043216363992542	0.828806466190144
4043	20.215	-0.0043216363992542	0.828806466190144
4044	20.22	-0.0030319644138217	0.828806466190144
4045	20.225	-0.0043216363992542	0.828806466190144
4046	20.23	-0.0043216363992542	0.827516794204712
4047	20.235	-0.0043216363992542	0.827516794204712
4048	20.24	-0.0043216363992542	0.827516794204712
4049	20.245	-0.0043216363992542	0.827516794204712
4050	20.25	-0.0030319644138217	0.827516794204712
4051	20.255	-0.0030319644138217	0.827516794204712
4052	20.26	-0.0043216363992542	0.827516794204712
4053	20.265	-0.0043216363992542	0.827516794204712
4054	20.27	-0.0030319644138217	0.826227122219279
4055	20.275	-0.0043216363992542	0.827516794204712
4056	20.28	-0.0043216363992542	0.826227122219279
4057	20.285	-0.0030319644138217	0.826227122219279
4058	20.29	-0.0043216363992542	0.826227122219279
4059	20.295	-0.0043216363992542	0.826227122219279
4060	20.3	-0.0043216363992542	0.826227122219279
4061	20.305	-0.0043216363992542	0.826227122219279
4062	20.31	-0.0043216363992542	0.826227122219279
4063	20.315	-0.0043216363992542	0.826227122219279
4064	20.32	-0.0043216363992542	0.826227122219279
4065	20.325	-0.0043216363992542	0.826227122219279
4066	20.33	-0.0043216363992542	0.826227122219279
4067	20.335	-0.0043216363992542	0.826227122219279
4068	20.34	-0.0043216363992542	0.826227122219279
4069	20.345	-0.0043216363992542	0.826227122219279
4070	20.35	-0.0043216363992542	0.824937450233847
4071	20.355	-0.0043216363992542	0.824937450233847
4072	20.36	-0.0043216363992542	0.824937450233847
4073	20.365	-0.0043216363992542	0.824937450233847
4074	20.37	-0.0043216363992542	0.824937450233847
4075	20.375	-0.0043216363992542	0.824937450233847
4076	20.38	-0.0043216363992542	0.824937450233847
4077	20.385	-0.0043216363992542	0.823647778248414
4078	20.39	-0.0043216363992542	0.824937450233847
4079	20.395	-0.0043216363992542	0.823647778248414
4080	20.4	-0.0043216363992542	0.823647778248414
4081	20.405	-0.0030319644138217	0.823647778248414
4082	20.41	-0.0043216363992542	0.823647778248414
4083	20.415	-0.0043216363992542	0.823647778248414
4084	20.42	-0.0043216363992542	0.823647778248414
4085	20.425	-0.0043216363992542	0.823647778248414
4086	20.43	-0.0030319644138217	0.823647778248414
4087	20.435	-0.0043216363992542	0.822358106262982
4088	20.44	-0.0030319644138217	0.823647778248414
4089	20.445	-0.0043216363992542	0.822358106262982
4090	20.45	-0.0030319644138217	0.822358106262982
4091	20.455	-0.0043216363992542	0.822358106262982
4092	20.46	-0.0043216363992542	0.822358106262982
4093	20.465	-0.0043216363992542	0.822358106262982
4094	20.47	-0.0030319644138217	0.822358106262982
4095	20.475	-0.0043216363992542	0.822358106262982
4096	20.48	-0.0043216363992542	0.822358106262982
4097	20.485	-0.0030319644138217	0.822358106262982
4098	20.49	-0.0043216363992542	0.822358106262982
4099	20.495	-0.0043216363992542	0.822358106262982
4100	20.5	-0.0043216363992542	0.822358106262982
4101	20.505	-0.0043216363992542	0.821068434277549
4102	20.51	-0.0043216363992542	0.821068434277549
4103	20.515	-0.0043216363992542	0.821068434277549
4104	20.52	-0.0043216363992542	0.821068434277549
4105	20.525	-0.0043216363992542	0.821068434277549
4106	20.53	-0.0043216363992542	0.821068434277549
4107	20.535	-0.0043216363992542	0.819778762292117
4108	20.54	-0.0043216363992542	0.819778762292117
4109	20.545	-0.0030319644138217	0.819778762292117
4110	20.55	-0.0043216363992542	0.819778762292117
4111	20.555	-0.0043216363992542	0.821068434277549
4112	20.56	-0.0043216363992542	0.819778762292117
4113	20.565	-0.0043216363992542	0.819778762292117
4114	20.57	-0.0043216363992542	0.819778762292117
4115	20.575	-0.0043216363992542	0.819778762292117
4116	20.58	-0.0043216363992542	0.818489090306684
4117	20.585	-0.0030319644138217	0.818489090306684
4118	20.59	-0.0043216363992542	0.818489090306684
4119	20.595	-0.0043216363992542	0.819778762292117
4120	20.6	-0.0043216363992542	0.818489090306684
4121	20.605	-0.0043216363992542	0.818489090306684
4122	20.61	-0.0030319644138217	0.818489090306684
4123	20.615	-0.0043216363992542	0.818489090306684
4124	20.62	-0.0043216363992542	0.818489090306684
4125	20.625	-0.0043216363992542	0.818489090306684
4126	20.63	-0.0043216363992542	0.818489090306684
4127	20.635	-0.0043216363992542	0.818489090306684
4128	20.64	-0.0043216363992542	0.818489090306684
4129	20.645	-0.0043216363992542	0.817199418321252
4130	20.65	-0.0043216363992542	0.817199418321252
4131	20.655	-0.0043216363992542	0.817199418321252
4132	20.66	-0.0043216363992542	0.817199418321252
4133	20.665	-0.0030319644138217	0.818489090306684
4134	20.67	-0.0043216363992542	0.817199418321252
4135	20.675	-0.0043216363992542	0.817199418321252
4136	20.68	-0.0043216363992542	0.817199418321252
4137	20.685	-0.0043216363992542	0.817199418321252
4138	20.69	-0.0043216363992542	0.817199418321252
4139	20.695	-0.0043216363992542	0.817199418321252
4140	20.7	-0.0043216363992542	0.817199418321252
4141	20.705	-0.0043216363992542	0.815909746335819
4142	20.71	-0.0043216363992542	0.815909746335819
4143	20.715	-0.0043216363992542	0.817199418321252
4144	20.72	-0.0030319644138217	0.815909746335819
4145	20.725	-0.0043216363992542	0.815909746335819
4146	20.73	-0.0043216363992542	0.817199418321252
4147	20.735	-0.0043216363992542	0.815909746335819
4148	20.74	-0.0043216363992542	0.815909746335819
4149	20.745	-0.0030319644138217	0.815909746335819
4150	20.75	-0.0043216363992542	0.815909746335819
4151	20.755	-0.0043216363992542	0.815909746335819
4152	20.76	-0.0043216363992542	0.815909746335819
4153	20.765	-0.0043216363992542	0.815909746335819
4154	20.77	-0.0043216363992542	0.815909746335819
4155	20.775	-0.0043216363992542	0.814620074350387
4156	20.78	-0.0043216363992542	0.815909746335819
4157	20.785	-0.0043216363992542	0.814620074350387
4158	20.79	-0.0043216363992542	0.814620074350387
4159	20.795	-0.0030319644138217	0.814620074350387
4160	20.8	-0.0043216363992542	0.814620074350387
4161	20.805	-0.0043216363992542	0.814620074350387
4162	20.81	-0.0043216363992542	0.814620074350387
4163	20.815	-0.0043216363992542	0.814620074350387
4164	20.82	-0.0043216363992542	0.814620074350387
4165	20.825	-0.0043216363992542	0.814620074350387
4166	20.83	-0.0030319644138217	0.813330402364954
4167	20.835	-0.0043216363992542	0.813330402364954
4168	20.84	-0.0043216363992542	0.813330402364954
4169	20.845	-0.0043216363992542	0.813330402364954
4170	20.85	-0.0043216363992542	0.813330402364954
4171	20.855	-0.0043216363992542	0.813330402364954
4172	20.86	-0.0043216363992542	0.813330402364954
4173	20.865	-0.0043216363992542	0.813330402364954
4174	20.87	-0.0030319644138217	0.813330402364954
4175	20.875	-0.0043216363992542	0.813330402364954
4176	20.88	-0.0043216363992542	0.813330402364954
4177	20.885	-0.0043216363992542	0.813330402364954
4178	20.89	-0.0043216363992542	0.812040730379522
4179	20.895	-0.0043216363992542	0.813330402364954
4180	20.9	-0.0043216363992542	0.812040730379522
4181	20.905	-0.0043216363992542	0.813330402364954
4182	20.91	-0.0043216363992542	0.812040730379522
4183	20.915	-0.0030319644138217	0.813330402364954
4184	20.92	-0.0043216363992542	0.813330402364954
4185	20.925	-0.0043216363992542	0.812040730379522
4186	20.93	-0.0030319644138217	0.812040730379522
4187	20.935	-0.0043216363992542	0.812040730379522
4188	20.94	-0.0030319644138217	0.812040730379522
4189	20.945	-0.0043216363992542	0.812040730379522
4190	20.95	-0.0030319644138217	0.810751058394089
4191	20.955	-0.0030319644138217	0.812040730379522
4192	20.96	-0.0043216363992542	0.810751058394089
4193	20.965	-0.0043216363992542	0.812040730379522
4194	20.97	-0.0043216363992542	0.812040730379522
4195	20.975	-0.0030319644138217	0.810751058394089
4196	20.98	-0.0043216363992542	0.810751058394089
4197	20.985	-0.0043216363992542	0.810751058394089
4198	20.99	-0.0043216363992542	0.810751058394089
4199	20.995	-0.0030319644138217	0.810751058394089
4200	21	-0.0030319644138217	0.810751058394089
4201	21.005	-0.0030319644138217	0.810751058394089
4202	21.01	-0.0043216363992542	0.810751058394089
4203	21.015	-0.0043216363992542	0.810751058394089
4204	21.02	-0.0030319644138217	0.810751058394089
4205	21.025	-0.0030319644138217	0.809461386408657
4206	21.03	-0.0043216363992542	0.809461386408657
4207	21.035	-0.0043216363992542	0.809461386408657
4208	21.04	-0.0043216363992542	0.809461386408657
4209	21.045	-0.0030319644138217	0.809461386408657
4210	21.05	-0.0030319644138217	0.809461386408657
4211	21.055	-0.0043216363992542	0.809461386408657
4212	21.06	-0.0043216363992542	0.809461386408657
4213	21.065	-0.0043216363992542	0.809461386408657
4214	21.07	-0.0043216363992542	0.809461386408657
4215	21.075	-0.0043216363992542	0.809461386408657
4216	21.08	-0.0043216363992542	0.809461386408657
4217	21.085	-0.0043216363992542	0.809461386408657
4218	21.09	-0.0043216363992542	0.809461386408657
4219	21.095	-0.0043216363992542	0.808171714423224
4220	21.1	-0.0030319644138217	0.809461386408657
4221	21.105	-0.0043216363992542	0.809461386408657
4222	21.11	-0.0043216363992542	0.808171714423224
4223	21.115	-0.0030319644138217	0.808171714423224
4224	21.12	-0.0043216363992542	0.808171714423224
4225	21.125	-0.0043216363992542	0.808171714423224
4226	21.13	-0.0030319644138217	0.808171714423224
4227	21.135	-0.0043216363992542	0.808171714423224
4228	21.14	-0.0030319644138217	0.808171714423224
4229	21.145	-0.0043216363992542	0.806882042437792
4230	21.15	-0.0043216363992542	0.806882042437792
4231	21.155	-0.0043216363992542	0.806882042437792
4232	21.16	-0.0043216363992542	0.808171714423224
4233	21.165	-0.0043216363992542	0.808171714423224
4234	21.17	-0.0043216363992542	0.806882042437792
4235	21.175	-0.0030319644138217	0.806882042437792
4236	21.18	-0.0043216363992542	0.806882042437792
4237	21.185	-0.0043216363992542	0.806882042437792
4238	21.19	-0.0030319644138217	0.806882042437792
4239	21.195	-0.0043216363992542	0.806882042437792
4240	21.2	-0.0043216363992542	0.806882042437792
4241	21.205	-0.0030319644138217	0.806882042437792
4242	21.21	-0.0043216363992542	0.806882042437792
4243	21.215	-0.0043216363992542	0.805592370452359
4244	21.22	-0.0030319644138217	0.806882042437792
4245	21.225	-0.0030319644138217	0.805592370452359
4246	21.23	-0.0043216363992542	0.805592370452359
4247	21.235	-0.0043216363992542	0.805592370452359
4248	21.24	-0.0043216363992542	0.805592370452359
4249	21.245	-0.0030319644138217	0.805592370452359
4250	21.25	-0.0043216363992542	0.805592370452359
4251	21.255	-0.0030319644138217	0.805592370452359
4252	21.26	-0.0030319644138217	0.805592370452359
4253	21.265	-0.0030319644138217	0.805592370452359
4254	21.27	-0.0043216363992542	0.805592370452359
4255	21.275	-0.0043216363992542	0.805592370452359
4256	21.28	-0.0030319644138217	0.804302698466927
4257	21.285	-0.0030319644138217	0.805592370452359
4258	21.29	-0.0043216363992542	0.804302698466927
4259	21.295	-0.0043216363992542	0.804302698466927
4260	21.3	-0.0043216363992542	0.804302698466927
4261	21.305	-0.0030319644138217	0.804302698466927
4262	21.31	-0.0043216363992542	0.804302698466927
4263	21.315	-0.0030319644138217	0.804302698466927
4264	21.32	-0.0043216363992542	0.804302698466927
4265	21.325	-0.0030319644138217	0.804302698466927
4266	21.33	-0.0043216363992542	0.804302698466927
4267	21.335	-0.0030319644138217	0.804302698466927
4268	21.34	-0.0030319644138217	0.803013026481494
4269	21.345	-0.0043216363992542	0.803013026481494
4270	21.35	-0.0043216363992542	0.803013026481494
4271	21.355	-0.0043216363992542	0.803013026481494
4272	21.36	-0.0030319644138217	0.804302698466927
4273	21.365	-0.0043216363992542	0.803013026481494
4274	21.37	-0.0030319644138217	0.803013026481494
4275	21.375	-0.0043216363992542	0.803013026481494
4276	21.38	-0.0030319644138217	0.803013026481494
4277	21.385	-0.0043216363992542	0.803013026481494
4278	21.39	-0.0030319644138217	0.801723354496062
4279	21.395	-0.0043216363992542	0.803013026481494
4280	21.4	-0.0043216363992542	0.801723354496062
4281	21.405	-0.0030319644138217	0.803013026481494
4282	21.41	-0.0043216363992542	0.803013026481494
4283	21.415	-0.0030319644138217	0.803013026481494
4284	21.42	-0.0030319644138217	0.803013026481494
4285	21.425	-0.0043216363992542	0.803013026481494
4286	21.43	-0.0043216363992542	0.801723354496062
4287	21.435	-0.0043216363992542	0.801723354496062
4288	21.44	-0.0030319644138217	0.801723354496062
4289	21.445	-0.0030319644138217	0.801723354496062
4290	21.45	-0.0030319644138217	0.801723354496062
4291	21.455	-0.0030319644138217	0.800433682510629
4292	21.46	-0.0043216363992542	0.801723354496062
4293	21.465	-0.0043216363992542	0.800433682510629
4294	21.47	-0.0043216363992542	0.801723354496062
4295	21.475	-0.0030319644138217	0.800433682510629
4296	21.48	-0.0030319644138217	0.801723354496062
4297	21.485	-0.0043216363992542	0.800433682510629
4298	21.49	-0.0030319644138217	0.801723354496062
4299	21.495	-0.0030319644138217	0.800433682510629
4300	21.5	-0.0030319644138217	0.800433682510629
4301	21.505	-0.0030319644138217	0.800433682510629
4302	21.51	-0.0030319644138217	0.800433682510629
4303	21.515	-0.0030319644138217	0.800433682510629
4304	21.52	-0.0043216363992542	0.800433682510629
4305	21.525	-0.0030319644138217	0.799144010525197
4306	21.53	-0.0043216363992542	0.800433682510629
4307	21.535	-0.0030319644138217	0.799144010525197
4308	21.54	-0.0030319644138217	0.799144010525197
4309	21.545	-0.0043216363992542	0.800433682510629
4310	21.55	-0.0030319644138217	0.799144010525197
4311	21.555	-0.0030319644138217	0.799144010525197
4312	21.56	-0.0030319644138217	0.799144010525197
4313	21.565	-0.0030319644138217	0.799144010525197
4314	21.57	-0.0030319644138217	0.799144010525197
4315	21.575	-0.0030319644138217	0.799144010525197
4316	21.58	-0.0043216363992542	0.799144010525197
4317	21.585	-0.0043216363992542	0.799144010525197
4318	21.59	-0.0043216363992542	0.799144010525197
4319	21.595	-0.0030319644138217	0.799144010525197
4320	21.6	-0.0043216363992542	0.797854338539764
4321	21.605	-0.0043216363992542	0.797854338539764
4322	21.61	-0.0030319644138217	0.797854338539764
4323	21.615	-0.0043216363992542	0.799144010525197
4324	21.62	-0.0030319644138217	0.797854338539764
4325	21.625	-0.0030319644138217	0.797854338539764
4326	21.63	-0.0030319644138217	0.799144010525197
4327	21.635	-0.0030319644138217	0.797854338539764
4328	21.64	-0.0043216363992542	0.797854338539764
4329	21.645	-0.0030319644138217	0.797854338539764
4330	21.65	-0.0043216363992542	0.797854338539764
4331	21.655	-0.0030319644138217	0.796564666554332
4332	21.66	-0.0030319644138217	0.797854338539764
4333	21.665	-0.0030319644138217	0.797854338539764
4334	21.67	-0.0030319644138217	0.797854338539764
4335	21.675	-0.0043216363992542	0.796564666554332
4336	21.68	-0.0043216363992542	0.797854338539764
4337	21.685	-0.0043216363992542	0.796564666554332
4338	21.69	-0.0043216363992542	0.796564666554332
4339	21.695	-0.0030319644138217	0.796564666554332
4340	21.7	-0.0030319644138217	0.796564666554332
4341	21.705	-0.0043216363992542	0.796564666554332
4342	21.71	-0.0030319644138217	0.796564666554332
4343	21.715	-0.0030319644138217	0.795274994568899
4344	21.72	-0.0030319644138217	0.796564666554332
4345	21.725	-0.0043216363992542	0.795274994568899
4346	21.73	-0.0043216363992542	0.795274994568899
4347	21.735	-0.0030319644138217	0.795274994568899
4348	21.74	-0.0043216363992542	0.796564666554332
4349	21.745	-0.0043216363992542	0.796564666554332
4350	21.75	-0.0030319644138217	0.795274994568899
4351	21.755	-0.0043216363992542	0.795274994568899
4352	21.76	-0.0030319644138217	0.795274994568899
4353	21.765	-0.0030319644138217	0.795274994568899
4354	21.77	-0.0030319644138217	0.795274994568899
4355	21.775	-0.0043216363992542	0.795274994568899
4356	21.78	-0.0030319644138217	0.795274994568899
4357	21.785	-0.0030319644138217	0.795274994568899
4358	21.79	-0.0030319644138217	0.793985322583467
4359	21.795	-0.0030319644138217	0.793985322583467
4360	21.8	-0.0043216363992542	0.793985322583467
4361	21.805	-0.0030319644138217	0.793985322583467
4362	21.81	-0.0043216363992542	0.793985322583467
4363	21.815	-0.0043216363992542	0.793985322583467
4364	21.82	-0.0030319644138217	0.793985322583467
4365	21.825	-0.0043216363992542	0.793985322583467
4366	21.83	-0.0043216363992542	0.793985322583467
4367	21.835	-0.0043216363992542	0.793985322583467
4368	21.84	-0.0030319644138217	0.792695650598034
4369	21.845	-0.0043216363992542	0.792695650598034
4370	21.85	-0.0043216363992542	0.793985322583467
4371	21.855	-0.0030319644138217	0.793985322583467
4372	21.86	-0.0043216363992542	0.792695650598034
4373	21.865	-0.0030319644138217	0.792695650598034
4374	21.87	-0.0043216363992542	0.792695650598034
4375	21.875	-0.0043216363992542	0.792695650598034
4376	21.88	-0.0043216363992542	0.792695650598034
4377	21.885	-0.0030319644138217	0.792695650598034
4378	21.89	-0.0043216363992542	0.792695650598034
4379	21.895	-0.0043216363992542	0.792695650598034
4380	21.9	-0.0043216363992542	0.792695650598034
4381	21.905	-0.0030319644138217	0.792695650598034
4382	21.91	-0.0030319644138217	0.792695650598034
4383	21.915	-0.0030319644138217	0.791405978612602
4384	21.92	-0.0043216363992542	0.791405978612602
4385	21.925	-0.0043216363992542	0.791405978612602
4386	21.93	-0.0030319644138217	0.791405978612602
4387	21.935	-0.0030319644138217	0.791405978612602
4388	21.94	-0.0043216363992542	0.791405978612602
4389	21.945	-0.0030319644138217	0.791405978612602
4390	21.95	-0.0030319644138217	0.791405978612602
4391	21.955	-0.0043216363992542	0.791405978612602
4392	21.96	-0.0030319644138217	0.791405978612602
4393	21.965	-0.0030319644138217	0.791405978612602
4394	21.97	-0.0043216363992542	0.791405978612602
4395	21.975	-0.0043216363992542	0.791405978612602
4396	21.98	-0.0043216363992542	0.790116306627169
4397	21.985	-0.0030319644138217	0.791405978612602
4398	21.99	-0.0043216363992542	0.791405978612602
4399	21.995	-0.0043216363992542	0.791405978612602
4400	22	-0.0043216363992542	0.790116306627169
4401	22.005	-0.0043216363992542	0.790116306627169
4402	22.01	-0.0043216363992542	0.790116306627169
4403	22.015	-0.0043216363992542	0.790116306627169
4404	22.02	-0.0030319644138217	0.790116306627169
4405	22.025	-0.0030319644138217	0.790116306627169
4406	22.03	-0.0030319644138217	0.790116306627169
4407	22.035	-0.0043216363992542	0.790116306627169
4408	22.04	-0.0043216363992542	0.790116306627169
4409	22.045	-0.0043216363992542	0.790116306627169
4410	22.05	-0.0043216363992542	0.788826634641737
4411	22.055	-0.0043216363992542	0.788826634641737
4412	22.06	-0.0043216363992542	0.788826634641737
4413	22.065	-0.0043216363992542	0.788826634641737
4414	22.07	-0.0043216363992542	0.790116306627169
4415	22.075	-0.0043216363992542	0.788826634641737
4416	22.08	-0.0043216363992542	0.790116306627169
4417	22.085	-0.0030319644138217	0.788826634641737
4418	22.09	-0.0043216363992542	0.788826634641737
4419	22.095	-0.0043216363992542	0.788826634641737
4420	22.1	-0.0043216363992542	0.788826634641737
4421	22.105	-0.0030319644138217	0.788826634641737
4422	22.11	-0.0030319644138217	0.787536962656304
4423	22.115	-0.0043216363992542	0.788826634641737
4424	22.12	-0.0043216363992542	0.788826634641737
4425	22.125	-0.0043216363992542	0.788826634641737
4426	22.13	-0.0043216363992542	0.787536962656304
4427	22.135	-0.0043216363992542	0.787536962656304
4428	22.14	-0.0043216363992542	0.787536962656304
4429	22.145	-0.0030319644138217	0.787536962656304
4430	22.15	-0.0043216363992542	0.787536962656304
4431	22.155	-0.0043216363992542	0.787536962656304
4432	22.16	-0.0030319644138217	0.787536962656304
4433	22.165	-0.0030319644138217	0.787536962656304
4434	22.17	-0.0043216363992542	0.787536962656304
4435	22.175	-0.0043216363992542	0.786247290670872
4436	22.18	-0.0043216363992542	0.786247290670872
4437	22.185	-0.0043216363992542	0.787536962656304
4438	22.19	-0.0030319644138217	0.786247290670872
4439	22.195	-0.0043216363992542	0.786247290670872
4440	22.2	-0.0030319644138217	0.786247290670872
4441	22.205	-0.0043216363992542	0.786247290670872
4442	22.21	-0.0043216363992542	0.786247290670872
4443	22.215	-0.0043216363992542	0.786247290670872
4444	22.22	-0.0030319644138217	0.784957618685439
4445	22.225	-0.0043216363992542	0.786247290670872
4446	22.23	-0.0043216363992542	0.786247290670872
4447	22.235	-0.0030319644138217	0.786247290670872
4448	22.24	-0.0030319644138217	0.786247290670872
4449	22.245	-0.0043216363992542	0.784957618685439
4450	22.25	-0.0030319644138217	0.784957618685439
4451	22.255	-0.0030319644138217	0.784957618685439
4452	22.26	-0.0043216363992542	0.784957618685439
4453	22.265	-0.0030319644138217	0.784957618685439
4454	22.27	-0.0043216363992542	0.784957618685439
4455	22.275	-0.0043216363992542	0.784957618685439
4456	22.28	-0.0030319644138217	0.784957618685439
4457	22.285	-0.0043216363992542	0.784957618685439
4458	22.29	-0.0043216363992542	0.783667946700007
4459	22.295	-0.0043216363992542	0.784957618685439
4460	22.3	-0.0030319644138217	0.783667946700007
4461	22.305	-0.0030319644138217	0.783667946700007
4462	22.31	-0.0043216363992542	0.783667946700007
4463	22.315	-0.0043216363992542	0.783667946700007
4464	22.32	-0.0043216363992542	0.783667946700007
4465	22.325	-0.0043216363992542	0.783667946700007
4466	22.33	-0.0043216363992542	0.783667946700007
4467	22.335	-0.0043216363992542	0.783667946700007
4468	22.34	-0.0043216363992542	0.783667946700007
4469	22.345	-0.0043216363992542	0.782378274714574
4470	22.35	-0.0043216363992542	0.782378274714574
4471	22.355	-0.0043216363992542	0.782378274714574
4472	22.36	-0.0043216363992542	0.782378274714574
4473	22.365	-0.0043216363992542	0.782378274714574
4474	22.37	-0.0043216363992542	0.782378274714574
4475	22.375	-0.0030319644138217	0.782378274714574
4476	22.38	-0.0043216363992542	0.782378274714574
4477	22.385	-0.0030319644138217	0.782378274714574
4478	22.39	-0.0043216363992542	0.781088602729142
4479	22.395	-0.0043216363992542	0.782378274714574
4480	22.4	-0.0043216363992542	0.782378274714574
4481	22.405	-0.0030319644138217	0.782378274714574
4482	22.41	-0.0043216363992542	0.782378274714574
4483	22.415	-0.0043216363992542	0.781088602729142
4484	22.42	-0.0043216363992542	0.781088602729142
4485	22.425	-0.0043216363992542	0.781088602729142
4486	22.43	-0.0043216363992542	0.781088602729142
4487	22.435	-0.0043216363992542	0.779798930743709
4488	22.44	-0.0030319644138217	0.781088602729142
4489	22.445	-0.0043216363992542	0.781088602729142
4490	22.45	-0.0030319644138217	0.779798930743709
4491	22.455	-0.0043216363992542	0.779798930743709
4492	22.46	-0.0043216363992542	0.779798930743709
4493	22.465	-0.0043216363992542	0.779798930743709
4494	22.47	-0.0043216363992542	0.779798930743709
4495	22.475	-0.0043216363992542	0.779798930743709
4496	22.48	-0.0043216363992542	0.779798930743709
4497	22.485	-0.0043216363992542	0.778509258758277
4498	22.49	-0.0030319644138217	0.778509258758277
4499	22.495	-0.0043216363992542	0.778509258758277
4500	22.5	-0.0043216363992542	0.778509258758277
4501	22.505	-0.0043216363992542	0.778509258758277
4502	22.51	-0.0043216363992542	0.778509258758277
4503	22.515	-0.0043216363992542	0.778509258758277
4504	22.52	-0.0043216363992542	0.778509258758277
4505	22.525	-0.0043216363992542	0.778509258758277
4506	22.53	-0.0043216363992542	0.777219586772844
4507	22.535	-0.0043216363992542	0.778509258758277
4508	22.54	-0.0043216363992542	0.777219586772844
4509	22.545	-0.0043216363992542	0.777219586772844
4510	22.55	-0.0043216363992542	0.777219586772844
4511	22.555	-0.0043216363992542	0.777219586772844
4512	22.56	-0.0043216363992542	0.777219586772844
4513	22.565	-0.0043216363992542	0.777219586772844
4514	22.57	-0.0043216363992542	0.775929914787412
4515	22.575	-0.0043216363992542	0.777219586772844
4516	22.58	-0.0043216363992542	0.775929914787412
4517	22.585	-0.0043216363992542	0.775929914787412
4518	22.59	-0.0043216363992542	0.775929914787412
4519	22.595	-0.0043216363992542	0.775929914787412
4520	22.6	-0.0043216363992542	0.775929914787412
4521	22.605	-0.0043216363992542	0.775929914787412
4522	22.61	-0.0043216363992542	0.775929914787412
4523	22.615	-0.0043216363992542	0.774640242801979
4524	22.62	-0.0043216363992542	0.774640242801979
4525	22.625	-0.0043216363992542	0.774640242801979
4526	22.63	-0.0043216363992542	0.774640242801979
4527	22.635	-0.0043216363992542	0.774640242801979
4528	22.64	-0.0043216363992542	0.774640242801979
4529	22.645	-0.0043216363992542	0.774640242801979
4530	22.65	-0.00561130838468671	0.774640242801979
4531	22.655	-0.0043216363992542	0.774640242801979
4532	22.66	-0.0043216363992542	0.773350570816547
4533	22.665	-0.0043216363992542	0.774640242801979
4534	22.67	-0.0043216363992542	0.773350570816547
4535	22.675	-0.0043216363992542	0.773350570816547
4536	22.68	-0.00561130838468671	0.772060898831114
4537	22.685	-0.0043216363992542	0.773350570816547
4538	22.69	-0.0043216363992542	0.773350570816547
4539	22.695	-0.0043216363992542	0.772060898831114
4540	22.7	-0.0043216363992542	0.773350570816547
4541	22.705	-0.0043216363992542	0.772060898831114
4542	22.71	-0.0043216363992542	0.772060898831114
4543	22.715	-0.0043216363992542	0.772060898831114
4544	22.72	-0.0043216363992542	0.772060898831114
4545	22.725	-0.0043216363992542	0.772060898831114
4546	22.73	-0.0043216363992542	0.772060898831114
4547	22.735	-0.00561130838468671	0.772060898831114
4548	22.74	-0.0043216363992542	0.772060898831114
4549	22.745	-0.0043216363992542	0.772060898831114
4550	22.75	-0.0043216363992542	0.770771226845682
4551	22.755	-0.0043216363992542	0.770771226845682
4552	22.76	-0.0043216363992542	0.770771226845682
4553	22.765	-0.0043216363992542	0.770771226845682
4554	22.77	-0.0043216363992542	0.770771226845682
4555	22.775	-0.0043216363992542	0.770771226845682
4556	22.78	-0.0043216363992542	0.769481554860249
4557	22.785	-0.0043216363992542	0.769481554860249
4558	22.79	-0.0043216363992542	0.769481554860249
4559	22.795	-0.0043216363992542	0.769481554860249
4560	22.8	-0.0043216363992542	0.769481554860249
4561	22.805	-0.0043216363992542	0.769481554860249
4562	22.81	-0.0043216363992542	0.769481554860249
4563	22.815	-0.0043216363992542	0.769481554860249
4564	22.82	-0.0043216363992542	0.769481554860249
4565	22.825	-0.0043216363992542	0.768191882874817
4566	22.83	-0.0043216363992542	0.769481554860249
4567	22.835	-0.0043216363992542	0.768191882874817
4568	22.84	-0.0043216363992542	0.768191882874817
4569	22.845	-0.0030319644138217	0.768191882874817
4570	22.85	-0.0043216363992542	0.768191882874817
4571	22.855	-0.0043216363992542	0.768191882874817
4572	22.86	-0.0043216363992542	0.768191882874817
4573	22.865	-0.0043216363992542	0.766902210889384
4574	22.87	-0.0043216363992542	0.766902210889384
4575	22.875	-0.0043216363992542	0.766902210889384
4576	22.88	-0.0030319644138217	0.766902210889384
4577	22.885	-0.0043216363992542	0.766902210889384
4578	22.89	-0.0043216363992542	0.766902210889384
4579	22.895	-0.0043216363992542	0.765612538903952
4580	22.9	-0.0043216363992542	0.766902210889384
4581	22.905	-0.0043216363992542	0.766902210889384
4582	22.91	-0.0043216363992542	0.766902210889384
4583	22.915	-0.0043216363992542	0.765612538903952
4584	22.92	-0.0043216363992542	0.766902210889384
4585	22.925	-0.0043216363992542	0.765612538903952
4586	22.93	-0.0030319644138217	0.765612538903952
4587	22.935	-0.0043216363992542	0.765612538903952
4588	22.94	-0.0043216363992542	0.765612538903952
4589	22.945	-0.0043216363992542	0.764322866918519
4590	22.95	-0.0043216363992542	0.764322866918519
4591	22.955	-0.0030319644138217	0.765612538903952
4592	22.96	-0.0043216363992542	0.765612538903952
4593	22.965	-0.0030319644138217	0.765612538903952
4594	22.97	-0.0043216363992542	0.764322866918519
4595	22.975	-0.0043216363992542	0.764322866918519
4596	22.98	-0.0043216363992542	0.764322866918519
4597	22.985	-0.0043216363992542	0.764322866918519
4598	22.99	-0.0043216363992542	0.764322866918519
4599	22.995	-0.0043216363992542	0.764322866918519
4600	23	-0.0043216363992542	0.764322866918519
4601	23.005	-0.0043216363992542	0.764322866918519
4602	23.01	-0.0043216363992542	0.764322866918519
4603	23.015	-0.0043216363992542	0.763033194933087
4604	23.02	-0.0043216363992542	0.764322866918519
4605	23.025	-0.0030319644138217	0.763033194933087
4606	23.03	-0.0043216363992542	0.764322866918519
4607	23.035	-0.0030319644138217	0.763033194933087
4608	23.04	-0.0043216363992542	0.763033194933087
4609	23.045	-0.0043216363992542	0.764322866918519
4610	23.05	-0.0043216363992542	0.763033194933087
4611	23.055	-0.0043216363992542	0.763033194933087
4612	23.06	-0.0030319644138217	0.763033194933087
4613	23.065	-0.0043216363992542	0.763033194933087
4614	23.07	-0.0030319644138217	0.763033194933087
4615	23.075	-0.0043216363992542	0.763033194933087
4616	23.08	-0.0030319644138217	0.763033194933087
4617	23.085	-0.0030319644138217	0.763033194933087
4618	23.09	-0.0030319644138217	0.763033194933087
4619	23.095	-0.0043216363992542	0.761743522947654
4620	23.1	-0.0030319644138217	0.761743522947654
4621	23.105	-0.0043216363992542	0.761743522947654
4622	23.11	-0.0043216363992542	0.761743522947654
4623	23.115	-0.0030319644138217	0.761743522947654
4624	23.12	-0.0043216363992542	0.761743522947654
4625	23.125	-0.0043216363992542	0.761743522947654
4626	23.13	-0.0043216363992542	0.760453850962222
4627	23.135	-0.0030319644138217	0.760453850962222
4628	23.14	-0.0043216363992542	0.760453850962222
4629	23.145	-0.0030319644138217	0.760453850962222
4630	23.15	-0.0043216363992542	0.761743522947654
4631	23.155	-0.0043216363992542	0.760453850962222
4632	23.16	-0.0030319644138217	0.760453850962222
4633	23.165	-0.0043216363992542	0.760453850962222
4634	23.17	-0.0043216363992542	0.760453850962222
4635	23.175	-0.0043216363992542	0.760453850962222
4636	23.18	-0.0043216363992542	0.760453850962222
4637	23.185	-0.0043216363992542	0.760453850962222
4638	23.19	-0.0030319644138217	0.760453850962222
4639	23.195	-0.0030319644138217	0.760453850962222
4640	23.2	-0.0030319644138217	0.760453850962222
4641	23.205	-0.0030319644138217	0.759164178976789
4642	23.21	-0.0030319644138217	0.759164178976789
4643	23.215	-0.0043216363992542	0.759164178976789
4644	23.22	-0.0043216363992542	0.759164178976789
4645	23.225	-0.0030319644138217	0.759164178976789
4646	23.23	-0.0043216363992542	0.759164178976789
4647	23.235	-0.0030319644138217	0.759164178976789
4648	23.24	-0.0043216363992542	0.759164178976789
4649	23.245	-0.0030319644138217	0.759164178976789
4650	23.25	-0.0043216363992542	0.759164178976789
4651	23.255	-0.0030319644138217	0.757874506991357
4652	23.26	-0.0030319644138217	0.757874506991357
4653	23.265	-0.0030319644138217	0.757874506991357
4654	23.27	-0.0043216363992542	0.757874506991357
4655	23.275	-0.0043216363992542	0.757874506991357
4656	23.28	-0.0030319644138217	0.757874506991357
4657	23.285	-0.0043216363992542	0.757874506991357
4658	23.29	-0.0030319644138217	0.757874506991357
4659	23.295	-0.0043216363992542	0.757874506991357
4660	23.3	-0.0030319644138217	0.757874506991357
4661	23.305	-0.0043216363992542	0.757874506991357
4662	23.31	-0.0030319644138217	0.756584835005924
4663	23.315	-0.0043216363992542	0.757874506991357
4664	23.32	-0.0043216363992542	0.756584835005924
4665	23.325	-0.0030319644138217	0.757874506991357
4666	23.33	-0.0030319644138217	0.756584835005924
4667	23.335	-0.0043216363992542	0.757874506991357
4668	23.34	-0.0030319644138217	0.756584835005924
4669	23.345	-0.0030319644138217	0.757874506991357
4670	23.35	-0.0043216363992542	0.756584835005924
4671	23.355	-0.0043216363992542	0.756584835005924
4672	23.36	-0.0030319644138217	0.756584835005924
4673	23.365	-0.0043216363992542	0.756584835005924
4674	23.37	-0.0043216363992542	0.756584835005924
4675	23.375	-0.0030319644138217	0.756584835005924
4676	23.38	-0.0030319644138217	0.756584835005924
4677	23.385	-0.0043216363992542	0.756584835005924
4678	23.39	-0.0043216363992542	0.756584835005924
4679	23.395	-0.0043216363992542	0.756584835005924
4680	23.4	-0.0030319644138217	0.755295163020492
4681	23.405	-0.0030319644138217	0.756584835005924
4682	23.41	-0.0043216363992542	0.756584835005924
4683	23.415	-0.0043216363992542	0.755295163020492
4684	23.42	-0.0043216363992542	0.755295163020492
4685	23.425	-0.0030319644138217	0.755295163020492
4686	23.43	-0.0030319644138217	0.755295163020492
4687	23.435	-0.0043216363992542	0.755295163020492
4688	23.44	-0.0043216363992542	0.755295163020492
4689	23.445	-0.0030319644138217	0.755295163020492
4690	23.45	-0.0043216363992542	0.755295163020492
4691	23.455	-0.0043216363992542	0.754005491035059
4692	23.46	-0.0043216363992542	0.755295163020492
4693	23.465	-0.0043216363992542	0.755295163020492
4694	23.47	-0.0030319644138217	0.755295163020492
4695	23.475	-0.0043216363992542	0.755295163020492
4696	23.48	-0.0043216363992542	0.755295163020492
4697	23.485	-0.0030319644138217	0.755295163020492
4698	23.49	-0.0043216363992542	0.755295163020492
4699	23.495	-0.0043216363992542	0.755295163020492
4700	23.5	-0.0030319644138217	0.754005491035059
4701	23.505	-0.0030319644138217	0.754005491035059
4702	23.51	-0.0030319644138217	0.754005491035059
4703	23.515	-0.0043216363992542	0.754005491035059
4704	23.52	-0.0030319644138217	0.754005491035059
4705	23.525	-0.0043216363992542	0.754005491035059
4706	23.53	-0.0030319644138217	0.754005491035059
4707	23.535	-0.0043216363992542	0.754005491035059
4708	23.54	-0.0030319644138217	0.754005491035059
4709	23.545	-0.0030319644138217	0.754005491035059
4710	23.55	-0.0043216363992542	0.754005491035059
4711	23.555	-0.0043216363992542	0.754005491035059
4712	23.56	-0.0043216363992542	0.754005491035059
4713	23.565	-0.0043216363992542	0.754005491035059
4714	23.57	-0.0043216363992542	0.754005491035059
4715	23.575	-0.0030319644138217	0.754005491035059
4716	23.58	-0.0030319644138217	0.754005491035059
4717	23.585	-0.0030319644138217	0.754005491035059
4718	23.59	-0.0030319644138217	0.754005491035059
4719	23.595	-0.0043216363992542	0.754005491035059
4720	23.6	-0.0043216363992542	0.754005491035059
4721	23.605	-0.0030319644138217	0.752715819049627
4722	23.61	-0.0030319644138217	0.754005491035059
4723	23.615	-0.0043216363992542	0.752715819049627
4724	23.62	-0.0043216363992542	0.754005491035059
4725	23.625	-0.0030319644138217	0.752715819049627
4726	23.63	-0.0043216363992542	0.752715819049627
4727	23.635	-0.0030319644138217	0.752715819049627
4728	23.64	-0.0043216363992542	0.754005491035059
4729	23.645	-0.0030319644138217	0.752715819049627
4730	23.65	-0.0030319644138217	0.752715819049627
4731	23.655	-0.0043216363992542	0.752715819049627
4732	23.66	-0.0043216363992542	0.752715819049627
4733	23.665	-0.0043216363992542	0.752715819049627
4734	23.67	-0.0030319644138217	0.752715819049627
4735	23.675	-0.0043216363992542	0.752715819049627
4736	23.68	-0.0043216363992542	0.754005491035059
4737	23.685	-0.0043216363992542	0.752715819049627
4738	23.69	-0.0030319644138217	0.752715819049627
4739	23.695	-0.0030319644138217	0.752715819049627
4740	23.7	-0.0043216363992542	0.752715819049627
4741	23.705	-0.0030319644138217	0.752715819049627
4742	23.71	-0.0043216363992542	0.752715819049627
4743	23.715	-0.0043216363992542	0.752715819049627
4744	23.72	-0.0043216363992542	0.752715819049627
4745	23.725	-0.0030319644138217	0.752715819049627
4746	23.73	-0.0043216363992542	0.752715819049627
4747	23.735	-0.0043216363992542	0.752715819049627
4748	23.74	-0.0030319644138217	0.752715819049627
4749	23.745	-0.0030319644138217	0.752715819049627
4750	23.75	-0.0043216363992542	0.752715819049627
4751	23.755	-0.0043216363992542	0.752715819049627
4752	23.76	-0.0030319644138217	0.752715819049627
4753	23.765	-0.0043216363992542	0.751426147064194
4754	23.77	-0.0043216363992542	0.752715819049627
4755	23.775	-0.0043216363992542	0.752715819049627
4756	23.78	-0.0030319644138217	0.752715819049627
4757	23.785	-0.0043216363992542	0.751426147064194
4758	23.79	-0.0043216363992542	0.751426147064194
4759	23.795	-0.0030319644138217	0.752715819049627
4760	23.8	-0.0043216363992542	0.751426147064194
4761	23.805	-0.0043216363992542	0.752715819049627
4762	23.81	-0.0030319644138217	0.752715819049627
4763	23.815	-0.0043216363992542	0.751426147064194
4764	23.82	-0.0030319644138217	0.752715819049627
4765	23.825	-0.0043216363992542	0.752715819049627
4766	23.83	-0.0043216363992542	0.751426147064194
4767	23.835	-0.0043216363992542	0.752715819049627
4768	23.84	-0.0030319644138217	0.752715819049627
4769	23.845	-0.0030319644138217	0.751426147064194
4770	23.85	-0.0030319644138217	0.752715819049627
4771	23.855	-0.0043216363992542	0.751426147064194
4772	23.86	-0.0043216363992542	0.751426147064194
4773	23.865	-0.0043216363992542	0.751426147064194
4774	23.87	-0.0030319644138217	0.751426147064194
4775	23.875	-0.0030319644138217	0.752715819049627
4776	23.88	-0.0043216363992542	0.752715819049627
4777	23.885	-0.0043216363992542	0.751426147064194
4778	23.89	-0.0043216363992542	0.751426147064194
4779	23.895	-0.0030319644138217	0.751426147064194
4780	23.9	-0.0043216363992542	0.751426147064194
4781	23.905	-0.0030319644138217	0.752715819049627
4782	23.91	-0.0043216363992542	0.751426147064194
4783	23.915	-0.0030319644138217	0.751426147064194
4784	23.92	-0.0030319644138217	0.751426147064194
4785	23.925	-0.0030319644138217	0.751426147064194
4786	23.93	-0.0043216363992542	0.751426147064194
4787	23.935	-0.0030319644138217	0.751426147064194
4788	23.94	-0.0030319644138217	0.751426147064194
4789	23.945	-0.0043216363992542	0.751426147064194
4790	23.95	-0.0030319644138217	0.751426147064194
4791	23.955	-0.0030319644138217	0.751426147064194
4792	23.96	-0.0030319644138217	0.751426147064194
4793	23.965	-0.0043216363992542	0.751426147064194
4794	23.97	-0.0043216363992542	0.751426147064194
4795	23.975	-0.0043216363992542	0.751426147064194
4796	23.98	-0.0043216363992542	0.752715819049627
4797	23.985	-0.0043216363992542	0.751426147064194
4798	23.99	-0.0030319644138217	0.751426147064194
4799	23.995	-0.0043216363992542	0.751426147064194
4800	24	-0.0043216363992542	0.751426147064194
4801	24.005	-0.0043216363992542	0.751426147064194
4802	24.01	-0.0030319644138217	0.751426147064194
4803	24.015	-0.0030319644138217	0.751426147064194
4804	24.02	-0.0043216363992542	0.751426147064194
4805	24.025	-0.0043216363992542	0.751426147064194
4806	24.03	-0.0043216363992542	0.751426147064194
4807	24.035	-0.0043216363992542	0.750136475078762
4808	24.04	-0.0030319644138217	0.751426147064194
4809	24.045	-0.0030319644138217	0.751426147064194
4810	24.05	-0.0043216363992542	0.751426147064194
4811	24.055	-0.0043216363992542	0.751426147064194
4812	24.06	-0.0030319644138217	0.751426147064194
4813	24.065	-0.0043216363992542	0.751426147064194
4814	24.07	-0.0043216363992542	0.751426147064194
4815	24.075	-0.0043216363992542	0.751426147064194
4816	24.08	-0.0043216363992542	0.750136475078762
4817	24.085	-0.0030319644138217	0.751426147064194
4818	24.09	-0.0030319644138217	0.750136475078762
4819	24.095	-0.0030319644138217	0.751426147064194
4820	24.1	-0.0043216363992542	0.751426147064194
4821	24.105	-0.0043216363992542	0.751426147064194
4822	24.11	-0.0030319644138217	0.751426147064194
4823	24.115	-0.0043216363992542	0.751426147064194
4824	24.12	-0.0030319644138217	0.751426147064194
4825	24.125	-0.0043216363992542	0.751426147064194
4826	24.13	-0.0043216363992542	0.751426147064194
4827	24.135	-0.0043216363992542	0.751426147064194
4828	24.14	-0.0030319644138217	0.751426147064194
4829	24.145	-0.0043216363992542	0.751426147064194
4830	24.15	-0.0043216363992542	0.751426147064194
4831	24.155	-0.0030319644138217	0.751426147064194
4832	24.16	-0.0043216363992542	0.751426147064194
4833	24.165	-0.0030319644138217	0.751426147064194
4834	24.17	-0.0030319644138217	0.751426147064194
4835	24.175	-0.0030319644138217	0.751426147064194
4836	24.18	-0.0043216363992542	0.751426147064194
4837	24.185	-0.0030319644138217	0.750136475078762
4838	24.19	-0.0043216363992542	0.751426147064194
4839	24.195	-0.0043216363992542	0.750136475078762
4840	24.2	-0.0043216363992542	0.751426147064194
4841	24.205	-0.0043216363992542	0.751426147064194
4842	24.21	-0.0043216363992542	0.751426147064194
4843	24.215	-0.0030319644138217	0.750136475078762
4844	24.22	-0.0043216363992542	0.750136475078762
4845	24.225	-0.0043216363992542	0.750136475078762
4846	24.23	-0.0030319644138217	0.750136475078762
4847	24.235	-0.0043216363992542	0.750136475078762
4848	24.24	-0.0043216363992542	0.750136475078762
4849	24.245	-0.0030319644138217	0.750136475078762
4850	24.25	-0.0043216363992542	0.750136475078762
4851	24.255	-0.0043216363992542	0.750136475078762
4852	24.26	-0.0043216363992542	0.750136475078762
4853	24.265	-0.0043216363992542	0.750136475078762
4854	24.27	-0.0030319644138217	0.750136475078762
4855	24.275	-0.0043216363992542	0.750136475078762
4856	24.28	-0.0043216363992542	0.750136475078762
4857	24.285	-0.0030319644138217	0.748846803093329
4858	24.29	-0.0043216363992542	0.750136475078762
4859	24.295	-0.0030319644138217	0.750136475078762
4860	24.3	-0.0030319644138217	0.750136475078762
4861	24.305	-0.0030319644138217	0.750136475078762
4862	24.31	-0.0043216363992542	0.748846803093329
4863	24.315	-0.0030319644138217	0.750136475078762
4864	24.32	-0.0043216363992542	0.748846803093329
4865	24.325	-0.0030319644138217	0.750136475078762
4866	24.33	-0.0043216363992542	0.750136475078762
4867	24.335	-0.0043216363992542	0.748846803093329
4868	24.34	-0.0043216363992542	0.748846803093329
4869	24.345	-0.0043216363992542	0.748846803093329
4870	24.35	-0.0030319644138217	0.748846803093329
4871	24.355	-0.0043216363992542	0.748846803093329
4872	24.36	-0.0043216363992542	0.748846803093329
4873	24.365	-0.0030319644138217	0.748846803093329
4874	24.37	-0.0043216363992542	0.748846803093329
4875	24.375	-0.0030319644138217	0.748846803093329
4876	24.38	-0.0043216363992542	0.748846803093329
4877	24.385	-0.0030319644138217	0.748846803093329
4878	24.39	-0.0043216363992542	0.748846803093329
4879	24.395	-0.0030319644138217	0.748846803093329
4880	24.4	-0.0043216363992542	0.748846803093329
4881	24.405	-0.0043216363992542	0.748846803093329
4882	24.41	-0.0043216363992542	0.748846803093329
4883	24.415	-0.0030319644138217	0.748846803093329
4884	24.42	-0.0043216363992542	0.747557131107897
4885	24.425	-0.0043216363992542	0.748846803093329
4886	24.43	-0.0030319644138217	0.748846803093329
4887	24.435	-0.0030319644138217	0.748846803093329
4888	24.44	-0.0043216363992542	0.748846803093329
4889	24.445	-0.0030319644138217	0.748846803093329
4890	24.45	-0.0030319644138217	0.747557131107897
4891	24.455	-0.0030319644138217	0.747557131107897
4892	24.46	-0.0043216363992542	0.747557131107897
4893	24.465	-0.0043216363992542	0.747557131107897
4894	24.47	-0.0030319644138217	0.747557131107897
4895	24.475	-0.0043216363992542	0.747557131107897
4896	24.48	-0.0030319644138217	0.747557131107897
4897	24.485	-0.0030319644138217	0.747557131107897
4898	24.49	-0.0030319644138217	0.747557131107897
4899	24.495	-0.0030319644138217	0.747557131107897
4900	24.5	-0.0043216363992542	0.747557131107897
4901	24.505	-0.0043216363992542	0.747557131107897
4902	24.51	-0.0030319644138217	0.747557131107897
4903	24.515	-0.0043216363992542	0.747557131107897
4904	24.52	-0.0043216363992542	0.747557131107897
4905	24.525	-0.0043216363992542	0.746267459122464
4906	24.53	-0.0030319644138217	0.747557131107897
4907	24.535	-0.0030319644138217	0.747557131107897
4908	24.54	-0.0030319644138217	0.746267459122464
4909	24.545	-0.0030319644138217	0.746267459122464
4910	24.55	-0.0043216363992542	0.747557131107897
4911	24.555	-0.0030319644138217	0.746267459122464
4912	24.56	-0.0030319644138217	0.746267459122464
4913	24.565	-0.0043216363992542	0.746267459122464
4914	24.57	-0.0030319644138217	0.746267459122464
4915	24.575	-0.0043216363992542	0.746267459122464
4916	24.58	-0.0043216363992542	0.746267459122464
4917	24.585	-0.0043216363992542	0.746267459122464
4918	24.59	-0.0043216363992542	0.746267459122464
4919	24.595	-0.0030319644138217	0.744977787137032
4920	24.6	-0.0030319644138217	0.746267459122464
4921	24.605	-0.0043216363992542	0.746267459122464
4922	24.61	-0.0043216363992542	0.746267459122464
4923	24.615	-0.0030319644138217	0.744977787137032
4924	24.62	-0.0043216363992542	0.746267459122464
4925	24.625	-0.0043216363992542	0.744977787137032
4926	24.63	-0.0043216363992542	0.744977787137032
4927	24.635	-0.0030319644138217	0.744977787137032
4928	24.64	-0.0030319644138217	0.744977787137032
4929	24.645	-0.0030319644138217	0.744977787137032
4930	24.65	-0.0030319644138217	0.744977787137032
4931	24.655	-0.0043216363992542	0.744977787137032
4932	24.66	-0.0030319644138217	0.744977787137032
4933	24.665	-0.0030319644138217	0.744977787137032
4934	24.67	-0.0043216363992542	0.744977787137032
4935	24.675	-0.0043216363992542	0.744977787137032
4936	24.68	-0.0043216363992542	0.743688115151599
4937	24.685	-0.0030319644138217	0.744977787137032
4938	24.69	-0.0043216363992542	0.743688115151599
4939	24.695	-0.0043216363992542	0.743688115151599
4940	24.7	-0.0043216363992542	0.744977787137032
4941	24.705	-0.0030319644138217	0.743688115151599
4942	24.71	-0.0043216363992542	0.743688115151599
4943	24.715	-0.0030319644138217	0.743688115151599
4944	24.72	-0.0030319644138217	0.743688115151599
4945	24.725	-0.0043216363992542	0.743688115151599
4946	24.73	-0.0043216363992542	0.743688115151599
4947	24.735	-0.0043216363992542	0.743688115151599
4948	24.74	-0.0030319644138217	0.743688115151599
4949	24.745	-0.0043216363992542	0.743688115151599
4950	24.75	-0.0030319644138217	0.743688115151599
4951	24.755	-0.0043216363992542	0.742398443166167
4952	24.76	-0.0030319644138217	0.742398443166167
4953	24.765	-0.0043216363992542	0.743688115151599
4954	24.77	-0.0030319644138217	0.742398443166167
4955	24.775	-0.0043216363992542	0.742398443166167
4956	24.78	-0.0030319644138217	0.742398443166167
4957	24.785	-0.0043216363992542	0.742398443166167
4958	24.79	-0.0043216363992542	0.742398443166167
4959	24.795	-0.0030319644138217	0.742398443166167
4960	24.8	-0.0043216363992542	0.742398443166167
4961	24.805	-0.0043216363992542	0.742398443166167
4962	24.81	-0.0030319644138217	0.741108771180734
4963	24.815	-0.0043216363992542	0.741108771180734
4964	24.82	-0.0043216363992542	0.741108771180734
4965	24.825	-0.0043216363992542	0.741108771180734
4966	24.83	-0.0043216363992542	0.741108771180734
4967	24.835	-0.0043216363992542	0.741108771180734
4968	24.84	-0.0043216363992542	0.741108771180734
4969	24.845	-0.0030319644138217	0.742398443166167
4970	24.85	-0.0043216363992542	0.741108771180734
4971	24.855	-0.0043216363992542	0.741108771180734
4972	24.86	-0.0043216363992542	0.741108771180734
4973	24.865	-0.0030319644138217	0.741108771180734
4974	24.87	-0.0043216363992542	0.739819099195302
4975	24.875	-0.0043216363992542	0.739819099195302
4976	24.88	-0.0043216363992542	0.741108771180734
4977	24.885	-0.0030319644138217	0.739819099195302
4978	24.89	-0.0030319644138217	0.739819099195302
4979	24.895	-0.0043216363992542	0.739819099195302
4980	24.9	-0.0030319644138217	0.739819099195302
4981	24.905	-0.0043216363992542	0.739819099195302
4982	24.91	-0.0043216363992542	0.739819099195302
4983	24.915	-0.0043216363992542	0.739819099195302
4984	24.92	-0.0043216363992542	0.739819099195302
4985	24.925	-0.0030319644138217	0.739819099195302
4986	24.93	-0.0043216363992542	0.739819099195302
4987	24.935	-0.0030319644138217	0.739819099195302
4988	24.94	-0.0043216363992542	0.739819099195302
4989	24.945	-0.0030319644138217	0.739819099195302
4990	24.95	-0.0043216363992542	0.738529427209869
4991	24.955	-0.0043216363992542	0.738529427209869
4992	24.96	-0.0043216363992542	0.738529427209869
4993	24.965	-0.0030319644138217	0.738529427209869
4994	24.97	-0.0030319644138217	0.738529427209869
4995	24.975	-0.0043216363992542	0.738529427209869
4996	24.98	-0.0043216363992542	0.738529427209869
4997	24.985	-0.0030319644138217	0.738529427209869
4998	24.99	-0.0043216363992542	0.737239755224437
4999	24.995	-0.0030319644138217	0.738529427209869
5000	25	-0.0043216363992542	0.737239755224437
5001	25.005	-0.0043216363992542	0.737239755224437
5002	25.01	-0.0043216363992542	0.737239755224437
5003	25.015	-0.0043216363992542	0.737239755224437
5004	25.02	-0.0030319644138217	0.737239755224437
5005	25.025	-0.0043216363992542	0.738529427209869
5006	25.03	-0.0043216363992542	0.737239755224437
5007	25.035	-0.0043216363992542	0.737239755224437
5008	25.04	-0.0030319644138217	0.737239755224437
5009	25.045	-0.0043216363992542	0.735950083239004
5010	25.05	-0.0030319644138217	0.735950083239004
5011	25.055	-0.0043216363992542	0.737239755224437
5012	25.06	-0.0043216363992542	0.735950083239004
5013	25.065	-0.0043216363992542	0.735950083239004
5014	25.07	-0.0043216363992542	0.735950083239004
5015	25.075	-0.0030319644138217	0.735950083239004
5016	25.08	-0.0043216363992542	0.735950083239004
5017	25.085	-0.0030319644138217	0.735950083239004
5018	25.09	-0.0043216363992542	0.735950083239004
5019	25.095	-0.0030319644138217	0.734660411253572
5020	25.1	-0.0043216363992542	0.735950083239004
5021	25.105	-0.0043216363992542	0.735950083239004
5022	25.11	-0.0030319644138217	0.734660411253572
5023	25.115	-0.0043216363992542	0.735950083239004
5024	25.12	-0.0043216363992542	0.734660411253572
5025	25.125	-0.0043216363992542	0.734660411253572
5026	25.13	-0.0043216363992542	0.734660411253572
5027	25.135	-0.0043216363992542	0.734660411253572
5028	25.14	-0.0030319644138217	0.734660411253572
5029	25.145	-0.0030319644138217	0.734660411253572
5030	25.15	-0.0030319644138217	0.734660411253572
5031	25.155	-0.0043216363992542	0.734660411253572
5032	25.16	-0.0030319644138217	0.733370739268139
5033	25.165	-0.0030319644138217	0.734660411253572
5034	25.17	-0.0043216363992542	0.734660411253572
5035	25.175	-0.0030319644138217	0.733370739268139
5036	25.18	-0.0043216363992542	0.733370739268139
5037	25.185	-0.0043216363992542	0.733370739268139
5038	25.19	-0.0043216363992542	0.733370739268139
5039	25.195	-0.0043216363992542	0.733370739268139
5040	25.2	-0.0030319644138217	0.732081067282706
5041	25.205	-0.0043216363992542	0.733370739268139
5042	25.21	-0.0043216363992542	0.733370739268139
5043	25.215	-0.0030319644138217	0.733370739268139
5044	25.22	-0.0043216363992542	0.732081067282706
5045	25.225	-0.0030319644138217	0.732081067282706
5046	25.23	-0.0030319644138217	0.732081067282706
5047	25.235	-0.0043216363992542	0.732081067282706
5048	25.24	-0.0043216363992542	0.732081067282706
5049	25.245	-0.0043216363992542	0.732081067282706
5050	25.25	-0.0043216363992542	0.730791395297274
5051	25.255	-0.0030319644138217	0.732081067282706
5052	25.26	-0.0030319644138217	0.730791395297274
5053	25.265	-0.0030319644138217	0.732081067282706
5054	25.27	-0.0043216363992542	0.732081067282706
5055	25.275	-0.0030319644138217	0.730791395297274
5056	25.28	-0.0043216363992542	0.730791395297274
5057	25.285	-0.0030319644138217	0.730791395297274
5058	25.29	-0.0030319644138217	0.730791395297274
5059	25.295	-0.0030319644138217	0.730791395297274
5060	25.3	-0.0030319644138217	0.730791395297274
5061	25.305	-0.0043216363992542	0.730791395297274
5062	25.31	-0.0043216363992542	0.729501723311841
5063	25.315	-0.0043216363992542	0.730791395297274
5064	25.32	-0.0030319644138217	0.729501723311841
5065	25.325	-0.0043216363992542	0.729501723311841
5066	25.33	-0.0030319644138217	0.729501723311841
5067	25.335	-0.0043216363992542	0.729501723311841
5068	25.34	-0.0030319644138217	0.729501723311841
5069	25.345	-0.0043216363992542	0.729501723311841
5070	25.35	-0.0043216363992542	0.729501723311841
5071	25.355	-0.0030319644138217	0.729501723311841
5072	25.36	-0.0043216363992542	0.729501723311841
5073	25.365	-0.0043216363992542	0.728212051326409
5074	25.37	-0.0043216363992542	0.729501723311841
5075	25.375	-0.0030319644138217	0.729501723311841
5076	25.38	-0.0043216363992542	0.728212051326409
5077	25.385	-0.0030319644138217	0.728212051326409
5078	25.39	-0.0030319644138217	0.728212051326409
5079	25.395	-0.0030319644138217	0.728212051326409
5080	25.4	-0.0043216363992542	0.728212051326409
5081	25.405	-0.0043216363992542	0.728212051326409
5082	25.41	-0.0043216363992542	0.726922379340976
5083	25.415	-0.0043216363992542	0.728212051326409
5084	25.42	-0.0030319644138217	0.726922379340976
5085	25.425	-0.0043216363992542	0.726922379340976
5086	25.43	-0.0030319644138217	0.726922379340976
5087	25.435	-0.0043216363992542	0.726922379340976
5088	25.44	-0.0030319644138217	0.726922379340976
5089	25.445	-0.0043216363992542	0.726922379340976
5090	25.45	-0.0043216363992542	0.725632707355544
5091	25.455	-0.0043216363992542	0.725632707355544
5092	25.46	-0.0043216363992542	0.725632707355544
5093	25.465	-0.0043216363992542	0.725632707355544
5094	25.47	-0.0030319644138217	0.725632707355544
5095	25.475	-0.0030319644138217	0.725632707355544
5096	25.48	-0.0043216363992542	0.725632707355544
5097	25.485	-0.0030319644138217	0.725632707355544
5098	25.49	-0.0030319644138217	0.725632707355544
5099	25.495	-0.0043216363992542	0.725632707355544
5100	25.5	-0.0030319644138217	0.724343035370111
5101	25.505	-0.0030319644138217	0.725632707355544
5102	25.51	-0.0030319644138217	0.724343035370111
5103	25.515	-0.0030319644138217	0.724343035370111
5104	25.52	-0.0043216363992542	0.724343035370111
5105	25.525	-0.0030319644138217	0.724343035370111
5106	25.53	-0.0043216363992542	0.724343035370111
5107	25.535	-0.0030319644138217	0.723053363384679
5108	25.54	-0.0043216363992542	0.724343035370111
5109	25.545	-0.0043216363992542	0.723053363384679
5110	25.55	-0.0043216363992542	0.724343035370111
5111	25.555	-0.0043216363992542	0.723053363384679
5112	25.56	-0.0030319644138217	0.723053363384679
5113	25.565	-0.0043216363992542	0.723053363384679
5114	25.57	-0.0043216363992542	0.723053363384679
5115	25.575	-0.0043216363992542	0.723053363384679
5116	25.58	-0.0043216363992542	0.723053363384679
5117	25.585	-0.0030319644138217	0.723053363384679
5118	25.59	-0.0030319644138217	0.723053363384679
5119	25.595	-0.0043216363992542	0.721763691399246
5120	25.6	-0.0030319644138217	0.721763691399246
5121	25.605	-0.0030319644138217	0.721763691399246
5122	25.61	-0.0030319644138217	0.721763691399246
5123	25.615	-0.0043216363992542	0.721763691399246
5124	25.62	-0.0043216363992542	0.721763691399246
5125	25.625	-0.0043216363992542	0.721763691399246
5126	25.63	-0.0043216363992542	0.721763691399246
5127	25.635	-0.0043216363992542	0.721763691399246
5128	25.64	-0.0043216363992542	0.721763691399246
5129	25.645	-0.0030319644138217	0.720474019413814
5130	25.65	-0.0030319644138217	0.720474019413814
5131	25.655	-0.0043216363992542	0.720474019413814
5132	25.66	-0.0030319644138217	0.719184347428381
5133	25.665	-0.0043216363992542	0.720474019413814
5134	25.67	-0.0030319644138217	0.720474019413814
5135	25.675	-0.0043216363992542	0.720474019413814
5136	25.68	-0.0043216363992542	0.720474019413814
5137	25.685	-0.0043216363992542	0.720474019413814
5138	25.69	-0.0030319644138217	0.719184347428381
5139	25.695	-0.0043216363992542	0.719184347428381
5140	25.7	-0.0043216363992542	0.719184347428381
5141	25.705	-0.0043216363992542	0.719184347428381
5142	25.71	-0.0043216363992542	0.719184347428381
5143	25.715	-0.0030319644138217	0.719184347428381
5144	25.72	-0.0043216363992542	0.719184347428381
5145	25.725	-0.0030319644138217	0.717894675442949
5146	25.73	-0.0043216363992542	0.719184347428381
5147	25.735	-0.0043216363992542	0.719184347428381
5148	25.74	-0.0043216363992542	0.719184347428381
5149	25.745	-0.0043216363992542	0.717894675442949
5150	25.75	-0.0043216363992542	0.717894675442949
5151	25.755	-0.0043216363992542	0.717894675442949
5152	25.76	-0.0030319644138217	0.717894675442949
5153	25.765	-0.0030319644138217	0.717894675442949
5154	25.77	-0.0030319644138217	0.717894675442949
5155	25.775	-0.0043216363992542	0.717894675442949
5156	25.78	-0.0043216363992542	0.717894675442949
5157	25.785	-0.0043216363992542	0.717894675442949
5158	25.79	-0.0043216363992542	0.716605003457516
5159	25.795	-0.0043216363992542	0.716605003457516
5160	25.8	-0.0043216363992542	0.716605003457516
5161	25.805	-0.0030319644138217	0.716605003457516
5162	25.81	-0.0030319644138217	0.716605003457516
5163	25.815	-0.0043216363992542	0.716605003457516
5164	25.82	-0.0043216363992542	0.716605003457516
5165	25.825	-0.0030319644138217	0.716605003457516
5166	25.83	-0.0043216363992542	0.716605003457516
5167	25.835	-0.0030319644138217	0.715315331472084
5168	25.84	-0.0043216363992542	0.715315331472084
5169	25.845	-0.0043216363992542	0.716605003457516
5170	25.85	-0.0030319644138217	0.715315331472084
5171	25.855	-0.0043216363992542	0.715315331472084
5172	25.86	-0.0030319644138217	0.715315331472084
5173	25.865	-0.0043216363992542	0.715315331472084
5174	25.87	-0.0043216363992542	0.715315331472084
5175	25.875	-0.0030319644138217	0.714025659486651
5176	25.88	-0.0043216363992542	0.715315331472084
5177	25.885	-0.0043216363992542	0.715315331472084
5178	25.89	-0.0030319644138217	0.714025659486651
5179	25.895	-0.0043216363992542	0.714025659486651
5180	25.9	-0.0043216363992542	0.714025659486651
5181	25.905	-0.0030319644138217	0.714025659486651
5182	25.91	-0.0043216363992542	0.714025659486651
5183	25.915	-0.0043216363992542	0.714025659486651
5184	25.92	-0.0043216363992542	0.714025659486651
5185	25.925	-0.0043216363992542	0.714025659486651
5186	25.93	-0.0030319644138217	0.714025659486651
5187	25.935	-0.0030319644138217	0.712735987501219
5188	25.94	-0.0043216363992542	0.712735987501219
5189	25.945	-0.0043216363992542	0.714025659486651
5190	25.95	-0.0030319644138217	0.714025659486651
5191	25.955	-0.0043216363992542	0.712735987501219
5192	25.96	-0.0030319644138217	0.712735987501219
5193	25.965	-0.0043216363992542	0.712735987501219
5194	25.97	-0.0043216363992542	0.712735987501219
5195	25.975	-0.0030319644138217	0.712735987501219
5196	25.98	-0.0043216363992542	0.711446315515786
5197	25.985	-0.0030319644138217	0.712735987501219
5198	25.99	-0.0030319644138217	0.712735987501219
5199	25.995	-0.0043216363992542	0.712735987501219
5200	26	-0.0043216363992542	0.711446315515786
5201	26.005	-0.0030319644138217	0.712735987501219
5202	26.01	-0.0030319644138217	0.711446315515786
5203	26.015	-0.0043216363992542	0.711446315515786
5204	26.02	-0.0030319644138217	0.711446315515786
5205	26.025	-0.0030319644138217	0.711446315515786
5206	26.03	-0.0030319644138217	0.711446315515786
5207	26.035	-0.0030319644138217	0.711446315515786
5208	26.04	-0.0030319644138217	0.710156643530354
5209	26.045	-0.0043216363992542	0.710156643530354
5210	26.05	-0.0043216363992542	0.710156643530354
5211	26.055	-0.0030319644138217	0.710156643530354
5212	26.06	-0.0043216363992542	0.708866971544921
5213	26.065	-0.0043216363992542	0.710156643530354
5214	26.07	-0.0043216363992542	0.710156643530354
5215	26.075	-0.0030319644138217	0.708866971544921
5216	26.08	-0.0043216363992542	0.710156643530354
5217	26.085	-0.0043216363992542	0.708866971544921
5218	26.09	-0.0030319644138217	0.708866971544921
5219	26.095	-0.0043216363992542	0.708866971544921
5220	26.1	-0.0043216363992542	0.710156643530354
5221	26.105	-0.0043216363992542	0.708866971544921
5222	26.11	-0.0030319644138217	0.708866971544921
5223	26.115	-0.0043216363992542	0.708866971544921
5224	26.12	-0.0043216363992542	0.708866971544921
5225	26.125	-0.0043216363992542	0.707577299559489
5226	26.13	-0.0030319644138217	0.707577299559489
5227	26.135	-0.0043216363992542	0.708866971544921
5228	26.14	-0.0030319644138217	0.708866971544921
5229	26.145	-0.0030319644138217	0.708866971544921
5230	26.15	-0.0043216363992542	0.708866971544921
5231	26.155	-0.0043216363992542	0.707577299559489
5232	26.16	-0.0030319644138217	0.707577299559489
5233	26.165	-0.0043216363992542	0.707577299559489
5234	26.17	-0.0043216363992542	0.707577299559489
5235	26.175	-0.0043216363992542	0.707577299559489
5236	26.18	-0.0030319644138217	0.707577299559489
5237	26.185	-0.0043216363992542	0.707577299559489
5238	26.19	-0.0030319644138217	0.706287627574056
5239	26.195	-0.0030319644138217	0.706287627574056
5240	26.2	-0.0030319644138217	0.706287627574056
5241	26.205	-0.0043216363992542	0.706287627574056
5242	26.21	-0.0043216363992542	0.706287627574056
5243	26.215	-0.0043216363992542	0.706287627574056
5244	26.22	-0.0043216363992542	0.706287627574056
5245	26.225	-0.0030319644138217	0.706287627574056
5246	26.23	-0.0043216363992542	0.706287627574056
5247	26.235	-0.0030319644138217	0.704997955588624
5248	26.24	-0.0030319644138217	0.706287627574056
5249	26.245	-0.0043216363992542	0.706287627574056
5250	26.25	-0.0043216363992542	0.704997955588624
5251	26.255	-0.0043216363992542	0.706287627574056
5252	26.26	-0.0030319644138217	0.704997955588624
5253	26.265	-0.0043216363992542	0.704997955588624
5254	26.27	-0.0030319644138217	0.704997955588624
5255	26.275	-0.0043216363992542	0.704997955588624
5256	26.28	-0.0030319644138217	0.704997955588624
5257	26.285	-0.0043216363992542	0.703708283603191
5258	26.29	-0.0030319644138217	0.704997955588624
5259	26.295	-0.0043216363992542	0.703708283603191
5260	26.3	-0.0043216363992542	0.704997955588624
5261	26.305	-0.0043216363992542	0.704997955588624
5262	26.31	-0.0043216363992542	0.703708283603191
5263	26.315	-0.0043216363992542	0.703708283603191
5264	26.32	-0.0030319644138217	0.703708283603191
5265	26.325	-0.0030319644138217	0.703708283603191
5266	26.33	-0.0043216363992542	0.703708283603191
5267	26.335	-0.0043216363992542	0.703708283603191
5268	26.34	-0.0043216363992542	0.703708283603191
5269	26.345	-0.0030319644138217	0.703708283603191
5270	26.35	-0.0043216363992542	0.703708283603191
5271	26.355	-0.0030319644138217	0.702418611617759
5272	26.36	-0.0043216363992542	0.702418611617759
5273	26.365	-0.0030319644138217	0.702418611617759
5274	26.37	-0.0030319644138217	0.702418611617759
5275	26.375	-0.0043216363992542	0.702418611617759
5276	26.38	-0.0043216363992542	0.702418611617759
5277	26.385	-0.0043216363992542	0.702418611617759
5278	26.39	-0.0043216363992542	0.702418611617759
5279	26.395	-0.0030319644138217	0.702418611617759
5280	26.4	-0.0030319644138217	0.701128939632326
5281	26.405	-0.0043216363992542	0.702418611617759
5282	26.41	-0.0030319644138217	0.701128939632326
5283	26.415	-0.0030319644138217	0.701128939632326
5284	26.42	-0.0043216363992542	0.701128939632326
5285	26.425	-0.0030319644138217	0.701128939632326
5286	26.43	-0.0030319644138217	0.701128939632326
5287	26.435	-0.0030319644138217	0.701128939632326
5288	26.44	-0.0043216363992542	0.701128939632326
5289	26.445	-0.0043216363992542	0.701128939632326
5290	26.45	-0.0030319644138217	0.701128939632326
5291	26.455	-0.0043216363992542	0.701128939632326
5292	26.46	-0.0043216363992542	0.699839267646894
5293	26.465	-0.0030319644138217	0.699839267646894
5294	26.47	-0.0030319644138217	0.699839267646894
5295	26.475	-0.0030319644138217	0.699839267646894
5296	26.48	-0.0030319644138217	0.699839267646894
5297	26.485	-0.0043216363992542	0.699839267646894
5298	26.49	-0.0043216363992542	0.699839267646894
5299	26.495	-0.0043216363992542	0.699839267646894
5300	26.5	-0.0030319644138217	0.699839267646894
5301	26.505	-0.0043216363992542	0.698549595661461
5302	26.51	-0.0043216363992542	0.698549595661461
5303	26.515	-0.0043216363992542	0.699839267646894
5304	26.52	-0.0043216363992542	0.698549595661461
5305	26.525	-0.0030319644138217	0.698549595661461
5306	26.53	-0.0043216363992542	0.698549595661461
5307	26.535	-0.0030319644138217	0.698549595661461
5308	26.54	-0.0030319644138217	0.698549595661461
5309	26.545	-0.0043216363992542	0.698549595661461
5310	26.55	-0.0043216363992542	0.698549595661461
5311	26.555	-0.0043216363992542	0.698549595661461
5312	26.56	-0.0030319644138217	0.697259923676029
5313	26.565	-0.0030319644138217	0.697259923676029
5314	26.57	-0.0043216363992542	0.697259923676029
5315	26.575	-0.0030319644138217	0.698549595661461
5316	26.58	-0.0043216363992542	0.697259923676029
5317	26.585	-0.0030319644138217	0.697259923676029
5318	26.59	-0.0030319644138217	0.697259923676029
5319	26.595	-0.0030319644138217	0.698549595661461
5320	26.6	-0.0043216363992542	0.697259923676029
5321	26.605	-0.0043216363992542	0.697259923676029
5322	26.61	-0.0030319644138217	0.697259923676029
5323	26.615	-0.0043216363992542	0.697259923676029
5324	26.62	-0.0030319644138217	0.697259923676029
5325	26.625	-0.0043216363992542	0.695970251690596
5326	26.63	-0.0043216363992542	0.695970251690596
5327	26.635	-0.0030319644138217	0.695970251690596
5328	26.64	-0.0043216363992542	0.695970251690596
5329	26.645	-0.0043216363992542	0.695970251690596
5330	26.65	-0.0030319644138217	0.695970251690596
5331	26.655	-0.0030319644138217	0.695970251690596
5332	26.66	-0.0030319644138217	0.695970251690596
5333	26.665	-0.0030319644138217	0.695970251690596
5334	26.67	-0.0043216363992542	0.695970251690596
5335	26.675	-0.0043216363992542	0.695970251690596
5336	26.68	-0.0043216363992542	0.694680579705164
5337	26.685	-0.0030319644138217	0.694680579705164
5338	26.69	-0.0030319644138217	0.695970251690596
5339	26.695	-0.0030319644138217	0.694680579705164
5340	26.7	-0.0043216363992542	0.694680579705164
5341	26.705	-0.0043216363992542	0.694680579705164
5342	26.71	-0.0030319644138217	0.694680579705164
5343	26.715	-0.0043216363992542	0.694680579705164
5344	26.72	-0.0030319644138217	0.694680579705164
5345	26.725	-0.0030319644138217	0.694680579705164
5346	26.73	-0.0043216363992542	0.694680579705164
5347	26.735	-0.0030319644138217	0.694680579705164
5348	26.74	-0.0043216363992542	0.694680579705164
5349	26.745	-0.0030319644138217	0.694680579705164
5350	26.75	-0.0030319644138217	0.694680579705164
5351	26.755	-0.0043216363992542	0.693390907719731
5352	26.76	-0.0043216363992542	0.693390907719731
5353	26.765	-0.0030319644138217	0.693390907719731
5354	26.77	-0.0043216363992542	0.693390907719731
5355	26.775	-0.0043216363992542	0.693390907719731
5356	26.78	-0.0043216363992542	0.694680579705164
5357	26.785	-0.0043216363992542	0.693390907719731
5358	26.79	-0.0043216363992542	0.693390907719731
5359	26.795	-0.0043216363992542	0.693390907719731
5360	26.8	-0.0043216363992542	0.693390907719731
5361	26.805	-0.0043216363992542	0.693390907719731
5362	26.81	-0.0043216363992542	0.693390907719731
5363	26.815	-0.0043216363992542	0.692101235734299
5364	26.82	-0.0030319644138217	0.692101235734299
5365	26.825	-0.0030319644138217	0.692101235734299
5366	26.83	-0.0030319644138217	0.690811563748866
5367	26.835	-0.0030319644138217	0.692101235734299
5368	26.84	-0.0030319644138217	0.692101235734299
5369	26.845	-0.0043216363992542	0.692101235734299
5370	26.85	-0.0030319644138217	0.692101235734299
5371	26.855	-0.0030319644138217	0.692101235734299
5372	26.86	-0.0030319644138217	0.692101235734299
5373	26.865	-0.0043216363992542	0.692101235734299
5374	26.87	-0.0030319644138217	0.692101235734299
5375	26.875	-0.0030319644138217	0.692101235734299
5376	26.88	-0.0030319644138217	0.692101235734299
5377	26.885	-0.0043216363992542	0.692101235734299
5378	26.89	-0.0043216363992542	0.692101235734299
5379	26.895	-0.0043216363992542	0.692101235734299
5380	26.9	-0.0043216363992542	0.692101235734299
5381	26.905	-0.0030319644138217	0.690811563748866
5382	26.91	-0.0043216363992542	0.690811563748866
5383	26.915	-0.0030319644138217	0.690811563748866
5384	26.92	-0.0030319644138217	0.690811563748866
5385	26.925	-0.0043216363992542	0.690811563748866
5386	26.93	-0.0030319644138217	0.690811563748866
5387	26.935	-0.0043216363992542	0.690811563748866
5388	26.94	-0.0043216363992542	0.690811563748866
5389	26.945	-0.0030319644138217	0.690811563748866
5390	26.95	-0.0030319644138217	0.690811563748866
5391	26.955	-0.0030319644138217	0.689521891763434
5392	26.96	-0.0030319644138217	0.689521891763434
5393	26.965	-0.0043216363992542	0.690811563748866
5394	26.97	-0.0030319644138217	0.689521891763434
5395	26.975	-0.0043216363992542	0.689521891763434
5396	26.98	-0.0043216363992542	0.689521891763434
5397	26.985	-0.0030319644138217	0.689521891763434
5398	26.99	-0.0043216363992542	0.690811563748866
5399	26.995	-0.0043216363992542	0.689521891763434
5400	27	-0.0043216363992542	0.689521891763434
5401	27.005	-0.0043216363992542	0.688232219778001
5402	27.01	-0.0030319644138217	0.689521891763434
5403	27.015	-0.0043216363992542	0.689521891763434
5404	27.02	-0.0043216363992542	0.689521891763434
5405	27.025	-0.0043216363992542	0.688232219778001
5406	27.03	-0.0043216363992542	0.688232219778001
5407	27.035	-0.0043216363992542	0.688232219778001
5408	27.04	-0.0043216363992542	0.688232219778001
5409	27.045	-0.0043216363992542	0.688232219778001
5410	27.05	-0.0030319644138217	0.688232219778001
5411	27.055	-0.0043216363992542	0.688232219778001
5412	27.06	-0.0043216363992542	0.688232219778001
5413	27.065	-0.0030319644138217	0.688232219778001
5414	27.07	-0.0043216363992542	0.686942547792569
5415	27.075	-0.0043216363992542	0.688232219778001
5416	27.08	-0.0030319644138217	0.686942547792569
5417	27.085	-0.0030319644138217	0.688232219778001
5418	27.09	-0.0043216363992542	0.686942547792569
5419	27.095	-0.0043216363992542	0.688232219778001
5420	27.1	-0.0030319644138217	0.686942547792569
5421	27.105	-0.0043216363992542	0.686942547792569
5422	27.11	-0.0043216363992542	0.686942547792569
5423	27.115	-0.0043216363992542	0.686942547792569
5424	27.12	-0.0043216363992542	0.686942547792569
5425	27.125	-0.0043216363992542	0.686942547792569
5426	27.13	-0.0043216363992542	0.686942547792569
5427	27.135	-0.0043216363992542	0.685652875807136
5428	27.14	-0.0030319644138217	0.686942547792569
5429	27.145	-0.0043216363992542	0.686942547792569
5430	27.15	-0.0043216363992542	0.686942547792569
5431	27.155	-0.0043216363992542	0.685652875807136
5432	27.16	-0.0043216363992542	0.685652875807136
5433	27.165	-0.0043216363992542	0.685652875807136
5434	27.17	-0.0043216363992542	0.685652875807136
5435	27.175	-0.0043216363992542	0.685652875807136
5436	27.18	-0.0043216363992542	0.686942547792569
5437	27.185	-0.0043216363992542	0.685652875807136
5438	27.19	-0.0030319644138217	0.685652875807136
5439	27.195	-0.0043216363992542	0.685652875807136
5440	27.2	-0.0043216363992542	0.685652875807136
5441	27.205	-0.0043216363992542	0.684363203821704
5442	27.21	-0.0043216363992542	0.685652875807136
5443	27.215	-0.0043216363992542	0.685652875807136
5444	27.22	-0.0043216363992542	0.685652875807136
5445	27.225	-0.0043216363992542	0.684363203821704
5446	27.23	-0.0030319644138217	0.685652875807136
5447	27.235	-0.0043216363992542	0.684363203821704
5448	27.24	-0.0043216363992542	0.684363203821704
5449	27.245	-0.0043216363992542	0.684363203821704
5450	27.25	-0.0043216363992542	0.684363203821704
5451	27.255	-0.0043216363992542	0.684363203821704
5452	27.26	-0.0043216363992542	0.684363203821704
5453	27.265	-0.0043216363992542	0.684363203821704
5454	27.27	-0.0030319644138217	0.683073531836271
5455	27.275	-0.0030319644138217	0.684363203821704
5456	27.28	-0.0043216363992542	0.684363203821704
5457	27.285	-0.0030319644138217	0.683073531836271
5458	27.29	-0.0043216363992542	0.683073531836271
5459	27.295	-0.0043216363992542	0.683073531836271
5460	27.3	-0.0043216363992542	0.683073531836271
5461	27.305	-0.0043216363992542	0.683073531836271
5462	27.31	-0.0030319644138217	0.683073531836271
5463	27.315	-0.0030319644138217	0.683073531836271
5464	27.32	-0.0043216363992542	0.683073531836271
5465	27.325	-0.0043216363992542	0.683073531836271
5466	27.33	-0.0030319644138217	0.681783859850839
5467	27.335	-0.0043216363992542	0.683073531836271
5468	27.34	-0.0043216363992542	0.681783859850839
5469	27.345	-0.0043216363992542	0.681783859850839
5470	27.35	-0.0030319644138217	0.681783859850839
5471	27.355	-0.0043216363992542	0.681783859850839
5472	27.36	-0.0043216363992542	0.681783859850839
5473	27.365	-0.0043216363992542	0.681783859850839
5474	27.37	-0.0030319644138217	0.681783859850839
5475	27.375	-0.0043216363992542	0.681783859850839
5476	27.38	-0.0030319644138217	0.681783859850839
5477	27.385	-0.0043216363992542	0.681783859850839
5478	27.39	-0.0030319644138217	0.681783859850839
5479	27.395	-0.0043216363992542	0.681783859850839
5480	27.4	-0.0043216363992542	0.680494187865406
5481	27.405	-0.0043216363992542	0.681783859850839
5482	27.41	-0.0043216363992542	0.680494187865406
5483	27.415	-0.0043216363992542	0.680494187865406
5484	27.42	-0.0030319644138217	0.680494187865406
5485	27.425	-0.0043216363992542	0.680494187865406
5486	27.43	-0.0043216363992542	0.680494187865406
5487	27.435	-0.0043216363992542	0.680494187865406
5488	27.44	-0.0030319644138217	0.680494187865406
5489	27.445	-0.0043216363992542	0.679204515879974
5490	27.45	-0.0043216363992542	0.680494187865406
5491	27.455	-0.0043216363992542	0.679204515879974
5492	27.46	-0.0043216363992542	0.679204515879974
5493	27.465	-0.0043216363992542	0.679204515879974
5494	27.47	-0.0043216363992542	0.679204515879974
5495	27.475	-0.0043216363992542	0.679204515879974
5496	27.48	-0.0043216363992542	0.679204515879974
5497	27.485	-0.0030319644138217	0.679204515879974
5498	27.49	-0.0043216363992542	0.679204515879974
5499	27.495	-0.0043216363992542	0.679204515879974
5500	27.5	-0.00561130838468671	0.679204515879974
5501	27.505	-0.0043216363992542	0.679204515879974
5502	27.51	-0.0043216363992542	0.679204515879974
5503	27.515	-0.0043216363992542	0.677914843894541
5504	27.52	-0.0043216363992542	0.677914843894541
5505	27.525	-0.0043216363992542	0.677914843894541
5506	27.53	-0.0043216363992542	0.677914843894541
5507	27.535	-0.0043216363992542	0.677914843894541
5508	27.54	-0.0030319644138217	0.677914843894541
5509	27.545	-0.0043216363992542	0.677914843894541
5510	27.55	-0.0043216363992542	0.677914843894541
5511	27.555	-0.0043216363992542	0.676625171909109
5512	27.56	-0.0043216363992542	0.677914843894541
5513	27.565	-0.0043216363992542	0.676625171909109
5514	27.57	-0.0043216363992542	0.676625171909109
5515	27.575	-0.0043216363992542	0.676625171909109
5516	27.58	-0.0043216363992542	0.676625171909109
5517	27.585	-0.0043216363992542	0.676625171909109
5518	27.59	-0.0043216363992542	0.676625171909109
5519	27.595	-0.0043216363992542	0.676625171909109
5520	27.6	-0.0043216363992542	0.675335499923676
5521	27.605	-0.0043216363992542	0.676625171909109
5522	27.61	-0.0043216363992542	0.675335499923676
5523	27.615	-0.0043216363992542	0.675335499923676
5524	27.62	-0.0043216363992542	0.675335499923676
5525	27.625	-0.0043216363992542	0.675335499923676
5526	27.63	-0.0043216363992542	0.675335499923676
5527	27.635	-0.0043216363992542	0.675335499923676
5528	27.64	-0.0043216363992542	0.675335499923676
5529	27.645	-0.0043216363992542	0.674045827938244
5530	27.65	-0.0043216363992542	0.675335499923676
5531	27.655	-0.0043216363992542	0.674045827938244
5532	27.66	-0.0043216363992542	0.674045827938244
5533	27.665	-0.0043216363992542	0.674045827938244
5534	27.67	-0.0043216363992542	0.674045827938244
5535	27.675	-0.0043216363992542	0.674045827938244
5536	27.68	-0.0043216363992542	0.674045827938244
5537	27.685	-0.0043216363992542	0.674045827938244
5538	27.69	-0.0043216363992542	0.674045827938244
5539	27.695	-0.0043216363992542	0.674045827938244
5540	27.7	-0.0043216363992542	0.674045827938244
5541	27.705	-0.0043216363992542	0.672756155952811
5542	27.71	-0.0043216363992542	0.674045827938244
5543	27.715	-0.0030319644138217	0.672756155952811
5544	27.72	-0.0043216363992542	0.672756155952811
5545	27.725	-0.0043216363992542	0.672756155952811
5546	27.73	-0.0043216363992542	0.672756155952811
5547	27.735	-0.0043216363992542	0.671466483967379
5548	27.74	-0.0043216363992542	0.672756155952811
5549	27.745	-0.0043216363992542	0.672756155952811
5550	27.75	-0.0043216363992542	0.672756155952811
5551	27.755	-0.0030319644138217	0.671466483967379
5552	27.76	-0.0043216363992542	0.671466483967379
5553	27.765	-0.0043216363992542	0.671466483967379
5554	27.77	-0.0030319644138217	0.671466483967379
5555	27.775	-0.0030319644138217	0.671466483967379
5556	27.78	-0.0043216363992542	0.671466483967379
5557	27.785	-0.0043216363992542	0.670176811981946
5558	27.79	-0.0043216363992542	0.671466483967379
5559	27.795	-0.0043216363992542	0.670176811981946
5560	27.8	-0.0043216363992542	0.670176811981946
5561	27.805	-0.0030319644138217	0.671466483967379
5562	27.81	-0.0030319644138217	0.670176811981946
5563	27.815	-0.0043216363992542	0.670176811981946
5564	27.82	-0.0043216363992542	0.670176811981946
5565	27.825	-0.0030319644138217	0.670176811981946
5566	27.83	-0.0030319644138217	0.670176811981946
5567	27.835	-0.0043216363992542	0.668887139996514
5568	27.84	-0.0043216363992542	0.668887139996514
5569	27.845	-0.0043216363992542	0.668887139996514
5570	27.85	-0.0043216363992542	0.668887139996514
5571	27.855	-0.0030319644138217	0.668887139996514
5572	27.86	-0.0043216363992542	0.668887139996514
5573	27.865	-0.0030319644138217	0.668887139996514
5574	27.87	-0.0030319644138217	0.668887139996514
5575	27.875	-0.0043216363992542	0.667597468011081
5576	27.88	-0.0043216363992542	0.667597468011081
5577	27.885	-0.0030319644138217	0.667597468011081
5578	27.89	-0.0030319644138217	0.667597468011081
5579	27.895	-0.0043216363992542	0.667597468011081
5580	27.9	-0.0043216363992542	0.667597468011081
5581	27.905	-0.0030319644138217	0.667597468011081
5582	27.91	-0.0030319644138217	0.667597468011081
5583	27.915	-0.0030319644138217	0.667597468011081
5584	27.92	-0.0030319644138217	0.667597468011081
5585	27.925	-0.0030319644138217	0.667597468011081
5586	27.93	-0.0043216363992542	0.667597468011081
5587	27.935	-0.0043216363992542	0.666307796025649
5588	27.94	-0.0030319644138217	0.666307796025649
5589	27.945	-0.0030319644138217	0.665018124040216
5590	27.95	-0.0043216363992542	0.665018124040216
5591	27.955	-0.0043216363992542	0.666307796025649
5592	27.96	-0.0043216363992542	0.666307796025649
5593	27.965	-0.0043216363992542	0.666307796025649
5594	27.97	-0.0043216363992542	0.665018124040216
5595	27.975	-0.0030319644138217	0.665018124040216
5596	27.98	-0.0030319644138217	0.665018124040216
5597	27.985	-0.0043216363992542	0.663728452054784
5598	27.99	-0.0030319644138217	0.665018124040216
5599	27.995	-0.0043216363992542	0.665018124040216
5600	28	-0.0043216363992542	0.665018124040216
5601	28.005	-0.0043216363992542	0.663728452054784
5602	28.01	-0.0043216363992542	0.663728452054784
5603	28.015	-0.0043216363992542	0.663728452054784
5604	28.02	-0.0030319644138217	0.663728452054784
5605	28.025	-0.0043216363992542	0.663728452054784
5606	28.03	-0.0030319644138217	0.663728452054784
5607	28.035	-0.0043216363992542	0.663728452054784
5608	28.04	-0.0043216363992542	0.662438780069351
5609	28.045	-0.0043216363992542	0.662438780069351
5610	28.05	-0.0043216363992542	0.662438780069351
5611	28.055	-0.0043216363992542	0.662438780069351
5612	28.06	-0.0043216363992542	0.662438780069351
5613	28.065	-0.0030319644138217	0.662438780069351
5614	28.07	-0.0030319644138217	0.662438780069351
5615	28.075	-0.0030319644138217	0.662438780069351
5616	28.08	-0.0030319644138217	0.662438780069351
5617	28.085	-0.0030319644138217	0.661149108083919
5618	28.09	-0.0043216363992542	0.661149108083919
5619	28.095	-0.0030319644138217	0.662438780069351
5620	28.1	-0.0043216363992542	0.661149108083919
5621	28.105	-0.0043216363992542	0.661149108083919
5622	28.11	-0.0030319644138217	0.661149108083919
5623	28.115	-0.0043216363992542	0.661149108083919
5624	28.12	-0.0043216363992542	0.661149108083919
5625	28.125	-0.0030319644138217	0.661149108083919
5626	28.13	-0.0030319644138217	0.659859436098486
5627	28.135	-0.0030319644138217	0.661149108083919
5628	28.14	-0.0043216363992542	0.659859436098486
5629	28.145	-0.0043216363992542	0.659859436098486
5630	28.15	-0.0030319644138217	0.659859436098486
5631	28.155	-0.0030319644138217	0.659859436098486
5632	28.16	-0.0043216363992542	0.659859436098486
5633	28.165	-0.0043216363992542	0.659859436098486
5634	28.17	-0.0030319644138217	0.659859436098486
5635	28.175	-0.0043216363992542	0.659859436098486
5636	28.18	-0.0043216363992542	0.659859436098486
5637	28.185	-0.0043216363992542	0.659859436098486
5638	28.19	-0.0043216363992542	0.658569764113054
5639	28.195	-0.0043216363992542	0.658569764113054
5640	28.2	-0.0043216363992542	0.659859436098486
5641	28.205	-0.0043216363992542	0.659859436098486
5642	28.21	-0.0030319644138217	0.658569764113054
5643	28.215	-0.0030319644138217	0.658569764113054
5644	28.22	-0.0043216363992542	0.658569764113054
5645	28.225	-0.0030319644138217	0.658569764113054
5646	28.23	-0.0030319644138217	0.658569764113054
5647	28.235	-0.0043216363992542	0.657280092127621
5648	28.24	-0.0043216363992542	0.658569764113054
5649	28.245	-0.0043216363992542	0.657280092127621
5650	28.25	-0.0030319644138217	0.657280092127621
5651	28.255	-0.0043216363992542	0.658569764113054
5652	28.26	-0.0043216363992542	0.657280092127621
5653	28.265	-0.0030319644138217	0.657280092127621
5654	28.27	-0.0030319644138217	0.657280092127621
5655	28.275	-0.0030319644138217	0.657280092127621
5656	28.28	-0.0030319644138217	0.657280092127621
5657	28.285	-0.0030319644138217	0.657280092127621
5658	28.29	-0.0030319644138217	0.657280092127621
5659	28.295	-0.0043216363992542	0.657280092127621
5660	28.3	-0.0030319644138217	0.655990420142189
5661	28.305	-0.0043216363992542	0.655990420142189
5662	28.31	-0.0030319644138217	0.655990420142189
5663	28.315	-0.0043216363992542	0.655990420142189
5664	28.32	-0.0043216363992542	0.655990420142189
5665	28.325	-0.0043216363992542	0.655990420142189
5666	28.33	-0.0043216363992542	0.655990420142189
5667	28.335	-0.0030319644138217	0.655990420142189
5668	28.34	-0.0043216363992542	0.655990420142189
5669	28.345	-0.0043216363992542	0.654700748156756
5670	28.35	-0.0043216363992542	0.655990420142189
5671	28.355	-0.0030319644138217	0.655990420142189
5672	28.36	-0.0043216363992542	0.654700748156756
5673	28.365	-0.0043216363992542	0.654700748156756
5674	28.37	-0.0043216363992542	0.654700748156756
5675	28.375	-0.0043216363992542	0.654700748156756
5676	28.38	-0.0030319644138217	0.654700748156756
5677	28.385	-0.0030319644138217	0.654700748156756
5678	28.39	-0.0030319644138217	0.654700748156756
5679	28.395	-0.0030319644138217	0.654700748156756
5680	28.4	-0.0030319644138217	0.654700748156756
5681	28.405	-0.0043216363992542	0.653411076171324
5682	28.41	-0.0043216363992542	0.653411076171324
5683	28.415	-0.0030319644138217	0.653411076171324
5684	28.42	-0.0043216363992542	0.653411076171324
5685	28.425	-0.0043216363992542	0.653411076171324
5686	28.43	-0.0043216363992542	0.653411076171324
5687	28.435	-0.0043216363992542	0.653411076171324
5688	28.44	-0.0043216363992542	0.653411076171324
5689	28.445	-0.0043216363992542	0.652121404185891
5690	28.45	-0.0043216363992542	0.653411076171324
5691	28.455	-0.0043216363992542	0.652121404185891
5692	28.46	-0.0043216363992542	0.652121404185891
5693	28.465	-0.0043216363992542	0.652121404185891
5694	28.47	-0.0043216363992542	0.652121404185891
5695	28.475	-0.0030319644138217	0.652121404185891
5696	28.48	-0.0043216363992542	0.652121404185891
5697	28.485	-0.0030319644138217	0.652121404185891
5698	28.49	-0.0043216363992542	0.652121404185891
5699	28.495	-0.0043216363992542	0.652121404185891
5700	28.5	-0.0030319644138217	0.652121404185891
5701	28.505	-0.0030319644138217	0.652121404185891
5702	28.51	-0.0030319644138217	0.652121404185891
5703	28.515	-0.0043216363992542	0.650831732200459
5704	28.52	-0.0030319644138217	0.650831732200459
5705	28.525	-0.0043216363992542	0.650831732200459
5706	28.53	-0.0043216363992542	0.650831732200459
5707	28.535	-0.0043216363992542	0.650831732200459
5708	28.54	-0.0043216363992542	0.650831732200459
5709	28.545	-0.0043216363992542	0.650831732200459
5710	28.55	-0.0043216363992542	0.650831732200459
5711	28.555	-0.0030319644138217	0.650831732200459
5712	28.56	-0.0030319644138217	0.649542060215026
5713	28.565	-0.0043216363992542	0.650831732200459
5714	28.57	-0.0043216363992542	0.650831732200459
5715	28.575	-0.0030319644138217	0.649542060215026
5716	28.58	-0.0043216363992542	0.649542060215026
5717	28.585	-0.0043216363992542	0.649542060215026
5718	28.59	-0.0030319644138217	0.649542060215026
5719	28.595	-0.0043216363992542	0.649542060215026
5720	28.6	-0.0043216363992542	0.649542060215026
5721	28.605	-0.0043216363992542	0.648252388229594
5722	28.61	-0.0030319644138217	0.649542060215026
5723	28.615	-0.0043216363992542	0.648252388229594
5724	28.62	-0.0043216363992542	0.648252388229594
5725	28.625	-0.0043216363992542	0.648252388229594
5726	28.63	-0.0043216363992542	0.648252388229594
5727	28.635	-0.0043216363992542	0.649542060215026
5728	28.64	-0.0043216363992542	0.646962716244161
5729	28.645	-0.0030319644138217	0.648252388229594
5730	28.65	-0.0043216363992542	0.648252388229594
5731	28.655	-0.0043216363992542	0.648252388229594
5732	28.66	-0.0030319644138217	0.648252388229594
5733	28.665	-0.0030319644138217	0.648252388229594
5734	28.67	-0.0043216363992542	0.648252388229594
5735	28.675	-0.0030319644138217	0.646962716244161
5736	28.68	-0.0043216363992542	0.646962716244161
5737	28.685	-0.0043216363992542	0.646962716244161
5738	28.69	-0.0030319644138217	0.646962716244161
5739	28.695	-0.0043216363992542	0.646962716244161
5740	28.7	-0.0043216363992542	0.646962716244161
5741	28.705	-0.0043216363992542	0.646962716244161
5742	28.71	-0.0030319644138217	0.645673044258729
5743	28.715	-0.0030319644138217	0.646962716244161
5744	28.72	-0.0043216363992542	0.646962716244161
5745	28.725	-0.0030319644138217	0.645673044258729
5746	28.73	-0.0043216363992542	0.646962716244161
5747	28.735	-0.0043216363992542	0.645673044258729
5748	28.74	-0.0030319644138217	0.645673044258729
5749	28.745	-0.0030319644138217	0.645673044258729
5750	28.75	-0.0043216363992542	0.645673044258729
5751	28.755	-0.0043216363992542	0.645673044258729
5752	28.76	-0.0030319644138217	0.645673044258729
5753	28.765	-0.0043216363992542	0.645673044258729
5754	28.77	-0.0030319644138217	0.645673044258729
5755	28.775	-0.0030319644138217	0.644383372273296
5756	28.78	-0.0043216363992542	0.644383372273296
5757	28.785	-0.0043216363992542	0.644383372273296
5758	28.79	-0.0043216363992542	0.644383372273296
5759	28.795	-0.0030319644138217	0.644383372273296
5760	28.8	-0.0030319644138217	0.644383372273296
5761	28.805	-0.0043216363992542	0.644383372273296
5762	28.81	-0.0030319644138217	0.643093700287864
5763	28.815	-0.0043216363992542	0.644383372273296
5764	28.82	-0.0043216363992542	0.644383372273296
5765	28.825	-0.0043216363992542	0.643093700287864
5766	28.83	-0.0043216363992542	0.644383372273296
5767	28.835	-0.0043216363992542	0.643093700287864
5768	28.84	-0.0043216363992542	0.643093700287864
5769	28.845	-0.0043216363992542	0.643093700287864
5770	28.85	-0.0043216363992542	0.643093700287864
5771	28.855	-0.0043216363992542	0.641804028302431
5772	28.86	-0.0043216363992542	0.643093700287864
5773	28.865	-0.0043216363992542	0.641804028302431
5774	28.87	-0.0043216363992542	0.641804028302431
5775	28.875	-0.0030319644138217	0.641804028302431
5776	28.88	-0.0043216363992542	0.641804028302431
5777	28.885	-0.0043216363992542	0.641804028302431
5778	28.89	-0.0043216363992542	0.641804028302431
5779	28.895	-0.0043216363992542	0.641804028302431
5780	28.9	-0.0043216363992542	0.641804028302431
5781	28.905	-0.0043216363992542	0.640514356316999
5782	28.91	-0.0030319644138217	0.641804028302431
5783	28.915	-0.0030319644138217	0.640514356316999
5784	28.92	-0.0043216363992542	0.640514356316999
5785	28.925	-0.0043216363992542	0.640514356316999
5786	28.93	-0.0043216363992542	0.640514356316999
5787	28.935	-0.0043216363992542	0.640514356316999
5788	28.94	-0.0043216363992542	0.640514356316999
5789	28.945	-0.0043216363992542	0.639224684331566
5790	28.95	-0.0043216363992542	0.640514356316999
5791	28.955	-0.0043216363992542	0.639224684331566
5792	28.96	-0.0043216363992542	0.639224684331566
5793	28.965	-0.0043216363992542	0.639224684331566
5794	28.97	-0.0043216363992542	0.639224684331566
5795	28.975	-0.0043216363992542	0.639224684331566
5796	28.98	-0.0043216363992542	0.639224684331566
5797	28.985	-0.0043216363992542	0.637935012346134
5798	28.99	-0.0043216363992542	0.637935012346134
5799	28.995	-0.00561130838468671	0.637935012346134
5800	29	-0.0043216363992542	0.637935012346134
5801	29.005	-0.0043216363992542	0.637935012346134
5802	29.01	-0.0030319644138217	0.637935012346134
5803	29.015	-0.0043216363992542	0.636645340360701
5804	29.02	-0.0043216363992542	0.637935012346134
5805	29.025	-0.0043216363992542	0.637935012346134
5806	29.03	-0.0043216363992542	0.637935012346134
5807	29.035	-0.0043216363992542	0.636645340360701
5808	29.04	-0.0043216363992542	0.636645340360701
5809	29.045	-0.0043216363992542	0.636645340360701
5810	29.05	-0.0043216363992542	0.636645340360701
5811	29.055	-0.0043216363992542	0.636645340360701
5812	29.06	-0.0043216363992542	0.635355668375269
5813	29.065	-0.0043216363992542	0.635355668375269
5814	29.07	-0.0043216363992542	0.635355668375269
5815	29.075	-0.0043216363992542	0.635355668375269
5816	29.08	-0.0043216363992542	0.635355668375269
5817	29.085	-0.0043216363992542	0.635355668375269
5818	29.09	-0.0043216363992542	0.635355668375269
5819	29.095	-0.0043216363992542	0.634065996389836
5820	29.1	-0.0043216363992542	0.635355668375269
5821	29.105	-0.0043216363992542	0.634065996389836
5822	29.11	-0.0043216363992542	0.635355668375269
5823	29.115	-0.0043216363992542	0.634065996389836
5824	29.12	-0.0043216363992542	0.634065996389836
5825	29.125	-0.0043216363992542	0.634065996389836
5826	29.13	-0.0043216363992542	0.634065996389836
5827	29.135	-0.0043216363992542	0.634065996389836
5828	29.14	-0.0043216363992542	0.634065996389836
5829	29.145	-0.0043216363992542	0.634065996389836
5830	29.15	-0.0043216363992542	0.634065996389836
5831	29.155	-0.0043216363992542	0.634065996389836
5832	29.16	-0.0043216363992542	0.632776324404404
5833	29.165	-0.0043216363992542	0.632776324404404
5834	29.17	-0.0043216363992542	0.632776324404404
5835	29.175	-0.0043216363992542	0.631486652418971
5836	29.18	-0.0043216363992542	0.631486652418971
5837	29.185	-0.0043216363992542	0.631486652418971
5838	29.19	-0.0030319644138217	0.631486652418971
5839	29.195	-0.0043216363992542	0.631486652418971
5840	29.2	-0.0043216363992542	0.631486652418971
5841	29.205	-0.0043216363992542	0.631486652418971
5842	29.21	-0.0043216363992542	0.631486652418971
5843	29.215	-0.0043216363992542	0.630196980433539
5844	29.22	-0.0043216363992542	0.630196980433539
5845	29.225	-0.0043216363992542	0.630196980433539
5846	29.23	-0.0043216363992542	0.630196980433539
5847	29.235	-0.0043216363992542	0.630196980433539
5848	29.24	-0.00561130838468671	0.630196980433539
5849	29.245	-0.0043216363992542	0.628907308448106
5850	29.25	-0.0043216363992542	0.628907308448106
5851	29.255	-0.0043216363992542	0.628907308448106
5852	29.26	-0.00561130838468671	0.628907308448106
5853	29.265	-0.0043216363992542	0.628907308448106
5854	29.27	-0.0043216363992542	0.627617636462674
5855	29.275	-0.0043216363992542	0.628907308448106
5856	29.28	-0.0043216363992542	0.627617636462674
5857	29.285	-0.0043216363992542	0.628907308448106
5858	29.29	-0.0043216363992542	0.627617636462674
5859	29.295	-0.0043216363992542	0.627617636462674
5860	29.3	-0.0043216363992542	0.627617636462674
5861	29.305	-0.0043216363992542	0.627617636462674
5862	29.31	-0.0043216363992542	0.627617636462674
5863	29.315	-0.0043216363992542	0.626327964477241
5864	29.32	-0.0043216363992542	0.626327964477241
5865	29.325	-0.0043216363992542	0.627617636462674
5866	29.33	-0.0043216363992542	0.626327964477241
5867	29.335	-0.0043216363992542	0.626327964477241
5868	29.34	-0.0043216363992542	0.626327964477241
5869	29.345	-0.0043216363992542	0.625038292491809
5870	29.35	-0.0043216363992542	0.625038292491809
5871	29.355	-0.0043216363992542	0.626327964477241
5872	29.36	-0.0043216363992542	0.625038292491809
5873	29.365	-0.0043216363992542	0.625038292491809
5874	29.37	-0.0043216363992542	0.626327964477241
5875	29.375	-0.0043216363992542	0.625038292491809
5876	29.38	-0.0043216363992542	0.623748620506376
5877	29.385	-0.0043216363992542	0.625038292491809
5878	29.39	-0.0030319644138217	0.623748620506376
5879	29.395	-0.0043216363992542	0.623748620506376
5880	29.4	-0.0043216363992542	0.623748620506376
5881	29.405	-0.0043216363992542	0.623748620506376
5882	29.41	-0.0043216363992542	0.623748620506376
5883	29.415	-0.0030319644138217	0.623748620506376
5884	29.42	-0.0043216363992542	0.623748620506376
5885	29.425	-0.0030319644138217	0.622458948520944
5886	29.43	-0.0043216363992542	0.622458948520944
5887	29.435	-0.0043216363992542	0.622458948520944
5888	29.44	-0.0043216363992542	0.622458948520944
5889	29.445	-0.0043216363992542	0.622458948520944
5890	29.45	-0.0043216363992542	0.622458948520944
5891	29.455	-0.0043216363992542	0.621169276535511
5892	29.46	-0.0043216363992542	0.622458948520944
5893	29.465	-0.0030319644138217	0.621169276535511
5894	29.47	-0.0043216363992542	0.621169276535511
5895	29.475	-0.0043216363992542	0.621169276535511
5896	29.48	-0.0043216363992542	0.619879604550079
5897	29.485	-0.0030319644138217	0.619879604550079
5898	29.49	-0.0043216363992542	0.621169276535511
5899	29.495	-0.0043216363992542	0.619879604550079
5900	29.5	-0.0043216363992542	0.621169276535511
5901	29.505	-0.0030319644138217	0.619879604550079
5902	29.51	-0.0030319644138217	0.619879604550079
5903	29.515	-0.0043216363992542	0.619879604550079
5904	29.52	-0.0043216363992542	0.619879604550079
5905	29.525	-0.0030319644138217	0.618589932564646
5906	29.53	-0.0043216363992542	0.618589932564646
5907	29.535	-0.0043216363992542	0.619879604550079
5908	29.54	-0.0030319644138217	0.618589932564646
5909	29.545	-0.0043216363992542	0.618589932564646
5910	29.55	-0.0043216363992542	0.618589932564646
5911	29.555	-0.0043216363992542	0.618589932564646
5912	29.56	-0.0043216363992542	0.618589932564646
5913	29.565	-0.0043216363992542	0.617300260579214
5914	29.57	-0.0030319644138217	0.617300260579214
5915	29.575	-0.0043216363992542	0.617300260579214
5916	29.58	-0.0030319644138217	0.617300260579214
5917	29.585	-0.0043216363992542	0.617300260579214
5918	29.59	-0.0030319644138217	0.616010588593781
5919	29.595	-0.0030319644138217	0.617300260579214
5920	29.6	-0.0030319644138217	0.616010588593781
5921	29.605	-0.0030319644138217	0.616010588593781
5922	29.61	-0.0030319644138217	0.616010588593781
5923	29.615	-0.0030319644138217	0.616010588593781
5924	29.62	-0.0043216363992542	0.614720916608348
5925	29.625	-0.0030319644138217	0.616010588593781
5926	29.63	-0.0030319644138217	0.616010588593781
5927	29.635	-0.0043216363992542	0.614720916608348
5928	29.64	-0.0043216363992542	0.614720916608348
5929	29.645	-0.0030319644138217	0.614720916608348
5930	29.65	-0.0043216363992542	0.614720916608348
5931	29.655	-0.0043216363992542	0.614720916608348
5932	29.66	-0.0043216363992542	0.614720916608348
5933	29.665	-0.0043216363992542	0.614720916608348
5934	29.67	-0.0030319644138217	0.613431244622916
5935	29.675	-0.0043216363992542	0.613431244622916
5936	29.68	-0.0030319644138217	0.613431244622916
5937	29.685	-0.0043216363992542	0.613431244622916
5938	29.69	-0.0043216363992542	0.613431244622916
5939	29.695	-0.0043216363992542	0.613431244622916
5940	29.7	-0.0043216363992542	0.612141572637483
5941	29.705	-0.0030319644138217	0.613431244622916
5942	29.71	-0.0030319644138217	0.613431244622916
5943	29.715	-0.0030319644138217	0.612141572637483
5944	29.72	-0.0030319644138217	0.612141572637483
5945	29.725	-0.0030319644138217	0.612141572637483
5946	29.73	-0.0043216363992542	0.612141572637483
5947	29.735	-0.0030319644138217	0.610851900652051
5948	29.74	-0.0030319644138217	0.610851900652051
5949	29.745	-0.0043216363992542	0.610851900652051
5950	29.75	-0.0030319644138217	0.610851900652051
5951	29.755	-0.0043216363992542	0.610851900652051
5952	29.76	-0.0043216363992542	0.610851900652051
5953	29.765	-0.0030319644138217	0.609562228666618
5954	29.77	-0.0043216363992542	0.610851900652051
5955	29.775	-0.0043216363992542	0.609562228666618
5956	29.78	-0.0043216363992542	0.610851900652051
5957	29.785	-0.0030319644138217	0.609562228666618
5958	29.79	-0.0043216363992542	0.609562228666618
5959	29.795	-0.0030319644138217	0.609562228666618
5960	29.8	-0.0030319644138217	0.608272556681186
5961	29.805	-0.0043216363992542	0.609562228666618
5962	29.81	-0.0043216363992542	0.608272556681186
5963	29.815	-0.0043216363992542	0.608272556681186
5964	29.82	-0.0043216363992542	0.608272556681186
5965	29.825	-0.0030319644138217	0.608272556681186
5966	29.83	-0.0030319644138217	0.608272556681186
5967	29.835	-0.0030319644138217	0.608272556681186
5968	29.84	-0.0030319644138217	0.608272556681186
5969	29.845	-0.0043216363992542	0.606982884695753
5970	29.85	-0.0030319644138217	0.606982884695753
5971	29.855	-0.0043216363992542	0.606982884695753
5972	29.86	-0.0043216363992542	0.606982884695753
5973	29.865	-0.0043216363992542	0.605693212710321
5974	29.87	-0.0030319644138217	0.605693212710321
5975	29.875	-0.0043216363992542	0.605693212710321
5976	29.88	-0.0043216363992542	0.605693212710321
5977	29.885	-0.0043216363992542	0.606982884695753
5978	29.89	-0.0030319644138217	0.605693212710321
5979	29.895	-0.0043216363992542	0.605693212710321
5980	29.9	-0.0043216363992542	0.605693212710321
5981	29.905	-0.0030319644138217	0.605693212710321
5982	29.91	-0.0043216363992542	0.604403540724888
5983	29.915	-0.0043216363992542	0.604403540724888
5984	29.92	-0.0043216363992542	0.605693212710321
5985	29.925	-0.0043216363992542	0.605693212710321
5986	29.93	-0.0030319644138217	0.604403540724888
5987	29.935	-0.0030319644138217	0.604403540724888
5988	29.94	-0.0030319644138217	0.604403540724888
5989	29.945	-0.0043216363992542	0.604403540724888
5990	29.95	-0.0030319644138217	0.604403540724888
5991	29.955	-0.0030319644138217	0.604403540724888
5992	29.96	-0.0043216363992542	0.604403540724888
5993	29.965	-0.0030319644138217	0.604403540724888
5994	29.97	-0.0030319644138217	0.603113868739456
5995	29.975	-0.0030319644138217	0.603113868739456
5996	29.98	-0.0043216363992542	0.603113868739456
5997	29.985	-0.0043216363992542	0.603113868739456
5998	29.99	-0.0043216363992542	0.603113868739456
5999	29.995	-0.0043216363992542	0.603113868739456
6000	30	-0.0030319644138217	0.601824196754023
6001	30.005	-0.0043216363992542	0.603113868739456
6002	30.01	-0.0043216363992542	0.603113868739456
6003	30.015	-0.0030319644138217	0.601824196754023
6004	30.02	-0.0043216363992542	0.601824196754023
6005	30.025	-0.0030319644138217	0.601824196754023
6006	30.03	-0.0030319644138217	0.601824196754023
6007	30.035	-0.0043216363992542	0.600534524768591
6008	30.04	-0.0043216363992542	0.601824196754023
6009	30.045	-0.0043216363992542	0.600534524768591
6010	30.05	-0.0030319644138217	0.600534524768591
6011	30.055	-0.0043216363992542	0.600534524768591
6012	30.06	-0.0030319644138217	0.600534524768591
6013	30.065	-0.0030319644138217	0.600534524768591
6014	30.07	-0.0030319644138217	0.600534524768591
6015	30.075	-0.0043216363992542	0.600534524768591
6016	30.08	-0.0043216363992542	0.600534524768591
6017	30.085	-0.0043216363992542	0.600534524768591
6018	30.09	-0.0030319644138217	0.599244852783158
6019	30.095	-0.0030319644138217	0.599244852783158
6020	30.1	-0.0043216363992542	0.599244852783158
6021	30.105	-0.0043216363992542	0.599244852783158
6022	30.11	-0.0043216363992542	0.599244852783158
6023	30.115	-0.0030319644138217	0.599244852783158
6024	30.12	-0.0030319644138217	0.599244852783158
6025	30.125	-0.0043216363992542	0.597955180797726
6026	30.13	-0.0030319644138217	0.597955180797726
6027	30.135	-0.0043216363992542	0.599244852783158
6028	30.14	-0.0030319644138217	0.597955180797726
6029	30.145	-0.0030319644138217	0.597955180797726
6030	30.15	-0.0043216363992542	0.597955180797726
6031	30.155	-0.0043216363992542	0.597955180797726
6032	30.16	-0.0030319644138217	0.597955180797726
6033	30.165	-0.0043216363992542	0.597955180797726
6034	30.17	-0.0030319644138217	0.596665508812293
6035	30.175	-0.0043216363992542	0.596665508812293
6036	30.18	-0.0043216363992542	0.596665508812293
6037	30.185	-0.0043216363992542	0.596665508812293
6038	30.19	-0.0030319644138217	0.596665508812293
6039	30.195	-0.0030319644138217	0.596665508812293
6040	30.2	-0.0043216363992542	0.596665508812293
6041	30.205	-0.0043216363992542	0.596665508812293
6042	30.21	-0.0043216363992542	0.596665508812293
6043	30.215	-0.0030319644138217	0.596665508812293
6044	30.22	-0.0043216363992542	0.596665508812293
6045	30.225	-0.0043216363992542	0.595375836826861
6046	30.23	-0.0043216363992542	0.595375836826861
6047	30.235	-0.0043216363992542	0.595375836826861
6048	30.24	-0.0043216363992542	0.595375836826861
6049	30.245	-0.0043216363992542	0.594086164841428
6050	30.25	-0.0030319644138217	0.595375836826861
6051	30.255	-0.0030319644138217	0.595375836826861
6052	30.26	-0.0043216363992542	0.595375836826861
6053	30.265	-0.0030319644138217	0.594086164841428
6054	30.27	-0.0043216363992542	0.594086164841428
6055	30.275	-0.0043216363992542	0.594086164841428
6056	30.28	-0.0043216363992542	0.594086164841428
6057	30.285	-0.0043216363992542	0.594086164841428
6058	30.29	-0.0030319644138217	0.594086164841428
6059	30.295	-0.0043216363992542	0.594086164841428
6060	30.3	-0.0043216363992542	0.592796492855996
6061	30.305	-0.0043216363992542	0.594086164841428
6062	30.31	-0.0043216363992542	0.594086164841428
6063	30.315	-0.0043216363992542	0.592796492855996
6064	30.32	-0.0043216363992542	0.592796492855996
6065	30.325	-0.0030319644138217	0.592796492855996
6066	30.33	-0.0030319644138217	0.591506820870563
6067	30.335	-0.0043216363992542	0.592796492855996
6068	30.34	-0.0030319644138217	0.592796492855996
6069	30.345	-0.0043216363992542	0.592796492855996
6070	30.35	-0.0030319644138217	0.592796492855996
6071	30.355	-0.0030319644138217	0.591506820870563
6072	30.36	-0.0043216363992542	0.591506820870563
6073	30.365	-0.0043216363992542	0.591506820870563
6074	30.37	-0.0043216363992542	0.591506820870563
6075	30.375	-0.0030319644138217	0.591506820870563
6076	30.38	-0.0043216363992542	0.591506820870563
6077	30.385	-0.0043216363992542	0.591506820870563
6078	30.39	-0.0043216363992542	0.590217148885131
6079	30.395	-0.0043216363992542	0.590217148885131
6080	30.4	-0.0043216363992542	0.591506820870563
6081	30.405	-0.0043216363992542	0.590217148885131
6082	30.41	-0.0030319644138217	0.590217148885131
6083	30.415	-0.0043216363992542	0.590217148885131
6084	30.42	-0.0043216363992542	0.590217148885131
6085	30.425	-0.0030319644138217	0.588927476899698
6086	30.43	-0.0043216363992542	0.590217148885131
6087	30.435	-0.0043216363992542	0.590217148885131
6088	30.44	-0.0043216363992542	0.588927476899698
6089	30.445	-0.0043216363992542	0.590217148885131
6090	30.45	-0.0043216363992542	0.588927476899698
6091	30.455	-0.0043216363992542	0.588927476899698
6092	30.46	-0.0043216363992542	0.588927476899698
6093	30.465	-0.0030319644138217	0.588927476899698
6094	30.47	-0.0043216363992542	0.588927476899698
6095	30.475	-0.0043216363992542	0.588927476899698
6096	30.48	-0.0043216363992542	0.588927476899698
6097	30.485	-0.0043216363992542	0.588927476899698
6098	30.49	-0.0043216363992542	0.587637804914266
6099	30.495	-0.0030319644138217	0.587637804914266
6100	30.5	-0.0043216363992542	0.588927476899698
6101	30.505	-0.0030319644138217	0.587637804914266
6102	30.51	-0.0043216363992542	0.587637804914266
6103	30.515	-0.0043216363992542	0.587637804914266
6104	30.52	-0.0043216363992542	0.587637804914266
6105	30.525	-0.0043216363992542	0.587637804914266
6106	30.53	-0.0043216363992542	0.586348132928833
6107	30.535	-0.0030319644138217	0.586348132928833
6108	30.54	-0.0043216363992542	0.586348132928833
6109	30.545	-0.0030319644138217	0.586348132928833
6110	30.55	-0.0043216363992542	0.587637804914266
6111	30.555	-0.0043216363992542	0.586348132928833
6112	30.56	-0.0043216363992542	0.586348132928833
6113	30.565	-0.0030319644138217	0.586348132928833
6114	30.57	-0.0043216363992542	0.585058460943401
6115	30.575	-0.0043216363992542	0.585058460943401
6116	30.58	-0.0043216363992542	0.586348132928833
6117	30.585	-0.0043216363992542	0.585058460943401
6118	30.59	-0.0030319644138217	0.585058460943401
6119	30.595	-0.0043216363992542	0.585058460943401
6120	30.6	-0.0030319644138217	0.585058460943401
6121	30.605	-0.0030319644138217	0.585058460943401
6122	30.61	-0.0030319644138217	0.585058460943401
6123	30.615	-0.0030319644138217	0.585058460943401
6124	30.62	-0.0043216363992542	0.583768788957968
6125	30.625	-0.0030319644138217	0.585058460943401
6126	30.63	-0.0030319644138217	0.585058460943401
6127	30.635	-0.0030319644138217	0.583768788957968
6128	30.64	-0.0043216363992542	0.583768788957968
6129	30.645	-0.0030319644138217	0.583768788957968
6130	30.65	-0.0043216363992542	0.583768788957968
6131	30.655	-0.0030319644138217	0.583768788957968
6132	30.66	-0.0043216363992542	0.582479116972536
6133	30.665	-0.0030319644138217	0.582479116972536
6134	30.67	-0.0043216363992542	0.583768788957968
6135	30.675	-0.0043216363992542	0.582479116972536
6136	30.68	-0.0043216363992542	0.582479116972536
6137	30.685	-0.0030319644138217	0.582479116972536
6138	30.69	-0.0043216363992542	0.582479116972536
6139	30.695	-0.0030319644138217	0.581189444987103
6140	30.7	-0.0043216363992542	0.582479116972536
6141	30.705	-0.0043216363992542	0.582479116972536
6142	30.71	-0.0043216363992542	0.582479116972536
6143	30.715	-0.0030319644138217	0.581189444987103
6144	30.72	-0.0043216363992542	0.581189444987103
6145	30.725	-0.0043216363992542	0.581189444987103
6146	30.73	-0.0043216363992542	0.581189444987103
6147	30.735	-0.0043216363992542	0.581189444987103
6148	30.74	-0.0030319644138217	0.581189444987103
6149	30.745	-0.0043216363992542	0.581189444987103
6150	30.75	-0.0030319644138217	0.579899773001671
6151	30.755	-0.0043216363992542	0.579899773001671
6152	30.76	-0.0043216363992542	0.579899773001671
6153	30.765	-0.0043216363992542	0.579899773001671
6154	30.77	-0.0030319644138217	0.579899773001671
6155	30.775	-0.0030319644138217	0.579899773001671
6156	30.78	-0.0030319644138217	0.579899773001671
6157	30.785	-0.0043216363992542	0.579899773001671
6158	30.79	-0.0043216363992542	0.579899773001671
6159	30.795	-0.0043216363992542	0.579899773001671
6160	30.8	-0.0043216363992542	0.578610101016238
6161	30.805	-0.0043216363992542	0.579899773001671
6162	30.81	-0.0043216363992542	0.578610101016238
6163	30.815	-0.0043216363992542	0.578610101016238
6164	30.82	-0.0043216363992542	0.578610101016238
6165	30.825	-0.0030319644138217	0.578610101016238
6166	30.83	-0.0030319644138217	0.578610101016238
6167	30.835	-0.0043216363992542	0.578610101016238
6168	30.84	-0.0030319644138217	0.578610101016238
6169	30.845	-0.0043216363992542	0.578610101016238
6170	30.85	-0.0043216363992542	0.577320429030806
6171	30.855	-0.0043216363992542	0.577320429030806
6172	30.86	-0.0043216363992542	0.577320429030806
6173	30.865	-0.0043216363992542	0.576030757045373
6174	30.87	-0.0043216363992542	0.577320429030806
6175	30.875	-0.0030319644138217	0.576030757045373
6176	30.88	-0.0030319644138217	0.576030757045373
6177	30.885	-0.0030319644138217	0.577320429030806
6178	30.89	-0.0043216363992542	0.576030757045373
6179	30.895	-0.0030319644138217	0.576030757045373
6180	30.9	-0.0043216363992542	0.576030757045373
6181	30.905	-0.0043216363992542	0.576030757045373
6182	30.91	-0.0043216363992542	0.576030757045373
6183	30.915	-0.0043216363992542	0.576030757045373
6184	30.92	-0.0030319644138217	0.576030757045373
6185	30.925	-0.0043216363992542	0.574741085059941
6186	30.93	-0.0043216363992542	0.576030757045373
6187	30.935	-0.0043216363992542	0.574741085059941
6188	30.94	-0.0043216363992542	0.574741085059941
6189	30.945	-0.0030319644138217	0.574741085059941
6190	30.95	-0.0030319644138217	0.574741085059941
6191	30.955	-0.0043216363992542	0.573451413074508
6192	30.96	-0.0043216363992542	0.574741085059941
6193	30.965	-0.0030319644138217	0.573451413074508
6194	30.97	-0.0043216363992542	0.573451413074508
6195	30.975	-0.0043216363992542	0.573451413074508
6196	30.98	-0.0030319644138217	0.573451413074508
6197	30.985	-0.0043216363992542	0.573451413074508
6198	30.99	-0.0030319644138217	0.573451413074508
6199	30.995	-0.0030319644138217	0.572161741089076
6200	31	-0.0043216363992542	0.573451413074508
6201	31.005	-0.0030319644138217	0.572161741089076
6202	31.01	-0.0043216363992542	0.572161741089076
6203	31.015	-0.0043216363992542	0.573451413074508
6204	31.02	-0.0030319644138217	0.572161741089076
6205	31.025	-0.0043216363992542	0.572161741089076
6206	31.03	-0.0043216363992542	0.570872069103643
6207	31.035	-0.0043216363992542	0.572161741089076
6208	31.04	-0.0043216363992542	0.570872069103643
6209	31.045	-0.0043216363992542	0.572161741089076
6210	31.05	-0.0030319644138217	0.572161741089076
6211	31.055	-0.0043216363992542	0.570872069103643
6212	31.06	-0.0043216363992542	0.570872069103643
6213	31.065	-0.0030319644138217	0.570872069103643
6214	31.07	-0.0030319644138217	0.570872069103643
6215	31.075	-0.0043216363992542	0.569582397118211
6216	31.08	-0.0043216363992542	0.570872069103643
6217	31.085	-0.0043216363992542	0.569582397118211
6218	31.09	-0.0030319644138217	0.569582397118211
6219	31.095	-0.0043216363992542	0.569582397118211
6220	31.1	-0.0043216363992542	0.569582397118211
6221	31.105	-0.0030319644138217	0.569582397118211
6222	31.11	-0.0030319644138217	0.569582397118211
6223	31.115	-0.0043216363992542	0.568292725132778
6224	31.12	-0.0043216363992542	0.568292725132778
6225	31.125	-0.0043216363992542	0.568292725132778
6226	31.13	-0.0043216363992542	0.568292725132778
6227	31.135	-0.0030319644138217	0.567003053147346
6228	31.14	-0.0030319644138217	0.568292725132778
6229	31.145	-0.0043216363992542	0.567003053147346
6230	31.15	-0.0030319644138217	0.567003053147346
6231	31.155	-0.0030319644138217	0.567003053147346
6232	31.16	-0.0030319644138217	0.567003053147346
6233	31.165	-0.0043216363992542	0.567003053147346
6234	31.17	-0.0030319644138217	0.567003053147346
6235	31.175	-0.0043216363992542	0.567003053147346
6236	31.18	-0.0030319644138217	0.567003053147346
6237	31.185	-0.0030319644138217	0.565713381161913
6238	31.19	-0.0030319644138217	0.567003053147346
6239	31.195	-0.0030319644138217	0.565713381161913
6240	31.2	-0.0030319644138217	0.565713381161913
6241	31.205	-0.0043216363992542	0.565713381161913
6242	31.21	-0.0043216363992542	0.565713381161913
6243	31.215	-0.0030319644138217	0.565713381161913
6244	31.22	-0.0030319644138217	0.565713381161913
6245	31.225	-0.0030319644138217	0.564423709176481
6246	31.23	-0.0030319644138217	0.565713381161913
6247	31.235	-0.0030319644138217	0.564423709176481
6248	31.24	-0.0043216363992542	0.564423709176481
6249	31.245	-0.0043216363992542	0.564423709176481
6250	31.25	-0.0030319644138217	0.564423709176481
6251	31.255	-0.0043216363992542	0.564423709176481
6252	31.26	-0.0043216363992542	0.563134037191048
6253	31.265	-0.0030319644138217	0.563134037191048
6254	31.27	-0.0043216363992542	0.563134037191048
6255	31.275	-0.0043216363992542	0.563134037191048
6256	31.28	-0.0030319644138217	0.563134037191048
6257	31.285	-0.0030319644138217	0.563134037191048
6258	31.29	-0.0030319644138217	0.563134037191048
6259	31.295	-0.0030319644138217	0.563134037191048
6260	31.3	-0.0043216363992542	0.561844365205616
6261	31.305	-0.0030319644138217	0.561844365205616
6262	31.31	-0.0030319644138217	0.561844365205616
6263	31.315	-0.0030319644138217	0.561844365205616
6264	31.32	-0.0043216363992542	0.561844365205616
6265	31.325	-0.0030319644138217	0.561844365205616
6266	31.33	-0.0043216363992542	0.561844365205616
6267	31.335	-0.0030319644138217	0.561844365205616
6268	31.34	-0.0043216363992542	0.561844365205616
6269	31.345	-0.0043216363992542	0.561844365205616
6270	31.35	-0.0043216363992542	0.560554693220183
6271	31.355	-0.0043216363992542	0.560554693220183
6272	31.36	-0.0043216363992542	0.560554693220183
6273	31.365	-0.0030319644138217	0.560554693220183
6274	31.37	-0.0043216363992542	0.560554693220183
6275	31.375	-0.0030319644138217	0.560554693220183
6276	31.38	-0.0030319644138217	0.560554693220183
6277	31.385	-0.0043216363992542	0.560554693220183
6278	31.39	-0.0043216363992542	0.559265021234751
6279	31.395	-0.0030319644138217	0.559265021234751
6280	31.4	-0.0030319644138217	0.560554693220183
6281	31.405	-0.0043216363992542	0.559265021234751
6282	31.41	-0.0030319644138217	0.559265021234751
6283	31.415	-0.0030319644138217	0.559265021234751
6284	31.42	-0.0043216363992542	0.557975349249318
6285	31.425	-0.0043216363992542	0.559265021234751
6286	31.43	-0.0030319644138217	0.557975349249318
6287	31.435	-0.0030319644138217	0.557975349249318
6288	31.44	-0.0030319644138217	0.557975349249318
6289	31.445	-0.0030319644138217	0.557975349249318
6290	31.45	-0.0030319644138217	0.557975349249318
6291	31.455	-0.0030319644138217	0.556685677263886
6292	31.46	-0.0043216363992542	0.557975349249318
6293	31.465	-0.0030319644138217	0.556685677263886
6294	31.47	-0.0043216363992542	0.556685677263886
6295	31.475	-0.0030319644138217	0.556685677263886
6296	31.48	-0.0043216363992542	0.556685677263886
6297	31.485	-0.0043216363992542	0.556685677263886
6298	31.49	-0.0030319644138217	0.556685677263886
6299	31.495	-0.0043216363992542	0.556685677263886
6300	31.5	-0.0030319644138217	0.555396005278453
6301	31.505	-0.0043216363992542	0.555396005278453
6302	31.51	-0.0043216363992542	0.556685677263886
6303	31.515	-0.0030319644138217	0.556685677263886
6304	31.52	-0.0043216363992542	0.555396005278453
6305	31.525	-0.0043216363992542	0.555396005278453
6306	31.53	-0.0043216363992542	0.555396005278453
6307	31.535	-0.0043216363992542	0.555396005278453
6308	31.54	-0.0043216363992542	0.555396005278453
6309	31.545	-0.0043216363992542	0.554106333293021
6310	31.55	-0.0030319644138217	0.554106333293021
6311	31.555	-0.0043216363992542	0.555396005278453
6312	31.56	-0.0043216363992542	0.554106333293021
6313	31.565	-0.0043216363992542	0.554106333293021
6314	31.57	-0.0030319644138217	0.554106333293021
6315	31.575	-0.0043216363992542	0.554106333293021
6316	31.58	-0.0030319644138217	0.554106333293021
6317	31.585	-0.0043216363992542	0.554106333293021
6318	31.59	-0.0043216363992542	0.554106333293021
6319	31.595	-0.0043216363992542	0.554106333293021
6320	31.6	-0.0043216363992542	0.554106333293021
6321	31.605	-0.0043216363992542	0.552816661307588
6322	31.61	-0.0030319644138217	0.552816661307588
6323	31.615	-0.0043216363992542	0.552816661307588
6324	31.62	-0.0043216363992542	0.552816661307588
6325	31.625	-0.0030319644138217	0.552816661307588
6326	31.63	-0.0030319644138217	0.552816661307588
6327	31.635	-0.0030319644138217	0.552816661307588
6328	31.64	-0.0043216363992542	0.552816661307588
6329	31.645	-0.0030319644138217	0.552816661307588
6330	31.65	-0.0043216363992542	0.552816661307588
6331	31.655	-0.0043216363992542	0.552816661307588
6332	31.66	-0.0030319644138217	0.552816661307588
6333	31.665	-0.0030319644138217	0.551526989322156
6334	31.67	-0.0030319644138217	0.551526989322156
6335	31.675	-0.0043216363992542	0.551526989322156
6336	31.68	-0.0043216363992542	0.551526989322156
6337	31.685	-0.0030319644138217	0.551526989322156
6338	31.69	-0.0030319644138217	0.551526989322156
6339	31.695	-0.0043216363992542	0.551526989322156
6340	31.7	-0.0043216363992542	0.551526989322156
6341	31.705	-0.0043216363992542	0.550237317336723
6342	31.71	-0.0030319644138217	0.550237317336723
6343	31.715	-0.0043216363992542	0.550237317336723
6344	31.72	-0.0043216363992542	0.550237317336723
6345	31.725	-0.0043216363992542	0.550237317336723
6346	31.73	-0.0043216363992542	0.550237317336723
6347	31.735	-0.0030319644138217	0.548947645351291
6348	31.74	-0.0043216363992542	0.550237317336723
6349	31.745	-0.0043216363992542	0.550237317336723
6350	31.75	-0.0043216363992542	0.548947645351291
6351	31.755	-0.0043216363992542	0.548947645351291
6352	31.76	-0.0043216363992542	0.548947645351291
6353	31.765	-0.0043216363992542	0.548947645351291
6354	31.77	-0.0030319644138217	0.548947645351291
6355	31.775	-0.0030319644138217	0.548947645351291
6356	31.78	-0.0043216363992542	0.547657973365858
6357	31.785	-0.0043216363992542	0.547657973365858
6358	31.79	-0.0043216363992542	0.548947645351291
6359	31.795	-0.0030319644138217	0.547657973365858
6360	31.8	-0.0030319644138217	0.547657973365858
6361	31.805	-0.0030319644138217	0.547657973365858
6362	31.81	-0.0030319644138217	0.547657973365858
6363	31.815	-0.0030319644138217	0.547657973365858
6364	31.82	-0.0043216363992542	0.547657973365858
6365	31.825	-0.0043216363992542	0.547657973365858
6366	31.83	-0.0043216363992542	0.546368301380426
6367	31.835	-0.0043216363992542	0.546368301380426
6368	31.84	-0.0030319644138217	0.546368301380426
6369	31.845	-0.0043216363992542	0.546368301380426
6370	31.85	-0.0043216363992542	0.546368301380426
6371	31.855	-0.0030319644138217	0.546368301380426
6372	31.86	-0.0043216363992542	0.546368301380426
6373	31.865	-0.0043216363992542	0.546368301380426
6374	31.87	-0.0043216363992542	0.546368301380426
6375	31.875	-0.0043216363992542	0.546368301380426
6376	31.88	-0.0030319644138217	0.545078629394993
6377	31.885	-0.0043216363992542	0.545078629394993
6378	31.89	-0.0030319644138217	0.545078629394993
6379	31.895	-0.0043216363992542	0.545078629394993
6380	31.9	-0.0030319644138217	0.545078629394993
6381	31.905	-0.0043216363992542	0.545078629394993
6382	31.91	-0.0030319644138217	0.545078629394993
6383	31.915	-0.0043216363992542	0.545078629394993
6384	31.92	-0.0043216363992542	0.543788957409561
6385	31.925	-0.0043216363992542	0.543788957409561
6386	31.93	-0.0030319644138217	0.545078629394993
6387	31.935	-0.0043216363992542	0.543788957409561
6388	31.94	-0.0030319644138217	0.543788957409561
6389	31.945	-0.0030319644138217	0.543788957409561
6390	31.95	-0.0030319644138217	0.542499285424128
6391	31.955	-0.0043216363992542	0.542499285424128
6392	31.96	-0.0030319644138217	0.542499285424128
6393	31.965	-0.0043216363992542	0.542499285424128
6394	31.97	-0.0030319644138217	0.542499285424128
6395	31.975	-0.0030319644138217	0.542499285424128
6396	31.98	-0.0043216363992542	0.542499285424128
6397	31.985	-0.0043216363992542	0.542499285424128
6398	31.99	-0.0043216363992542	0.541209613438696
6399	31.995	-0.0043216363992542	0.541209613438696
6400	32	-0.0030319644138217	0.541209613438696
6401	32.005	-0.0043216363992542	0.541209613438696
6402	32.01	-0.0030319644138217	0.541209613438696
6403	32.015	-0.0043216363992542	0.541209613438696
6404	32.02	-0.0043216363992542	0.541209613438696
6405	32.025	-0.0030319644138217	0.541209613438696
6406	32.03	-0.0030319644138217	0.539919941453263
6407	32.035	-0.0030319644138217	0.541209613438696
6408	32.04	-0.0043216363992542	0.539919941453263
6409	32.045	-0.0030319644138217	0.539919941453263
6410	32.05	-0.0043216363992542	0.539919941453263
6411	32.055	-0.0030319644138217	0.539919941453263
6412	32.06	-0.0043216363992542	0.539919941453263
6413	32.065	-0.0043216363992542	0.538630269467831
6414	32.07	-0.0043216363992542	0.538630269467831
6415	32.075	-0.0043216363992542	0.538630269467831
6416	32.08	-0.0043216363992542	0.538630269467831
6417	32.085	-0.0030319644138217	0.538630269467831
6418	32.09	-0.0043216363992542	0.538630269467831
6419	32.095	-0.0043216363992542	0.537340597482398
6420	32.1	-0.0043216363992542	0.538630269467831
6421	32.105	-0.0043216363992542	0.538630269467831
6422	32.11	-0.0043216363992542	0.537340597482398
6423	32.115	-0.0043216363992542	0.537340597482398
6424	32.12	-0.0043216363992542	0.537340597482398
6425	32.125	-0.0030319644138217	0.537340597482398
6426	32.13	-0.0043216363992542	0.537340597482398
6427	32.135	-0.0043216363992542	0.537340597482398
6428	32.14	-0.0043216363992542	0.537340597482398
6429	32.145	-0.0043216363992542	0.537340597482398
6430	32.15	-0.0043216363992542	0.537340597482398
6431	32.155	-0.0030319644138217	0.536050925496966
6432	32.16	-0.0043216363992542	0.537340597482398
6433	32.165	-0.0043216363992542	0.536050925496966
6434	32.17	-0.0043216363992542	0.536050925496966
6435	32.175	-0.0043216363992542	0.536050925496966
6436	32.18	-0.0043216363992542	0.536050925496966
6437	32.185	-0.0043216363992542	0.536050925496966
6438	32.19	-0.0030319644138217	0.536050925496966
6439	32.195	-0.0043216363992542	0.534761253511533
6440	32.2	-0.0043216363992542	0.534761253511533
6441	32.205	-0.0043216363992542	0.534761253511533
6442	32.21	-0.0030319644138217	0.534761253511533
6443	32.215	-0.0043216363992542	0.534761253511533
6444	32.22	-0.0043216363992542	0.534761253511533
6445	32.225	-0.0043216363992542	0.534761253511533
6446	32.23	-0.0043216363992542	0.534761253511533
6447	32.235	-0.0043216363992542	0.533471581526101
6448	32.24	-0.0043216363992542	0.534761253511533
6449	32.245	-0.0043216363992542	0.534761253511533
6450	32.25	-0.0043216363992542	0.533471581526101
6451	32.255	-0.0043216363992542	0.533471581526101
6452	32.26	-0.0043216363992542	0.533471581526101
6453	32.265	-0.0043216363992542	0.533471581526101
6454	32.27	-0.0043216363992542	0.533471581526101
6455	32.275	-0.0043216363992542	0.533471581526101
6456	32.28	-0.0043216363992542	0.533471581526101
6457	32.285	-0.0043216363992542	0.532181909540668
6458	32.29	-0.0043216363992542	0.533471581526101
6459	32.295	-0.0043216363992542	0.532181909540668
6460	32.3	-0.0043216363992542	0.532181909540668
6461	32.305	-0.0043216363992542	0.532181909540668
6462	32.31	-0.0043216363992542	0.532181909540668
6463	32.315	-0.0043216363992542	0.532181909540668
6464	32.32	-0.0043216363992542	0.532181909540668
6465	32.325	-0.0043216363992542	0.532181909540668
6466	32.33	-0.0043216363992542	0.530892237555236
6467	32.335	-0.0043216363992542	0.530892237555236
6468	32.34	-0.0043216363992542	0.530892237555236
6469	32.345	-0.0043216363992542	0.530892237555236
6470	32.35	-0.0043216363992542	0.530892237555236
6471	32.355	-0.0043216363992542	0.530892237555236
6472	32.36	-0.0043216363992542	0.530892237555236
6473	32.365	-0.0043216363992542	0.530892237555236
6474	32.37	-0.0043216363992542	0.530892237555236
6475	32.375	-0.0043216363992542	0.529602565569803
6476	32.38	-0.0043216363992542	0.530892237555236
6477	32.385	-0.0043216363992542	0.529602565569803
6478	32.39	-0.0043216363992542	0.529602565569803
6479	32.395	-0.0030319644138217	0.530892237555236
6480	32.4	-0.00561130838468671	0.529602565569803
6481	32.405	-0.0043216363992542	0.529602565569803
6482	32.41	-0.0043216363992542	0.528312893584371
6483	32.415	-0.0043216363992542	0.529602565569803
6484	32.42	-0.0043216363992542	0.529602565569803
6485	32.425	-0.0043216363992542	0.528312893584371
6486	32.43	-0.0043216363992542	0.528312893584371
6487	32.435	-0.0043216363992542	0.528312893584371
6488	32.44	-0.0043216363992542	0.528312893584371
6489	32.445	-0.0043216363992542	0.528312893584371
6490	32.45	-0.0043216363992542	0.528312893584371
6491	32.455	-0.0043216363992542	0.527023221598938
6492	32.46	-0.0043216363992542	0.528312893584371
6493	32.465	-0.0043216363992542	0.527023221598938
6494	32.47	-0.0043216363992542	0.527023221598938
6495	32.475	-0.0043216363992542	0.527023221598938
6496	32.48	-0.00561130838468671	0.527023221598938
6497	32.485	-0.0043216363992542	0.527023221598938
6498	32.49	-0.0043216363992542	0.527023221598938
6499	32.495	-0.0043216363992542	0.527023221598938
6500	32.5	-0.0043216363992542	0.525733549613506
6501	32.505	-0.0043216363992542	0.525733549613506
6502	32.51	-0.00561130838468671	0.525733549613506
6503	32.515	-0.0043216363992542	0.525733549613506
6504	32.52	-0.0043216363992542	0.525733549613506
6505	32.525	-0.0043216363992542	0.525733549613506
6506	32.53	-0.00561130838468671	0.525733549613506
6507	32.535	-0.0043216363992542	0.525733549613506
6508	32.54	-0.0043216363992542	0.525733549613506
6509	32.545	-0.0043216363992542	0.524443877628073
6510	32.55	-0.0043216363992542	0.525733549613506
6511	32.555	-0.0043216363992542	0.524443877628073
6512	32.56	-0.00561130838468671	0.525733549613506
6513	32.565	-0.0043216363992542	0.524443877628073
6514	32.57	-0.0030319644138217	0.524443877628073
6515	32.575	-0.0043216363992542	0.524443877628073
6516	32.58	-0.0043216363992542	0.524443877628073
6517	32.585	-0.0043216363992542	0.523154205642641
6518	32.59	-0.0043216363992542	0.523154205642641
6519	32.595	-0.0043216363992542	0.523154205642641
6520	32.6	-0.0043216363992542	0.523154205642641
6521	32.605	-0.0043216363992542	0.523154205642641
6522	32.61	-0.00561130838468671	0.523154205642641
6523	32.615	-0.0043216363992542	0.523154205642641
6524	32.62	-0.0043216363992542	0.521864533657208
6525	32.625	-0.0043216363992542	0.521864533657208
6526	32.63	-0.00561130838468671	0.523154205642641
6527	32.635	-0.00561130838468671	0.521864533657208
6528	32.64	-0.0043216363992542	0.521864533657208
6529	32.645	-0.0043216363992542	0.521864533657208
6530	32.65	-0.0043216363992542	0.521864533657208
6531	32.655	-0.0043216363992542	0.521864533657208
6532	32.66	-0.00561130838468671	0.521864533657208
6533	32.665	-0.0043216363992542	0.521864533657208
6534	32.67	-0.0043216363992542	0.521864533657208
6535	32.675	-0.0043216363992542	0.520574861671776
6536	32.68	-0.0043216363992542	0.520574861671776
6537	32.685	-0.0043216363992542	0.520574861671776
6538	32.69	-0.0043216363992542	0.520574861671776
6539	32.695	-0.0043216363992542	0.520574861671776
6540	32.7	-0.0043216363992542	0.520574861671776
6541	32.705	-0.0043216363992542	0.520574861671776
6542	32.71	-0.0030319644138217	0.519285189686343
6543	32.715	-0.0043216363992542	0.519285189686343
6544	32.72	-0.0043216363992542	0.519285189686343
6545	32.725	-0.0043216363992542	0.519285189686343
6546	32.73	-0.0043216363992542	0.519285189686343
6547	32.735	-0.0043216363992542	0.519285189686343
6548	32.74	-0.0030319644138217	0.519285189686343
6549	32.745	-0.0030319644138217	0.517995517700911
6550	32.75	-0.0030319644138217	0.517995517700911
6551	32.755	-0.0030319644138217	0.517995517700911
6552	32.76	-0.0043216363992542	0.517995517700911
6553	32.765	-0.0043216363992542	0.517995517700911
6554	32.77	-0.0043216363992542	0.516705845715478
6555	32.775	-0.0043216363992542	0.517995517700911
6556	32.78	-0.0043216363992542	0.517995517700911
6557	32.785	-0.0043216363992542	0.517995517700911
6558	32.79	-0.0043216363992542	0.516705845715478
6559	32.795	-0.0043216363992542	0.516705845715478
6560	32.8	-0.0043216363992542	0.516705845715478
6561	32.805	-0.0030319644138217	0.516705845715478
6562	32.81	-0.0043216363992542	0.515416173730046
6563	32.815	-0.0030319644138217	0.515416173730046
6564	32.82	-0.0043216363992542	0.516705845715478
6565	32.825	-0.0043216363992542	0.515416173730046
6566	32.83	-0.0043216363992542	0.516705845715478
6567	32.835	-0.0030319644138217	0.515416173730046
6568	32.84	-0.0043216363992542	0.515416173730046
6569	32.845	-0.0030319644138217	0.515416173730046
6570	32.85	-0.0030319644138217	0.515416173730046
6571	32.855	-0.0043216363992542	0.515416173730046
6572	32.86	-0.0043216363992542	0.515416173730046
6573	32.865	-0.0043216363992542	0.514126501744613
6574	32.87	-0.0030319644138217	0.514126501744613
6575	32.875	-0.0030319644138217	0.514126501744613
6576	32.88	-0.0043216363992542	0.514126501744613
6577	32.885	-0.0043216363992542	0.514126501744613
6578	32.89	-0.0043216363992542	0.514126501744613
6579	32.895	-0.0030319644138217	0.514126501744613
6580	32.9	-0.0030319644138217	0.514126501744613
6581	32.905	-0.0043216363992542	0.514126501744613
6582	32.91	-0.0043216363992542	0.512836829759181
6583	32.915	-0.0043216363992542	0.512836829759181
6584	32.92	-0.0043216363992542	0.512836829759181
6585	32.925	-0.0030319644138217	0.512836829759181
6586	32.93	-0.0030319644138217	0.512836829759181
6587	32.935	-0.0030319644138217	0.512836829759181
6588	32.94	-0.0030319644138217	0.511547157773748
6589	32.945	-0.0043216363992542	0.512836829759181
6590	32.95	-0.0043216363992542	0.511547157773748
6591	32.955	-0.0043216363992542	0.511547157773748
6592	32.96	-0.0030319644138217	0.511547157773748
6593	32.965	-0.0043216363992542	0.511547157773748
6594	32.97	-0.0030319644138217	0.511547157773748
6595	32.975	-0.0043216363992542	0.511547157773748
6596	32.98	-0.0043216363992542	0.511547157773748
6597	32.985	-0.0043216363992542	0.511547157773748
6598	32.99	-0.0030319644138217	0.510257485788316
6599	32.995	-0.0043216363992542	0.510257485788316
6600	33	-0.0030319644138217	0.510257485788316
6601	33.005	-0.0043216363992542	0.510257485788316
6602	33.01	-0.0043216363992542	0.510257485788316
6603	33.015	-0.0030319644138217	0.508967813802883
6604	33.02	-0.0043216363992542	0.508967813802883
6605	33.025	-0.0030319644138217	0.508967813802883
6606	33.03	-0.0030319644138217	0.508967813802883
6607	33.035	-0.0030319644138217	0.508967813802883
6608	33.04	-0.0030319644138217	0.508967813802883
6609	33.045	-0.0030319644138217	0.508967813802883
6610	33.05	-0.0043216363992542	0.507678141817451
6611	33.055	-0.0030319644138217	0.507678141817451
6612	33.06	-0.0030319644138217	0.508967813802883
6613	33.065	-0.0043216363992542	0.507678141817451
6614	33.07	-0.0030319644138217	0.507678141817451
6615	33.075	-0.0030319644138217	0.507678141817451
6616	33.08	-0.0043216363992542	0.507678141817451
6617	33.085	-0.0043216363992542	0.507678141817451
6618	33.09	-0.0043216363992542	0.507678141817451
6619	33.095	-0.0030319644138217	0.507678141817451
6620	33.1	-0.0043216363992542	0.506388469832018
6621	33.105	-0.0043216363992542	0.507678141817451
6622	33.11	-0.0043216363992542	0.506388469832018
6623	33.115	-0.0030319644138217	0.506388469832018
6624	33.12	-0.0043216363992542	0.506388469832018
6625	33.125	-0.0043216363992542	0.506388469832018
6626	33.13	-0.0043216363992542	0.506388469832018
6627	33.135	-0.0030319644138217	0.506388469832018
6628	33.14	-0.0030319644138217	0.506388469832018
6629	33.145	-0.0043216363992542	0.505098797846586
6630	33.15	-0.0030319644138217	0.505098797846586
6631	33.155	-0.0030319644138217	0.505098797846586
6632	33.16	-0.0043216363992542	0.505098797846586
6633	33.165	-0.0043216363992542	0.505098797846586
6634	33.17	-0.0030319644138217	0.505098797846586
6635	33.175	-0.0043216363992542	0.503809125861153
6636	33.18	-0.0030319644138217	0.503809125861153
6637	33.185	-0.0030319644138217	0.503809125861153
6638	33.19	-0.0030319644138217	0.503809125861153
6639	33.195	-0.0043216363992542	0.503809125861153
6640	33.2	-0.0043216363992542	0.503809125861153
6641	33.205	-0.0043216363992542	0.503809125861153
6642	33.21	-0.0030319644138217	0.503809125861153
6643	33.215	-0.0043216363992542	0.503809125861153
6644	33.22	-0.0043216363992542	0.502519453875721
6645	33.225	-0.0043216363992542	0.503809125861153
6646	33.23	-0.0030319644138217	0.502519453875721
6647	33.235	-0.0043216363992542	0.502519453875721
6648	33.24	-0.0030319644138217	0.502519453875721
6649	33.245	-0.0043216363992542	0.502519453875721
6650	33.25	-0.0030319644138217	0.502519453875721
6651	33.255	-0.0030319644138217	0.502519453875721
6652	33.26	-0.0043216363992542	0.502519453875721
6653	33.265	-0.0030319644138217	0.501229781890288
6654	33.27	-0.0030319644138217	0.501229781890288
6655	33.275	-0.0043216363992542	0.501229781890288
6656	33.28	-0.0030319644138217	0.501229781890288
6657	33.285	-0.0043216363992542	0.501229781890288
6658	33.29	-0.0030319644138217	0.501229781890288
6659	33.295	-0.0030319644138217	0.501229781890288
6660	33.3	-0.0043216363992542	0.501229781890288
6661	33.305	-0.0043216363992542	0.501229781890288
6662	33.31	-0.0043216363992542	0.499940109904855
6663	33.315	-0.0043216363992542	0.499940109904855
6664	33.32	-0.0043216363992542	0.499940109904855
6665	33.325	-0.0043216363992542	0.499940109904855
6666	33.33	-0.0030319644138217	0.501229781890288
6667	33.335	-0.0043216363992542	0.499940109904855
6668	33.34	-0.0043216363992542	0.499940109904855
6669	33.345	-0.0030319644138217	0.499940109904855
6670	33.35	-0.0030319644138217	0.499940109904855
6671	33.355	-0.0030319644138217	0.498650437919423
6672	33.36	-0.0043216363992542	0.498650437919423
6673	33.365	-0.0043216363992542	0.498650437919423
6674	33.37	-0.0043216363992542	0.498650437919423
6675	33.375	-0.0030319644138217	0.498650437919423
6676	33.38	-0.0043216363992542	0.498650437919423
6677	33.385	-0.0030319644138217	0.49736076593399
6678	33.39	-0.0043216363992542	0.498650437919423
6679	33.395	-0.0030319644138217	0.49736076593399
6680	33.4	-0.0043216363992542	0.49736076593399
6681	33.405	-0.0030319644138217	0.49736076593399
6682	33.41	-0.0030319644138217	0.49736076593399
6683	33.415	-0.0030319644138217	0.49736076593399
6684	33.42	-0.0043216363992542	0.49736076593399
6685	33.425	-0.0043216363992542	0.49736076593399
6686	33.43	-0.0043216363992542	0.496071093948558
6687	33.435	-0.0030319644138217	0.496071093948558
6688	33.44	-0.0043216363992542	0.496071093948558
6689	33.445	-0.0043216363992542	0.496071093948558
6690	33.45	-0.0043216363992542	0.496071093948558
6691	33.455	-0.0030319644138217	0.496071093948558
6692	33.46	-0.0043216363992542	0.496071093948558
6693	33.465	-0.0030319644138217	0.494781421963125
6694	33.47	-0.0043216363992542	0.494781421963125
6695	33.475	-0.0030319644138217	0.496071093948558
6696	33.48	-0.0043216363992542	0.494781421963125
6697	33.485	-0.0043216363992542	0.494781421963125
6698	33.49	-0.0043216363992542	0.494781421963125
6699	33.495	-0.0030319644138217	0.494781421963125
6700	33.5	-0.0043216363992542	0.494781421963125
6701	33.505	-0.0043216363992542	0.494781421963125
6702	33.51	-0.0043216363992542	0.493491749977693
6703	33.515	-0.0030319644138217	0.494781421963125
6704	33.52	-0.0043216363992542	0.493491749977693
6705	33.525	-0.0030319644138217	0.493491749977693
6706	33.53	-0.0043216363992542	0.493491749977693
6707	33.535	-0.0043216363992542	0.493491749977693
6708	33.54	-0.0043216363992542	0.493491749977693
6709	33.545	-0.0043216363992542	0.493491749977693
6710	33.55	-0.0043216363992542	0.49220207799226
6711	33.555	-0.0043216363992542	0.49220207799226
6712	33.56	-0.0043216363992542	0.49220207799226
6713	33.565	-0.0043216363992542	0.49220207799226
6714	33.57	-0.0030319644138217	0.49220207799226
6715	33.575	-0.0043216363992542	0.49220207799226
6716	33.58	-0.0043216363992542	0.49220207799226
6717	33.585	-0.0030319644138217	0.490912406006828
6718	33.59	-0.0043216363992542	0.49220207799226
6719	33.595	-0.0043216363992542	0.49220207799226
6720	33.6	-0.0043216363992542	0.490912406006828
6721	33.605	-0.0043216363992542	0.490912406006828
6722	33.61	-0.0043216363992542	0.490912406006828
6723	33.615	-0.0030319644138217	0.489622734021395
6724	33.62	-0.0043216363992542	0.489622734021395
6725	33.625	-0.0043216363992542	0.490912406006828
6726	33.63	-0.0043216363992542	0.489622734021395
6727	33.635	-0.0043216363992542	0.489622734021395
6728	33.64	-0.0030319644138217	0.489622734021395
6729	33.645	-0.0043216363992542	0.489622734021395
6730	33.65	-0.0030319644138217	0.489622734021395
6731	33.655	-0.0043216363992542	0.489622734021395
6732	33.66	-0.0043216363992542	0.489622734021395
6733	33.665	-0.0043216363992542	0.489622734021395
6734	33.67	-0.0030319644138217	0.489622734021395
6735	33.675	-0.0043216363992542	0.488333062035963
6736	33.68	-0.0043216363992542	0.488333062035963
6737	33.685	-0.0043216363992542	0.488333062035963
6738	33.69	-0.0043216363992542	0.488333062035963
6739	33.695	-0.0043216363992542	0.488333062035963
6740	33.7	-0.0043216363992542	0.488333062035963
6741	33.705	-0.0043216363992542	0.48704339005053
6742	33.71	-0.0043216363992542	0.488333062035963
6743	33.715	-0.0043216363992542	0.48704339005053
6744	33.72	-0.0043216363992542	0.48704339005053
6745	33.725	-0.0043216363992542	0.48704339005053
6746	33.73	-0.0043216363992542	0.48704339005053
6747	33.735	-0.0030319644138217	0.48704339005053
6748	33.74	-0.0043216363992542	0.48704339005053
6749	33.745	-0.0043216363992542	0.485753718065098
6750	33.75	-0.0043216363992542	0.485753718065098
6751	33.755	-0.0043216363992542	0.48704339005053
6752	33.76	-0.0030319644138217	0.485753718065098
6753	33.765	-0.0043216363992542	0.485753718065098
6754	33.77	-0.0043216363992542	0.485753718065098
6755	33.775	-0.0043216363992542	0.484464046079665
6756	33.78	-0.0043216363992542	0.485753718065098
6757	33.785	-0.0043216363992542	0.484464046079665
6758	33.79	-0.0043216363992542	0.485753718065098
6759	33.795	-0.0043216363992542	0.484464046079665
6760	33.8	-0.0043216363992542	0.485753718065098
6761	33.805	-0.0043216363992542	0.484464046079665
6762	33.81	-0.0043216363992542	0.484464046079665
6763	33.815	-0.0043216363992542	0.484464046079665
6764	33.82	-0.0043216363992542	0.484464046079665
6765	33.825	-0.0043216363992542	0.483174374094233
6766	33.83	-0.0030319644138217	0.483174374094233
6767	33.835	-0.0043216363992542	0.483174374094233
6768	33.84	-0.0043216363992542	0.484464046079665
6769	33.845	-0.0030319644138217	0.483174374094233
6770	33.85	-0.00561130838468671	0.483174374094233
6771	33.855	-0.0030319644138217	0.483174374094233
6772	33.86	-0.0043216363992542	0.483174374094233
6773	33.865	-0.0030319644138217	0.4818847021088
6774	33.87	-0.0043216363992542	0.4818847021088
6775	33.875	-0.0030319644138217	0.483174374094233
6776	33.88	-0.0043216363992542	0.4818847021088
6777	33.885	-0.0043216363992542	0.4818847021088
6778	33.89	-0.0043216363992542	0.4818847021088
6779	33.895	-0.0043216363992542	0.4818847021088
6780	33.9	-0.0043216363992542	0.4818847021088
6781	33.905	-0.0043216363992542	0.480595030123368
6782	33.91	-0.0043216363992542	0.480595030123368
6783	33.915	-0.0043216363992542	0.480595030123368
6784	33.92	-0.0043216363992542	0.480595030123368
6785	33.925	-0.0043216363992542	0.480595030123368
6786	33.93	-0.0043216363992542	0.480595030123368
6787	33.935	-0.0043216363992542	0.480595030123368
6788	33.94	-0.0043216363992542	0.480595030123368
6789	33.945	-0.0043216363992542	0.480595030123368
6790	33.95	-0.0043216363992542	0.479305358137935
6791	33.955	-0.0043216363992542	0.479305358137935
6792	33.96	-0.0043216363992542	0.479305358137935
6793	33.965	-0.0043216363992542	0.478015686152503
6794	33.97	-0.0043216363992542	0.479305358137935
6795	33.975	-0.0043216363992542	0.478015686152503
6796	33.98	-0.0043216363992542	0.478015686152503
6797	33.985	-0.00561130838468671	0.478015686152503
6798	33.99	-0.0030319644138217	0.478015686152503
6799	33.995	-0.0043216363992542	0.478015686152503
6800	34	-0.0043216363992542	0.478015686152503
6801	34.005	-0.00561130838468671	0.478015686152503
6802	34.01	-0.0043216363992542	0.47672601416707
6803	34.015	-0.0043216363992542	0.47672601416707
6804	34.02	-0.00561130838468671	0.478015686152503
6805	34.025	-0.00561130838468671	0.47672601416707
6806	34.03	-0.0043216363992542	0.47672601416707
6807	34.035	-0.00561130838468671	0.47672601416707
6808	34.04	-0.0043216363992542	0.47672601416707
6809	34.045	-0.0043216363992542	0.47672601416707
6810	34.05	-0.0043216363992542	0.47672601416707
6811	34.055	-0.0043216363992542	0.475436342181638
6812	34.06	-0.0043216363992542	0.475436342181638
6813	34.065	-0.0043216363992542	0.475436342181638
6814	34.07	-0.0043216363992542	0.475436342181638
6815	34.075	-0.00561130838468671	0.474146670196205
6816	34.08	-0.00561130838468671	0.474146670196205
6817	34.085	-0.0043216363992542	0.474146670196205
6818	34.09	-0.0043216363992542	0.475436342181638
6819	34.095	-0.0043216363992542	0.474146670196205
6820	34.1	-0.0043216363992542	0.474146670196205
6821	34.105	-0.00561130838468671	0.472856998210773
6822	34.11	-0.0043216363992542	0.474146670196205
6823	34.115	-0.0043216363992542	0.472856998210773
6824	34.12	-0.0043216363992542	0.472856998210773
6825	34.125	-0.0043216363992542	0.472856998210773
6826	34.13	-0.0043216363992542	0.472856998210773
6827	34.135	-0.0043216363992542	0.472856998210773
6828	34.14	-0.0043216363992542	0.472856998210773
6829	34.145	-0.0043216363992542	0.472856998210773
6830	34.15	-0.0043216363992542	0.47156732622534
6831	34.155	-0.0043216363992542	0.47156732622534
6832	34.16	-0.00561130838468671	0.47156732622534
6833	34.165	-0.0043216363992542	0.47156732622534
6834	34.17	-0.0043216363992542	0.47156732622534
6835	34.175	-0.0043216363992542	0.470277654239908
6836	34.18	-0.0043216363992542	0.470277654239908
6837	34.185	-0.0043216363992542	0.470277654239908
6838	34.19	-0.0043216363992542	0.470277654239908
6839	34.195	-0.0043216363992542	0.470277654239908
6840	34.2	-0.0043216363992542	0.470277654239908
6841	34.205	-0.0043216363992542	0.470277654239908
6842	34.21	-0.00561130838468671	0.470277654239908
6843	34.215	-0.0043216363992542	0.468987982254475
6844	34.22	-0.0043216363992542	0.468987982254475
6845	34.225	-0.0030319644138217	0.468987982254475
6846	34.23	-0.0043216363992542	0.468987982254475
6847	34.235	-0.0043216363992542	0.467698310269043
6848	34.24	-0.0043216363992542	0.467698310269043
6849	34.245	-0.0043216363992542	0.467698310269043
6850	34.25	-0.0043216363992542	0.468987982254475
6851	34.255	-0.0030319644138217	0.467698310269043
6852	34.26	-0.0043216363992542	0.467698310269043
6853	34.265	-0.0043216363992542	0.467698310269043
6854	34.27	-0.0043216363992542	0.467698310269043
6855	34.275	-0.0030319644138217	0.467698310269043
6856	34.28	-0.0043216363992542	0.46640863828361
6857	34.285	-0.0043216363992542	0.46640863828361
6858	34.29	-0.0043216363992542	0.46640863828361
6859	34.295	-0.0030319644138217	0.46640863828361
6860	34.3	-0.0043216363992542	0.46640863828361
6861	34.305	-0.0043216363992542	0.46640863828361
6862	34.31	-0.0030319644138217	0.465118966298178
6863	34.315	-0.0043216363992542	0.465118966298178
6864	34.32	-0.0043216363992542	0.465118966298178
6865	34.325	-0.0043216363992542	0.465118966298178
6866	34.33	-0.0043216363992542	0.465118966298178
6867	34.335	-0.0030319644138217	0.465118966298178
6868	34.34	-0.0043216363992542	0.465118966298178
6869	34.345	-0.0043216363992542	0.465118966298178
6870	34.35	-0.0030319644138217	0.463829294312745
6871	34.355	-0.0030319644138217	0.463829294312745
6872	34.36	-0.0043216363992542	0.463829294312745
6873	34.365	-0.0043216363992542	0.463829294312745
6874	34.37	-0.0030319644138217	0.462539622327313
6875	34.375	-0.0043216363992542	0.462539622327313
6876	34.38	-0.0043216363992542	0.462539622327313
6877	34.385	-0.0030319644138217	0.463829294312745
6878	34.39	-0.0043216363992542	0.462539622327313
6879	34.395	-0.0030319644138217	0.462539622327313
6880	34.4	-0.0043216363992542	0.462539622327313
6881	34.405	-0.0043216363992542	0.462539622327313
6882	34.41	-0.0030319644138217	0.462539622327313
6883	34.415	-0.0043216363992542	0.46124995034188
6884	34.42	-0.0043216363992542	0.462539622327313
6885	34.425	-0.0043216363992542	0.46124995034188
6886	34.43	-0.0030319644138217	0.46124995034188
6887	34.435	-0.0043216363992542	0.46124995034188
6888	34.44	-0.0043216363992542	0.46124995034188
6889	34.445	-0.0043216363992542	0.46124995034188
6890	34.45	-0.0043216363992542	0.46124995034188
6891	34.455	-0.0043216363992542	0.459960278356448
6892	34.46	-0.0043216363992542	0.459960278356448
6893	34.465	-0.0043216363992542	0.459960278356448
6894	34.47	-0.0043216363992542	0.459960278356448
6895	34.475	-0.0030319644138217	0.459960278356448
6896	34.48	-0.0043216363992542	0.459960278356448
6897	34.485	-0.0043216363992542	0.459960278356448
6898	34.49	-0.0030319644138217	0.458670606371015
6899	34.495	-0.0043216363992542	0.458670606371015
6900	34.5	-0.0030319644138217	0.458670606371015
6901	34.505	-0.0030319644138217	0.458670606371015
6902	34.51	-0.0030319644138217	0.458670606371015
6903	34.515	-0.0030319644138217	0.458670606371015
6904	34.52	-0.0030319644138217	0.458670606371015
6905	34.525	-0.0030319644138217	0.457380934385583
6906	34.53	-0.0043216363992542	0.457380934385583
6907	34.535	-0.0030319644138217	0.458670606371015
6908	34.54	-0.0043216363992542	0.457380934385583
6909	34.545	-0.0043216363992542	0.457380934385583
6910	34.55	-0.0043216363992542	0.457380934385583
6911	34.555	-0.0043216363992542	0.45609126240015
6912	34.56	-0.0043216363992542	0.45609126240015
6913	34.565	-0.0043216363992542	0.45609126240015
6914	34.57	-0.0043216363992542	0.457380934385583
6915	34.575	-0.0030319644138217	0.45609126240015
6916	34.58	-0.0043216363992542	0.45609126240015
6917	34.585	-0.0030319644138217	0.45609126240015
6918	34.59	-0.0030319644138217	0.45609126240015
6919	34.595	-0.0043216363992542	0.45609126240015
6920	34.6	-0.0043216363992542	0.45609126240015
6921	34.605	-0.0030319644138217	0.454801590414718
6922	34.61	-0.0030319644138217	0.454801590414718
6923	34.615	-0.0043216363992542	0.454801590414718
6924	34.62	-0.0043216363992542	0.454801590414718
6925	34.625	-0.0043216363992542	0.454801590414718
6926	34.63	-0.0043216363992542	0.454801590414718
6927	34.635	-0.0030319644138217	0.453511918429285
6928	34.64	-0.0043216363992542	0.453511918429285
6929	34.645	-0.0043216363992542	0.453511918429285
6930	34.65	-0.0030319644138217	0.453511918429285
6931	34.655	-0.0030319644138217	0.453511918429285
6932	34.66	-0.0030319644138217	0.453511918429285
6933	34.665	-0.0043216363992542	0.453511918429285
6934	34.67	-0.0030319644138217	0.453511918429285
6935	34.675	-0.0043216363992542	0.453511918429285
6936	34.68	-0.0043216363992542	0.453511918429285
6937	34.685	-0.0030319644138217	0.452222246443853
6938	34.69	-0.0043216363992542	0.452222246443853
6939	34.695	-0.0030319644138217	0.452222246443853
6940	34.7	-0.0043216363992542	0.452222246443853
6941	34.705	-0.0043216363992542	0.452222246443853
6942	34.71	-0.0030319644138217	0.452222246443853
6943	34.715	-0.0030319644138217	0.452222246443853
6944	34.72	-0.0043216363992542	0.45093257445842
6945	34.725	-0.0043216363992542	0.452222246443853
6946	34.73	-0.0043216363992542	0.45093257445842
6947	34.735	-0.0030319644138217	0.45093257445842
6948	34.74	-0.0043216363992542	0.45093257445842
6949	34.745	-0.0043216363992542	0.45093257445842
6950	34.75	-0.0043216363992542	0.45093257445842
6951	34.755	-0.0043216363992542	0.45093257445842
6952	34.76	-0.0043216363992542	0.449642902472988
6953	34.765	-0.0043216363992542	0.449642902472988
6954	34.77	-0.0043216363992542	0.449642902472988
6955	34.775	-0.0043216363992542	0.449642902472988
6956	34.78	-0.0043216363992542	0.449642902472988
6957	34.785	-0.0043216363992542	0.449642902472988
6958	34.79	-0.0030319644138217	0.449642902472988
6959	34.795	-0.0043216363992542	0.448353230487555
6960	34.8	-0.0030319644138217	0.449642902472988
6961	34.805	-0.0043216363992542	0.448353230487555
6962	34.81	-0.0030319644138217	0.448353230487555
6963	34.815	-0.0043216363992542	0.448353230487555
6964	34.82	-0.0043216363992542	0.447063558502123
6965	34.825	-0.0030319644138217	0.448353230487555
6966	34.83	-0.0030319644138217	0.448353230487555
6967	34.835	-0.0043216363992542	0.448353230487555
6968	34.84	-0.0030319644138217	0.447063558502123
6969	34.845	-0.0043216363992542	0.448353230487555
6970	34.85	-0.0043216363992542	0.447063558502123
6971	34.855	-0.0030319644138217	0.447063558502123
6972	34.86	-0.0030319644138217	0.447063558502123
6973	34.865	-0.0043216363992542	0.447063558502123
6974	34.87	-0.0030319644138217	0.44577388651669
6975	34.875	-0.0043216363992542	0.447063558502123
6976	34.88	-0.0043216363992542	0.447063558502123
6977	34.885	-0.0043216363992542	0.447063558502123
6978	34.89	-0.0030319644138217	0.44577388651669
6979	34.895	-0.0030319644138217	0.44577388651669
6980	34.9	-0.0030319644138217	0.44577388651669
6981	34.905	-0.0043216363992542	0.44577388651669
6982	34.91	-0.0030319644138217	0.44577388651669
6983	34.915	-0.0030319644138217	0.44577388651669
6984	34.92	-0.0043216363992542	0.444484214531258
6985	34.925	-0.0030319644138217	0.44577388651669
6986	34.93	-0.0043216363992542	0.444484214531258
6987	34.935	-0.0030319644138217	0.444484214531258
6988	34.94	-0.0043216363992542	0.444484214531258
6989	34.945	-0.0043216363992542	0.444484214531258
6990	34.95	-0.0030319644138217	0.444484214531258
6991	34.955	-0.0030319644138217	0.444484214531258
6992	34.96	-0.0030319644138217	0.443194542545825
6993	34.965	-0.0030319644138217	0.443194542545825
6994	34.97	-0.0030319644138217	0.443194542545825
6995	34.975	-0.0043216363992542	0.443194542545825
6996	34.98	-0.0043216363992542	0.443194542545825
6997	34.985	-0.0030319644138217	0.443194542545825
6998	34.99	-0.0030319644138217	0.443194542545825
6999	34.995	-0.0043216363992542	0.443194542545825
7000	35	-0.0043216363992542	0.441904870560393
7001	35.005	-0.0043216363992542	0.441904870560393
7002	35.01	-0.0043216363992542	0.443194542545825
7003	35.015	-0.0030319644138217	0.441904870560393
7004	35.02	-0.0043216363992542	0.441904870560393
7005	35.025	-0.0030319644138217	0.441904870560393
7006	35.03	-0.0030319644138217	0.441904870560393
7007	35.035	-0.0030319644138217	0.441904870560393
7008	35.04	-0.0030319644138217	0.441904870560393
7009	35.045	-0.0043216363992542	0.44061519857496
7010	35.05	-0.0043216363992542	0.44061519857496
7011	35.055	-0.0030319644138217	0.44061519857496
7012	35.06	-0.0043216363992542	0.44061519857496
7013	35.065	-0.0030319644138217	0.44061519857496
7014	35.07	-0.0043216363992542	0.44061519857496
7015	35.075	-0.0043216363992542	0.44061519857496
7016	35.08	-0.0030319644138217	0.439325526589528
7017	35.085	-0.0043216363992542	0.44061519857496
7018	35.09	-0.0043216363992542	0.439325526589528
7019	35.095	-0.0043216363992542	0.439325526589528
7020	35.1	-0.0030319644138217	0.439325526589528
7021	35.105	-0.0030319644138217	0.439325526589528
7022	35.11	-0.0030319644138217	0.439325526589528
7023	35.115	-0.0030319644138217	0.438035854604095
7024	35.12	-0.0043216363992542	0.439325526589528
7025	35.125	-0.0043216363992542	0.438035854604095
7026	35.13	-0.0043216363992542	0.438035854604095
7027	35.135	-0.0043216363992542	0.438035854604095
7028	35.14	-0.0043216363992542	0.438035854604095
7029	35.145	-0.0043216363992542	0.436746182618663
7030	35.15	-0.0030319644138217	0.438035854604095
7031	35.155	-0.0030319644138217	0.438035854604095
7032	35.16	-0.0043216363992542	0.436746182618663
7033	35.165	-0.0043216363992542	0.436746182618663
7034	35.17	-0.0043216363992542	0.436746182618663
7035	35.175	-0.0043216363992542	0.436746182618663
7036	35.18	-0.0030319644138217	0.436746182618663
7037	35.185	-0.0030319644138217	0.436746182618663
7038	35.19	-0.0030319644138217	0.436746182618663
7039	35.195	-0.0030319644138217	0.436746182618663
7040	35.2	-0.0030319644138217	0.43545651063323
7041	35.205	-0.0030319644138217	0.43545651063323
7042	35.21	-0.0030319644138217	0.43545651063323
7043	35.215	-0.0030319644138217	0.436746182618663
7044	35.22	-0.0030319644138217	0.434166838647798
7045	35.225	-0.0043216363992542	0.43545651063323
7046	35.23	-0.0043216363992542	0.434166838647798
7047	35.235	-0.0043216363992542	0.434166838647798
7048	35.24	-0.0043216363992542	0.434166838647798
7049	35.245	-0.0043216363992542	0.434166838647798
7050	35.25	-0.0043216363992542	0.434166838647798
7051	35.255	-0.0030319644138217	0.434166838647798
7052	35.26	-0.0043216363992542	0.434166838647798
7053	35.265	-0.0043216363992542	0.432877166662365
7054	35.27	-0.0030319644138217	0.434166838647798
7055	35.275	-0.0043216363992542	0.432877166662365
7056	35.28	-0.0030319644138217	0.432877166662365
7057	35.285	-0.0043216363992542	0.432877166662365
7058	35.29	-0.0043216363992542	0.432877166662365
7059	35.295	-0.0043216363992542	0.431587494676933
7060	35.3	-0.0043216363992542	0.431587494676933
7061	35.305	-0.0043216363992542	0.431587494676933
7062	35.31	-0.0043216363992542	0.431587494676933
7063	35.315	-0.0030319644138217	0.431587494676933
7064	35.32	-0.0043216363992542	0.431587494676933
7065	35.325	-0.0043216363992542	0.431587494676933
7066	35.33	-0.0043216363992542	0.431587494676933
7067	35.335	-0.0030319644138217	0.4302978226915
7068	35.34	-0.0043216363992542	0.431587494676933
7069	35.345	-0.0030319644138217	0.4302978226915
7070	35.35	-0.0043216363992542	0.4302978226915
7071	35.355	-0.0043216363992542	0.4302978226915
7072	35.36	-0.0030319644138217	0.4302978226915
7073	35.365	-0.0030319644138217	0.4302978226915
7074	35.37	-0.0030319644138217	0.4302978226915
7075	35.375	-0.0043216363992542	0.429008150706068
7076	35.38	-0.0043216363992542	0.429008150706068
7077	35.385	-0.0043216363992542	0.429008150706068
7078	35.39	-0.0043216363992542	0.429008150706068
7079	35.395	-0.0030319644138217	0.429008150706068
7080	35.4	-0.0030319644138217	0.429008150706068
7081	35.405	-0.0043216363992542	0.429008150706068
7082	35.41	-0.0043216363992542	0.429008150706068
7083	35.415	-0.0030319644138217	0.429008150706068
7084	35.42	-0.0043216363992542	0.427718478720635
7085	35.425	-0.0043216363992542	0.429008150706068
7086	35.43	-0.0043216363992542	0.427718478720635
7087	35.435	-0.0030319644138217	0.427718478720635
7088	35.44	-0.0043216363992542	0.426428806735203
7089	35.445	-0.0043216363992542	0.426428806735203
7090	35.45	-0.0030319644138217	0.426428806735203
7091	35.455	-0.0043216363992542	0.426428806735203
7092	35.46	-0.0043216363992542	0.426428806735203
7093	35.465	-0.0043216363992542	0.426428806735203
7094	35.47	-0.0043216363992542	0.426428806735203
7095	35.475	-0.0030319644138217	0.426428806735203
7096	35.48	-0.0030319644138217	0.42513913474977
7097	35.485	-0.0043216363992542	0.426428806735203
7098	35.49	-0.0043216363992542	0.426428806735203
7099	35.495	-0.0030319644138217	0.42513913474977
7100	35.5	-0.0030319644138217	0.42513913474977
7101	35.505	-0.0043216363992542	0.42513913474977
7102	35.51	-0.0043216363992542	0.42513913474977
7103	35.515	-0.0043216363992542	0.42513913474977
7104	35.52	-0.0043216363992542	0.42513913474977
7105	35.525	-0.0030319644138217	0.423849462764338
7106	35.53	-0.0043216363992542	0.423849462764338
7107	35.535	-0.0030319644138217	0.423849462764338
7108	35.54	-0.0043216363992542	0.423849462764338
7109	35.545	-0.0043216363992542	0.423849462764338
7110	35.55	-0.0043216363992542	0.423849462764338
7111	35.555	-0.0030319644138217	0.423849462764338
7112	35.56	-0.0030319644138217	0.423849462764338
7113	35.565	-0.0043216363992542	0.423849462764338
7114	35.57	-0.0043216363992542	0.422559790778905
7115	35.575	-0.0043216363992542	0.422559790778905
7116	35.58	-0.0043216363992542	0.423849462764338
7117	35.585	-0.0030319644138217	0.422559790778905
7118	35.59	-0.0030319644138217	0.422559790778905
7119	35.595	-0.0030319644138217	0.421270118793473
7120	35.6	-0.0030319644138217	0.421270118793473
7121	35.605	-0.0030319644138217	0.422559790778905
7122	35.61	-0.0030319644138217	0.421270118793473
7123	35.615	-0.0043216363992542	0.422559790778905
7124	35.62	-0.0043216363992542	0.421270118793473
7125	35.625	-0.0043216363992542	0.421270118793473
7126	35.63	-0.0043216363992542	0.421270118793473
7127	35.635	-0.0043216363992542	0.41998044680804
7128	35.64	-0.0030319644138217	0.421270118793473
7129	35.645	-0.0030319644138217	0.421270118793473
7130	35.65	-0.0043216363992542	0.41998044680804
7131	35.655	-0.0043216363992542	0.41998044680804
7132	35.66	-0.0030319644138217	0.41998044680804
7133	35.665	-0.0043216363992542	0.41998044680804
7134	35.67	-0.0043216363992542	0.41998044680804
7135	35.675	-0.0043216363992542	0.41998044680804
7136	35.68	-0.0043216363992542	0.418690774822608
7137	35.685	-0.0043216363992542	0.418690774822608
7138	35.69	-0.0043216363992542	0.418690774822608
7139	35.695	-0.0030319644138217	0.418690774822608
7140	35.7	-0.0030319644138217	0.418690774822608
7141	35.705	-0.0043216363992542	0.418690774822608
7142	35.71	-0.0043216363992542	0.418690774822608
7143	35.715	-0.0043216363992542	0.417401102837175
7144	35.72	-0.0043216363992542	0.417401102837175
7145	35.725	-0.0030319644138217	0.417401102837175
7146	35.73	-0.0043216363992542	0.417401102837175
7147	35.735	-0.0043216363992542	0.417401102837175
7148	35.74	-0.0043216363992542	0.417401102837175
7149	35.745	-0.0043216363992542	0.416111430851743
7150	35.75	-0.0030319644138217	0.416111430851743
7151	35.755	-0.0043216363992542	0.416111430851743
7152	35.76	-0.0043216363992542	0.416111430851743
7153	35.765	-0.0030319644138217	0.416111430851743
7154	35.77	-0.0030319644138217	0.416111430851743
7155	35.775	-0.0043216363992542	0.41482175886631
7156	35.78	-0.0030319644138217	0.41482175886631
7157	35.785	-0.0043216363992542	0.41482175886631
7158	35.79	-0.0030319644138217	0.41482175886631
7159	35.795	-0.0030319644138217	0.41482175886631
7160	35.8	-0.0043216363992542	0.41482175886631
7161	35.805	-0.0030319644138217	0.41482175886631
7162	35.81	-0.0030319644138217	0.41482175886631
7163	35.815	-0.0030319644138217	0.41482175886631
7164	35.82	-0.0043216363992542	0.41482175886631
7165	35.825	-0.0030319644138217	0.413532086880878
7166	35.83	-0.0043216363992542	0.413532086880878
7167	35.835	-0.0030319644138217	0.413532086880878
7168	35.84	-0.0043216363992542	0.413532086880878
7169	35.845	-0.0043216363992542	0.412242414895445
7170	35.85	-0.0043216363992542	0.413532086880878
7171	35.855	-0.0043216363992542	0.412242414895445
7172	35.86	-0.0043216363992542	0.412242414895445
7173	35.865	-0.0030319644138217	0.412242414895445
7174	35.87	-0.0030319644138217	0.412242414895445
7175	35.875	-0.0043216363992542	0.412242414895445
7176	35.88	-0.0030319644138217	0.412242414895445
7177	35.885	-0.0043216363992542	0.412242414895445
7178	35.89	-0.0030319644138217	0.410952742910013
7179	35.895	-0.0030319644138217	0.410952742910013
7180	35.9	-0.0030319644138217	0.410952742910013
7181	35.905	-0.0043216363992542	0.40966307092458
7182	35.91	-0.0043216363992542	0.410952742910013
7183	35.915	-0.0043216363992542	0.410952742910013
7184	35.92	-0.0030319644138217	0.40966307092458
7185	35.925	-0.0043216363992542	0.40966307092458
7186	35.93	-0.0030319644138217	0.40966307092458
7187	35.935	-0.0043216363992542	0.40966307092458
7188	35.94	-0.0043216363992542	0.40966307092458
7189	35.945	-0.0030319644138217	0.408373398939148
7190	35.95	-0.0043216363992542	0.408373398939148
7191	35.955	-0.0030319644138217	0.408373398939148
7192	35.96	-0.0030319644138217	0.408373398939148
7193	35.965	-0.0030319644138217	0.408373398939148
7194	35.97	-0.0030319644138217	0.408373398939148
7195	35.975	-0.0030319644138217	0.408373398939148
7196	35.98	-0.0043216363992542	0.408373398939148
7197	35.985	-0.0030319644138217	0.407083726953715
7198	35.99	-0.0043216363992542	0.407083726953715
7199	35.995	-0.0030319644138217	0.407083726953715
7200	36	-0.0030319644138217	0.407083726953715
7201	36.005	-0.0043216363992542	0.407083726953715
7202	36.01	-0.0043216363992542	0.405794054968283
7203	36.015	-0.0030319644138217	0.405794054968283
7204	36.02	-0.0043216363992542	0.405794054968283
7205	36.025	-0.0043216363992542	0.405794054968283
7206	36.03	-0.0030319644138217	0.405794054968283
7207	36.035	-0.0043216363992542	0.405794054968283
7208	36.04	-0.0030319644138217	0.40450438298285
7209	36.045	-0.0043216363992542	0.40450438298285
7210	36.05	-0.0043216363992542	0.40450438298285
7211	36.055	-0.0030319644138217	0.40450438298285
7212	36.06	-0.0043216363992542	0.403214710997418
7213	36.065	-0.0030319644138217	0.40450438298285
7214	36.07	-0.0043216363992542	0.403214710997418
7215	36.075	-0.0043216363992542	0.403214710997418
7216	36.08	-0.0043216363992542	0.403214710997418
7217	36.085	-0.0043216363992542	0.403214710997418
7218	36.09	-0.0030319644138217	0.403214710997418
7219	36.095	-0.0030319644138217	0.403214710997418
7220	36.1	-0.0043216363992542	0.403214710997418
7221	36.105	-0.0030319644138217	0.403214710997418
7222	36.11	-0.0030319644138217	0.401925039011985
7223	36.115	-0.0043216363992542	0.401925039011985
7224	36.12	-0.0043216363992542	0.401925039011985
7225	36.125	-0.0043216363992542	0.401925039011985
7226	36.13	-0.0030319644138217	0.401925039011985
7227	36.135	-0.0043216363992542	0.401925039011985
7228	36.14	-0.0030319644138217	0.400635367026553
7229	36.145	-0.0043216363992542	0.400635367026553
7230	36.15	-0.0043216363992542	0.39934569504112
7231	36.155	-0.0030319644138217	0.400635367026553
7232	36.16	-0.0043216363992542	0.400635367026553
7233	36.165	-0.0043216363992542	0.39934569504112
7234	36.17	-0.0043216363992542	0.39934569504112
7235	36.175	-0.0030319644138217	0.400635367026553
7236	36.18	-0.0030319644138217	0.39934569504112
7237	36.185	-0.0043216363992542	0.39934569504112
7238	36.19	-0.0043216363992542	0.39934569504112
7239	36.195	-0.0043216363992542	0.39934569504112
7240	36.2	-0.0043216363992542	0.398056023055688
7241	36.205	-0.0043216363992542	0.398056023055688
7242	36.21	-0.0043216363992542	0.398056023055688
7243	36.215	-0.0030319644138217	0.398056023055688
7244	36.22	-0.0043216363992542	0.398056023055688
7245	36.225	-0.0030319644138217	0.398056023055688
7246	36.23	-0.0043216363992542	0.398056023055688
7247	36.235	-0.0043216363992542	0.396766351070255
7248	36.24	-0.0030319644138217	0.396766351070255
7249	36.245	-0.0043216363992542	0.396766351070255
7250	36.25	-0.0043216363992542	0.396766351070255
7251	36.255	-0.0030319644138217	0.396766351070255
7252	36.26	-0.0043216363992542	0.395476679084823
7253	36.265	-0.0043216363992542	0.396766351070255
7254	36.27	-0.0043216363992542	0.395476679084823
7255	36.275	-0.0043216363992542	0.395476679084823
7256	36.28	-0.0043216363992542	0.395476679084823
7257	36.285	-0.0043216363992542	0.395476679084823
7258	36.29	-0.0030319644138217	0.395476679084823
7259	36.295	-0.0043216363992542	0.395476679084823
7260	36.3	-0.0043216363992542	0.39418700709939
7261	36.305	-0.0043216363992542	0.39418700709939
7262	36.31	-0.0043216363992542	0.39418700709939
7263	36.315	-0.0043216363992542	0.39418700709939
7264	36.32	-0.0030319644138217	0.39418700709939
7265	36.325	-0.0043216363992542	0.39418700709939
7266	36.33	-0.0043216363992542	0.39418700709939
7267	36.335	-0.0043216363992542	0.392897335113958
7268	36.34	-0.0043216363992542	0.392897335113958
7269	36.345	-0.0043216363992542	0.392897335113958
7270	36.35	-0.0043216363992542	0.392897335113958
7271	36.355	-0.0030319644138217	0.391607663128525
7272	36.36	-0.0043216363992542	0.392897335113958
7273	36.365	-0.0030319644138217	0.392897335113958
7274	36.37	-0.0043216363992542	0.392897335113958
7275	36.375	-0.0043216363992542	0.391607663128525
7276	36.38	-0.0043216363992542	0.391607663128525
7277	36.385	-0.0043216363992542	0.391607663128525
7278	36.39	-0.0030319644138217	0.391607663128525
7279	36.395	-0.0043216363992542	0.391607663128525
7280	36.4	-0.0043216363992542	0.390317991143093
7281	36.405	-0.0043216363992542	0.391607663128525
7282	36.41	-0.0043216363992542	0.390317991143093
7283	36.415	-0.0043216363992542	0.390317991143093
7284	36.42	-0.0030319644138217	0.390317991143093
7285	36.425	-0.0043216363992542	0.390317991143093
7286	36.43	-0.0043216363992542	0.390317991143093
7287	36.435	-0.0030319644138217	0.390317991143093
7288	36.44	-0.0043216363992542	0.390317991143093
7289	36.445	-0.0043216363992542	0.38902831915766
7290	36.45	-0.0043216363992542	0.38902831915766
7291	36.455	-0.0043216363992542	0.390317991143093
7292	36.46	-0.0043216363992542	0.38902831915766
7293	36.465	-0.0043216363992542	0.38902831915766
7294	36.47	-0.0030319644138217	0.38902831915766
7295	36.475	-0.0043216363992542	0.38902831915766
7296	36.48	-0.0043216363992542	0.387738647172228
7297	36.485	-0.0043216363992542	0.387738647172228
7298	36.49	-0.0043216363992542	0.387738647172228
7299	36.495	-0.0043216363992542	0.387738647172228
7300	36.5	-0.0043216363992542	0.387738647172228
7301	36.505	-0.0043216363992542	0.387738647172228
7302	36.51	-0.0043216363992542	0.386448975186795
7303	36.515	-0.0043216363992542	0.387738647172228
7304	36.52	-0.0043216363992542	0.386448975186795
7305	36.525	-0.0043216363992542	0.386448975186795
7306	36.53	-0.0043216363992542	0.386448975186795
7307	36.535	-0.0043216363992542	0.386448975186795
7308	36.54	-0.0043216363992542	0.386448975186795
7309	36.545	-0.0030319644138217	0.386448975186795
7310	36.55	-0.0043216363992542	0.386448975186795
7311	36.555	-0.0043216363992542	0.386448975186795
7312	36.56	-0.0043216363992542	0.386448975186795
7313	36.565	-0.0043216363992542	0.385159303201362
7314	36.57	-0.0043216363992542	0.386448975186795
7315	36.575	-0.0043216363992542	0.385159303201362
7316	36.58	-0.0043216363992542	0.385159303201362
7317	36.585	-0.0043216363992542	0.385159303201362
7318	36.59	-0.0043216363992542	0.385159303201362
7319	36.595	-0.0043216363992542	0.38386963121593
7320	36.6	-0.0043216363992542	0.38386963121593
7321	36.605	-0.0043216363992542	0.38386963121593
7322	36.61	-0.0043216363992542	0.38386963121593
7323	36.615	-0.0043216363992542	0.38386963121593
7324	36.62	-0.0043216363992542	0.38386963121593
7325	36.625	-0.0043216363992542	0.38386963121593
7326	36.63	-0.0043216363992542	0.38386963121593
7327	36.635	-0.0030319644138217	0.38386963121593
7328	36.64	-0.0043216363992542	0.382579959230497
7329	36.645	-0.0043216363992542	0.38386963121593
7330	36.65	-0.0043216363992542	0.382579959230497
7331	36.655	-0.0043216363992542	0.382579959230497
7332	36.66	-0.0043216363992542	0.382579959230497
7333	36.665	-0.0043216363992542	0.382579959230497
7334	36.67	-0.0043216363992542	0.381290287245065
7335	36.675	-0.0043216363992542	0.381290287245065
7336	36.68	-0.0043216363992542	0.381290287245065
7337	36.685	-0.0043216363992542	0.381290287245065
7338	36.69	-0.0043216363992542	0.381290287245065
7339	36.695	-0.0043216363992542	0.381290287245065
7340	36.7	-0.0043216363992542	0.381290287245065
7341	36.705	-0.0043216363992542	0.381290287245065
7342	36.71	-0.0043216363992542	0.381290287245065
7343	36.715	-0.0043216363992542	0.380000615259632
7344	36.72	-0.0043216363992542	0.380000615259632
7345	36.725	-0.0043216363992542	0.380000615259632
7346	36.73	-0.0043216363992542	0.380000615259632
7347	36.735	-0.0043216363992542	0.380000615259632
7348	36.74	-0.0043216363992542	0.3787109432742
7349	36.745	-0.0043216363992542	0.380000615259632
7350	36.75	-0.00561130838468671	0.380000615259632
7351	36.755	-0.00561130838468671	0.380000615259632
7352	36.76	-0.0043216363992542	0.380000615259632
7353	36.765	-0.00561130838468671	0.3787109432742
7354	36.77	-0.0043216363992542	0.3787109432742
7355	36.775	-0.0043216363992542	0.3787109432742
7356	36.78	-0.00561130838468671	0.3787109432742
7357	36.785	-0.0043216363992542	0.3787109432742
7358	36.79	-0.0043216363992542	0.3787109432742
7359	36.795	-0.00561130838468671	0.3787109432742
7360	36.8	-0.0043216363992542	0.377421271288767
7361	36.805	-0.00561130838468671	0.377421271288767
7362	36.81	-0.00561130838468671	0.377421271288767
7363	36.815	-0.0043216363992542	0.377421271288767
7364	36.82	-0.00561130838468671	0.377421271288767
7365	36.825	-0.00561130838468671	0.377421271288767
7366	36.83	-0.00561130838468671	0.377421271288767
7367	36.835	-0.0043216363992542	0.377421271288767
7368	36.84	-0.0043216363992542	0.376131599303335
7369	36.845	-0.0043216363992542	0.376131599303335
7370	36.85	-0.00561130838468671	0.376131599303335
7371	36.855	-0.00561130838468671	0.376131599303335
7372	36.86	-0.00561130838468671	0.376131599303335
7373	36.865	-0.00561130838468671	0.376131599303335
7374	36.87	-0.00561130838468671	0.376131599303335
7375	36.875	-0.00561130838468671	0.374841927317902
7376	36.88	-0.00561130838468671	0.374841927317902
7377	36.885	-0.00561130838468671	0.374841927317902
7378	36.89	-0.00561130838468671	0.374841927317902
7379	36.895	-0.0043216363992542	0.374841927317902
7380	36.9	-0.00561130838468671	0.374841927317902
7381	36.905	-0.00561130838468671	0.37355225533247
7382	36.91	-0.00561130838468671	0.374841927317902
7383	36.915	-0.00561130838468671	0.37355225533247
7384	36.92	-0.00561130838468671	0.374841927317902
7385	36.925	-0.00561130838468671	0.374841927317902
7386	36.93	-0.00561130838468671	0.37355225533247
7387	36.935	-0.00561130838468671	0.37355225533247
7388	36.94	-0.00561130838468671	0.37355225533247
7389	36.945	-0.00561130838468671	0.37355225533247
7390	36.95	-0.00561130838468671	0.37355225533247
7391	36.955	-0.00561130838468671	0.37355225533247
7392	36.96	-0.00561130838468671	0.37355225533247
7393	36.965	-0.00561130838468671	0.372262583347037
7394	36.97	-0.00561130838468671	0.372262583347037
7395	36.975	-0.00561130838468671	0.372262583347037
7396	36.98	-0.00561130838468671	0.372262583347037
7397	36.985	-0.0043216363992542	0.372262583347037
7398	36.99	-0.00561130838468671	0.372262583347037
7399	36.995	-0.0043216363992542	0.372262583347037
7400	37	-0.00561130838468671	0.370972911361605
7401	37.005	-0.00561130838468671	0.370972911361605
7402	37.01	-0.00561130838468671	0.370972911361605
7403	37.015	-0.00561130838468671	0.370972911361605
7404	37.02	-0.00561130838468671	0.370972911361605
7405	37.025	-0.0043216363992542	0.370972911361605
7406	37.03	-0.00561130838468671	0.369683239376172
7407	37.035	-0.00561130838468671	0.369683239376172
7408	37.04	-0.00561130838468671	0.369683239376172
7409	37.045	-0.0043216363992542	0.369683239376172
7410	37.05	-0.00561130838468671	0.369683239376172
7411	37.055	-0.00561130838468671	0.369683239376172
7412	37.06	-0.0043216363992542	0.369683239376172
7413	37.065	-0.0043216363992542	0.369683239376172
7414	37.07	-0.0043216363992542	0.36839356739074
7415	37.075	-0.0043216363992542	0.36839356739074
7416	37.08	-0.00561130838468671	0.36839356739074
7417	37.085	-0.0043216363992542	0.36839356739074
7418	37.09	-0.0043216363992542	0.36839356739074
7419	37.095	-0.0043216363992542	0.36839356739074
7420	37.1	-0.0030319644138217	0.36839356739074
7421	37.105	-0.0043216363992542	0.367103895405307
7422	37.11	-0.0043216363992542	0.367103895405307
7423	37.115	-0.0043216363992542	0.367103895405307
7424	37.12	-0.0043216363992542	0.367103895405307
7425	37.125	-0.00561130838468671	0.367103895405307
7426	37.13	-0.0030319644138217	0.367103895405307
7427	37.135	-0.0043216363992542	0.367103895405307
7428	37.14	-0.0030319644138217	0.365814223419875
7429	37.145	-0.0043216363992542	0.365814223419875
7430	37.15	-0.0030319644138217	0.365814223419875
7431	37.155	-0.0030319644138217	0.365814223419875
7432	37.16	-0.0043216363992542	0.365814223419875
7433	37.165	-0.0043216363992542	0.365814223419875
7434	37.17	-0.0043216363992542	0.364524551434442
7435	37.175	-0.0043216363992542	0.364524551434442
7436	37.18	-0.0043216363992542	0.364524551434442
7437	37.185	-0.0043216363992542	0.364524551434442
7438	37.19	-0.0030319644138217	0.364524551434442
7439	37.195	-0.0030319644138217	0.364524551434442
7440	37.2	-0.0043216363992542	0.364524551434442
7441	37.205	-0.0043216363992542	0.36323487944901
7442	37.21	-0.0043216363992542	0.36323487944901
7443	37.215	-0.0043216363992542	0.36323487944901
7444	37.22	-0.0030319644138217	0.36323487944901
7445	37.225	-0.0043216363992542	0.36323487944901
7446	37.23	-0.0043216363992542	0.361945207463577
7447	37.235	-0.0030319644138217	0.361945207463577
7448	37.24	-0.0043216363992542	0.36323487944901
7449	37.245	-0.0043216363992542	0.361945207463577
7450	37.25	-0.0030319644138217	0.361945207463577
7451	37.255	-0.0043216363992542	0.361945207463577
7452	37.26	-0.0043216363992542	0.360655535478145
7453	37.265	-0.0030319644138217	0.360655535478145
7454	37.27	-0.0043216363992542	0.360655535478145
7455	37.275	-0.0030319644138217	0.361945207463577
7456	37.28	-0.0043216363992542	0.360655535478145
7457	37.285	-0.0043216363992542	0.360655535478145
7458	37.29	-0.0030319644138217	0.360655535478145
7459	37.295	-0.0030319644138217	0.360655535478145
7460	37.3	-0.0043216363992542	0.359365863492712
7461	37.305	-0.0030319644138217	0.359365863492712
7462	37.31	-0.0043216363992542	0.359365863492712
7463	37.315	-0.0030319644138217	0.359365863492712
7464	37.32	-0.0043216363992542	0.359365863492712
7465	37.325	-0.0043216363992542	0.359365863492712
7466	37.33	-0.0043216363992542	0.359365863492712
7467	37.335	-0.0043216363992542	0.35807619150728
7468	37.34	-0.0043216363992542	0.35807619150728
7469	37.345	-0.0030319644138217	0.35807619150728
7470	37.35	-0.0043216363992542	0.35807619150728
7471	37.355	-0.0030319644138217	0.35807619150728
7472	37.36	-0.0043216363992542	0.356786519521847
7473	37.365	-0.0043216363992542	0.356786519521847
7474	37.37	-0.0043216363992542	0.35807619150728
7475	37.375	-0.0030319644138217	0.35807619150728
7476	37.38	-0.0043216363992542	0.356786519521847
7477	37.385	-0.0043216363992542	0.356786519521847
7478	37.39	-0.0030319644138217	0.355496847536415
7479	37.395	-0.0030319644138217	0.356786519521847
7480	37.4	-0.0043216363992542	0.355496847536415
7481	37.405	-0.0043216363992542	0.355496847536415
7482	37.41	-0.0043216363992542	0.355496847536415
7483	37.415	-0.0043216363992542	0.355496847536415
7484	37.42	-0.0030319644138217	0.355496847536415
7485	37.425	-0.0043216363992542	0.354207175550982
7486	37.43	-0.0043216363992542	0.354207175550982
7487	37.435	-0.0030319644138217	0.354207175550982
7488	37.44	-0.0043216363992542	0.354207175550982
7489	37.445	-0.0043216363992542	0.354207175550982
7490	37.45	-0.0030319644138217	0.354207175550982
7491	37.455	-0.0030319644138217	0.354207175550982
7492	37.46	-0.0043216363992542	0.35291750356555
7493	37.465	-0.0043216363992542	0.354207175550982
7494	37.47	-0.0030319644138217	0.35291750356555
7495	37.475	-0.0030319644138217	0.35291750356555
7496	37.48	-0.0043216363992542	0.35291750356555
7497	37.485	-0.0043216363992542	0.35291750356555
7498	37.49	-0.0043216363992542	0.351627831580117
7499	37.495	-0.0043216363992542	0.351627831580117
7500	37.5	-0.0030319644138217	0.351627831580117
7501	37.505	-0.0043216363992542	0.351627831580117
7502	37.51	-0.0043216363992542	0.351627831580117
7503	37.515	-0.0043216363992542	0.350338159594685
7504	37.52	-0.0043216363992542	0.351627831580117
7505	37.525	-0.0043216363992542	0.351627831580117
7506	37.53	-0.0043216363992542	0.350338159594685
7507	37.535	-0.0043216363992542	0.350338159594685
7508	37.54	-0.0043216363992542	0.350338159594685
7509	37.545	-0.0043216363992542	0.350338159594685
7510	37.55	-0.0030319644138217	0.350338159594685
7511	37.555	-0.0043216363992542	0.349048487609252
7512	37.56	-0.0030319644138217	0.349048487609252
7513	37.565	-0.0043216363992542	0.349048487609252
7514	37.57	-0.0043216363992542	0.349048487609252
7515	37.575	-0.0043216363992542	0.349048487609252
7516	37.58	-0.0043216363992542	0.349048487609252
7517	37.585	-0.0030319644138217	0.349048487609252
7518	37.59	-0.0043216363992542	0.349048487609252
7519	37.595	-0.0043216363992542	0.349048487609252
7520	37.6	-0.0043216363992542	0.34775881562382
7521	37.605	-0.0043216363992542	0.34775881562382
7522	37.61	-0.0030319644138217	0.34775881562382
7523	37.615	-0.0043216363992542	0.34775881562382
7524	37.62	-0.0030319644138217	0.34775881562382
7525	37.625	-0.0043216363992542	0.34775881562382
7526	37.63	-0.0030319644138217	0.34775881562382
7527	37.635	-0.0030319644138217	0.346469143638387
7528	37.64	-0.0030319644138217	0.346469143638387
7529	37.645	-0.0043216363992542	0.346469143638387
7530	37.65	-0.0043216363992542	0.346469143638387
7531	37.655	-0.0043216363992542	0.346469143638387
7532	37.66	-0.0043216363992542	0.346469143638387
7533	37.665	-0.0043216363992542	0.346469143638387
7534	37.67	-0.0030319644138217	0.345179471652955
7535	37.675	-0.0043216363992542	0.345179471652955
7536	37.68	-0.0043216363992542	0.345179471652955
7537	37.685	-0.0043216363992542	0.345179471652955
7538	37.69	-0.0043216363992542	0.343889799667522
7539	37.695	-0.0030319644138217	0.345179471652955
7540	37.7	-0.0043216363992542	0.343889799667522
7541	37.705	-0.0043216363992542	0.343889799667522
7542	37.71	-0.0043216363992542	0.343889799667522
7543	37.715	-0.0043216363992542	0.345179471652955
7544	37.72	-0.0043216363992542	0.343889799667522
7545	37.725	-0.0043216363992542	0.343889799667522
7546	37.73	-0.0043216363992542	0.343889799667522
7547	37.735	-0.0043216363992542	0.343889799667522
7548	37.74	-0.0043216363992542	0.343889799667522
7549	37.745	-0.0030319644138217	0.34260012768209
7550	37.75	-0.0043216363992542	0.34260012768209
7551	37.755	-0.0030319644138217	0.34260012768209
7552	37.76	-0.0030319644138217	0.34260012768209
7553	37.765	-0.0043216363992542	0.34260012768209
7554	37.77	-0.0043216363992542	0.34260012768209
7555	37.775	-0.0043216363992542	0.34260012768209
7556	37.78	-0.0043216363992542	0.34260012768209
7557	37.785	-0.0043216363992542	0.341310455696657
7558	37.79	-0.0043216363992542	0.34260012768209
7559	37.795	-0.0043216363992542	0.341310455696657
7560	37.8	-0.0030319644138217	0.341310455696657
7561	37.805	-0.0043216363992542	0.341310455696657
7562	37.81	-0.0043216363992542	0.341310455696657
7563	37.815	-0.0043216363992542	0.341310455696657
7564	37.82	-0.0043216363992542	0.340020783711225
7565	37.825	-0.0043216363992542	0.340020783711225
7566	37.83	-0.0043216363992542	0.340020783711225
7567	37.835	-0.0043216363992542	0.340020783711225
7568	37.84	-0.0043216363992542	0.340020783711225
7569	37.845	-0.0043216363992542	0.340020783711225
7570	37.85	-0.0043216363992542	0.340020783711225
7571	37.855	-0.0043216363992542	0.338731111725792
7572	37.86	-0.0043216363992542	0.338731111725792
7573	37.865	-0.0043216363992542	0.338731111725792
7574	37.87	-0.0043216363992542	0.338731111725792
7575	37.875	-0.0043216363992542	0.338731111725792
7576	37.88	-0.0043216363992542	0.338731111725792
7577	37.885	-0.0043216363992542	0.338731111725792
7578	37.89	-0.0043216363992542	0.338731111725792
7579	37.895	-0.0043216363992542	0.338731111725792
7580	37.9	-0.0043216363992542	0.338731111725792
7581	37.905	-0.0043216363992542	0.33744143974036
7582	37.91	-0.00561130838468671	0.33744143974036
7583	37.915	-0.0043216363992542	0.33744143974036
7584	37.92	-0.0043216363992542	0.336151767754927
7585	37.925	-0.0043216363992542	0.33744143974036
7586	37.93	-0.0043216363992542	0.33744143974036
7587	37.935	-0.0043216363992542	0.336151767754927
7588	37.94	-0.0043216363992542	0.336151767754927
7589	37.945	-0.0043216363992542	0.336151767754927
7590	37.95	-0.0043216363992542	0.336151767754927
7591	37.955	-0.0043216363992542	0.336151767754927
7592	37.96	-0.0043216363992542	0.336151767754927
7593	37.965	-0.0043216363992542	0.336151767754927
7594	37.97	-0.00561130838468671	0.334862095769495
7595	37.975	-0.0043216363992542	0.334862095769495
7596	37.98	-0.0043216363992542	0.334862095769495
7597	37.985	-0.0043216363992542	0.334862095769495
7598	37.99	-0.0043216363992542	0.334862095769495
7599	37.995	-0.0043216363992542	0.334862095769495
7600	38	-0.0043216363992542	0.334862095769495
7601	38.005	-0.0043216363992542	0.334862095769495
7602	38.01	-0.00561130838468671	0.334862095769495
7603	38.015	-0.0043216363992542	0.333572423784062
7604	38.02	-0.0043216363992542	0.333572423784062
7605	38.025	-0.0043216363992542	0.333572423784062
7606	38.03	-0.0043216363992542	0.333572423784062
7607	38.035	-0.0043216363992542	0.333572423784062
7608	38.04	-0.00561130838468671	0.333572423784062
7609	38.045	-0.0043216363992542	0.33228275179863
7610	38.05	-0.0043216363992542	0.33228275179863
7611	38.055	-0.0043216363992542	0.33228275179863
7612	38.06	-0.00561130838468671	0.33228275179863
7613	38.065	-0.00561130838468671	0.33228275179863
7614	38.07	-0.00561130838468671	0.33228275179863
7615	38.075	-0.0043216363992542	0.330993079813197
7616	38.08	-0.0043216363992542	0.33228275179863
7617	38.085	-0.00561130838468671	0.33228275179863
7618	38.09	-0.0043216363992542	0.330993079813197
7619	38.095	-0.0043216363992542	0.330993079813197
7620	38.1	-0.0043216363992542	0.330993079813197
7621	38.105	-0.00561130838468671	0.330993079813197
7622	38.11	-0.0043216363992542	0.330993079813197
7623	38.115	-0.00561130838468671	0.330993079813197
7624	38.12	-0.00561130838468671	0.329703407827765
7625	38.125	-0.0043216363992542	0.329703407827765
7626	38.13	-0.00561130838468671	0.329703407827765
7627	38.135	-0.0043216363992542	0.329703407827765
7628	38.14	-0.00561130838468671	0.329703407827765
7629	38.145	-0.0043216363992542	0.329703407827765
7630	38.15	-0.0043216363992542	0.328413735842332
7631	38.155	-0.0043216363992542	0.328413735842332
7632	38.16	-0.00561130838468671	0.329703407827765
7633	38.165	-0.0043216363992542	0.328413735842332
7634	38.17	-0.0043216363992542	0.328413735842332
7635	38.175	-0.00561130838468671	0.328413735842332
7636	38.18	-0.00561130838468671	0.328413735842332
7637	38.185	-0.00561130838468671	0.3271240638569
7638	38.19	-0.00561130838468671	0.328413735842332
7639	38.195	-0.00561130838468671	0.3271240638569
7640	38.2	-0.0043216363992542	0.328413735842332
7641	38.205	-0.00561130838468671	0.3271240638569
7642	38.21	-0.00561130838468671	0.3271240638569
7643	38.215	-0.00561130838468671	0.3271240638569
7644	38.22	-0.00561130838468671	0.3271240638569
7645	38.225	-0.0043216363992542	0.3271240638569
7646	38.23	-0.00561130838468671	0.3271240638569
7647	38.235	-0.0043216363992542	0.325834391871467
7648	38.24	-0.00561130838468671	0.325834391871467
7649	38.245	-0.00561130838468671	0.325834391871467
7650	38.25	-0.00561130838468671	0.325834391871467
7651	38.255	-0.0043216363992542	0.325834391871467
7652	38.26	-0.00561130838468671	0.325834391871467
7653	38.265	-0.00561130838468671	0.325834391871467
7654	38.27	-0.00561130838468671	0.325834391871467
7655	38.275	-0.00561130838468671	0.324544719886035
7656	38.28	-0.00690098037011921	0.324544719886035
7657	38.285	-0.00561130838468671	0.324544719886035
7658	38.29	-0.00561130838468671	0.324544719886035
7659	38.295	-0.00561130838468671	0.324544719886035
7660	38.3	-0.00561130838468671	0.323255047900602
7661	38.305	-0.00561130838468671	0.324544719886035
7662	38.31	-0.00561130838468671	0.323255047900602
7663	38.315	-0.00561130838468671	0.323255047900602
7664	38.32	-0.00561130838468671	0.323255047900602
7665	38.325	-0.00561130838468671	0.323255047900602
7666	38.33	-0.00690098037011921	0.323255047900602
7667	38.335	-0.00690098037011921	0.323255047900602
7668	38.34	-0.00561130838468671	0.323255047900602
7669	38.345	-0.00561130838468671	0.323255047900602
7670	38.35	-0.00690098037011921	0.323255047900602
7671	38.355	-0.00561130838468671	0.32196537591517
7672	38.36	-0.00690098037011921	0.32196537591517
7673	38.365	-0.00561130838468671	0.32196537591517
7674	38.37	-0.00561130838468671	0.32196537591517
7675	38.375	-0.00690098037011921	0.32196537591517
7676	38.38	-0.00561130838468671	0.32196537591517
7677	38.385	-0.00690098037011921	0.320675703929737
7678	38.39	-0.00690098037011921	0.320675703929737
7679	38.395	-0.00690098037011921	0.32196537591517
7680	38.4	-0.00561130838468671	0.320675703929737
7681	38.405	-0.00690098037011921	0.320675703929737
7682	38.41	-0.00561130838468671	0.320675703929737
7683	38.415	-0.00690098037011921	0.320675703929737
7684	38.42	-0.00561130838468671	0.320675703929737
7685	38.425	-0.00561130838468671	0.319386031944305
7686	38.43	-0.00561130838468671	0.319386031944305
7687	38.435	-0.0043216363992542	0.319386031944305
7688	38.44	-0.0043216363992542	0.319386031944305
7689	38.445	-0.00561130838468671	0.319386031944305
7690	38.45	-0.0043216363992542	0.319386031944305
7691	38.455	-0.00561130838468671	0.319386031944305
7692	38.46	-0.00561130838468671	0.319386031944305
7693	38.465	-0.0043216363992542	0.319386031944305
7694	38.47	-0.0043216363992542	0.318096359958872
7695	38.475	-0.0043216363992542	0.318096359958872
7696	38.48	-0.0043216363992542	0.318096359958872
7697	38.485	-0.0043216363992542	0.318096359958872
7698	38.49	-0.0043216363992542	0.318096359958872
7699	38.495	-0.0043216363992542	0.318096359958872
7700	38.5	-0.0043216363992542	0.318096359958872
7701	38.505	-0.0043216363992542	0.31680668797344
7702	38.51	-0.0043216363992542	0.31680668797344
7703	38.515	-0.0043216363992542	0.31680668797344
7704	38.52	-0.0043216363992542	0.31680668797344
7705	38.525	-0.0043216363992542	0.31680668797344
7706	38.53	-0.0043216363992542	0.31680668797344
7707	38.535	-0.0043216363992542	0.31680668797344
7708	38.54	-0.0043216363992542	0.315517015988007
7709	38.545	-0.0043216363992542	0.315517015988007
7710	38.55	-0.0043216363992542	0.315517015988007
7711	38.555	-0.0043216363992542	0.315517015988007
7712	38.56	-0.0043216363992542	0.31680668797344
7713	38.565	-0.0043216363992542	0.315517015988007
7714	38.57	-0.0043216363992542	0.314227344002575
7715	38.575	-0.0043216363992542	0.314227344002575
7716	38.58	-0.0043216363992542	0.314227344002575
7717	38.585	-0.0030319644138217	0.314227344002575
7718	38.59	-0.0030319644138217	0.314227344002575
7719	38.595	-0.0030319644138217	0.314227344002575
7720	38.6	-0.0043216363992542	0.312937672017142
7721	38.605	-0.0043216363992542	0.314227344002575
7722	38.61	-0.0030319644138217	0.312937672017142
7723	38.615	-0.0030319644138217	0.312937672017142
7724	38.62	-0.0043216363992542	0.312937672017142
7725	38.625	-0.0043216363992542	0.312937672017142
7726	38.63	-0.0030319644138217	0.312937672017142
7727	38.635	-0.0030319644138217	0.312937672017142
7728	38.64	-0.0030319644138217	0.31164800003171
7729	38.645	-0.0043216363992542	0.312937672017142
7730	38.65	-0.0030319644138217	0.31164800003171
7731	38.655	-0.0043216363992542	0.31164800003171
7732	38.66	-0.0030319644138217	0.31164800003171
7733	38.665	-0.0043216363992542	0.310358328046277
7734	38.67	-0.0043216363992542	0.31164800003171
7735	38.675	-0.0030319644138217	0.310358328046277
7736	38.68	-0.0030319644138217	0.310358328046277
7737	38.685	-0.0043216363992542	0.310358328046277
7738	38.69	-0.0043216363992542	0.310358328046277
7739	38.695	-0.0030319644138217	0.310358328046277
7740	38.7	-0.0030319644138217	0.310358328046277
7741	38.705	-0.0030319644138217	0.310358328046277
7742	38.71	-0.0043216363992542	0.309068656060845
7743	38.715	-0.0030319644138217	0.309068656060845
7744	38.72	-0.0043216363992542	0.309068656060845
7745	38.725	-0.0043216363992542	0.309068656060845
7746	38.73	-0.0030319644138217	0.309068656060845
7747	38.735	-0.0030319644138217	0.309068656060845
7748	38.74	-0.0043216363992542	0.309068656060845
7749	38.745	-0.0030319644138217	0.307778984075412
7750	38.75	-0.0043216363992542	0.307778984075412
7751	38.755	-0.0043216363992542	0.307778984075412
7752	38.76	-0.0043216363992542	0.307778984075412
7753	38.765	-0.0043216363992542	0.307778984075412
7754	38.77	-0.0030319644138217	0.307778984075412
7755	38.775	-0.0043216363992542	0.30648931208998
7756	38.78	-0.0030319644138217	0.307778984075412
7757	38.785	-0.0043216363992542	0.30648931208998
7758	38.79	-0.0043216363992542	0.30648931208998
7759	38.795	-0.0043216363992542	0.30648931208998
7760	38.8	-0.0043216363992542	0.30648931208998
7761	38.805	-0.0043216363992542	0.30648931208998
7762	38.81	-0.0030319644138217	0.30648931208998
7763	38.815	-0.0030319644138217	0.305199640104547
7764	38.82	-0.0043216363992542	0.305199640104547
7765	38.825	-0.0043216363992542	0.305199640104547
7766	38.83	-0.0030319644138217	0.305199640104547
7767	38.835	-0.0043216363992542	0.303909968119115
7768	38.84	-0.0043216363992542	0.305199640104547
7769	38.845	-0.0043216363992542	0.305199640104547
7770	38.85	-0.0043216363992542	0.305199640104547
7771	38.855	-0.0043216363992542	0.303909968119115
7772	38.86	-0.0043216363992542	0.303909968119115
7773	38.865	-0.0043216363992542	0.303909968119115
7774	38.87	-0.0043216363992542	0.303909968119115
7775	38.875	-0.0043216363992542	0.303909968119115
7776	38.88	-0.0043216363992542	0.303909968119115
7777	38.885	-0.0043216363992542	0.303909968119115
7778	38.89	-0.0043216363992542	0.303909968119115
7779	38.895	-0.0030319644138217	0.303909968119115
7780	38.9	-0.0030319644138217	0.302620296133682
7781	38.905	-0.0043216363992542	0.302620296133682
7782	38.91	-0.0043216363992542	0.302620296133682
7783	38.915	-0.0030319644138217	0.302620296133682
7784	38.92	-0.0030319644138217	0.302620296133682
7785	38.925	-0.0043216363992542	0.302620296133682
7786	38.93	-0.0030319644138217	0.302620296133682
7787	38.935	-0.0043216363992542	0.30133062414825
7788	38.94	-0.0043216363992542	0.302620296133682
7789	38.945	-0.0043216363992542	0.30133062414825
7790	38.95	-0.0030319644138217	0.30133062414825
7791	38.955	-0.0030319644138217	0.30133062414825
7792	38.96	-0.0043216363992542	0.30133062414825
7793	38.965	-0.0043216363992542	0.30133062414825
7794	38.97	-0.0043216363992542	0.30133062414825
7795	38.975	-0.0043216363992542	0.30133062414825
7796	38.98	-0.0043216363992542	0.300040952162817
7797	38.985	-0.0030319644138217	0.300040952162817
7798	38.99	-0.0043216363992542	0.300040952162817
7799	38.995	-0.0043216363992542	0.300040952162817
7800	39	-0.0043216363992542	0.300040952162817
7801	39.005	-0.0043216363992542	0.300040952162817
7802	39.01	-0.0030319644138217	0.300040952162817
7803	39.015	-0.0030319644138217	0.300040952162817
7804	39.02	-0.0030319644138217	0.298751280177385
7805	39.025	-0.0043216363992542	0.298751280177385
7806	39.03	-0.0030319644138217	0.298751280177385
7807	39.035	-0.0030319644138217	0.298751280177385
7808	39.04	-0.0043216363992542	0.298751280177385
7809	39.045	-0.0030319644138217	0.298751280177385
7810	39.05	-0.0043216363992542	0.298751280177385
7811	39.055	-0.0043216363992542	0.298751280177385
7812	39.06	-0.0030319644138217	0.298751280177385
7813	39.065	-0.0043216363992542	0.297461608191952
7814	39.07	-0.0030319644138217	0.297461608191952
7815	39.075	-0.0030319644138217	0.297461608191952
7816	39.08	-0.0043216363992542	0.297461608191952
7817	39.085	-0.0043216363992542	0.297461608191952
7818	39.09	-0.0030319644138217	0.297461608191952
7819	39.095	-0.0030319644138217	0.297461608191952
7820	39.1	-0.0030319644138217	0.297461608191952
7821	39.105	-0.0030319644138217	0.297461608191952
7822	39.11	-0.0043216363992542	0.29617193620652
7823	39.115	-0.0043216363992542	0.29617193620652
7824	39.12	-0.0030319644138217	0.29617193620652
7825	39.125	-0.0043216363992542	0.29617193620652
7826	39.13	-0.0030319644138217	0.29617193620652
7827	39.135	-0.0030319644138217	0.29617193620652
7828	39.14	-0.0043216363992542	0.29617193620652
7829	39.145	-0.0030319644138217	0.29617193620652
7830	39.15	-0.0043216363992542	0.294882264221087
7831	39.155	-0.0043216363992542	0.29617193620652
7832	39.16	-0.0043216363992542	0.294882264221087
7833	39.165	-0.0030319644138217	0.29617193620652
7834	39.17	-0.0043216363992542	0.294882264221087
7835	39.175	-0.0030319644138217	0.294882264221087
7836	39.18	-0.0043216363992542	0.294882264221087
7837	39.185	-0.0043216363992542	0.294882264221087
7838	39.19	-0.0043216363992542	0.293592592235655
7839	39.195	-0.0030319644138217	0.294882264221087
7840	39.2	-0.0043216363992542	0.293592592235655
7841	39.205	-0.0030319644138217	0.293592592235655
7842	39.21	-0.0030319644138217	0.293592592235655
7843	39.215	-0.0030319644138217	0.293592592235655
7844	39.22	-0.0043216363992542	0.293592592235655
7845	39.225	-0.0043216363992542	0.293592592235655
7846	39.23	-0.0043216363992542	0.293592592235655
7847	39.235	-0.0043216363992542	0.293592592235655
7848	39.24	-0.0043216363992542	0.293592592235655
7849	39.245	-0.0030319644138217	0.293592592235655
7850	39.25	-0.0030319644138217	0.293592592235655
7851	39.255	-0.0030319644138217	0.292302920250222
7852	39.26	-0.0030319644138217	0.293592592235655
7853	39.265	-0.0030319644138217	0.292302920250222
7854	39.27	-0.0043216363992542	0.292302920250222
7855	39.275	-0.0043216363992542	0.292302920250222
7856	39.28	-0.0030319644138217	0.292302920250222
7857	39.285	-0.0030319644138217	0.292302920250222
7858	39.29	-0.0043216363992542	0.292302920250222
7859	39.295	-0.0043216363992542	0.29101324826479
7860	39.3	-0.0043216363992542	0.292302920250222
7861	39.305	-0.0043216363992542	0.29101324826479
7862	39.31	-0.0043216363992542	0.292302920250222
7863	39.315	-0.0043216363992542	0.292302920250222
7864	39.32	-0.0043216363992542	0.292302920250222
7865	39.325	-0.0030319644138217	0.29101324826479
7866	39.33	-0.0043216363992542	0.29101324826479
7867	39.335	-0.0030319644138217	0.29101324826479
7868	39.34	-0.0043216363992542	0.29101324826479
7869	39.345	-0.0043216363992542	0.29101324826479
7870	39.35	-0.0043216363992542	0.29101324826479
7871	39.355	-0.0043216363992542	0.29101324826479
7872	39.36	-0.0043216363992542	0.29101324826479
7873	39.365	-0.0043216363992542	0.29101324826479
7874	39.37	-0.0043216363992542	0.29101324826479
7875	39.375	-0.0043216363992542	0.29101324826479
7876	39.38	-0.0030319644138217	0.289723576279357
7877	39.385	-0.0043216363992542	0.29101324826479
7878	39.39	-0.0043216363992542	0.289723576279357
7879	39.395	-0.0030319644138217	0.289723576279357
7880	39.4	-0.0030319644138217	0.289723576279357
7881	39.405	-0.0043216363992542	0.289723576279357
7882	39.41	-0.0030319644138217	0.289723576279357
7883	39.415	-0.0030319644138217	0.289723576279357
7884	39.42	-0.0030319644138217	0.289723576279357
7885	39.425	-0.0043216363992542	0.289723576279357
7886	39.43	-0.0043216363992542	0.289723576279357
7887	39.435	-0.0043216363992542	0.288433904293925
7888	39.44	-0.0043216363992542	0.289723576279357
7889	39.445	-0.0030319644138217	0.288433904293925
7890	39.45	-0.0043216363992542	0.288433904293925
7891	39.455	-0.0030319644138217	0.288433904293925
7892	39.46	-0.0043216363992542	0.288433904293925
7893	39.465	-0.0043216363992542	0.288433904293925
7894	39.47	-0.0043216363992542	0.288433904293925
7895	39.475	-0.0043216363992542	0.287144232308492
7896	39.48	-0.0030319644138217	0.288433904293925
7897	39.485	-0.0043216363992542	0.288433904293925
7898	39.49	-0.0043216363992542	0.288433904293925
7899	39.495	-0.0030319644138217	0.287144232308492
7900	39.5	-0.0030319644138217	0.287144232308492
7901	39.505	-0.0043216363992542	0.288433904293925
7902	39.51	-0.0043216363992542	0.287144232308492
7903	39.515	-0.0043216363992542	0.287144232308492
7904	39.52	-0.0030319644138217	0.287144232308492
7905	39.525	-0.0043216363992542	0.287144232308492
7906	39.53	-0.0043216363992542	0.287144232308492
7907	39.535	-0.0043216363992542	0.287144232308492
7908	39.54	-0.0030319644138217	0.287144232308492
7909	39.545	-0.0043216363992542	0.287144232308492
7910	39.55	-0.0043216363992542	0.287144232308492
7911	39.555	-0.0030319644138217	0.287144232308492
7912	39.56	-0.0043216363992542	0.287144232308492
7913	39.565	-0.0030319644138217	0.287144232308492
7914	39.57	-0.0030319644138217	0.28585456032306
7915	39.575	-0.0043216363992542	0.28585456032306
7916	39.58	-0.0043216363992542	0.28585456032306
7917	39.585	-0.0043216363992542	0.28585456032306
7918	39.59	-0.0030319644138217	0.28585456032306
7919	39.595	-0.0043216363992542	0.28585456032306
7920	39.6	-0.0043216363992542	0.28585456032306
7921	39.605	-0.0043216363992542	0.28585456032306
7922	39.61	-0.0043216363992542	0.284564888337627
7923	39.615	-0.0030319644138217	0.28585456032306
7924	39.62	-0.0030319644138217	0.28585456032306
7925	39.625	-0.0043216363992542	0.284564888337627
7926	39.63	-0.0043216363992542	0.284564888337627
7927	39.635	-0.0043216363992542	0.284564888337627
7928	39.64	-0.0030319644138217	0.284564888337627
7929	39.645	-0.0043216363992542	0.284564888337627
7930	39.65	-0.0043216363992542	0.284564888337627
7931	39.655	-0.0030319644138217	0.283275216352195
7932	39.66	-0.0043216363992542	0.284564888337627
7933	39.665	-0.0043216363992542	0.283275216352195
7934	39.67	-0.0043216363992542	0.284564888337627
7935	39.675	-0.0030319644138217	0.284564888337627
7936	39.68	-0.0030319644138217	0.284564888337627
7937	39.685	-0.0043216363992542	0.284564888337627
7938	39.69	-0.0043216363992542	0.283275216352195
7939	39.695	-0.0030319644138217	0.283275216352195
7940	39.7	-0.0043216363992542	0.283275216352195
7941	39.705	-0.0043216363992542	0.283275216352195
7942	39.71	-0.0043216363992542	0.283275216352195
7943	39.715	-0.0030319644138217	0.283275216352195
7944	39.72	-0.0043216363992542	0.283275216352195
7945	39.725	-0.0043216363992542	0.283275216352195
7946	39.73	-0.0030319644138217	0.283275216352195
7947	39.735	-0.0043216363992542	0.281985544366762
7948	39.74	-0.0030319644138217	0.281985544366762
7949	39.745	-0.0043216363992542	0.281985544366762
7950	39.75	-0.0030319644138217	0.281985544366762
7951	39.755	-0.0043216363992542	0.281985544366762
7952	39.76	-0.0043216363992542	0.281985544366762
7953	39.765	-0.0043216363992542	0.281985544366762
7954	39.77	-0.0030319644138217	0.281985544366762
7955	39.775	-0.0043216363992542	0.281985544366762
7956	39.78	-0.0030319644138217	0.281985544366762
7957	39.785	-0.0043216363992542	0.281985544366762
7958	39.79	-0.0030319644138217	0.281985544366762
7959	39.795	-0.0043216363992542	0.281985544366762
7960	39.8	-0.0043216363992542	0.281985544366762
7961	39.805	-0.0043216363992542	0.28069587238133
7962	39.81	-0.0030319644138217	0.281985544366762
7963	39.815	-0.0030319644138217	0.28069587238133
7964	39.82	-0.0030319644138217	0.28069587238133
7965	39.825	-0.0030319644138217	0.28069587238133
7966	39.83	-0.0043216363992542	0.28069587238133
7967	39.835	-0.0030319644138217	0.28069587238133
7968	39.84	-0.0030319644138217	0.28069587238133
7969	39.845	-0.0030319644138217	0.28069587238133
7970	39.85	-0.0030319644138217	0.279406200395897
7971	39.855	-0.0030319644138217	0.28069587238133
7972	39.86	-0.0043216363992542	0.28069587238133
7973	39.865	-0.0030319644138217	0.279406200395897
7974	39.87	-0.0030319644138217	0.279406200395897
7975	39.875	-0.0030319644138217	0.279406200395897
7976	39.88	-0.0043216363992542	0.279406200395897
7977	39.885	-0.0043216363992542	0.279406200395897
7978	39.89	-0.0030319644138217	0.279406200395897
7979	39.895	-0.0030319644138217	0.279406200395897
7980	39.9	-0.0030319644138217	0.279406200395897
7981	39.905	-0.0030319644138217	0.279406200395897
7982	39.91	-0.0043216363992542	0.279406200395897
7983	39.915	-0.0043216363992542	0.278116528410465
7984	39.92	-0.0043216363992542	0.278116528410465
7985	39.925	-0.0043216363992542	0.278116528410465
7986	39.93	-0.0043216363992542	0.278116528410465
7987	39.935	-0.0030319644138217	0.278116528410465
7988	39.94	-0.0043216363992542	0.278116528410465
7989	39.945	-0.0043216363992542	0.278116528410465
7990	39.95	-0.0043216363992542	0.278116528410465
7991	39.955	-0.0043216363992542	0.278116528410465
7992	39.96	-0.0043216363992542	0.278116528410465
7993	39.965	-0.0043216363992542	0.278116528410465
7994	39.97	-0.0043216363992542	0.278116528410465
7995	39.975	-0.0043216363992542	0.276826856425032
7996	39.98	-0.0030319644138217	0.278116528410465
7997	39.985	-0.0043216363992542	0.278116528410465
7998	39.99	-0.0043216363992542	0.276826856425032
7999	39.995	-0.0030319644138217	0.276826856425032
8000	40	-0.0043216363992542	0.276826856425032
8001	40.005	-0.0043216363992542	0.276826856425032
8002	40.01	-0.0030319644138217	0.276826856425032
8003	40.015	-0.0043216363992542	0.276826856425032
8004	40.02	-0.0030319644138217	0.276826856425032
8005	40.025	-0.0043216363992542	0.276826856425032
8006	40.03	-0.0030319644138217	0.2755371844396
8007	40.035	-0.0030319644138217	0.2755371844396
8008	40.04	-0.0030319644138217	0.2755371844396
8009	40.045	-0.0043216363992542	0.276826856425032
8010	40.05	-0.0043216363992542	0.2755371844396
8011	40.055	-0.0043216363992542	0.2755371844396
8012	40.06	-0.0043216363992542	0.2755371844396
8013	40.065	-0.0043216363992542	0.2755371844396
8014	40.07	-0.0030319644138217	0.274247512454167
8015	40.075	-0.0030319644138217	0.274247512454167
8016	40.08	-0.0030319644138217	0.2755371844396
8017	40.085	-0.0030319644138217	0.2755371844396
8018	40.09	-0.0043216363992542	0.274247512454167
8019	40.095	-0.0043216363992542	0.2755371844396
8020	40.1	-0.0030319644138217	0.274247512454167
8021	40.105	-0.0043216363992542	0.274247512454167
8022	40.11	-0.0043216363992542	0.274247512454167
8023	40.115	-0.0043216363992542	0.274247512454167
8024	40.12	-0.0043216363992542	0.272957840468735
8025	40.125	-0.0043216363992542	0.272957840468735
8026	40.13	-0.0043216363992542	0.274247512454167
8027	40.135	-0.0043216363992542	0.274247512454167
8028	40.14	-0.0043216363992542	0.272957840468735
8029	40.145	-0.0043216363992542	0.272957840468735
8030	40.15	-0.0030319644138217	0.272957840468735
8031	40.155	-0.0030319644138217	0.272957840468735
8032	40.16	-0.0043216363992542	0.271668168483302
8033	40.165	-0.0030319644138217	0.271668168483302
8034	40.17	-0.0043216363992542	0.271668168483302
8035	40.175	-0.0030319644138217	0.272957840468735
8036	40.18	-0.0043216363992542	0.271668168483302
8037	40.185	-0.0043216363992542	0.270378496497869
8038	40.19	-0.0043216363992542	0.271668168483302
8039	40.195	-0.0043216363992542	0.271668168483302
8040	40.2	-0.0043216363992542	0.271668168483302
8041	40.205	-0.0030319644138217	0.270378496497869
8042	40.21	-0.0043216363992542	0.270378496497869
8043	40.215	-0.0043216363992542	0.270378496497869
8044	40.22	-0.0043216363992542	0.270378496497869
8045	40.225	-0.0043216363992542	0.270378496497869
8046	40.23	-0.0043216363992542	0.270378496497869
8047	40.235	-0.0043216363992542	0.269088824512437
8048	40.24	-0.0043216363992542	0.270378496497869
8049	40.245	-0.0043216363992542	0.270378496497869
8050	40.25	-0.0043216363992542	0.269088824512437
8051	40.255	-0.0030319644138217	0.269088824512437
8052	40.26	-0.0043216363992542	0.269088824512437
8053	40.265	-0.0043216363992542	0.269088824512437
8054	40.27	-0.0043216363992542	0.269088824512437
8055	40.275	-0.0030319644138217	0.269088824512437
8056	40.28	-0.0043216363992542	0.267799152527004
8057	40.285	-0.0043216363992542	0.267799152527004
8058	40.29	-0.0030319644138217	0.267799152527004
8059	40.295	-0.0030319644138217	0.267799152527004
8060	40.3	-0.0030319644138217	0.267799152527004
8061	40.305	-0.0043216363992542	0.267799152527004
8062	40.31	-0.0030319644138217	0.267799152527004
8063	40.315	-0.0030319644138217	0.267799152527004
8064	40.32	-0.0043216363992542	0.267799152527004
8065	40.325	-0.0030319644138217	0.267799152527004
8066	40.33	-0.0043216363992542	0.266509480541572
8067	40.335	-0.0043216363992542	0.266509480541572
8068	40.34	-0.0043216363992542	0.266509480541572
8069	40.345	-0.0030319644138217	0.266509480541572
8070	40.35	-0.0043216363992542	0.266509480541572
8071	40.355	-0.0030319644138217	0.266509480541572
8072	40.36	-0.0030319644138217	0.265219808556139
8073	40.365	-0.0043216363992542	0.265219808556139
8074	40.37	-0.0043216363992542	0.266509480541572
8075	40.375	-0.0043216363992542	0.265219808556139
8076	40.38	-0.0030319644138217	0.265219808556139
8077	40.385	-0.0030319644138217	0.265219808556139
8078	40.39	-0.0030319644138217	0.265219808556139
8079	40.395	-0.0030319644138217	0.263930136570707
8080	40.4	-0.0043216363992542	0.265219808556139
8081	40.405	-0.0043216363992542	0.265219808556139
8082	40.41	-0.0043216363992542	0.265219808556139
8083	40.415	-0.0030319644138217	0.263930136570707
8084	40.42	-0.0043216363992542	0.263930136570707
8085	40.425	-0.0043216363992542	0.263930136570707
8086	40.43	-0.0030319644138217	0.263930136570707
8087	40.435	-0.0043216363992542	0.263930136570707
8088	40.44	-0.0043216363992542	0.263930136570707
8089	40.445	-0.0043216363992542	0.263930136570707
8090	40.45	-0.0043216363992542	0.263930136570707
8091	40.455	-0.0030319644138217	0.262640464585274
8092	40.46	-0.0043216363992542	0.262640464585274
8093	40.465	-0.0043216363992542	0.262640464585274
8094	40.47	-0.0043216363992542	0.262640464585274
8095	40.475	-0.0030319644138217	0.262640464585274
8096	40.48	-0.0043216363992542	0.262640464585274
8097	40.485	-0.0043216363992542	0.262640464585274
8098	40.49	-0.0043216363992542	0.262640464585274
8099	40.495	-0.0030319644138217	0.262640464585274
8100	40.5	-0.0043216363992542	0.261350792599842
8101	40.505	-0.0030319644138217	0.261350792599842
8102	40.51	-0.0043216363992542	0.261350792599842
8103	40.515	-0.0043216363992542	0.261350792599842
8104	40.52	-0.0043216363992542	0.261350792599842
8105	40.525	-0.0043216363992542	0.261350792599842
8106	40.53	-0.0030319644138217	0.260061120614409
8107	40.535	-0.0043216363992542	0.260061120614409
8108	40.54	-0.0043216363992542	0.260061120614409
8109	40.545	-0.0043216363992542	0.260061120614409
8110	40.55	-0.0030319644138217	0.260061120614409
8111	40.555	-0.0030319644138217	0.260061120614409
8112	40.56	-0.0043216363992542	0.260061120614409
8113	40.565	-0.0030319644138217	0.258771448628977
8114	40.57	-0.0043216363992542	0.258771448628977
8115	40.575	-0.0030319644138217	0.258771448628977
8116	40.58	-0.0043216363992542	0.258771448628977
8117	40.585	-0.0043216363992542	0.258771448628977
8118	40.59	-0.0043216363992542	0.258771448628977
8119	40.595	-0.0043216363992542	0.257481776643544
8120	40.6	-0.0043216363992542	0.257481776643544
8121	40.605	-0.0030319644138217	0.257481776643544
8122	40.61	-0.0043216363992542	0.257481776643544
8123	40.615	-0.0043216363992542	0.257481776643544
8124	40.62	-0.0043216363992542	0.257481776643544
8125	40.625	-0.0043216363992542	0.256192104658112
8126	40.63	-0.0043216363992542	0.257481776643544
8127	40.635	-0.0043216363992542	0.256192104658112
8128	40.64	-0.0043216363992542	0.256192104658112
8129	40.645	-0.0043216363992542	0.256192104658112
8130	40.65	-0.0043216363992542	0.256192104658112
8131	40.655	-0.0043216363992542	0.256192104658112
8132	40.66	-0.0043216363992542	0.256192104658112
8133	40.665	-0.0043216363992542	0.254902432672679
8134	40.67	-0.0043216363992542	0.254902432672679
8135	40.675	-0.0043216363992542	0.254902432672679
8136	40.68	-0.0043216363992542	0.254902432672679
8137	40.685	-0.0043216363992542	0.254902432672679
8138	40.69	-0.0043216363992542	0.254902432672679
8139	40.695	-0.0043216363992542	0.253612760687247
8140	40.7	-0.0030319644138217	0.254902432672679
8141	40.705	-0.0043216363992542	0.254902432672679
8142	40.71	-0.0043216363992542	0.253612760687247
8143	40.715	-0.0030319644138217	0.253612760687247
8144	40.72	-0.0030319644138217	0.253612760687247
8145	40.725	-0.0030319644138217	0.253612760687247
8146	40.73	-0.0043216363992542	0.253612760687247
8147	40.735	-0.0043216363992542	0.253612760687247
8148	40.74	-0.0030319644138217	0.252323088701814
8149	40.745	-0.0043216363992542	0.252323088701814
8150	40.75	-0.0043216363992542	0.252323088701814
8151	40.755	-0.0030319644138217	0.252323088701814
8152	40.76	-0.0043216363992542	0.252323088701814
8153	40.765	-0.0043216363992542	0.252323088701814
8154	40.77	-0.0030319644138217	0.252323088701814
8155	40.775	-0.0030319644138217	0.252323088701814
8156	40.78	-0.0043216363992542	0.252323088701814
8157	40.785	-0.0043216363992542	0.251033416716382
8158	40.79	-0.0030319644138217	0.251033416716382
8159	40.795	-0.0030319644138217	0.251033416716382
8160	40.8	-0.0030319644138217	0.251033416716382
8161	40.805	-0.0043216363992542	0.251033416716382
8162	40.81	-0.0043216363992542	0.251033416716382
8163	40.815	-0.0030319644138217	0.249743744730949
8164	40.82	-0.0043216363992542	0.251033416716382
8165	40.825	-0.0043216363992542	0.249743744730949
8166	40.83	-0.0030319644138217	0.249743744730949
8167	40.835	-0.0043216363992542	0.249743744730949
8168	40.84	-0.0043216363992542	0.249743744730949
8169	40.845	-0.0030319644138217	0.249743744730949
8170	40.85	-0.0043216363992542	0.248454072745517
8171	40.855	-0.0030319644138217	0.249743744730949
8172	40.86	-0.0043216363992542	0.248454072745517
8173	40.865	-0.0043216363992542	0.248454072745517
8174	40.87	-0.0030319644138217	0.249743744730949
8175	40.875	-0.0043216363992542	0.248454072745517
8176	40.88	-0.0043216363992542	0.248454072745517
8177	40.885	-0.0043216363992542	0.248454072745517
8178	40.89	-0.0043216363992542	0.248454072745517
8179	40.895	-0.0043216363992542	0.248454072745517
8180	40.9	-0.0030319644138217	0.248454072745517
8181	40.905	-0.0043216363992542	0.247164400760084
8182	40.91	-0.0043216363992542	0.247164400760084
8183	40.915	-0.0043216363992542	0.247164400760084
8184	40.92	-0.0043216363992542	0.247164400760084
8185	40.925	-0.0030319644138217	0.247164400760084
8186	40.93	-0.0043216363992542	0.247164400760084
8187	40.935	-0.0043216363992542	0.247164400760084
8188	40.94	-0.0043216363992542	0.247164400760084
8189	40.945	-0.0043216363992542	0.245874728774652
8190	40.95	-0.0043216363992542	0.247164400760084
8191	40.955	-0.0030319644138217	0.247164400760084
8192	40.96	-0.0043216363992542	0.245874728774652
8193	40.965	-0.0043216363992542	0.245874728774652
8194	40.97	-0.0043216363992542	0.245874728774652
8195	40.975	-0.0043216363992542	0.245874728774652
8196	40.98	-0.0043216363992542	0.245874728774652
8197	40.985	-0.0043216363992542	0.245874728774652
8198	40.99	-0.0043216363992542	0.244585056789219
8199	40.995	-0.0030319644138217	0.245874728774652
8200	41	-0.0043216363992542	0.244585056789219
8201	41.005	-0.0030319644138217	0.244585056789219
8202	41.01	-0.0030319644138217	0.244585056789219
8203	41.015	-0.0043216363992542	0.244585056789219
8204	41.02	-0.0043216363992542	0.244585056789219
8205	41.025	-0.0043216363992542	0.244585056789219
8206	41.03	-0.0043216363992542	0.244585056789219
8207	41.035	-0.0043216363992542	0.244585056789219
8208	41.04	-0.0043216363992542	0.243295384803787
8209	41.045	-0.0043216363992542	0.243295384803787
8210	41.05	-0.0043216363992542	0.243295384803787
8211	41.055	-0.0043216363992542	0.243295384803787
8212	41.06	-0.0043216363992542	0.243295384803787
8213	41.065	-0.0043216363992542	0.243295384803787
8214	41.07	-0.0030319644138217	0.243295384803787
8215	41.075	-0.0043216363992542	0.243295384803787
8216	41.08	-0.0043216363992542	0.243295384803787
8217	41.085	-0.0043216363992542	0.243295384803787
8218	41.09	-0.0043216363992542	0.243295384803787
8219	41.095	-0.0043216363992542	0.243295384803787
8220	41.1	-0.0043216363992542	0.242005712818354
8221	41.105	-0.0043216363992542	0.242005712818354
8222	41.11	-0.0030319644138217	0.242005712818354
8223	41.115	-0.0043216363992542	0.242005712818354
8224	41.12	-0.0043216363992542	0.242005712818354
8225	41.125	-0.0043216363992542	0.242005712818354
8226	41.13	-0.0043216363992542	0.242005712818354
8227	41.135	-0.0043216363992542	0.242005712818354
8228	41.14	-0.0043216363992542	0.240716040832922
8229	41.145	-0.0043216363992542	0.240716040832922
8230	41.15	-0.0043216363992542	0.242005712818354
8231	41.155	-0.0043216363992542	0.239426368847489
8232	41.16	-0.0043216363992542	0.240716040832922
8233	41.165	-0.0043216363992542	0.240716040832922
8234	41.17	-0.0043216363992542	0.240716040832922
8235	41.175	-0.0043216363992542	0.240716040832922
8236	41.18	-0.00561130838468671	0.239426368847489
8237	41.185	-0.0043216363992542	0.239426368847489
8238	41.19	-0.0043216363992542	0.239426368847489
8239	41.195	-0.0043216363992542	0.238136696862057
8240	41.2	-0.00561130838468671	0.239426368847489
8241	41.205	-0.00561130838468671	0.239426368847489
8242	41.21	-0.00561130838468671	0.239426368847489
8243	41.215	-0.00561130838468671	0.239426368847489
8244	41.22	-0.0043216363992542	0.239426368847489
8245	41.225	-0.00561130838468671	0.238136696862057
8246	41.23	-0.0043216363992542	0.238136696862057
8247	41.235	-0.0043216363992542	0.238136696862057
8248	41.24	-0.00561130838468671	0.238136696862057
8249	41.245	-0.00561130838468671	0.238136696862057
8250	41.25	-0.00561130838468671	0.238136696862057
8251	41.255	-0.0043216363992542	0.238136696862057
8252	41.26	-0.00561130838468671	0.238136696862057
8253	41.265	-0.00561130838468671	0.236847024876624
8254	41.27	-0.00561130838468671	0.236847024876624
8255	41.275	-0.00561130838468671	0.236847024876624
8256	41.28	-0.00561130838468671	0.236847024876624
8257	41.285	-0.00561130838468671	0.236847024876624
8258	41.29	-0.00561130838468671	0.236847024876624
8259	41.295	-0.00561130838468671	0.235557352891192
8260	41.3	-0.00561130838468671	0.235557352891192
8261	41.305	-0.00561130838468671	0.235557352891192
8262	41.31	-0.00561130838468671	0.235557352891192
8263	41.315	-0.00561130838468671	0.235557352891192
8264	41.32	-0.00561130838468671	0.235557352891192
8265	41.325	-0.00690098037011921	0.234267680905759
8266	41.33	-0.00690098037011921	0.234267680905759
8267	41.335	-0.00690098037011921	0.235557352891192
8268	41.34	-0.00561130838468671	0.235557352891192
8269	41.345	-0.00561130838468671	0.234267680905759
8270	41.35	-0.00561130838468671	0.234267680905759
8271	41.355	-0.00561130838468671	0.234267680905759
8272	41.36	-0.00561130838468671	0.234267680905759
8273	41.365	-0.00690098037011921	0.234267680905759
8274	41.37	-0.00561130838468671	0.234267680905759
8275	41.375	-0.00690098037011921	0.232978008920327
8276	41.38	-0.00561130838468671	0.232978008920327
8277	41.385	-0.00690098037011921	0.232978008920327
8278	41.39	-0.00690098037011921	0.232978008920327
8279	41.395	-0.00561130838468671	0.232978008920327
8280	41.4	-0.00561130838468671	0.232978008920327
8281	41.405	-0.00690098037011921	0.232978008920327
8282	41.41	-0.00690098037011921	0.232978008920327
8283	41.415	-0.00561130838468671	0.232978008920327
8284	41.42	-0.00690098037011921	0.232978008920327
8285	41.425	-0.00690098037011921	0.232978008920327
8286	41.43	-0.00690098037011921	0.232978008920327
8287	41.435	-0.00690098037011921	0.231688336934894
8288	41.44	-0.00690098037011921	0.231688336934894
8289	41.445	-0.00690098037011921	0.231688336934894
8290	41.45	-0.00690098037011921	0.231688336934894
8291	41.455	-0.00690098037011921	0.231688336934894
8292	41.46	-0.00690098037011921	0.231688336934894
8293	41.465	-0.00690098037011921	0.231688336934894
8294	41.47	-0.00690098037011921	0.231688336934894
8295	41.475	-0.00690098037011921	0.230398664949462
8296	41.48	-0.00690098037011921	0.230398664949462
8297	41.485	-0.00690098037011921	0.230398664949462
8298	41.49	-0.00690098037011921	0.230398664949462
8299	41.495	-0.00948032434098423	0.230398664949462
8300	41.5	-0.00690098037011921	0.230398664949462
8301	41.505	-0.00819065235555172	0.229108992964029
8302	41.51	-0.00819065235555172	0.230398664949462
8303	41.515	-0.00819065235555172	0.230398664949462
8304	41.52	-0.00948032434098423	0.230398664949462
8305	41.525	-0.00948032434098423	0.229108992964029
8306	41.53	-0.00819065235555172	0.229108992964029
8307	41.535	-0.00690098037011921	0.229108992964029
8308	41.54	-0.00690098037011921	0.229108992964029
8309	41.545	-0.00819065235555172	0.227819320978597
8310	41.55	-0.00948032434098423	0.227819320978597
8311	41.555	-0.00690098037011921	0.227819320978597
8312	41.56	-0.00948032434098423	0.227819320978597
8313	41.565	-0.00948032434098423	0.227819320978597
8314	41.57	-0.00819065235555172	0.227819320978597
8315	41.575	-0.00948032434098423	0.227819320978597
8316	41.58	-0.00690098037011921	0.226529648993164
8317	41.585	-0.00948032434098423	0.227819320978597
8318	41.59	-0.00690098037011921	0.226529648993164
8319	41.595	-0.00690098037011921	0.227819320978597
8320	41.6	-0.00690098037011921	0.226529648993164
8321	41.605	-0.00819065235555172	0.226529648993164
8322	41.61	-0.00819065235555172	0.226529648993164
8323	41.615	-0.00948032434098423	0.226529648993164
8324	41.62	-0.00948032434098423	0.226529648993164
8325	41.625	-0.00948032434098423	0.225239977007732
8326	41.63	-0.00819065235555172	0.226529648993164
8327	41.635	-0.00819065235555172	0.225239977007732
8328	41.64	-0.00690098037011921	0.225239977007732
8329	41.645	-0.00690098037011921	0.225239977007732
8330	41.65	-0.00819065235555172	0.225239977007732
8331	41.655	-0.00690098037011921	0.225239977007732
8332	41.66	-0.00690098037011921	0.223950305022299
8333	41.665	-0.00690098037011921	0.225239977007732
8334	41.67	-0.00690098037011921	0.223950305022299
8335	41.675	-0.00690098037011921	0.223950305022299
8336	41.68	-0.00561130838468671	0.223950305022299
8337	41.685	-0.00690098037011921	0.223950305022299
8338	41.69	-0.00561130838468671	0.223950305022299
8339	41.695	-0.00561130838468671	0.223950305022299
8340	41.7	-0.00690098037011921	0.222660633036867
8341	41.705	-0.00690098037011921	0.222660633036867
8342	41.71	-0.00561130838468671	0.222660633036867
8343	41.715	-0.00690098037011921	0.223950305022299
8344	41.72	-0.00561130838468671	0.222660633036867
8345	41.725	-0.00561130838468671	0.222660633036867
8346	41.73	-0.00561130838468671	0.222660633036867
8347	41.735	-0.00561130838468671	0.221370961051434
8348	41.74	-0.00561130838468671	0.222660633036867
8349	41.745	-0.0043216363992542	0.221370961051434
8350	41.75	-0.0043216363992542	0.222660633036867
8351	41.755	-0.0043216363992542	0.221370961051434
8352	41.76	-0.0043216363992542	0.220081289066002
8353	41.765	-0.00561130838468671	0.220081289066002
8354	41.77	-0.0043216363992542	0.221370961051434
8355	41.775	-0.00561130838468671	0.221370961051434
8356	41.78	-0.00561130838468671	0.220081289066002
8357	41.785	-0.0043216363992542	0.220081289066002
8358	41.79	-0.0043216363992542	0.220081289066002
8359	41.795	-0.0043216363992542	0.220081289066002
8360	41.8	-0.0043216363992542	0.220081289066002
8361	41.805	-0.0043216363992542	0.220081289066002
8362	41.81	-0.0043216363992542	0.218791617080569
8363	41.815	-0.0043216363992542	0.220081289066002
8364	41.82	-0.0043216363992542	0.218791617080569
8365	41.825	-0.0043216363992542	0.218791617080569
8366	41.83	-0.0043216363992542	0.218791617080569
8367	41.835	-0.0043216363992542	0.218791617080569
8368	41.84	-0.0030319644138217	0.218791617080569
8369	41.845	-0.00561130838468671	0.218791617080569
8370	41.85	-0.0043216363992542	0.218791617080569
8371	41.855	-0.0043216363992542	0.217501945095137
8372	41.86	-0.0043216363992542	0.217501945095137
8373	41.865	-0.0043216363992542	0.217501945095137
8374	41.87	-0.0043216363992542	0.217501945095137
8375	41.875	-0.0030319644138217	0.217501945095137
8376	41.88	-0.0030319644138217	0.216212273109704
8377	41.885	-0.0043216363992542	0.216212273109704
8378	41.89	-0.0043216363992542	0.217501945095137
8379	41.895	-0.0043216363992542	0.217501945095137
8380	41.9	-0.0043216363992542	0.216212273109704
8381	41.905	-0.0043216363992542	0.216212273109704
8382	41.91	-0.0043216363992542	0.216212273109704
8383	41.915	-0.0043216363992542	0.216212273109704
8384	41.92	-0.0043216363992542	0.214922601124272
8385	41.925	-0.0043216363992542	0.216212273109704
8386	41.93	-0.0043216363992542	0.214922601124272
8387	41.935	-0.0043216363992542	0.214922601124272
8388	41.94	-0.0043216363992542	0.214922601124272
8389	41.945	-0.0030319644138217	0.214922601124272
8390	41.95	-0.0030319644138217	0.214922601124272
8391	41.955	-0.0030319644138217	0.214922601124272
8392	41.96	-0.0043216363992542	0.214922601124272
8393	41.965	-0.0043216363992542	0.214922601124272
8394	41.97	-0.0043216363992542	0.214922601124272
8395	41.975	-0.0043216363992542	0.213632929138839
8396	41.98	-0.0030319644138217	0.213632929138839
8397	41.985	-0.0030319644138217	0.213632929138839
8398	41.99	-0.0043216363992542	0.213632929138839
8399	41.995	-0.0030319644138217	0.213632929138839
8400	42	-0.0030319644138217	0.213632929138839
8401	42.005	-0.0043216363992542	0.213632929138839
8402	42.01	-0.0043216363992542	0.213632929138839
8403	42.015	-0.0043216363992542	0.213632929138839
8404	42.02	-0.0043216363992542	0.212343257153407
8405	42.025	-0.0043216363992542	0.213632929138839
8406	42.03	-0.0030319644138217	0.212343257153407
8407	42.035	-0.0043216363992542	0.212343257153407
8408	42.04	-0.0043216363992542	0.212343257153407
8409	42.045	-0.0043216363992542	0.212343257153407
8410	42.05	-0.0043216363992542	0.211053585167974
8411	42.055	-0.0043216363992542	0.212343257153407
8412	42.06	-0.0030319644138217	0.212343257153407
8413	42.065	-0.0043216363992542	0.211053585167974
8414	42.07	-0.0030319644138217	0.211053585167974
8415	42.075	-0.0043216363992542	0.212343257153407
8416	42.08	-0.0043216363992542	0.211053585167974
8417	42.085	-0.0043216363992542	0.211053585167974
8418	42.09	-0.0043216363992542	0.211053585167974
8419	42.095	-0.0043216363992542	0.211053585167974
8420	42.1	-0.0043216363992542	0.211053585167974
8421	42.105	-0.0043216363992542	0.209763913182542
8422	42.11	-0.0043216363992542	0.211053585167974
8423	42.115	-0.0030319644138217	0.209763913182542
8424	42.12	-0.0043216363992542	0.209763913182542
8425	42.125	-0.0043216363992542	0.209763913182542
8426	42.13	-0.0043216363992542	0.209763913182542
8427	42.135	-0.0043216363992542	0.209763913182542
8428	42.14	-0.0043216363992542	0.209763913182542
8429	42.145	-0.0043216363992542	0.209763913182542
8430	42.15	-0.0043216363992542	0.208474241197109
8431	42.155	-0.0043216363992542	0.208474241197109
8432	42.16	-0.0043216363992542	0.208474241197109
8433	42.165	-0.0043216363992542	0.208474241197109
8434	42.17	-0.0043216363992542	0.208474241197109
8435	42.175	-0.0043216363992542	0.208474241197109
8436	42.18	-0.0043216363992542	0.208474241197109
8437	42.185	-0.0043216363992542	0.207184569211677
8438	42.19	-0.0043216363992542	0.207184569211677
8439	42.195	-0.0030319644138217	0.207184569211677
8440	42.2	-0.0030319644138217	0.207184569211677
8441	42.205	-0.0043216363992542	0.207184569211677
8442	42.21	-0.0043216363992542	0.207184569211677
8443	42.215	-0.0043216363992542	0.207184569211677
8444	42.22	-0.0030319644138217	0.207184569211677
8445	42.225	-0.0043216363992542	0.207184569211677
8446	42.23	-0.0043216363992542	0.205894897226244
8447	42.235	-0.0043216363992542	0.207184569211677
8448	42.24	-0.0043216363992542	0.205894897226244
8449	42.245	-0.0043216363992542	0.205894897226244
8450	42.25	-0.0043216363992542	0.205894897226244
8451	42.255	-0.0030319644138217	0.205894897226244
8452	42.26	-0.0043216363992542	0.205894897226244
8453	42.265	-0.0043216363992542	0.205894897226244
8454	42.27	-0.0043216363992542	0.205894897226244
8455	42.275	-0.0030319644138217	0.205894897226244
8456	42.28	-0.0043216363992542	0.205894897226244
8457	42.285	-0.00561130838468671	0.205894897226244
8458	42.29	-0.0043216363992542	0.205894897226244
8459	42.295	-0.0043216363992542	0.204605225240812
8460	42.3	-0.0043216363992542	0.204605225240812
8461	42.305	-0.0043216363992542	0.204605225240812
8462	42.31	-0.0043216363992542	0.204605225240812
8463	42.315	-0.0043216363992542	0.204605225240812
8464	42.32	-0.0043216363992542	0.204605225240812
8465	42.325	-0.0043216363992542	0.203315553255379
8466	42.33	-0.0030319644138217	0.203315553255379
8467	42.335	-0.0043216363992542	0.203315553255379
8468	42.34	-0.0043216363992542	0.203315553255379
8469	42.345	-0.0043216363992542	0.203315553255379
8470	42.35	-0.0043216363992542	0.203315553255379
8471	42.355	-0.0043216363992542	0.203315553255379
8472	42.36	-0.0043216363992542	0.203315553255379
8473	42.365	-0.0043216363992542	0.203315553255379
8474	42.37	-0.0043216363992542	0.203315553255379
8475	42.375	-0.0043216363992542	0.202025881269947
8476	42.38	-0.0043216363992542	0.202025881269947
8477	42.385	-0.0043216363992542	0.202025881269947
8478	42.39	-0.0043216363992542	0.202025881269947
8479	42.395	-0.0043216363992542	0.202025881269947
8480	42.4	-0.0043216363992542	0.202025881269947
8481	42.405	-0.0043216363992542	0.202025881269947
8482	42.41	-0.0043216363992542	0.200736209284514
8483	42.415	-0.0030319644138217	0.202025881269947
8484	42.42	-0.0043216363992542	0.200736209284514
8485	42.425	-0.0043216363992542	0.202025881269947
8486	42.43	-0.0043216363992542	0.200736209284514
8487	42.435	-0.0043216363992542	0.200736209284514
8488	42.44	-0.0043216363992542	0.200736209284514
8489	42.445	-0.0043216363992542	0.200736209284514
8490	42.45	-0.0043216363992542	0.199446537299082
8491	42.455	-0.0043216363992542	0.200736209284514
8492	42.46	-0.0043216363992542	0.200736209284514
8493	42.465	-0.0043216363992542	0.199446537299082
8494	42.47	-0.0043216363992542	0.199446537299082
8495	42.475	-0.0043216363992542	0.199446537299082
8496	42.48	-0.0043216363992542	0.199446537299082
8497	42.485	-0.0043216363992542	0.199446537299082
8498	42.49	-0.0043216363992542	0.199446537299082
8499	42.495	-0.0043216363992542	0.199446537299082
8500	42.5	-0.0043216363992542	0.199446537299082
8501	42.505	-0.0043216363992542	0.199446537299082
8502	42.51	-0.0043216363992542	0.199446537299082
8503	42.515	-0.0043216363992542	0.199446537299082
8504	42.52	-0.0043216363992542	0.198156865313649
8505	42.525	-0.0043216363992542	0.199446537299082
8506	42.53	-0.0043216363992542	0.198156865313649
8507	42.535	-0.0043216363992542	0.198156865313649
8508	42.54	-0.0043216363992542	0.198156865313649
8509	42.545	-0.0043216363992542	0.198156865313649
8510	42.55	-0.0043216363992542	0.198156865313649
8511	42.555	-0.0043216363992542	0.198156865313649
8512	42.56	-0.0043216363992542	0.198156865313649
8513	42.565	-0.0043216363992542	0.198156865313649
8514	42.57	-0.0043216363992542	0.198156865313649
8515	42.575	-0.0043216363992542	0.196867193328217
8516	42.58	-0.0043216363992542	0.196867193328217
8517	42.585	-0.0043216363992542	0.196867193328217
8518	42.59	-0.0043216363992542	0.196867193328217
8519	42.595	-0.0043216363992542	0.196867193328217
8520	42.6	-0.0030319644138217	0.196867193328217
8521	42.605	-0.0043216363992542	0.196867193328217
8522	42.61	-0.0043216363992542	0.196867193328217
8523	42.615	-0.0043216363992542	0.196867193328217
8524	42.62	-0.0030319644138217	0.196867193328217
8525	42.625	-0.0030319644138217	0.195577521342784
8526	42.63	-0.0043216363992542	0.195577521342784
8527	42.635	-0.0043216363992542	0.195577521342784
8528	42.64	-0.0043216363992542	0.195577521342784
8529	42.645	-0.0043216363992542	0.195577521342784
8530	42.65	-0.0030319644138217	0.195577521342784
8531	42.655	-0.0043216363992542	0.195577521342784
8532	42.66	-0.0043216363992542	0.195577521342784
8533	42.665	-0.0030319644138217	0.194287849357352
8534	42.67	-0.0043216363992542	0.194287849357352
8535	42.675	-0.0043216363992542	0.194287849357352
8536	42.68	-0.0043216363992542	0.194287849357352
8537	42.685	-0.0043216363992542	0.194287849357352
8538	42.69	-0.0043216363992542	0.194287849357352
8539	42.695	-0.0043216363992542	0.194287849357352
8540	42.7	-0.0043216363992542	0.194287849357352
8541	42.705	-0.0043216363992542	0.194287849357352
8542	42.71	-0.0043216363992542	0.194287849357352
8543	42.715	-0.0043216363992542	0.192998177371919
8544	42.72	-0.0043216363992542	0.194287849357352
8545	42.725	-0.0043216363992542	0.192998177371919
8546	42.73	-0.0043216363992542	0.192998177371919
8547	42.735	-0.0030319644138217	0.192998177371919
8548	42.74	-0.0043216363992542	0.192998177371919
8549	42.745	-0.0043216363992542	0.192998177371919
8550	42.75	-0.0043216363992542	0.192998177371919
8551	42.755	-0.0043216363992542	0.192998177371919
8552	42.76	-0.0043216363992542	0.191708505386487
8553	42.765	-0.0043216363992542	0.191708505386487
8554	42.77	-0.0043216363992542	0.191708505386487
8555	42.775	-0.0043216363992542	0.191708505386487
8556	42.78	-0.0043216363992542	0.191708505386487
8557	42.785	-0.0043216363992542	0.191708505386487
8558	42.79	-0.0043216363992542	0.191708505386487
8559	42.795	-0.0043216363992542	0.191708505386487
8560	42.8	-0.0043216363992542	0.191708505386487
8561	42.805	-0.0043216363992542	0.191708505386487
8562	42.81	-0.0043216363992542	0.190418833401054
8563	42.815	-0.0043216363992542	0.190418833401054
8564	42.82	-0.0043216363992542	0.190418833401054
8565	42.825	-0.0043216363992542	0.190418833401054
8566	42.83	-0.0043216363992542	0.190418833401054
8567	42.835	-0.0043216363992542	0.190418833401054
8568	42.84	-0.0043216363992542	0.190418833401054
8569	42.845	-0.0043216363992542	0.190418833401054
8570	42.85	-0.0043216363992542	0.190418833401054
8571	42.855	-0.00561130838468671	0.190418833401054
8572	42.86	-0.0043216363992542	0.189129161415622
8573	42.865	-0.0043216363992542	0.189129161415622
8574	42.87	-0.0043216363992542	0.189129161415622
8575	42.875	-0.00561130838468671	0.189129161415622
8576	42.88	-0.00561130838468671	0.189129161415622
8577	42.885	-0.00561130838468671	0.189129161415622
8578	42.89	-0.00561130838468671	0.189129161415622
8579	42.895	-0.00561130838468671	0.189129161415622
8580	42.9	-0.00561130838468671	0.189129161415622
8581	42.905	-0.00561130838468671	0.187839489430189
8582	42.91	-0.00561130838468671	0.187839489430189
8583	42.915	-0.00561130838468671	0.187839489430189
8584	42.92	-0.00561130838468671	0.189129161415622
8585	42.925	-0.00561130838468671	0.187839489430189
8586	42.93	-0.00561130838468671	0.187839489430189
8587	42.935	-0.00561130838468671	0.187839489430189
8588	42.94	-0.00561130838468671	0.187839489430189
8589	42.945	-0.00561130838468671	0.186549817444757
8590	42.95	-0.00561130838468671	0.186549817444757
8591	42.955	-0.00690098037011921	0.187839489430189
8592	42.96	-0.00561130838468671	0.186549817444757
8593	42.965	-0.00561130838468671	0.186549817444757
8594	42.97	-0.00561130838468671	0.186549817444757
8595	42.975	-0.00561130838468671	0.186549817444757
8596	42.98	-0.00690098037011921	0.186549817444757
8597	42.985	-0.00561130838468671	0.186549817444757
8598	42.99	-0.00561130838468671	0.186549817444757
8599	42.995	-0.00561130838468671	0.186549817444757
8600	43	-0.00561130838468671	0.186549817444757
8601	43.005	-0.00690098037011921	0.186549817444757
8602	43.01	-0.00561130838468671	0.186549817444757
8603	43.015	-0.00690098037011921	0.186549817444757
8604	43.02	-0.00561130838468671	0.185260145459324
8605	43.025	-0.00561130838468671	0.185260145459324
8606	43.03	-0.00561130838468671	0.185260145459324
8607	43.035	-0.00561130838468671	0.185260145459324
8608	43.04	-0.00561130838468671	0.185260145459324
8609	43.045	-0.00690098037011921	0.185260145459324
8610	43.05	-0.00690098037011921	0.183970473473892
8611	43.055	-0.00561130838468671	0.185260145459324
8612	43.06	-0.00690098037011921	0.185260145459324
8613	43.065	-0.00690098037011921	0.183970473473892
8614	43.07	-0.00690098037011921	0.183970473473892
8615	43.075	-0.00690098037011921	0.183970473473892
8616	43.08	-0.00561130838468671	0.183970473473892
8617	43.085	-0.00561130838468671	0.183970473473892
8618	43.09	-0.00690098037011921	0.183970473473892
8619	43.095	-0.00561130838468671	0.183970473473892
8620	43.1	-0.00561130838468671	0.183970473473892
8621	43.105	-0.00690098037011921	0.183970473473892
8622	43.11	-0.00690098037011921	0.182680801488459
8623	43.115	-0.00690098037011921	0.183970473473892
8624	43.12	-0.00690098037011921	0.182680801488459
8625	43.125	-0.00690098037011921	0.182680801488459
8626	43.13	-0.00690098037011921	0.182680801488459
8627	43.135	-0.00690098037011921	0.182680801488459
8628	43.14	-0.00690098037011921	0.181391129503027
8629	43.145	-0.00690098037011921	0.181391129503027
8630	43.15	-0.00690098037011921	0.181391129503027
8631	43.155	-0.00690098037011921	0.182680801488459
8632	43.16	-0.00690098037011921	0.182680801488459
8633	43.165	-0.00690098037011921	0.181391129503027
8634	43.17	-0.00690098037011921	0.181391129503027
8635	43.175	-0.00561130838468671	0.181391129503027
8636	43.18	-0.00690098037011921	0.181391129503027
8637	43.185	-0.00819065235555172	0.180101457517594
8638	43.19	-0.00690098037011921	0.181391129503027
8639	43.195	-0.00690098037011921	0.181391129503027
8640	43.2	-0.00690098037011921	0.180101457517594
8641	43.205	-0.00819065235555172	0.180101457517594
8642	43.21	-0.00819065235555172	0.180101457517594
8643	43.215	-0.00819065235555172	0.180101457517594
8644	43.22	-0.00819065235555172	0.180101457517594
8645	43.225	-0.00819065235555172	0.180101457517594
8646	43.23	-0.00819065235555172	0.180101457517594
8647	43.235	-0.00819065235555172	0.180101457517594
8648	43.24	-0.00819065235555172	0.180101457517594
8649	43.245	-0.00948032434098423	0.180101457517594
8650	43.25	-0.00948032434098423	0.180101457517594
8651	43.255	-0.00948032434098423	0.178811785532162
8652	43.26	-0.00819065235555172	0.178811785532162
8653	43.265	-0.00948032434098423	0.178811785532162
8654	43.27	-0.00819065235555172	0.178811785532162
8655	43.275	-0.0107699963264167	0.178811785532162
8656	43.28	-0.00948032434098423	0.178811785532162
8657	43.285	-0.0120596683118492	0.178811785532162
8658	43.29	-0.00819065235555172	0.177522113546729
8659	43.295	-0.00948032434098423	0.177522113546729
8660	43.3	-0.00948032434098423	0.178811785532162
8661	43.305	-0.00948032434098423	0.177522113546729
8662	43.31	-0.00948032434098423	0.177522113546729
8663	43.315	-0.00948032434098423	0.177522113546729
8664	43.32	-0.00948032434098423	0.177522113546729
8665	43.325	-0.00948032434098423	0.177522113546729
8666	43.33	-0.0107699963264167	0.177522113546729
8667	43.335	-0.00819065235555172	0.177522113546729
8668	43.34	-0.0107699963264167	0.176232441561297
8669	43.345	-0.00819065235555172	0.177522113546729
8670	43.35	-0.0120596683118492	0.176232441561297
8671	43.355	-0.00948032434098423	0.177522113546729
8672	43.36	-0.0107699963264167	0.177522113546729
8673	43.365	-0.00948032434098423	0.176232441561297
8674	43.37	-0.0120596683118492	0.176232441561297
8675	43.375	-0.0107699963264167	0.176232441561297
8676	43.38	-0.00948032434098423	0.176232441561297
8677	43.385	-0.00819065235555172	0.176232441561297
8678	43.39	-0.00819065235555172	0.176232441561297
8679	43.395	-0.0107699963264167	0.174942769575864
8680	43.4	-0.00819065235555172	0.174942769575864
8681	43.405	-0.0120596683118492	0.174942769575864
8682	43.41	-0.0120596683118492	0.174942769575864
8683	43.415	-0.0107699963264167	0.174942769575864
8684	43.42	-0.00819065235555172	0.174942769575864
8685	43.425	-0.0120596683118492	0.174942769575864
8686	43.43	-0.00948032434098423	0.174942769575864
8687	43.435	-0.00948032434098423	0.174942769575864
8688	43.44	-0.0107699963264167	0.173653097590432
8689	43.445	-0.0120596683118492	0.174942769575864
8690	43.45	-0.00948032434098423	0.174942769575864
8691	43.455	-0.0120596683118492	0.173653097590432
8692	43.46	-0.0107699963264167	0.173653097590432
8693	43.465	-0.0107699963264167	0.173653097590432
8694	43.47	-0.00819065235555172	0.173653097590432
8695	43.475	-0.00819065235555172	0.173653097590432
8696	43.48	-0.00948032434098423	0.173653097590432
8697	43.485	-0.0107699963264167	0.173653097590432
8698	43.49	-0.00948032434098423	0.173653097590432
8699	43.495	-0.00948032434098423	0.173653097590432
8700	43.5	-0.00690098037011921	0.172363425604999
8701	43.505	-0.00948032434098423	0.172363425604999
8702	43.51	-0.00690098037011921	0.172363425604999
8703	43.515	-0.00948032434098423	0.172363425604999
8704	43.52	-0.00819065235555172	0.172363425604999
8705	43.525	-0.00819065235555172	0.171073753619567
8706	43.53	-0.00561130838468671	0.172363425604999
8707	43.535	-0.00561130838468671	0.172363425604999
8708	43.54	-0.00819065235555172	0.171073753619567
8709	43.545	-0.00690098037011921	0.171073753619567
8710	43.55	-0.00690098037011921	0.171073753619567
8711	43.555	-0.00561130838468671	0.171073753619567
8712	43.56	-0.00690098037011921	0.171073753619567
8713	43.565	-0.00690098037011921	0.171073753619567
8714	43.57	-0.00819065235555172	0.171073753619567
8715	43.575	-0.00690098037011921	0.171073753619567
8716	43.58	-0.00561130838468671	0.169784081634134
8717	43.585	-0.00561130838468671	0.169784081634134
8718	43.59	-0.00561130838468671	0.169784081634134
8719	43.595	-0.00561130838468671	0.169784081634134
8720	43.6	-0.00561130838468671	0.169784081634134
8721	43.605	-0.00561130838468671	0.169784081634134
8722	43.61	-0.0043216363992542	0.169784081634134
8723	43.615	-0.00561130838468671	0.169784081634134
8724	43.62	-0.00690098037011921	0.169784081634134
8725	43.625	-0.0043216363992542	0.169784081634134
8726	43.63	-0.0043216363992542	0.169784081634134
8727	43.635	-0.00561130838468671	0.168494409648702
8728	43.64	-0.00561130838468671	0.168494409648702
8729	43.645	-0.0043216363992542	0.168494409648702
8730	43.65	-0.0043216363992542	0.167204737663269
8731	43.655	-0.0043216363992542	0.167204737663269
8732	43.66	-0.0043216363992542	0.168494409648702
8733	43.665	-0.0043216363992542	0.168494409648702
8734	43.67	-0.0043216363992542	0.168494409648702
8735	43.675	-0.0043216363992542	0.167204737663269
8736	43.68	-0.0043216363992542	0.167204737663269
8737	43.685	-0.0043216363992542	0.167204737663269
8738	43.69	-0.0043216363992542	0.167204737663269
8739	43.695	-0.0043216363992542	0.167204737663269
8740	43.7	-0.0043216363992542	0.167204737663269
8741	43.705	-0.0043216363992542	0.165915065677837
8742	43.71	-0.0043216363992542	0.165915065677837
8743	43.715	-0.0043216363992542	0.167204737663269
8744	43.72	-0.0043216363992542	0.165915065677837
8745	43.725	-0.0043216363992542	0.165915065677837
8746	43.73	-0.0043216363992542	0.165915065677837
8747	43.735	-0.0043216363992542	0.165915065677837
8748	43.74	-0.0043216363992542	0.164625393692404
8749	43.745	-0.0043216363992542	0.165915065677837
8750	43.75	-0.0043216363992542	0.164625393692404
8751	43.755	-0.0043216363992542	0.164625393692404
8752	43.76	-0.0043216363992542	0.164625393692404
8753	43.765	-0.0043216363992542	0.164625393692404
8754	43.77	-0.0043216363992542	0.164625393692404
8755	43.775	-0.0043216363992542	0.164625393692404
8756	43.78	-0.0043216363992542	0.164625393692404
8757	43.785	-0.0043216363992542	0.164625393692404
8758	43.79	-0.0043216363992542	0.163335721706972
8759	43.795	-0.0043216363992542	0.163335721706972
8760	43.8	-0.0043216363992542	0.164625393692404
8761	43.805	-0.0043216363992542	0.164625393692404
8762	43.81	-0.0043216363992542	0.163335721706972
8763	43.815	-0.0043216363992542	0.163335721706972
8764	43.82	-0.0043216363992542	0.163335721706972
8765	43.825	-0.0043216363992542	0.163335721706972
8766	43.83	-0.0043216363992542	0.163335721706972
8767	43.835	-0.0030319644138217	0.162046049721539
8768	43.84	-0.0043216363992542	0.162046049721539
8769	43.845	-0.0043216363992542	0.163335721706972
8770	43.85	-0.0043216363992542	0.162046049721539
8771	43.855	-0.0043216363992542	0.162046049721539
8772	43.86	-0.0043216363992542	0.162046049721539
8773	43.865	-0.0043216363992542	0.162046049721539
8774	43.87	-0.0043216363992542	0.162046049721539
8775	43.875	-0.0043216363992542	0.162046049721539
8776	43.88	-0.0030319644138217	0.162046049721539
8777	43.885	-0.0043216363992542	0.160756377736107
8778	43.89	-0.0043216363992542	0.162046049721539
8779	43.895	-0.0043216363992542	0.162046049721539
8780	43.9	-0.0043216363992542	0.160756377736107
8781	43.905	-0.0043216363992542	0.160756377736107
8782	43.91	-0.0043216363992542	0.160756377736107
8783	43.915	-0.0043216363992542	0.160756377736107
8784	43.92	-0.0043216363992542	0.160756377736107
8785	43.925	-0.0030319644138217	0.160756377736107
8786	43.93	-0.0030319644138217	0.159466705750674
8787	43.935	-0.0043216363992542	0.159466705750674
8788	43.94	-0.0043216363992542	0.159466705750674
8789	43.945	-0.0043216363992542	0.159466705750674
8790	43.95	-0.0030319644138217	0.159466705750674
8791	43.955	-0.0043216363992542	0.159466705750674
8792	43.96	-0.0043216363992542	0.159466705750674
8793	43.965	-0.0043216363992542	0.159466705750674
8794	43.97	-0.0043216363992542	0.159466705750674
8795	43.975	-0.0043216363992542	0.159466705750674
8796	43.98	-0.0043216363992542	0.158177033765242
8797	43.985	-0.0043216363992542	0.158177033765242
8798	43.99	-0.0030319644138217	0.158177033765242
8799	43.995	-0.0043216363992542	0.158177033765242
8800	44	-0.0043216363992542	0.158177033765242
8801	44.005	-0.0043216363992542	0.158177033765242
8802	44.01	-0.0043216363992542	0.158177033765242
8803	44.015	-0.0043216363992542	0.158177033765242
8804	44.02	-0.0043216363992542	0.156887361779809
8805	44.025	-0.0043216363992542	0.156887361779809
8806	44.03	-0.0043216363992542	0.156887361779809
8807	44.035	-0.0043216363992542	0.155597689794376
8808	44.04	-0.0043216363992542	0.156887361779809
8809	44.045	-0.0043216363992542	0.155597689794376
8810	44.05	-0.0043216363992542	0.155597689794376
8811	44.055	-0.0043216363992542	0.155597689794376
8812	44.06	-0.0043216363992542	0.155597689794376
8813	44.065	-0.0043216363992542	0.155597689794376
8814	44.07	-0.0043216363992542	0.155597689794376
8815	44.075	-0.0030319644138217	0.155597689794376
8816	44.08	-0.0043216363992542	0.154308017808944
8817	44.085	-0.0043216363992542	0.155597689794376
8818	44.09	-0.0043216363992542	0.154308017808944
8819	44.095	-0.0043216363992542	0.155597689794376
8820	44.1	-0.0043216363992542	0.154308017808944
8821	44.105	-0.0043216363992542	0.154308017808944
8822	44.11	-0.0030319644138217	0.154308017808944
8823	44.115	-0.0043216363992542	0.154308017808944
8824	44.12	-0.0043216363992542	0.153018345823511
8825	44.125	-0.0043216363992542	0.154308017808944
8826	44.13	-0.0030319644138217	0.154308017808944
8827	44.135	-0.0043216363992542	0.153018345823511
8828	44.14	-0.0043216363992542	0.154308017808944
8829	44.145	-0.0030319644138217	0.153018345823511
8830	44.15	-0.0043216363992542	0.153018345823511
8831	44.155	-0.0043216363992542	0.153018345823511
8832	44.16	-0.0043216363992542	0.154308017808944
8833	44.165	-0.0043216363992542	0.153018345823511
8834	44.17	-0.0043216363992542	0.153018345823511
8835	44.175	-0.0043216363992542	0.153018345823511
8836	44.18	-0.0030319644138217	0.151728673838079
8837	44.185	-0.0043216363992542	0.151728673838079
8838	44.19	-0.0043216363992542	0.153018345823511
8839	44.195	-0.0043216363992542	0.151728673838079
8840	44.2	-0.0043216363992542	0.151728673838079
8841	44.205	-0.0043216363992542	0.151728673838079
8842	44.21	-0.0043216363992542	0.151728673838079
8843	44.215	-0.0043216363992542	0.151728673838079
8844	44.22	-0.0043216363992542	0.151728673838079
8845	44.225	-0.0043216363992542	0.151728673838079
8846	44.23	-0.0043216363992542	0.151728673838079
8847	44.235	-0.0030319644138217	0.150439001852646
8848	44.24	-0.0030319644138217	0.151728673838079
8849	44.245	-0.0043216363992542	0.150439001852646
8850	44.25	-0.0043216363992542	0.150439001852646
8851	44.255	-0.0043216363992542	0.151728673838079
8852	44.26	-0.0030319644138217	0.150439001852646
8853	44.265	-0.0030319644138217	0.150439001852646
8854	44.27	-0.0043216363992542	0.150439001852646
8855	44.275	-0.0043216363992542	0.150439001852646
8856	44.28	-0.0043216363992542	0.150439001852646
8857	44.285	-0.0043216363992542	0.149149329867214
8858	44.29	-0.0043216363992542	0.149149329867214
8859	44.295	-0.0030319644138217	0.150439001852646
8860	44.3	-0.0043216363992542	0.149149329867214
8861	44.305	-0.0030319644138217	0.149149329867214
8862	44.31	-0.0043216363992542	0.149149329867214
8863	44.315	-0.0043216363992542	0.149149329867214
8864	44.32	-0.0043216363992542	0.149149329867214
8865	44.325	-0.0043216363992542	0.149149329867214
8866	44.33	-0.0030319644138217	0.149149329867214
8867	44.335	-0.0030319644138217	0.149149329867214
8868	44.34	-0.0043216363992542	0.147859657881781
8869	44.345	-0.0030319644138217	0.147859657881781
8870	44.35	-0.0043216363992542	0.147859657881781
8871	44.355	-0.0043216363992542	0.147859657881781
8872	44.36	-0.0043216363992542	0.147859657881781
8873	44.365	-0.0043216363992542	0.147859657881781
8874	44.37	-0.0030319644138217	0.147859657881781
8875	44.375	-0.0043216363992542	0.147859657881781
8876	44.38	-0.0043216363992542	0.147859657881781
8877	44.385	-0.0043216363992542	0.149149329867214
8878	44.39	-0.0030319644138217	0.146569985896349
8879	44.395	-0.0043216363992542	0.147859657881781
8880	44.4	-0.0030319644138217	0.147859657881781
8881	44.405	-0.0030319644138217	0.147859657881781
8882	44.41	-0.0043216363992542	0.146569985896349
8883	44.415	-0.0030319644138217	0.146569985896349
8884	44.42	-0.0043216363992542	0.146569985896349
8885	44.425	-0.0043216363992542	0.146569985896349
8886	44.43	-0.0030319644138217	0.146569985896349
8887	44.435	-0.0030319644138217	0.146569985896349
8888	44.44	-0.0043216363992542	0.146569985896349
8889	44.445	-0.0043216363992542	0.146569985896349
8890	44.45	-0.0043216363992542	0.146569985896349
8891	44.455	-0.0030319644138217	0.146569985896349
8892	44.46	-0.0043216363992542	0.145280313910916
8893	44.465	-0.0043216363992542	0.145280313910916
8894	44.47	-0.0043216363992542	0.145280313910916
8895	44.475	-0.0043216363992542	0.145280313910916
8896	44.48	-0.0043216363992542	0.145280313910916
8897	44.485	-0.0043216363992542	0.145280313910916
8898	44.49	-0.0043216363992542	0.145280313910916
8899	44.495	-0.0043216363992542	0.145280313910916
8900	44.5	-0.0043216363992542	0.145280313910916
8901	44.505	-0.0043216363992542	0.145280313910916
8902	44.51	-0.0043216363992542	0.145280313910916
8903	44.515	-0.0043216363992542	0.145280313910916
8904	44.52	-0.0043216363992542	0.145280313910916
8905	44.525	-0.0030319644138217	0.145280313910916
8906	44.53	-0.0030319644138217	0.143990641925484
8907	44.535	-0.0043216363992542	0.145280313910916
8908	44.54	-0.0043216363992542	0.143990641925484
8909	44.545	-0.0043216363992542	0.143990641925484
8910	44.55	-0.0030319644138217	0.143990641925484
8911	44.555	-0.0030319644138217	0.143990641925484
8912	44.56	-0.0030319644138217	0.143990641925484
8913	44.565	-0.0043216363992542	0.143990641925484
8914	44.57	-0.0030319644138217	0.143990641925484
8915	44.575	-0.0043216363992542	0.143990641925484
8916	44.58	-0.0043216363992542	0.143990641925484
8917	44.585	-0.0030319644138217	0.142700969940051
8918	44.59	-0.0030319644138217	0.143990641925484
8919	44.595	-0.0030319644138217	0.143990641925484
8920	44.6	-0.0043216363992542	0.142700969940051
8921	44.605	-0.0030319644138217	0.142700969940051
8922	44.61	-0.0043216363992542	0.142700969940051
8923	44.615	-0.0043216363992542	0.143990641925484
8924	44.62	-0.0043216363992542	0.143990641925484
8925	44.625	-0.0043216363992542	0.142700969940051
8926	44.63	-0.0043216363992542	0.142700969940051
8927	44.635	-0.0043216363992542	0.142700969940051
8928	44.64	-0.0043216363992542	0.142700969940051
8929	44.645	-0.0043216363992542	0.142700969940051
8930	44.65	-0.0043216363992542	0.142700969940051
8931	44.655	-0.0030319644138217	0.142700969940051
8932	44.66	-0.0043216363992542	0.142700969940051
8933	44.665	-0.0043216363992542	0.142700969940051
8934	44.67	-0.0043216363992542	0.142700969940051
8935	44.675	-0.0030319644138217	0.141411297954619
8936	44.68	-0.0043216363992542	0.142700969940051
8937	44.685	-0.0043216363992542	0.142700969940051
8938	44.69	-0.0043216363992542	0.142700969940051
8939	44.695	-0.0030319644138217	0.141411297954619
8940	44.7	-0.0043216363992542	0.142700969940051
8941	44.705	-0.0043216363992542	0.142700969940051
8942	44.71	-0.0030319644138217	0.141411297954619
8943	44.715	-0.0043216363992542	0.141411297954619
8944	44.72	-0.0043216363992542	0.141411297954619
8945	44.725	-0.0030319644138217	0.141411297954619
8946	44.73	-0.0030319644138217	0.141411297954619
8947	44.735	-0.0043216363992542	0.140121625969186
8948	44.74	-0.0030319644138217	0.141411297954619
8949	44.745	-0.0043216363992542	0.141411297954619
8950	44.75	-0.0043216363992542	0.141411297954619
8951	44.755	-0.0043216363992542	0.140121625969186
8952	44.76	-0.0043216363992542	0.141411297954619
8953	44.765	-0.0043216363992542	0.140121625969186
8954	44.77	-0.0043216363992542	0.140121625969186
8955	44.775	-0.0030319644138217	0.140121625969186
8956	44.78	-0.0030319644138217	0.140121625969186
8957	44.785	-0.0043216363992542	0.141411297954619
8958	44.79	-0.0043216363992542	0.140121625969186
8959	44.795	-0.0043216363992542	0.140121625969186
8960	44.8	-0.0043216363992542	0.140121625969186
8961	44.805	-0.0043216363992542	0.140121625969186
8962	44.81	-0.0043216363992542	0.140121625969186
8963	44.815	-0.0043216363992542	0.140121625969186
8964	44.82	-0.0043216363992542	0.140121625969186
8965	44.825	-0.0043216363992542	0.138831953983754
8966	44.83	-0.0043216363992542	0.138831953983754
8967	44.835	-0.0030319644138217	0.138831953983754
8968	44.84	-0.0043216363992542	0.138831953983754
8969	44.845	-0.0043216363992542	0.138831953983754
8970	44.85	-0.0043216363992542	0.138831953983754
8971	44.855	-0.0043216363992542	0.138831953983754
8972	44.86	-0.0043216363992542	0.138831953983754
8973	44.865	-0.0043216363992542	0.138831953983754
8974	44.87	-0.0043216363992542	0.138831953983754
8975	44.875	-0.0043216363992542	0.138831953983754
8976	44.88	-0.0043216363992542	0.137542281998321
8977	44.885	-0.0043216363992542	0.137542281998321
8978	44.89	-0.0043216363992542	0.137542281998321
8979	44.895	-0.0043216363992542	0.137542281998321
8980	44.9	-0.0043216363992542	0.137542281998321
8981	44.905	-0.0043216363992542	0.137542281998321
8982	44.91	-0.0043216363992542	0.137542281998321
8983	44.915	-0.0043216363992542	0.137542281998321
8984	44.92	-0.0043216363992542	0.137542281998321
8985	44.925	-0.0043216363992542	0.137542281998321
8986	44.93	-0.0030319644138217	0.137542281998321
8987	44.935	-0.0030319644138217	0.137542281998321
8988	44.94	-0.0043216363992542	0.137542281998321
8989	44.945	-0.0043216363992542	0.137542281998321
8990	44.95	-0.0043216363992542	0.137542281998321
8991	44.955	-0.0043216363992542	0.136252610012889
8992	44.96	-0.0043216363992542	0.136252610012889
8993	44.965	-0.0043216363992542	0.136252610012889
8994	44.97	-0.0043216363992542	0.136252610012889
8995	44.975	-0.0030319644138217	0.136252610012889
8996	44.98	-0.0043216363992542	0.136252610012889
8997	44.985	-0.0043216363992542	0.136252610012889
8998	44.99	-0.0043216363992542	0.136252610012889
8999	44.995	-0.0043216363992542	0.136252610012889
9000	45	-0.0043216363992542	0.136252610012889
9001	45.005	-0.0043216363992542	0.136252610012889
9002	45.01	-0.0043216363992542	0.136252610012889
9003	45.015	-0.0043216363992542	0.136252610012889
9004	45.02	-0.0043216363992542	0.136252610012889
9005	45.025	-0.0030319644138217	0.134962938027456
9006	45.03	-0.0043216363992542	0.134962938027456
9007	45.035	-0.0030319644138217	0.134962938027456
9008	45.04	-0.0030319644138217	0.136252610012889
9009	45.045	-0.0043216363992542	0.134962938027456
9010	45.05	-0.0043216363992542	0.134962938027456
9011	45.055	-0.0043216363992542	0.134962938027456
9012	45.06	-0.0030319644138217	0.134962938027456
9013	45.065	-0.0043216363992542	0.134962938027456
9014	45.07	-0.0030319644138217	0.134962938027456
9015	45.075	-0.0043216363992542	0.134962938027456
9016	45.08	-0.0043216363992542	0.134962938027456
9017	45.085	-0.0043216363992542	0.134962938027456
9018	45.09	-0.0043216363992542	0.134962938027456
9019	45.095	-0.0030319644138217	0.134962938027456
9020	45.1	-0.0043216363992542	0.133673266042024
9021	45.105	-0.0043216363992542	0.134962938027456
9022	45.11	-0.0043216363992542	0.133673266042024
9023	45.115	-0.0043216363992542	0.133673266042024
9024	45.12	-0.0043216363992542	0.133673266042024
9025	45.125	-0.0043216363992542	0.133673266042024
9026	45.13	-0.0030319644138217	0.133673266042024
9027	45.135	-0.0043216363992542	0.133673266042024
9028	45.14	-0.0030319644138217	0.133673266042024
9029	45.145	-0.0043216363992542	0.133673266042024
9030	45.15	-0.0043216363992542	0.133673266042024
9031	45.155	-0.0043216363992542	0.133673266042024
9032	45.16	-0.0030319644138217	0.132383594056591
9033	45.165	-0.0043216363992542	0.132383594056591
9034	45.17	-0.0043216363992542	0.132383594056591
9035	45.175	-0.0030319644138217	0.133673266042024
9036	45.18	-0.0043216363992542	0.132383594056591
9037	45.185	-0.0043216363992542	0.132383594056591
9038	45.19	-0.0030319644138217	0.132383594056591
9039	45.195	-0.0043216363992542	0.133673266042024
9040	45.2	-0.0043216363992542	0.132383594056591
9041	45.205	-0.0043216363992542	0.132383594056591
9042	45.21	-0.0043216363992542	0.132383594056591
9043	45.215	-0.0043216363992542	0.132383594056591
9044	45.22	-0.0030319644138217	0.132383594056591
9045	45.225	-0.0043216363992542	0.132383594056591
9046	45.23	-0.0043216363992542	0.131093922071159
9047	45.235	-0.0043216363992542	0.131093922071159
9048	45.24	-0.0030319644138217	0.131093922071159
9049	45.245	-0.0043216363992542	0.132383594056591
9050	45.25	-0.0043216363992542	0.131093922071159
9051	45.255	-0.0043216363992542	0.131093922071159
9052	45.26	-0.0043216363992542	0.131093922071159
9053	45.265	-0.0043216363992542	0.131093922071159
9054	45.27	-0.0043216363992542	0.131093922071159
9055	45.275	-0.0030319644138217	0.132383594056591
9056	45.28	-0.0043216363992542	0.131093922071159
9057	45.285	-0.0043216363992542	0.131093922071159
9058	45.29	-0.0043216363992542	0.131093922071159
9059	45.295	-0.0030319644138217	0.129804250085726
9060	45.3	-0.0043216363992542	0.131093922071159
9061	45.305	-0.0043216363992542	0.129804250085726
9062	45.31	-0.0043216363992542	0.129804250085726
9063	45.315	-0.0043216363992542	0.129804250085726
9064	45.32	-0.0043216363992542	0.129804250085726
9065	45.325	-0.0043216363992542	0.129804250085726
9066	45.33	-0.0043216363992542	0.129804250085726
9067	45.335	-0.0043216363992542	0.129804250085726
9068	45.34	-0.0043216363992542	0.129804250085726
9069	45.345	-0.0043216363992542	0.129804250085726
9070	45.35	-0.0043216363992542	0.129804250085726
9071	45.355	-0.0030319644138217	0.129804250085726
9072	45.36	-0.0043216363992542	0.129804250085726
9073	45.365	-0.0043216363992542	0.129804250085726
9074	45.37	-0.0043216363992542	0.128514578100294
9075	45.375	-0.0030319644138217	0.128514578100294
9076	45.38	-0.0043216363992542	0.128514578100294
9077	45.385	-0.0030319644138217	0.128514578100294
9078	45.39	-0.0043216363992542	0.128514578100294
9079	45.395	-0.0043216363992542	0.128514578100294
9080	45.4	-0.0043216363992542	0.128514578100294
9081	45.405	-0.0043216363992542	0.128514578100294
9082	45.41	-0.0030319644138217	0.128514578100294
9083	45.415	-0.0043216363992542	0.128514578100294
9084	45.42	-0.0043216363992542	0.128514578100294
9085	45.425	-0.0043216363992542	0.127224906114861
9086	45.43	-0.0043216363992542	0.128514578100294
9087	45.435	-0.0030319644138217	0.128514578100294
9088	45.44	-0.0043216363992542	0.128514578100294
9089	45.445	-0.0043216363992542	0.127224906114861
9090	45.45	-0.0030319644138217	0.127224906114861
9091	45.455	-0.0043216363992542	0.128514578100294
9092	45.46	-0.0043216363992542	0.127224906114861
9093	45.465	-0.0030319644138217	0.127224906114861
9094	45.47	-0.0043216363992542	0.127224906114861
9095	45.475	-0.0030319644138217	0.127224906114861
9096	45.48	-0.0043216363992542	0.127224906114861
9097	45.485	-0.0030319644138217	0.125935234129429
9098	45.49	-0.0043216363992542	0.127224906114861
9099	45.495	-0.0030319644138217	0.125935234129429
9100	45.5	-0.0030319644138217	0.125935234129429
9101	45.505	-0.0043216363992542	0.125935234129429
9102	45.51	-0.0043216363992542	0.127224906114861
9103	45.515	-0.0043216363992542	0.125935234129429
9104	45.52	-0.0043216363992542	0.125935234129429
9105	45.525	-0.0043216363992542	0.125935234129429
9106	45.53	-0.0043216363992542	0.125935234129429
9107	45.535	-0.0030319644138217	0.125935234129429
9108	45.54	-0.0043216363992542	0.125935234129429
9109	45.545	-0.0043216363992542	0.125935234129429
9110	45.55	-0.0030319644138217	0.124645562143996
9111	45.555	-0.0043216363992542	0.125935234129429
9112	45.56	-0.0030319644138217	0.125935234129429
9113	45.565	-0.0030319644138217	0.124645562143996
9114	45.57	-0.0030319644138217	0.124645562143996
9115	45.575	-0.0043216363992542	0.124645562143996
9116	45.58	-0.0043216363992542	0.124645562143996
9117	45.585	-0.0043216363992542	0.124645562143996
9118	45.59	-0.0043216363992542	0.124645562143996
9119	45.595	-0.0030319644138217	0.124645562143996
9120	45.6	-0.0043216363992542	0.124645562143996
9121	45.605	-0.0043216363992542	0.124645562143996
9122	45.61	-0.0043216363992542	0.124645562143996
9123	45.615	-0.0030319644138217	0.124645562143996
9124	45.62	-0.0043216363992542	0.123355890158564
9125	45.625	-0.0043216363992542	0.123355890158564
9126	45.63	-0.0043216363992542	0.123355890158564
9127	45.635	-0.0043216363992542	0.123355890158564
9128	45.64	-0.0043216363992542	0.123355890158564
9129	45.645	-0.0043216363992542	0.123355890158564
9130	45.65	-0.0043216363992542	0.123355890158564
9131	45.655	-0.0043216363992542	0.123355890158564
9132	45.66	-0.0043216363992542	0.123355890158564
9133	45.665	-0.0043216363992542	0.123355890158564
9134	45.67	-0.0043216363992542	0.123355890158564
9135	45.675	-0.0030319644138217	0.122066218173131
9136	45.68	-0.0043216363992542	0.123355890158564
9137	45.685	-0.0043216363992542	0.122066218173131
9138	45.69	-0.0043216363992542	0.123355890158564
9139	45.695	-0.0043216363992542	0.122066218173131
9140	45.7	-0.0043216363992542	0.122066218173131
9141	45.705	-0.0030319644138217	0.122066218173131
9142	45.71	-0.0043216363992542	0.122066218173131
9143	45.715	-0.0030319644138217	0.122066218173131
9144	45.72	-0.0043216363992542	0.122066218173131
9145	45.725	-0.0030319644138217	0.120776546187699
9146	45.73	-0.0043216363992542	0.122066218173131
9147	45.735	-0.0043216363992542	0.122066218173131
9148	45.74	-0.0043216363992542	0.120776546187699
9149	45.745	-0.0043216363992542	0.120776546187699
9150	45.75	-0.0043216363992542	0.120776546187699
9151	45.755	-0.0043216363992542	0.120776546187699
9152	45.76	-0.0043216363992542	0.120776546187699
9153	45.765	-0.0043216363992542	0.120776546187699
9154	45.77	-0.0043216363992542	0.120776546187699
9155	45.775	-0.0043216363992542	0.119486874202266
9156	45.78	-0.0043216363992542	0.119486874202266
9157	45.785	-0.0043216363992542	0.120776546187699
9158	45.79	-0.0043216363992542	0.120776546187699
9159	45.795	-0.0030319644138217	0.119486874202266
9160	45.8	-0.0043216363992542	0.119486874202266
9161	45.805	-0.0043216363992542	0.119486874202266
9162	45.81	-0.0043216363992542	0.119486874202266
9163	45.815	-0.0030319644138217	0.119486874202266
9164	45.82	-0.0043216363992542	0.119486874202266
9165	45.825	-0.0043216363992542	0.119486874202266
9166	45.83	-0.0043216363992542	0.118197202216834
9167	45.835	-0.0043216363992542	0.119486874202266
9168	45.84	-0.0043216363992542	0.118197202216834
9169	45.845	-0.0043216363992542	0.118197202216834
9170	45.85	-0.0043216363992542	0.119486874202266
9171	45.855	-0.0043216363992542	0.118197202216834
9172	45.86	-0.0043216363992542	0.119486874202266
9173	45.865	-0.0043216363992542	0.118197202216834
9174	45.87	-0.0043216363992542	0.118197202216834
9175	45.875	-0.0043216363992542	0.118197202216834
9176	45.88	-0.0030319644138217	0.118197202216834
9177	45.885	-0.0043216363992542	0.118197202216834
9178	45.89	-0.0043216363992542	0.118197202216834
9179	45.895	-0.0030319644138217	0.116907530231401
9180	45.9	-0.0043216363992542	0.118197202216834
9181	45.905	-0.0043216363992542	0.118197202216834
9182	45.91	-0.0030319644138217	0.118197202216834
9183	45.915	-0.0043216363992542	0.118197202216834
9184	45.92	-0.0043216363992542	0.116907530231401
9185	45.925	-0.0043216363992542	0.116907530231401
9186	45.93	-0.0043216363992542	0.116907530231401
9187	45.935	-0.0043216363992542	0.116907530231401
9188	45.94	-0.0030319644138217	0.116907530231401
9189	45.945	-0.0043216363992542	0.116907530231401
9190	45.95	-0.0043216363992542	0.116907530231401
9191	45.955	-0.0030319644138217	0.115617858245969
9192	45.96	-0.0043216363992542	0.116907530231401
9193	45.965	-0.0043216363992542	0.115617858245969
9194	45.97	-0.0043216363992542	0.116907530231401
9195	45.975	-0.0043216363992542	0.115617858245969
9196	45.98	-0.0043216363992542	0.115617858245969
9197	45.985	-0.0043216363992542	0.116907530231401
9198	45.99	-0.0043216363992542	0.115617858245969
9199	45.995	-0.0043216363992542	0.115617858245969
9200	46	-0.0043216363992542	0.115617858245969
9201	46.005	-0.0043216363992542	0.115617858245969
9202	46.01	-0.0043216363992542	0.115617858245969
9203	46.015	-0.0043216363992542	0.115617858245969
9204	46.02	-0.0030319644138217	0.115617858245969
9205	46.025	-0.0043216363992542	0.115617858245969
9206	46.03	-0.0043216363992542	0.115617858245969
9207	46.035	-0.0030319644138217	0.115617858245969
9208	46.04	-0.0043216363992542	0.115617858245969
9209	46.045	-0.0043216363992542	0.115617858245969
9210	46.05	-0.0043216363992542	0.115617858245969
9211	46.055	-0.0043216363992542	0.115617858245969
9212	46.06	-0.0043216363992542	0.115617858245969
9213	46.065	-0.0043216363992542	0.114328186260536
9214	46.07	-0.0043216363992542	0.114328186260536
9215	46.075	-0.0043216363992542	0.114328186260536
9216	46.08	-0.0043216363992542	0.114328186260536
9217	46.085	-0.0043216363992542	0.114328186260536
9218	46.09	-0.0043216363992542	0.114328186260536
9219	46.095	-0.0043216363992542	0.113038514275104
9220	46.1	-0.0043216363992542	0.114328186260536
9221	46.105	-0.0043216363992542	0.114328186260536
9222	46.11	-0.0043216363992542	0.113038514275104
9223	46.115	-0.0043216363992542	0.114328186260536
9224	46.12	-0.0043216363992542	0.114328186260536
9225	46.125	-0.0043216363992542	0.113038514275104
9226	46.13	-0.0043216363992542	0.113038514275104
9227	46.135	-0.0030319644138217	0.113038514275104
9228	46.14	-0.0043216363992542	0.113038514275104
9229	46.145	-0.0043216363992542	0.113038514275104
9230	46.15	-0.0043216363992542	0.113038514275104
9231	46.155	-0.0043216363992542	0.111748842289671
9232	46.16	-0.0043216363992542	0.113038514275104
9233	46.165	-0.0043216363992542	0.113038514275104
9234	46.17	-0.0043216363992542	0.113038514275104
9235	46.175	-0.0043216363992542	0.111748842289671
9236	46.18	-0.0043216363992542	0.111748842289671
9237	46.185	-0.0043216363992542	0.111748842289671
9238	46.19	-0.0043216363992542	0.111748842289671
9239	46.195	-0.0043216363992542	0.110459170304239
9240	46.2	-0.0043216363992542	0.111748842289671
9241	46.205	-0.0043216363992542	0.111748842289671
9242	46.21	-0.0030319644138217	0.111748842289671
9243	46.215	-0.0043216363992542	0.111748842289671
9244	46.22	-0.0043216363992542	0.110459170304239
9245	46.225	-0.0043216363992542	0.110459170304239
9246	46.23	-0.0043216363992542	0.110459170304239
9247	46.235	-0.0043216363992542	0.110459170304239
9248	46.24	-0.0043216363992542	0.110459170304239
9249	46.245	-0.0043216363992542	0.110459170304239
9250	46.25	-0.0043216363992542	0.110459170304239
9251	46.255	-0.0043216363992542	0.110459170304239
9252	46.26	-0.0043216363992542	0.110459170304239
9253	46.265	-0.0043216363992542	0.110459170304239
9254	46.27	-0.0043216363992542	0.110459170304239
9255	46.275	-0.0043216363992542	0.110459170304239
9256	46.28	-0.0030319644138217	0.110459170304239
9257	46.285	-0.0043216363992542	0.110459170304239
9258	46.29	-0.0043216363992542	0.109169498318806
9259	46.295	-0.0043216363992542	0.110459170304239
9260	46.3	-0.0043216363992542	0.109169498318806
9261	46.305	-0.0043216363992542	0.109169498318806
9262	46.31	-0.0043216363992542	0.109169498318806
9263	46.315	-0.0043216363992542	0.109169498318806
9264	46.32	-0.0043216363992542	0.109169498318806
9265	46.325	-0.0043216363992542	0.109169498318806
9266	46.33	-0.0043216363992542	0.109169498318806
9267	46.335	-0.0043216363992542	0.107879826333374
9268	46.34	-0.0043216363992542	0.109169498318806
9269	46.345	-0.0043216363992542	0.107879826333374
9270	46.35	-0.0043216363992542	0.109169498318806
9271	46.355	-0.0043216363992542	0.109169498318806
9272	46.36	-0.0030319644138217	0.109169498318806
9273	46.365	-0.0043216363992542	0.107879826333374
9274	46.37	-0.0030319644138217	0.107879826333374
9275	46.375	-0.0043216363992542	0.109169498318806
9276	46.38	-0.0043216363992542	0.107879826333374
9277	46.385	-0.0043216363992542	0.107879826333374
9278	46.39	-0.0043216363992542	0.107879826333374
9279	46.395	-0.0043216363992542	0.107879826333374
9280	46.4	-0.0043216363992542	0.107879826333374
9281	46.405	-0.0043216363992542	0.107879826333374
9282	46.41	-0.0043216363992542	0.107879826333374
9283	46.415	-0.0043216363992542	0.107879826333374
9284	46.42	-0.0043216363992542	0.107879826333374
9285	46.425	-0.0043216363992542	0.107879826333374
9286	46.43	-0.0043216363992542	0.107879826333374
9287	46.435	-0.0030319644138217	0.107879826333374
9288	46.44	-0.0043216363992542	0.107879826333374
9289	46.445	-0.0043216363992542	0.106590154347941
9290	46.45	-0.0043216363992542	0.106590154347941
9291	46.455	-0.0043216363992542	0.106590154347941
9292	46.46	-0.0030319644138217	0.106590154347941
9293	46.465	-0.0043216363992542	0.106590154347941
9294	46.47	-0.0043216363992542	0.106590154347941
9295	46.475	-0.0043216363992542	0.106590154347941
9296	46.48	-0.0043216363992542	0.106590154347941
9297	46.485	-0.0043216363992542	0.105300482362509
9298	46.49	-0.0043216363992542	0.106590154347941
9299	46.495	-0.0043216363992542	0.105300482362509
9300	46.5	-0.0043216363992542	0.106590154347941
9301	46.505	-0.0043216363992542	0.105300482362509
9302	46.51	-0.0043216363992542	0.106590154347941
9303	46.515	-0.0043216363992542	0.105300482362509
9304	46.52	-0.0043216363992542	0.105300482362509
9305	46.525	-0.0043216363992542	0.105300482362509
9306	46.53	-0.0043216363992542	0.105300482362509
9307	46.535	-0.0043216363992542	0.104010810377076
9308	46.54	-0.0043216363992542	0.105300482362509
9309	46.545	-0.0043216363992542	0.105300482362509
9310	46.55	-0.0043216363992542	0.105300482362509
9311	46.555	-0.0043216363992542	0.105300482362509
9312	46.56	-0.0043216363992542	0.104010810377076
9313	46.565	-0.0043216363992542	0.104010810377076
9314	46.57	-0.0043216363992542	0.105300482362509
9315	46.575	-0.0043216363992542	0.104010810377076
9316	46.58	-0.0043216363992542	0.104010810377076
9317	46.585	-0.0043216363992542	0.104010810377076
9318	46.59	-0.0043216363992542	0.104010810377076
9319	46.595	-0.0043216363992542	0.102721138391644
9320	46.6	-0.0043216363992542	0.102721138391644
9321	46.605	-0.0043216363992542	0.104010810377076
9322	46.61	-0.0043216363992542	0.102721138391644
9323	46.615	-0.0043216363992542	0.104010810377076
9324	46.62	-0.0043216363992542	0.102721138391644
9325	46.625	-0.0043216363992542	0.102721138391644
9326	46.63	-0.0043216363992542	0.104010810377076
9327	46.635	-0.0043216363992542	0.102721138391644
9328	46.64	-0.00561130838468671	0.102721138391644
9329	46.645	-0.00561130838468671	0.102721138391644
9330	46.65	-0.0043216363992542	0.102721138391644
9331	46.655	-0.00561130838468671	0.102721138391644
9332	46.66	-0.00561130838468671	0.101431466406211
9333	46.665	-0.0043216363992542	0.102721138391644
9334	46.67	-0.00561130838468671	0.101431466406211
9335	46.675	-0.0043216363992542	0.101431466406211
9336	46.68	-0.00561130838468671	0.101431466406211
9337	46.685	-0.00561130838468671	0.101431466406211
9338	46.69	-0.00561130838468671	0.101431466406211
9339	46.695	-0.0043216363992542	0.101431466406211
9340	46.7	-0.00561130838468671	0.101431466406211
9341	46.705	-0.0043216363992542	0.101431466406211
9342	46.71	-0.00561130838468671	0.100141794420779
9343	46.715	-0.00561130838468671	0.101431466406211
9344	46.72	-0.0043216363992542	0.101431466406211
9345	46.725	-0.00561130838468671	0.100141794420779
9346	46.73	-0.00561130838468671	0.100141794420779
9347	46.735	-0.0043216363992542	0.100141794420779
9348	46.74	-0.00561130838468671	0.100141794420779
9349	46.745	-0.00561130838468671	0.100141794420779
9350	46.75	-0.00561130838468671	0.100141794420779
9351	46.755	-0.0043216363992542	0.0988521224353462
9352	46.76	-0.00561130838468671	0.100141794420779
9353	46.765	-0.00561130838468671	0.0988521224353462
9354	46.77	-0.00561130838468671	0.0988521224353462
9355	46.775	-0.0043216363992542	0.0988521224353462
9356	46.78	-0.00561130838468671	0.0988521224353462
9357	46.785	-0.00561130838468671	0.0988521224353462
9358	46.79	-0.0043216363992542	0.0988521224353462
9359	46.795	-0.00561130838468671	0.0975624504499137
9360	46.8	-0.00561130838468671	0.0975624504499137
9361	46.805	-0.00561130838468671	0.0975624504499137
9362	46.81	-0.00561130838468671	0.0988521224353462
9363	46.815	-0.0043216363992542	0.0975624504499137
9364	46.82	-0.00561130838468671	0.0975624504499137
9365	46.825	-0.00561130838468671	0.0988521224353462
9366	46.83	-0.00561130838468671	0.0975624504499137
9367	46.835	-0.00561130838468671	0.0975624504499137
9368	46.84	-0.00561130838468671	0.0975624504499137
9369	46.845	-0.00561130838468671	0.0975624504499137
9370	46.85	-0.00561130838468671	0.0962727784644812
9371	46.855	-0.00561130838468671	0.0975624504499137
9372	46.86	-0.00561130838468671	0.0962727784644812
9373	46.865	-0.00561130838468671	0.0962727784644812
9374	46.87	-0.00561130838468671	0.0962727784644812
9375	46.875	-0.00561130838468671	0.0962727784644812
9376	46.88	-0.00561130838468671	0.0962727784644812
9377	46.885	-0.00561130838468671	0.0962727784644812
9378	46.89	-0.00561130838468671	0.0962727784644812
9379	46.895	-0.00561130838468671	0.0962727784644812
9380	46.9	-0.00561130838468671	0.0962727784644812
9381	46.905	-0.00690098037011921	0.0949831064790487
9382	46.91	-0.00561130838468671	0.0949831064790487
9383	46.915	-0.00561130838468671	0.0949831064790487
9384	46.92	-0.00561130838468671	0.0949831064790487
9385	46.925	-0.00561130838468671	0.0949831064790487
9386	46.93	-0.00561130838468671	0.0949831064790487
9387	46.935	-0.00561130838468671	0.0949831064790487
9388	46.94	-0.00690098037011921	0.0949831064790487
9389	46.945	-0.00561130838468671	0.0949831064790487
9390	46.95	-0.00690098037011921	0.0949831064790487
9391	46.955	-0.00690098037011921	0.0936934344936162
9392	46.96	-0.00690098037011921	0.0949831064790487
9393	46.965	-0.00690098037011921	0.0936934344936162
9394	46.97	-0.00561130838468671	0.0936934344936162
9395	46.975	-0.00561130838468671	0.0936934344936162
9396	46.98	-0.00561130838468671	0.0936934344936162
9397	46.985	-0.00690098037011921	0.0936934344936162
9398	46.99	-0.00561130838468671	0.0936934344936162
9399	46.995	-0.00690098037011921	0.0936934344936162
9400	47	-0.00690098037011921	0.0936934344936162
9401	47.005	-0.00690098037011921	0.0936934344936162
9402	47.01	-0.00690098037011921	0.0936934344936162
9403	47.015	-0.00561130838468671	0.0924037625081837
9404	47.02	-0.00690098037011921	0.0924037625081837
9405	47.025	-0.00690098037011921	0.0936934344936162
9406	47.03	-0.00690098037011921	0.0936934344936162
9407	47.035	-0.00819065235555172	0.0924037625081837
9408	47.04	-0.00690098037011921	0.0924037625081837
9409	47.045	-0.00690098037011921	0.0924037625081837
9410	47.05	-0.00690098037011921	0.0924037625081837
9411	47.055	-0.00819065235555172	0.0924037625081837
9412	47.06	-0.00819065235555172	0.0924037625081837
9413	47.065	-0.00690098037011921	0.0924037625081837
9414	47.07	-0.00819065235555172	0.0911140905227512
9415	47.075	-0.00690098037011921	0.0924037625081837
9416	47.08	-0.00948032434098423	0.0911140905227512
9417	47.085	-0.00948032434098423	0.0911140905227512
9418	47.09	-0.00690098037011921	0.0911140905227512
9419	47.095	-0.00819065235555172	0.0911140905227512
9420	47.1	-0.00819065235555172	0.0911140905227512
9421	47.105	-0.0107699963264167	0.0924037625081837
9422	47.11	-0.00948032434098423	0.0911140905227512
9423	47.115	-0.00948032434098423	0.0898244185373187
9424	47.12	-0.00948032434098423	0.0911140905227512
9425	47.125	-0.00948032434098423	0.0911140905227512
9426	47.13	-0.00948032434098423	0.0911140905227512
9427	47.135	-0.0107699963264167	0.0898244185373187
9428	47.14	-0.0107699963264167	0.0911140905227512
9429	47.145	-0.00948032434098423	0.0898244185373187
9430	47.15	-0.0107699963264167	0.0898244185373187
9431	47.155	-0.00819065235555172	0.0898244185373187
9432	47.16	-0.00948032434098423	0.0898244185373187
9433	47.165	-0.00819065235555172	0.0898244185373187
9434	47.17	-0.0107699963264167	0.0898244185373187
9435	47.175	-0.00948032434098423	0.0898244185373187
9436	47.18	-0.00948032434098423	0.0898244185373187
9437	47.185	-0.0107699963264167	0.0898244185373187
9438	47.19	-0.00819065235555172	0.0885347465518862
9439	47.195	-0.0120596683118492	0.0898244185373187
9440	47.2	-0.00948032434098423	0.0898244185373187
9441	47.205	-0.0120596683118492	0.0885347465518862
9442	47.21	-0.0120596683118492	0.0885347465518862
9443	47.215	-0.00948032434098423	0.0885347465518862
9444	47.22	-0.0120596683118492	0.0885347465518862
9445	47.225	-0.0107699963264167	0.0885347465518862
9446	47.23	-0.0107699963264167	0.0885347465518862
9447	47.235	-0.0120596683118492	0.0885347465518862
9448	47.24	-0.0133493402972817	0.0872450745664537
9449	47.245	-0.0120596683118492	0.0872450745664537
9450	47.25	-0.0120596683118492	0.0872450745664537
9451	47.255	-0.0133493402972817	0.0872450745664537
9452	47.26	-0.0146390122827142	0.0872450745664537
9453	47.265	-0.0120596683118492	0.0859554025810212
9454	47.27	-0.0133493402972817	0.0872450745664537
9455	47.275	-0.0146390122827142	0.0872450745664537
9456	47.28	-0.0159286842681468	0.0872450745664537
9457	47.285	-0.0159286842681468	0.0872450745664537
9458	47.29	-0.0146390122827142	0.0872450745664537
9459	47.295	-0.0159286842681468	0.0872450745664537
9460	47.3	-0.0159286842681468	0.0872450745664537
9461	47.305	-0.0172183562535793	0.0872450745664537
9462	47.31	-0.0146390122827142	0.0859554025810212
9463	47.315	-0.0159286842681468	0.0859554025810212
9464	47.32	-0.0172183562535793	0.0859554025810212
9465	47.325	-0.0159286842681468	0.0859554025810212
9466	47.33	-0.0172183562535793	0.0859554025810212
9467	47.335	-0.0172183562535793	0.0859554025810212
9468	47.34	-0.0159286842681468	0.0846657305955887
9469	47.345	-0.0197977002244443	0.0859554025810212
9470	47.35	-0.0159286842681468	0.0859554025810212
9471	47.355	-0.0197977002244443	0.0846657305955887
9472	47.36	-0.0185080282390118	0.0859554025810212
9473	47.365	-0.0185080282390118	0.0846657305955887
9474	47.37	-0.0197977002244443	0.0846657305955887
9475	47.375	-0.0236667161807418	0.0846657305955887
9476	47.38	-0.0223770441953093	0.0846657305955887
9477	47.385	-0.0197977002244443	0.0846657305955887
9478	47.39	-0.0236667161807418	0.0846657305955887
9479	47.395	-0.0210873722098768	0.0833760586101562
9480	47.4	-0.0249563881661743	0.0846657305955887
9481	47.405	-0.0197977002244443	0.0833760586101562
9482	47.41	-0.0223770441953093	0.0833760586101562
9483	47.415	-0.0249563881661743	0.0833760586101562
9484	47.42	-0.0249563881661743	0.0833760586101562
9485	47.425	-0.0236667161807418	0.0833760586101562
9486	47.43	-0.0210873722098768	0.0833760586101562
9487	47.435	-0.0236667161807418	0.0833760586101562
9488	47.44	-0.0288254041224718	0.0833760586101562
9489	47.445	-0.0262460601516068	0.0820863866247237
9490	47.45	-0.0288254041224718	0.0833760586101562
9491	47.455	-0.0301150761079043	0.0820863866247237
9492	47.46	-0.0301150761079043	0.0833760586101562
9493	47.465	-0.0262460601516068	0.0833760586101562
9494	47.47	-0.0314047480933368	0.0820863866247237
9495	47.475	-0.0249563881661743	0.0820863866247237
9496	47.48	-0.0249563881661743	0.0820863866247237
9497	47.485	-0.0326944200787693	0.0820863866247237
9498	47.49	-0.0339840920642018	0.0820863866247237
9499	47.495	-0.0339840920642018	0.0820863866247237
9500	47.5	-0.0352737640496343	0.0820863866247237
9501	47.505	-0.0262460601516068	0.0807967146392912
9502	47.51	-0.0339840920642018	0.0820863866247237
9503	47.515	-0.0262460601516068	0.0820863866247237
9504	47.52	-0.0275357321370393	0.0807967146392912
9505	47.525	-0.0365634360350668	0.0807967146392912
9506	47.53	-0.0301150761079043	0.0807967146392912
9507	47.535	-0.0339840920642018	0.0807967146392912
9508	47.54	-0.0326944200787693	0.0807967146392912
9509	47.545	-0.0249563881661743	0.0807967146392912
9510	47.55	-0.0352737640496343	0.0807967146392912
9511	47.555	-0.0339840920642018	0.0807967146392912
9512	47.56	-0.0301150761079043	0.0795070426538587
9513	47.565	-0.0391427800059319	0.0807967146392912
9514	47.57	-0.0275357321370393	0.0807967146392912
9515	47.575	-0.0301150761079043	0.0795070426538587
9516	47.58	-0.0339840920642018	0.0795070426538587
9517	47.585	-0.0365634360350668	0.0795070426538587
9518	47.59	-0.0314047480933368	0.0795070426538587
9519	47.595	-0.0352737640496343	0.0795070426538587
9520	47.6	-0.0301150761079043	0.0795070426538587
9521	47.605	-0.0288254041224718	0.0795070426538587
9522	47.61	-0.0339840920642018	0.0782173706684262
9523	47.615	-0.0288254041224718	0.0795070426538587
9524	47.62	-0.0352737640496343	0.0782173706684262
9525	47.625	-0.0223770441953093	0.0782173706684262
9526	47.63	-0.0301150761079043	0.0782173706684262
9527	47.635	-0.0223770441953093	0.0782173706684262
9528	47.64	-0.0262460601516068	0.0782173706684262
9529	47.645	-0.0197977002244443	0.0782173706684262
9530	47.65	-0.0288254041224718	0.0782173706684262
9531	47.655	-0.0262460601516068	0.0782173706684262
9532	47.66	-0.0275357321370393	0.0782173706684262
9533	47.665	-0.0236667161807418	0.0769276986829937
9534	47.67	-0.0197977002244443	0.0769276986829937
9535	47.675	-0.0185080282390118	0.0769276986829937
9536	47.68	-0.0249563881661743	0.0769276986829937
9537	47.685	-0.0275357321370393	0.0769276986829937
9538	47.69	-0.0249563881661743	0.0769276986829937
9539	47.695	-0.0210873722098768	0.0769276986829937
9540	47.7	-0.0185080282390118	0.0769276986829937
9541	47.705	-0.0133493402972817	0.0756380266975611
9542	47.71	-0.0133493402972817	0.0756380266975611
9543	47.715	-0.0159286842681468	0.0756380266975611
9544	47.72	-0.0172183562535793	0.0769276986829937
9545	47.725	-0.0107699963264167	0.0756380266975611
9546	47.73	-0.0120596683118492	0.0756380266975611
9547	47.735	-0.0159286842681468	0.0756380266975611
9548	47.74	-0.0146390122827142	0.0756380266975611
9549	47.745	-0.0146390122827142	0.0756380266975611
9550	47.75	-0.00819065235555172	0.0743483547121286
9551	47.755	-0.0120596683118492	0.0743483547121286
9552	47.76	-0.00819065235555172	0.0756380266975611
9553	47.765	-0.0120596683118492	0.0743483547121286
9554	47.77	-0.00948032434098423	0.0743483547121286
9555	47.775	-0.00819065235555172	0.0743483547121286
9556	47.78	-0.00948032434098423	0.0743483547121286
9557	47.785	-0.00948032434098423	0.0730586827266961
9558	47.79	-0.00690098037011921	0.0743483547121286
9559	47.795	-0.00948032434098423	0.0730586827266961
9560	47.8	-0.00819065235555172	0.0730586827266961
9561	47.805	-0.00690098037011921	0.0730586827266961
9562	47.81	-0.00819065235555172	0.0730586827266961
9563	47.815	-0.0043216363992542	0.0730586827266961
9564	47.82	-0.00690098037011921	0.0730586827266961
9565	47.825	-0.00819065235555172	0.0730586827266961
9566	47.83	-0.00690098037011921	0.0730586827266961
9567	47.835	-0.00561130838468671	0.0730586827266961
9568	47.84	-0.00561130838468671	0.0717690107412636
9569	47.845	-0.00561130838468671	0.0717690107412636
9570	47.85	-0.0043216363992542	0.0717690107412636
9571	47.855	-0.0043216363992542	0.0717690107412636
9572	47.86	-0.00561130838468671	0.0717690107412636
9573	47.865	-0.0043216363992542	0.0717690107412636
9574	47.87	-0.00561130838468671	0.0717690107412636
9575	47.875	-0.00561130838468671	0.0717690107412636
9576	47.88	-0.0043216363992542	0.0717690107412636
9577	47.885	-0.00561130838468671	0.0704793387558311
9578	47.89	-0.00690098037011921	0.0704793387558311
9579	47.895	-0.00561130838468671	0.0704793387558311
9580	47.9	-0.00561130838468671	0.0704793387558311
9581	47.905	-0.0043216363992542	0.0704793387558311
9582	47.91	-0.00561130838468671	0.0691896667703986
9583	47.915	-0.00561130838468671	0.0691896667703986
9584	47.92	-0.00561130838468671	0.0691896667703986
9585	47.925	-0.00561130838468671	0.0691896667703986
9586	47.93	-0.00561130838468671	0.0691896667703986
9587	47.935	-0.0043216363992542	0.0691896667703986
9588	47.94	-0.00561130838468671	0.0691896667703986
9589	47.945	-0.0043216363992542	0.0691896667703986
9590	47.95	-0.0043216363992542	0.0691896667703986
9591	47.955	-0.00561130838468671	0.0678999947849661
9592	47.96	-0.00561130838468671	0.0678999947849661
9593	47.965	-0.00561130838468671	0.0691896667703986
9594	47.97	-0.00561130838468671	0.0678999947849661
9595	47.975	-0.00561130838468671	0.0678999947849661
9596	47.98	-0.00561130838468671	0.0678999947849661
9597	47.985	-0.00561130838468671	0.0678999947849661
9598	47.99	-0.00561130838468671	0.0678999947849661
9599	47.995	-0.00561130838468671	0.0678999947849661
9600	48	-0.00561130838468671	0.0678999947849661
9601	48.005	-0.00561130838468671	0.0678999947849661
9602	48.01	-0.00690098037011921	0.0666103227995336
9603	48.015	-0.00690098037011921	0.0666103227995336
9604	48.02	-0.00561130838468671	0.0666103227995336
9605	48.025	-0.00690098037011921	0.0666103227995336
9606	48.03	-0.00690098037011921	0.0666103227995336
9607	48.035	-0.00561130838468671	0.0666103227995336
9608	48.04	-0.00690098037011921	0.0666103227995336
9609	48.045	-0.00561130838468671	0.0666103227995336
9610	48.05	-0.00561130838468671	0.0666103227995336
9611	48.055	-0.00690098037011921	0.0666103227995336
9612	48.06	-0.00690098037011921	0.0653206508141011
9613	48.065	-0.00690098037011921	0.0653206508141011
9614	48.07	-0.00690098037011921	0.0653206508141011
9615	48.075	-0.00690098037011921	0.0653206508141011
9616	48.08	-0.00690098037011921	0.0653206508141011
9617	48.085	-0.00690098037011921	0.0640309788286686
9618	48.09	-0.00561130838468671	0.0640309788286686
9619	48.095	-0.00690098037011921	0.0640309788286686
9620	48.1	-0.00690098037011921	0.0640309788286686
9621	48.105	-0.00690098037011921	0.0640309788286686
9622	48.11	-0.00690098037011921	0.0640309788286686
9623	48.115	-0.00561130838468671	0.0640309788286686
9624	48.12	-0.00690098037011921	0.0640309788286686
9625	48.125	-0.00690098037011921	0.0627413068432361
9626	48.13	-0.00690098037011921	0.0627413068432361
9627	48.135	-0.00690098037011921	0.0627413068432361
9628	48.14	-0.00561130838468671	0.0627413068432361
9629	48.145	-0.00690098037011921	0.0640309788286686
9630	48.15	-0.00690098037011921	0.0627413068432361
9631	48.155	-0.00690098037011921	0.0627413068432361
9632	48.16	-0.00690098037011921	0.0627413068432361
9633	48.165	-0.00690098037011921	0.0627413068432361
9634	48.17	-0.00561130838468671	0.0627413068432361
9635	48.175	-0.00690098037011921	0.0627413068432361
9636	48.18	-0.00690098037011921	0.0614516348578036
9637	48.185	-0.00690098037011921	0.0614516348578036
9638	48.19	-0.00690098037011921	0.0614516348578036
9639	48.195	-0.00561130838468671	0.0614516348578036
9640	48.2	-0.00561130838468671	0.0614516348578036
9641	48.205	-0.00690098037011921	0.0601619628723711
9642	48.21	-0.00561130838468671	0.0614516348578036
9643	48.215	-0.00561130838468671	0.0601619628723711
9644	48.22	-0.00690098037011921	0.0614516348578036
9645	48.225	-0.00561130838468671	0.0601619628723711
9646	48.23	-0.00561130838468671	0.0601619628723711
9647	48.235	-0.00561130838468671	0.0601619628723711
9648	48.24	-0.00561130838468671	0.0601619628723711
9649	48.245	-0.00690098037011921	0.0601619628723711
9650	48.25	-0.00561130838468671	0.0601619628723711
9651	48.255	-0.00561130838468671	0.0601619628723711
9652	48.26	-0.00561130838468671	0.0601619628723711
9653	48.265	-0.00561130838468671	0.0601619628723711
9654	48.27	-0.00561130838468671	0.0588722908869386
9655	48.275	-0.00561130838468671	0.0601619628723711
9656	48.28	-0.0043216363992542	0.0588722908869386
9657	48.285	-0.00561130838468671	0.0588722908869386
9658	48.29	-0.00561130838468671	0.0588722908869386
9659	48.295	-0.00690098037011921	0.0588722908869386
9660	48.3	-0.00690098037011921	0.0575826189015061
9661	48.305	-0.00690098037011921	0.0575826189015061
9662	48.31	-0.00561130838468671	0.0588722908869386
9663	48.315	-0.00561130838468671	0.0588722908869386
9664	48.32	-0.00561130838468671	0.0575826189015061
9665	48.325	-0.00690098037011921	0.0575826189015061
9666	48.33	-0.00561130838468671	0.0575826189015061
9667	48.335	-0.00561130838468671	0.0575826189015061
9668	48.34	-0.00690098037011921	0.0575826189015061
9669	48.345	-0.00690098037011921	0.0575826189015061
9670	48.35	-0.00690098037011921	0.0562929469160736
9671	48.355	-0.00690098037011921	0.0575826189015061
9672	48.36	-0.00690098037011921	0.0575826189015061
9673	48.365	-0.00690098037011921	0.0562929469160736
9674	48.37	-0.00690098037011921	0.0562929469160736
9675	48.375	-0.00690098037011921	0.0562929469160736
9676	48.38	-0.00561130838468671	0.0562929469160736
9677	48.385	-0.00819065235555172	0.0562929469160736
9678	48.39	-0.00690098037011921	0.0562929469160736
9679	48.395	-0.00819065235555172	0.0562929469160736
9680	48.4	-0.00690098037011921	0.0562929469160736
9681	48.405	-0.00819065235555172	0.0562929469160736
9682	48.41	-0.00690098037011921	0.0562929469160736
9683	48.415	-0.00819065235555172	0.0550032749306411
9684	48.42	-0.00561130838468671	0.0562929469160736
9685	48.425	-0.00690098037011921	0.0550032749306411
9686	48.43	-0.00561130838468671	0.0550032749306411
9687	48.435	-0.00690098037011921	0.0550032749306411
9688	48.44	-0.00819065235555172	0.0550032749306411
9689	48.445	-0.00690098037011921	0.0550032749306411
9690	48.45	-0.00819065235555172	0.0550032749306411
9691	48.455	-0.00690098037011921	0.0537136029452085
9692	48.46	-0.00690098037011921	0.0550032749306411
9693	48.465	-0.00690098037011921	0.0550032749306411
9694	48.47	-0.00690098037011921	0.0537136029452085
9695	48.475	-0.00690098037011921	0.0537136029452085
9696	48.48	-0.00690098037011921	0.0537136029452085
9697	48.485	-0.00690098037011921	0.0537136029452085
9698	48.49	-0.00948032434098423	0.0537136029452085
9699	48.495	-0.00819065235555172	0.052423930959776
9700	48.5	-0.00690098037011921	0.0537136029452085
9701	48.505	-0.00819065235555172	0.052423930959776
9702	48.51	-0.00948032434098423	0.052423930959776
9703	48.515	-0.00819065235555172	0.052423930959776
9704	48.52	-0.00948032434098423	0.052423930959776
9705	48.525	-0.00819065235555172	0.052423930959776
9706	48.53	-0.00819065235555172	0.052423930959776
9707	48.535	-0.00948032434098423	0.052423930959776
9708	48.54	-0.00819065235555172	0.052423930959776
9709	48.545	-0.00819065235555172	0.052423930959776
9710	48.55	-0.0107699963264167	0.0511342589743435
9711	48.555	-0.00819065235555172	0.052423930959776
9712	48.56	-0.00948032434098423	0.0511342589743435
9713	48.565	-0.00819065235555172	0.0511342589743435
9714	48.57	-0.00819065235555172	0.0511342589743435
9715	48.575	-0.00819065235555172	0.0511342589743435
9716	48.58	-0.0107699963264167	0.0511342589743435
9717	48.585	-0.00819065235555172	0.0511342589743435
9718	48.59	-0.0107699963264167	0.0511342589743435
9719	48.595	-0.00948032434098423	0.0511342589743435
9720	48.6	-0.00948032434098423	0.049844586988911
9721	48.605	-0.00948032434098423	0.0511342589743435
9722	48.61	-0.00948032434098423	0.0511342589743435
9723	48.615	-0.00819065235555172	0.049844586988911
9724	48.62	-0.00819065235555172	0.049844586988911
9725	48.625	-0.0107699963264167	0.049844586988911
9726	48.63	-0.00948032434098423	0.049844586988911
9727	48.635	-0.00948032434098423	0.049844586988911
9728	48.64	-0.0107699963264167	0.0485549150034785
9729	48.645	-0.00948032434098423	0.049844586988911
9730	48.65	-0.00948032434098423	0.049844586988911
9731	48.655	-0.00948032434098423	0.049844586988911
9732	48.66	-0.0107699963264167	0.0485549150034785
9733	48.665	-0.00948032434098423	0.0485549150034785
9734	48.67	-0.00819065235555172	0.0485549150034785
9735	48.675	-0.00819065235555172	0.0485549150034785
9736	48.68	-0.00948032434098423	0.0485549150034785
9737	48.685	-0.0107699963264167	0.0485549150034785
9738	48.69	-0.0107699963264167	0.0485549150034785
9739	48.695	-0.0107699963264167	0.0485549150034785
9740	48.7	-0.00948032434098423	0.0485549150034785
9741	48.705	-0.00948032434098423	0.0485549150034785
9742	48.71	-0.00948032434098423	0.0485549150034785
9743	48.715	-0.00948032434098423	0.047265243018046
9744	48.72	-0.00819065235555172	0.0485549150034785
9745	48.725	-0.00819065235555172	0.0485549150034785
9746	48.73	-0.0107699963264167	0.0485549150034785
9747	48.735	-0.00948032434098423	0.047265243018046
9748	48.74	-0.00948032434098423	0.047265243018046
9749	48.745	-0.00948032434098423	0.047265243018046
9750	48.75	-0.0107699963264167	0.047265243018046
9751	48.755	-0.0107699963264167	0.047265243018046
9752	48.76	-0.00948032434098423	0.047265243018046
9753	48.765	-0.0107699963264167	0.047265243018046
9754	48.77	-0.0107699963264167	0.047265243018046
9755	48.775	-0.00819065235555172	0.047265243018046
9756	48.78	-0.00819065235555172	0.047265243018046
9757	48.785	-0.0107699963264167	0.047265243018046
9758	48.79	-0.00948032434098423	0.0459755710326135
9759	48.795	-0.0107699963264167	0.0459755710326135
9760	48.8	-0.0107699963264167	0.0459755710326135
9761	48.805	-0.00819065235555172	0.047265243018046
9762	48.81	-0.00948032434098423	0.0459755710326135
9763	48.815	-0.0107699963264167	0.0459755710326135
9764	48.82	-0.00948032434098423	0.0459755710326135
9765	48.825	-0.0107699963264167	0.0459755710326135
9766	48.83	-0.00948032434098423	0.0459755710326135
9767	48.835	-0.00819065235555172	0.0459755710326135
9768	48.84	-0.0107699963264167	0.0459755710326135
9769	48.845	-0.00948032434098423	0.0459755710326135
9770	48.85	-0.0107699963264167	0.0459755710326135
9771	48.855	-0.00948032434098423	0.0459755710326135
9772	48.86	-0.00948032434098423	0.044685899047181
9773	48.865	-0.00948032434098423	0.0459755710326135
9774	48.87	-0.00948032434098423	0.0459755710326135
9775	48.875	-0.0107699963264167	0.044685899047181
9776	48.88	-0.00948032434098423	0.044685899047181
9777	48.885	-0.0107699963264167	0.044685899047181
9778	48.89	-0.0107699963264167	0.044685899047181
9779	48.895	-0.0107699963264167	0.044685899047181
9780	48.9	-0.0107699963264167	0.044685899047181
9781	48.905	-0.00948032434098423	0.044685899047181
9782	48.91	-0.0107699963264167	0.044685899047181
9783	48.915	-0.0107699963264167	0.044685899047181
9784	48.92	-0.0107699963264167	0.0433962270617485
9785	48.925	-0.0107699963264167	0.0433962270617485
9786	48.93	-0.00948032434098423	0.0433962270617485
9787	48.935	-0.0107699963264167	0.0433962270617485
9788	48.94	-0.0120596683118492	0.0433962270617485
9789	48.945	-0.0107699963264167	0.0433962270617485
9790	48.95	-0.0107699963264167	0.0433962270617485
9791	48.955	-0.0107699963264167	0.0433962270617485
9792	48.96	-0.0120596683118492	0.0433962270617485
9793	48.965	-0.0120596683118492	0.0433962270617485
9794	48.97	-0.0120596683118492	0.0433962270617485
9795	48.975	-0.00948032434098423	0.042106555076316
9796	48.98	-0.0107699963264167	0.0433962270617485
9797	48.985	-0.0120596683118492	0.0433962270617485
9798	48.99	-0.0107699963264167	0.0433962270617485
9799	48.995	-0.0120596683118492	0.042106555076316
9800	49	-0.0120596683118492	0.0433962270617485
9801	49.005	-0.0120596683118492	0.042106555076316
9802	49.01	-0.0120596683118492	0.042106555076316
9803	49.015	-0.0120596683118492	0.042106555076316
9804	49.02	-0.0120596683118492	0.042106555076316
9805	49.025	-0.0133493402972817	0.042106555076316
9806	49.03	-0.0146390122827142	0.042106555076316
9807	49.035	-0.0120596683118492	0.042106555076316
9808	49.04	-0.0133493402972817	0.042106555076316
9809	49.045	-0.0133493402972817	0.042106555076316
9810	49.05	-0.0120596683118492	0.042106555076316
9811	49.055	-0.0120596683118492	0.042106555076316
9812	49.06	-0.0133493402972817	0.042106555076316
9813	49.065	-0.0120596683118492	0.0408168830908835
9814	49.07	-0.0146390122827142	0.0408168830908835
9815	49.075	-0.0133493402972817	0.042106555076316
9816	49.08	-0.0146390122827142	0.0408168830908835
9817	49.085	-0.0133493402972817	0.0408168830908835
9818	49.09	-0.0159286842681468	0.0408168830908835
9819	49.095	-0.0146390122827142	0.0408168830908835
9820	49.1	-0.0120596683118492	0.0408168830908835
9821	49.105	-0.0159286842681468	0.0408168830908835
9822	49.11	-0.0133493402972817	0.0408168830908835
9823	49.115	-0.0133493402972817	0.0408168830908835
9824	49.12	-0.0146390122827142	0.0408168830908835
9825	49.125	-0.0185080282390118	0.0408168830908835
9826	49.13	-0.0159286842681468	0.0408168830908835
9827	49.135	-0.0172183562535793	0.0408168830908835
9828	49.14	-0.0185080282390118	0.039527211105451
9829	49.145	-0.0146390122827142	0.0408168830908835
9830	49.15	-0.0159286842681468	0.039527211105451
9831	49.155	-0.0197977002244443	0.0408168830908835
9832	49.16	-0.0185080282390118	0.039527211105451
9833	49.165	-0.0172183562535793	0.039527211105451
9834	49.17	-0.0210873722098768	0.039527211105451
9835	49.175	-0.0197977002244443	0.039527211105451
9836	49.18	-0.0159286842681468	0.039527211105451
9837	49.185	-0.0159286842681468	0.039527211105451
9838	49.19	-0.0172183562535793	0.039527211105451
9839	49.195	-0.0159286842681468	0.039527211105451
9840	49.2	-0.0159286842681468	0.039527211105451
9841	49.205	-0.0197977002244443	0.039527211105451
9842	49.21	-0.0223770441953093	0.0382375391200185
9843	49.215	-0.0159286842681468	0.039527211105451
9844	49.22	-0.0185080282390118	0.039527211105451
9845	49.225	-0.0172183562535793	0.039527211105451
9846	49.23	-0.0236667161807418	0.0382375391200185
9847	49.235	-0.0197977002244443	0.039527211105451
9848	49.24	-0.0172183562535793	0.0382375391200185
9849	49.245	-0.0197977002244443	0.039527211105451
9850	49.25	-0.0262460601516068	0.0382375391200185
9851	49.255	-0.0262460601516068	0.0382375391200185
9852	49.26	-0.0249563881661743	0.0382375391200185
9853	49.265	-0.0197977002244443	0.0382375391200185
9854	49.27	-0.0249563881661743	0.036947867134586
9855	49.275	-0.0275357321370393	0.0382375391200185
9856	49.28	-0.0223770441953093	0.0382375391200185
9857	49.285	-0.0301150761079043	0.0382375391200185
9858	49.29	-0.0223770441953093	0.0382375391200185
9859	49.295	-0.0223770441953093	0.0382375391200185
9860	49.3	-0.0275357321370393	0.036947867134586
9861	49.305	-0.0314047480933368	0.036947867134586
9862	49.31	-0.0249563881661743	0.036947867134586
9863	49.315	-0.0236667161807418	0.036947867134586
9864	49.32	-0.0314047480933368	0.036947867134586
9865	49.325	-0.0326944200787693	0.0382375391200185
9866	49.33	-0.0326944200787693	0.036947867134586
9867	49.335	-0.0262460601516068	0.036947867134586
9868	49.34	-0.0314047480933368	0.036947867134586
9869	49.345	-0.0275357321370393	0.036947867134586
9870	49.35	-0.0339840920642018	0.036947867134586
9871	49.355	-0.0249563881661743	0.036947867134586
9872	49.36	-0.0326944200787693	0.0356581951491535
9873	49.365	-0.0326944200787693	0.0356581951491535
9874	49.37	-0.0262460601516068	0.036947867134586
9875	49.375	-0.0352737640496343	0.036947867134586
9876	49.38	-0.0339840920642018	0.0356581951491535
9877	49.385	-0.0339840920642018	0.0356581951491535
9878	49.39	-0.0314047480933368	0.036947867134586
9879	49.395	-0.0352737640496343	0.0356581951491535
9880	49.4	-0.0378531080204993	0.0356581951491535
9881	49.405	-0.0326944200787693	0.0356581951491535
9882	49.41	-0.0301150761079043	0.0356581951491535
9883	49.415	-0.0352737640496343	0.0356581951491535
9884	49.42	-0.0301150761079043	0.0356581951491535
9885	49.425	-0.0391427800059319	0.0356581951491535
9886	49.43	-0.0391427800059319	0.034368523163721
9887	49.435	-0.0430117959622294	0.0356581951491535
9888	49.44	-0.0378531080204993	0.0356581951491535
9889	49.445	-0.0378531080204993	0.034368523163721
9890	49.45	-0.0430117959622294	0.034368523163721
9891	49.455	-0.0430117959622294	0.034368523163721
9892	49.46	-0.0378531080204993	0.034368523163721
9893	49.465	-0.0391427800059319	0.034368523163721
9894	49.47	-0.0391427800059319	0.034368523163721
9895	49.475	-0.0352737640496343	0.034368523163721
9896	49.48	-0.0430117959622294	0.034368523163721
9897	49.485	-0.0404324519913644	0.034368523163721
9898	49.49	-0.0404324519913644	0.034368523163721
9899	49.495	-0.0443014679476619	0.034368523163721
9900	49.5	-0.0417221239767969	0.034368523163721
9901	49.505	-0.0391427800059319	0.0330788511782885
9902	49.51	-0.0417221239767969	0.034368523163721
9903	49.515	-0.0481704839039594	0.0330788511782885
9904	49.52	-0.0430117959622294	0.0330788511782885
9905	49.525	-0.0455911399330944	0.0330788511782885
9906	49.53	-0.0404324519913644	0.0330788511782885
9907	49.535	-0.0417221239767969	0.034368523163721
9908	49.54	-0.0430117959622294	0.0330788511782885
9909	49.545	-0.0443014679476619	0.0330788511782885
9910	49.55	-0.0430117959622294	0.0330788511782885
9911	49.555	-0.0494601558893919	0.0330788511782885
9912	49.56	-0.0443014679476619	0.0330788511782885
9913	49.565	-0.0430117959622294	0.0330788511782885
9914	49.57	-0.0494601558893919	0.0330788511782885
9915	49.575	-0.0455911399330944	0.031789179192856
9916	49.58	-0.0443014679476619	0.0330788511782885
9917	49.585	-0.0455911399330944	0.031789179192856
9918	49.59	-0.0507498278748244	0.0330788511782885
9919	49.595	-0.0533291718456894	0.031789179192856
9920	49.6	-0.0481704839039594	0.031789179192856
9921	49.605	-0.0507498278748244	0.0330788511782885
9922	49.61	-0.0494601558893919	0.031789179192856
9923	49.615	-0.0546188438311219	0.031789179192856
9924	49.62	-0.0507498278748244	0.031789179192856
9925	49.625	-0.0546188438311219	0.031789179192856
9926	49.63	-0.0520394998602569	0.0304995072074234
9927	49.635	-0.0507498278748244	0.031789179192856
9928	49.64	-0.0520394998602569	0.0304995072074234
9929	49.645	-0.0546188438311219	0.031789179192856
9930	49.65	-0.0546188438311219	0.0304995072074234
9931	49.655	-0.0559085158165544	0.0304995072074234
9932	49.66	-0.0597775317728519	0.0304995072074234
9933	49.665	-0.0571981878019869	0.0304995072074234
9934	49.67	-0.0636465477291495	0.0304995072074234
9935	49.675	-0.0559085158165544	0.0304995072074234
9936	49.68	-0.062356875743717	0.031789179192856
9937	49.685	-0.0636465477291495	0.0304995072074234
9938	49.69	-0.0571981878019869	0.0304995072074234
9939	49.695	-0.0610672037582844	0.0304995072074234
9940	49.7	-0.0584878597874194	0.0304995072074234
9941	49.705	-0.0662258917000145	0.0304995072074234
9942	49.71	-0.0662258917000145	0.0304995072074234
9943	49.715	-0.0636465477291495	0.0292098352219909
9944	49.72	-0.0636465477291495	0.0292098352219909
9945	49.725	-0.062356875743717	0.0304995072074234
9946	49.73	-0.072674251627177	0.0304995072074234
9947	49.735	-0.070094907656312	0.0292098352219909
9948	49.74	-0.080412283539772	0.0304995072074234
9949	49.745	-0.0713845796417445	0.0292098352219909
9950	49.75	-0.0688052356708795	0.0292098352219909
9951	49.755	-0.072674251627177	0.0292098352219909
9952	49.76	-0.075253595598042	0.0292098352219909
9953	49.765	-0.0881503154523671	0.0292098352219909
9954	49.77	-0.072674251627177	0.0279201632365584
9955	49.775	-0.080412283539772	0.0279201632365584
9956	49.78	-0.0713845796417445	0.0292098352219909
9957	49.785	-0.0765432675834745	0.0292098352219909
9958	49.79	-0.0739639236126095	0.0292098352219909
9959	49.795	-0.0984676913358271	0.0279201632365584
9960	49.8	-0.0765432675834745	0.0279201632365584
9961	49.805	-0.0765432675834745	0.0279201632365584
9962	49.81	-0.0765432675834745	0.0279201632365584
9963	49.815	-0.0855709714815021	0.0279201632365584
9964	49.82	-0.10491605126299	0.0292098352219909
9965	49.825	-0.10491605126299	0.0279201632365584
9966	49.83	-0.0971780193503946	0.0279201632365584
9967	49.835	-0.082991627510637	0.0279201632365584
9968	49.84	-0.0958883473649621	0.0279201632365584
9969	49.845	-0.0920193314086646	0.0279201632365584
9970	49.85	-0.082991627510637	0.0279201632365584
9971	49.855	-0.0881503154523671	0.0266304912511259
9972	49.86	-0.102336707292125	0.0266304912511259
9973	49.865	-0.0907296594232321	0.0279201632365584
9974	49.87	-0.11523342714645	0.0279201632365584
9975	49.875	-0.12039211508818	0.0266304912511259
9976	49.88	-0.0868606434669346	0.0266304912511259
9977	49.885	-0.0933090033940971	0.0279201632365584
9978	49.89	-0.103626379277557	0.0266304912511259
9979	49.895	-0.12555080302991	0.0266304912511259
9980	49.9	-0.0933090033940971	0.0266304912511259
9981	49.905	-0.0907296594232321	0.0266304912511259
9982	49.91	-0.106205723248422	0.0266304912511259
9983	49.915	-0.117812771117315	0.0266304912511259
9984	49.92	-0.126840475015342	0.0266304912511259
9985	49.925	-0.111364411190152	0.0253408192656934
9986	49.93	-0.116523099131882	0.0266304912511259
9987	49.935	-0.0907296594232321	0.0253408192656934
9988	49.94	-0.128130147000775	0.0266304912511259
9989	49.945	-0.11007473920472	0.0266304912511259
9990	49.95	-0.106205723248422	0.0253408192656934
9991	49.955	-0.0971780193503946	0.0253408192656934
9992	49.96	-0.133288834942505	0.0253408192656934
9993	49.965	-0.103626379277557	0.0253408192656934
9994	49.97	-0.134578506927937	0.0253408192656934
9995	49.975	-0.0920193314086646	0.0253408192656934
9996	49.98	-0.0894399874377996	0.0253408192656934
9997	49.985	-0.13070949097164	0.0253408192656934
9998	49.99	-0.0907296594232321	0.0253408192656934
9999	49.995	-0.0881503154523671	0.0240511472802609
10000	50	-0.106205723248422	0.0253408192656934
10001	50.005	-0.13586817891337	0.0240511472802609
10002	50.01	-0.11007473920472	0.0240511472802609
10003	50.015	-0.0868606434669346	0.0253408192656934
10004	50.02	-0.11007473920472	0.0240511472802609
10005	50.025	-0.103626379277557	0.0240511472802609
10006	50.03	-0.082991627510637	0.0240511472802609
10007	50.035	-0.111364411190152	0.0240511472802609
10008	50.04	-0.0842812994960696	0.0240511472802609
10009	50.045	-0.0842812994960696	0.0240511472802609
10010	50.05	-0.129419818986207	0.0240511472802609
10011	50.055	-0.128130147000775	0.0227614752948284
10012	50.06	-0.0958883473649621	0.0227614752948284
10013	50.065	-0.112654083175585	0.0240511472802609
10014	50.07	-0.101047035306692	0.0227614752948284
10015	50.075	-0.0842812994960696	0.0227614752948284
10016	50.08	-0.0920193314086646	0.0227614752948284
10017	50.085	-0.0739639236126095	0.0227614752948284
10018	50.09	-0.0868606434669346	0.0227614752948284
10019	50.095	-0.11523342714645	0.0227614752948284
10020	50.1	-0.072674251627177	0.0214718033093959
10021	50.105	-0.0713845796417445	0.0227614752948284
10022	50.11	-0.101047035306692	0.0227614752948284
10023	50.115	-0.0997573633212596	0.0227614752948284
10024	50.12	-0.111364411190152	0.0227614752948284
10025	50.125	-0.0855709714815021	0.0227614752948284
10026	50.13	-0.082991627510637	0.0214718033093959
10027	50.135	-0.0636465477291495	0.0214718033093959
10028	50.14	-0.0610672037582844	0.0214718033093959
10029	50.145	-0.0662258917000145	0.0227614752948284
10030	50.15	-0.101047035306692	0.0227614752948284
10031	50.155	-0.0933090033940971	0.0214718033093959
10032	50.16	-0.0571981878019869	0.0214718033093959
10033	50.165	-0.0597775317728519	0.0214718033093959
10034	50.17	-0.072674251627177	0.0214718033093959
10035	50.175	-0.075253595598042	0.0214718033093959
10036	50.18	-0.0881503154523671	0.0214718033093959
10037	50.185	-0.0881503154523671	0.0201821313239634
10038	50.19	-0.072674251627177	0.0214718033093959
10039	50.195	-0.0791226115543395	0.0201821313239634
10040	50.2	-0.062356875743717	0.0214718033093959
10041	50.205	-0.0455911399330944	0.0214718033093959
10042	50.21	-0.0520394998602569	0.0201821313239634
10043	50.215	-0.0507498278748244	0.0188924593385309
10044	50.22	-0.0417221239767969	0.0201821313239634
10045	50.225	-0.0636465477291495	0.0201821313239634
10046	50.23	-0.0494601558893919	0.0201821313239634
10047	50.235	-0.0365634360350668	0.0201821313239634
10048	50.24	-0.062356875743717	0.0201821313239634
10049	50.245	-0.0404324519913644	0.0201821313239634
10050	50.25	-0.0314047480933368	0.0188924593385309
10051	50.255	-0.0326944200787693	0.0201821313239634
10052	50.26	-0.0507498278748244	0.0188924593385309
10053	50.265	-0.0430117959622294	0.0188924593385309
10054	50.27	-0.0262460601516068	0.0188924593385309
10055	50.275	-0.0481704839039594	0.0188924593385309
10056	50.28	-0.0404324519913644	0.0188924593385309
10057	50.285	-0.0417221239767969	0.0188924593385309
10058	50.29	-0.0365634360350668	0.0188924593385309
10059	50.295	-0.0275357321370393	0.0188924593385309
10060	50.3	-0.0326944200787693	0.0188924593385309
10061	50.305	-0.0378531080204993	0.0176027873530984
10062	50.31	-0.0249563881661743	0.0188924593385309
10063	50.315	-0.0197977002244443	0.0176027873530984
10064	50.32	-0.0326944200787693	0.0176027873530984
10065	50.325	-0.0301150761079043	0.0176027873530984
10066	50.33	-0.0185080282390118	0.0176027873530984
10067	50.335	-0.0262460601516068	0.0176027873530984
10068	50.34	-0.0275357321370393	0.0176027873530984
10069	50.345	-0.0172183562535793	0.0176027873530984
10070	50.35	-0.0314047480933368	0.0176027873530984
10071	50.355	-0.0159286842681468	0.0176027873530984
10072	50.36	-0.0185080282390118	0.0176027873530984
10073	50.365	-0.0288254041224718	0.0176027873530984
10074	50.37	-0.0133493402972817	0.0176027873530984
10075	50.375	-0.0236667161807418	0.0176027873530984
10076	50.38	-0.0236667161807418	0.0176027873530984
10077	50.385	-0.0185080282390118	0.0163131153676659
10078	50.39	-0.0223770441953093	0.0163131153676659
10079	50.395	-0.0210873722098768	0.0163131153676659
10080	50.4	-0.0133493402972817	0.0176027873530984
10081	50.405	-0.0185080282390118	0.0176027873530984
10082	50.41	-0.0120596683118492	0.0163131153676659
10083	50.415	-0.0185080282390118	0.0163131153676659
10084	50.42	-0.00948032434098423	0.0150234433822334
10085	50.425	-0.0185080282390118	0.0163131153676659
10086	50.43	-0.0185080282390118	0.0150234433822334
10087	50.435	-0.0133493402972817	0.0150234433822334
10088	50.44	-0.0146390122827142	0.0163131153676659
10089	50.445	-0.0107699963264167	0.0150234433822334
10090	50.45	-0.00819065235555172	0.0163131153676659
10091	50.455	-0.00819065235555172	0.0150234433822334
10092	50.46	-0.0146390122827142	0.0150234433822334
10093	50.465	-0.0146390122827142	0.0150234433822334
10094	50.47	-0.0146390122827142	0.0150234433822334
10095	50.475	-0.0133493402972817	0.0150234433822334
10096	50.48	-0.0120596683118492	0.0150234433822334
10097	50.485	-0.0133493402972817	0.0150234433822334
10098	50.49	-0.0107699963264167	0.0150234433822334
10099	50.495	-0.0120596683118492	0.0137337713968009
10100	50.5	-0.00690098037011921	0.0150234433822334
10101	50.505	-0.00948032434098423	0.0150234433822334
10102	50.51	-0.0107699963264167	0.0137337713968009
10103	50.515	-0.00948032434098423	0.0150234433822334
10104	50.52	-0.00819065235555172	0.0150234433822334
10105	50.525	-0.00819065235555172	0.0150234433822334
10106	50.53	-0.00561130838468671	0.0137337713968009
10107	50.535	-0.00819065235555172	0.0137337713968009
10108	50.54	-0.00948032434098423	0.0137337713968009
10109	50.545	-0.00690098037011921	0.0137337713968009
10110	50.55	-0.00690098037011921	0.0137337713968009
10111	50.555	-0.00948032434098423	0.0137337713968009
10112	50.56	-0.00819065235555172	0.0137337713968009
10113	50.565	-0.00819065235555172	0.0137337713968009
10114	50.57	-0.00948032434098423	0.0137337713968009
10115	50.575	-0.00819065235555172	0.0124440994113684
10116	50.58	-0.00819065235555172	0.0124440994113684
10117	50.585	-0.00948032434098423	0.0137337713968009
10118	50.59	-0.00690098037011921	0.0124440994113684
10119	50.595	-0.00690098037011921	0.0137337713968009
10120	50.6	-0.00690098037011921	0.0124440994113684
10121	50.605	-0.00948032434098423	0.0124440994113684
10122	50.61	-0.00819065235555172	0.0124440994113684
10123	50.615	-0.00948032434098423	0.0124440994113684
10124	50.62	-0.00819065235555172	0.0124440994113684
10125	50.625	-0.0107699963264167	0.0124440994113684
10126	50.63	-0.00948032434098423	0.0124440994113684
10127	50.635	-0.00819065235555172	0.0124440994113684
10128	50.64	-0.00819065235555172	0.0124440994113684
10129	50.645	-0.00819065235555172	0.0124440994113684
10130	50.65	-0.00948032434098423	0.0124440994113684
10131	50.655	-0.00819065235555172	0.0111544274259359
10132	50.66	-0.00948032434098423	0.0111544274259359
10133	50.665	-0.0107699963264167	0.0111544274259359
10134	50.67	-0.00948032434098423	0.0111544274259359
10135	50.675	-0.00948032434098423	0.00986475544050336
10136	50.68	-0.00819065235555172	0.0111544274259359
10137	50.685	-0.0120596683118492	0.0111544274259359
10138	50.69	-0.0107699963264167	0.0111544274259359
10139	50.695	-0.0120596683118492	0.0111544274259359
10140	50.7	-0.0120596683118492	0.0111544274259359
10141	50.705	-0.0120596683118492	0.0111544274259359
10142	50.71	-0.0120596683118492	0.00986475544050336
10143	50.715	-0.0107699963264167	0.0111544274259359
10144	50.72	-0.0107699963264167	0.00986475544050336
10145	50.725	-0.0120596683118492	0.00986475544050336
10146	50.73	-0.0120596683118492	0.00986475544050336
10147	50.735	-0.00948032434098423	0.00986475544050336
10148	50.74	-0.00948032434098423	0.00986475544050336
10149	50.745	-0.00948032434098423	0.00986475544050336
10150	50.75	-0.0107699963264167	0.0111544274259359
10151	50.755	-0.0120596683118492	0.00986475544050336
10152	50.76	-0.0107699963264167	0.00986475544050336
10153	50.765	-0.0107699963264167	0.00986475544050336
10154	50.77	-0.0107699963264167	0.00986475544050336
10155	50.775	-0.0107699963264167	0.00986475544050336
10156	50.78	-0.0107699963264167	0.00986475544050336
10157	50.785	-0.0133493402972817	0.00857508345507085
10158	50.79	-0.0120596683118492	0.00857508345507085
10159	50.795	-0.0120596683118492	0.00857508345507085
10160	50.8	-0.0107699963264167	0.00857508345507085
10161	50.805	-0.0107699963264167	0.00857508345507085
10162	50.81	-0.0107699963264167	0.00986475544050336
10163	50.815	-0.0120596683118492	0.00857508345507085
10164	50.82	-0.0107699963264167	0.00857508345507085
10165	50.825	-0.0120596683118492	0.00857508345507085
10166	50.83	-0.0120596683118492	0.00857508345507085
10167	50.835	-0.0107699963264167	0.00857508345507085
10168	50.84	-0.0107699963264167	0.00857508345507085
10169	50.845	-0.0133493402972817	0.00857508345507085
10170	50.85	-0.0120596683118492	0.00728541146963835
10171	50.855	-0.00948032434098423	0.00728541146963835
10172	50.86	-0.0120596683118492	0.00728541146963835
10173	50.865	-0.0107699963264167	0.00728541146963835
10174	50.87	-0.0107699963264167	0.00857508345507085
10175	50.875	-0.0107699963264167	0.00728541146963835
10176	50.88	-0.0107699963264167	0.00728541146963835
10177	50.885	-0.0120596683118492	0.00728541146963835
10178	50.89	-0.0107699963264167	0.00728541146963835
10179	50.895	-0.0120596683118492	0.00728541146963835
10180	50.9	-0.00948032434098423	0.00728541146963835
10181	50.905	-0.0120596683118492	0.00599573948420584
10182	50.91	-0.00948032434098423	0.00728541146963835
10183	50.915	-0.00948032434098423	0.00728541146963835
10184	50.92	-0.0120596683118492	0.00728541146963835
10185	50.925	-0.00948032434098423	0.00728541146963835
10186	50.93	-0.00948032434098423	0.00599573948420584
10187	50.935	-0.0107699963264167	0.00599573948420584
10188	50.94	-0.00948032434098423	0.00599573948420584
10189	50.945	-0.00948032434098423	0.00728541146963835
10190	50.95	-0.00819065235555172	0.00599573948420584
10191	50.955	-0.00948032434098423	0.00728541146963835
10192	50.96	-0.00948032434098423	0.00599573948420584
10193	50.965	-0.0107699963264167	0.00599573948420584
10194	50.97	-0.00819065235555172	0.00599573948420584
10195	50.975	-0.00819065235555172	0.00599573948420584
10196	50.98	-0.0120596683118492	0.00728541146963835
10197	50.985	-0.0107699963264167	0.00599573948420584
10198	50.99	-0.00948032434098423	0.00599573948420584
10199	50.995	-0.0107699963264167	0.00599573948420584
10200	51	-0.00819065235555172	0.00599573948420584
10201	51.005	-0.00819065235555172	0.00599573948420584
10202	51.01	-0.00690098037011921	0.00599573948420584
10203	51.015	-0.0107699963264167	0.00470606749877334
10204	51.02	-0.00948032434098423	0.00470606749877334
10205	51.025	-0.0107699963264167	0.00470606749877334
10206	51.03	-0.0107699963264167	0.00470606749877334
10207	51.035	-0.0107699963264167	0.00470606749877334
10208	51.04	-0.00819065235555172	0.00470606749877334
10209	51.045	-0.0107699963264167	0.00470606749877334
10210	51.05	-0.00690098037011921	0.00470606749877334
10211	51.055	-0.00819065235555172	0.00470606749877334
10212	51.06	-0.00948032434098423	0.00470606749877334
10213	51.065	-0.00948032434098423	0.00470606749877334
10214	51.07	-0.00948032434098423	0.00470606749877334
10215	51.075	-0.00948032434098423	0.00470606749877334
10216	51.08	-0.00690098037011921	0.00470606749877334
10217	51.085	-0.00819065235555172	0.00470606749877334
10218	51.09	-0.00948032434098423	0.00341639551334083
10219	51.095	-0.00819065235555172	0.00470606749877334
10220	51.1	-0.0107699963264167	0.00470606749877334
10221	51.105	-0.00819065235555172	0.00341639551334083
10222	51.11	-0.00819065235555172	0.00470606749877334
10223	51.115	-0.0107699963264167	0.00470606749877334
10224	51.12	-0.0107699963264167	0.00341639551334083
10225	51.125	-0.00948032434098423	0.00341639551334083
10226	51.13	-0.00948032434098423	0.00341639551334083
10227	51.135	-0.0107699963264167	0.00341639551334083
10228	51.14	-0.00948032434098423	0.00341639551334083
10229	51.145	-0.0107699963264167	0.00341639551334083
10230	51.15	-0.00819065235555172	0.00341639551334083
10231	51.155	-0.0107699963264167	0.00341639551334083
10232	51.16	-0.00819065235555172	0.00341639551334083
10233	51.165	-0.00948032434098423	0.00212672352790833
10234	51.17	-0.0107699963264167	0.00341639551334083
10235	51.175	-0.00690098037011921	0.00341639551334083
10236	51.18	-0.00948032434098423	0.00341639551334083
10237	51.185	-0.0120596683118492	0.00212672352790833
10238	51.19	-0.00948032434098423	0.00212672352790833
10239	51.195	-0.00819065235555172	0.00341639551334083
10240	51.2	-0.00948032434098423	0.00212672352790833
10241	51.205	-0.0107699963264167	0.00212672352790833
10242	51.21	-0.00819065235555172	0.00212672352790833
10243	51.215	-0.00948032434098423	0.00212672352790833
10244	51.22	-0.00819065235555172	0.00212672352790833
10245	51.225	-0.0133493402972817	0.00212672352790833
10246	51.23	-0.00819065235555172	0.00212672352790833
10247	51.235	-0.00948032434098423	0.00212672352790833
10248	51.24	-0.00819065235555172	0.00212672352790833
10249	51.245	-0.0107699963264167	0.00083705154247582
10250	51.25	-0.00948032434098423	0.00083705154247582
10251	51.255	-0.00948032434098423	0.00083705154247582
10252	51.26	-0.00948032434098423	0.00083705154247582
10253	51.265	-0.0107699963264167	0.00212672352790833
10254	51.27	-0.00819065235555172	0.00083705154247582
10255	51.275	-0.0120596683118492	0.00083705154247582
10256	51.28	-0.00948032434098423	0.00083705154247582
10257	51.285	-0.0120596683118492	0.00083705154247582
10258	51.29	-0.0133493402972817	0.00083705154247582
10259	51.295	-0.0120596683118492	0.00083705154247582
10260	51.3	-0.0120596683118492	0.00083705154247582
10261	51.305	-0.0133493402972817	0.00083705154247582
10262	51.31	-0.0146390122827142	0.00083705154247582
10263	51.315	-0.0107699963264167	0.00083705154247582
10264	51.32	-0.00948032434098423	0.00083705154247582
10265	51.325	-0.0133493402972817	0.00083705154247582
10266	51.33	-0.0133493402972817	0.00083705154247582
10267	51.335	-0.0107699963264167	0.00083705154247582
10268	51.34	-0.0159286842681468	0.00083705154247582
10269	51.345	-0.00948032434098423	-0.000452620442956686
10270	51.35	-0.0120596683118492	-0.000452620442956686
10271	51.355	-0.00948032434098423	-0.000452620442956686
10272	51.36	-0.0107699963264167	-0.000452620442956686
10273	51.365	-0.0120596683118492	-0.000452620442956686
10274	51.37	-0.0146390122827142	-0.000452620442956686
10275	51.375	-0.0107699963264167	-0.000452620442956686
10276	51.38	-0.0159286842681468	-0.000452620442956686
10277	51.385	-0.0146390122827142	-0.000452620442956686
10278	51.39	-0.0107699963264167	-0.000452620442956686
10279	51.395	-0.0159286842681468	-0.000452620442956686
10280	51.4	-0.0146390122827142	-0.000452620442956686
10281	51.405	-0.0146390122827142	-0.000452620442956686
10282	51.41	-0.0107699963264167	-0.000452620442956686
10283	51.415	-0.0146390122827142	-0.00174229242838919
10284	51.42	-0.0146390122827142	-0.000452620442956686
10285	51.425	-0.0146390122827142	-0.000452620442956686
10286	51.43	-0.0133493402972817	-0.000452620442956686
10287	51.435	-0.0146390122827142	-0.00174229242838919
10288	51.44	-0.0107699963264167	-0.000452620442956686
10289	51.445	-0.0133493402972817	-0.00174229242838919
10290	51.45	-0.0120596683118492	-0.00174229242838919
10291	51.455	-0.0146390122827142	-0.00174229242838919
10292	51.46	-0.0107699963264167	-0.00174229242838919
10293	51.465	-0.0159286842681468	-0.00174229242838919
10294	51.47	-0.0146390122827142	-0.00174229242838919
10295	51.475	-0.0133493402972817	-0.00174229242838919
10296	51.48	-0.0133493402972817	-0.00174229242838919
10297	51.485	-0.0146390122827142	-0.00174229242838919
10298	51.49	-0.0146390122827142	-0.00174229242838919
10299	51.495	-0.0133493402972817	-0.0030319644138217
10300	51.5	-0.0133493402972817	-0.00174229242838919
10301	51.505	-0.0107699963264167	-0.00174229242838919
10302	51.51	-0.0133493402972817	-0.0030319644138217
10303	51.515	-0.0146390122827142	-0.00174229242838919
10304	51.52	-0.0146390122827142	-0.0030319644138217
10305	51.525	-0.0146390122827142	-0.0030319644138217
10306	51.53	-0.0159286842681468	-0.00174229242838919
10307	51.535	-0.0133493402972817	-0.0030319644138217
10308	51.54	-0.0146390122827142	-0.0030319644138217
10309	51.545	-0.0133493402972817	-0.0030319644138217
10310	51.55	-0.0133493402972817	-0.0030319644138217
10311	51.555	-0.0146390122827142	-0.0030319644138217
10312	51.56	-0.0133493402972817	-0.0030319644138217
10313	51.565	-0.0133493402972817	-0.0030319644138217
10314	51.57	-0.0133493402972817	-0.0043216363992542
10315	51.575	-0.0120596683118492	-0.0030319644138217
10316	51.58	-0.0146390122827142	-0.0043216363992542
10317	51.585	-0.0133493402972817	-0.0030319644138217
10318	51.59	-0.0146390122827142	-0.0043216363992542
10319	51.595	-0.0146390122827142	-0.0043216363992542
10320	51.6	-0.0133493402972817	-0.0043216363992542
10321	51.605	-0.0133493402972817	-0.0043216363992542
10322	51.61	-0.0146390122827142	-0.0043216363992542
10323	51.615	-0.0133493402972817	-0.0043216363992542
10324	51.62	-0.0133493402972817	-0.0043216363992542
10325	51.625	-0.0133493402972817	-0.0043216363992542
10326	51.63	-0.0146390122827142	-0.0043216363992542
10327	51.635	-0.0146390122827142	-0.0043216363992542
10328	51.64	-0.0146390122827142	-0.0043216363992542
10329	51.645	-0.0133493402972817	-0.0043216363992542
10330	51.65	-0.0146390122827142	-0.0043216363992542
10331	51.655	-0.0146390122827142	-0.0043216363992542
10332	51.66	-0.0146390122827142	-0.0043216363992542
10333	51.665	-0.0146390122827142	-0.0043216363992542
10334	51.67	-0.0159286842681468	-0.00561130838468671
10335	51.675	-0.0146390122827142	-0.0043216363992542
10336	51.68	-0.0146390122827142	-0.00561130838468671
10337	51.685	-0.0146390122827142	-0.00561130838468671
10338	51.69	-0.0146390122827142	-0.00561130838468671
10339	51.695	-0.0133493402972817	-0.00561130838468671
10340	51.7	-0.0159286842681468	-0.00561130838468671
10341	51.705	-0.0159286842681468	-0.00561130838468671
10342	51.71	-0.0172183562535793	-0.00561130838468671
10343	51.715	-0.0159286842681468	-0.00561130838468671
10344	51.72	-0.0146390122827142	-0.00561130838468671
10345	51.725	-0.0172183562535793	-0.00561130838468671
10346	51.73	-0.0172183562535793	-0.00561130838468671
10347	51.735	-0.0159286842681468	-0.00561130838468671
10348	51.74	-0.0159286842681468	-0.00690098037011921
10349	51.745	-0.0185080282390118	-0.00690098037011921
10350	51.75	-0.0172183562535793	-0.00561130838468671
10351	51.755	-0.0159286842681468	-0.00690098037011921
10352	51.76	-0.0185080282390118	-0.00561130838468671
10353	51.765	-0.0210873722098768	-0.00690098037011921
10354	51.77	-0.0172183562535793	-0.00690098037011921
10355	51.775	-0.0210873722098768	-0.00690098037011921
10356	51.78	-0.0172183562535793	-0.00690098037011921
10357	51.785	-0.0236667161807418	-0.00690098037011921
10358	51.79	-0.0197977002244443	-0.00690098037011921
10359	51.795	-0.0172183562535793	-0.00690098037011921
10360	51.8	-0.0223770441953093	-0.00690098037011921
10361	51.805	-0.0236667161807418	-0.00690098037011921
10362	51.81	-0.0223770441953093	-0.00690098037011921
10363	51.815	-0.0210873722098768	-0.00690098037011921
10364	51.82	-0.0185080282390118	-0.00690098037011921
10365	51.825	-0.0223770441953093	-0.00819065235555172
10366	51.83	-0.0249563881661743	-0.00819065235555172
10367	51.835	-0.0275357321370393	-0.00819065235555172
10368	51.84	-0.0262460601516068	-0.00819065235555172
10369	51.845	-0.0314047480933368	-0.00819065235555172
10370	51.85	-0.0288254041224718	-0.00819065235555172
10371	51.855	-0.0301150761079043	-0.00819065235555172
10372	51.86	-0.0301150761079043	-0.00819065235555172
10373	51.865	-0.0275357321370393	-0.00819065235555172
10374	51.87	-0.0236667161807418	-0.00819065235555172
10375	51.875	-0.0339840920642018	-0.00948032434098423
10376	51.88	-0.0249563881661743	-0.00819065235555172
10377	51.885	-0.0262460601516068	-0.00948032434098423
10378	51.89	-0.0365634360350668	-0.00819065235555172
10379	51.895	-0.0275357321370393	-0.00819065235555172
10380	51.9	-0.0275357321370393	-0.00819065235555172
10381	51.905	-0.0417221239767969	-0.00819065235555172
10382	51.91	-0.0288254041224718	-0.00948032434098423
10383	51.915	-0.0417221239767969	-0.00948032434098423
10384	51.92	-0.0352737640496343	-0.00948032434098423
10385	51.925	-0.0301150761079043	-0.00948032434098423
10386	51.93	-0.0443014679476619	-0.00948032434098423
10387	51.935	-0.0430117959622294	-0.00948032434098423
10388	51.94	-0.0455911399330944	-0.00948032434098423
10389	51.945	-0.0468808119185269	-0.00948032434098423
10390	51.95	-0.0365634360350668	-0.00948032434098423
10391	51.955	-0.0455911399330944	-0.00948032434098423
10392	51.96	-0.0507498278748244	-0.00948032434098423
10393	51.965	-0.0365634360350668	-0.0107699963264167
10394	51.97	-0.0494601558893919	-0.00948032434098423
10395	51.975	-0.0481704839039594	-0.0107699963264167
10396	51.98	-0.0494601558893919	-0.0107699963264167
10397	51.985	-0.0404324519913644	-0.0107699963264167
10398	51.99	-0.0481704839039594	-0.0107699963264167
10399	51.995	-0.0481704839039594	-0.0107699963264167
10400	52	-0.0339840920642018	-0.0107699963264167
10401	52.005	-0.0339840920642018	-0.0107699963264167
10402	52.01	-0.0430117959622294	-0.0107699963264167
10403	52.015	-0.0481704839039594	-0.0107699963264167
10404	52.02	-0.0468808119185269	-0.0107699963264167
10405	52.025	-0.0533291718456894	-0.0120596683118492
10406	52.03	-0.0365634360350668	-0.0107699963264167
10407	52.035	-0.0507498278748244	-0.0107699963264167
10408	52.04	-0.0533291718456894	-0.0120596683118492
10409	52.045	-0.0417221239767969	-0.0107699963264167
10410	52.05	-0.0520394998602569	-0.0120596683118492
10411	52.055	-0.0481704839039594	-0.0120596683118492
10412	52.06	-0.0494601558893919	-0.0120596683118492
10413	52.065	-0.0378531080204993	-0.0120596683118492
10414	52.07	-0.0404324519913644	-0.0120596683118492
10415	52.075	-0.0443014679476619	-0.0120596683118492
10416	52.08	-0.0468808119185269	-0.0120596683118492
10417	52.085	-0.0533291718456894	-0.0120596683118492
10418	52.09	-0.0455911399330944	-0.0120596683118492
10419	52.095	-0.0571981878019869	-0.0120596683118492
10420	52.1	-0.0417221239767969	-0.0120596683118492
10421	52.105	-0.0391427800059319	-0.0133493402972817
10422	52.11	-0.0455911399330944	-0.0120596683118492
10423	52.115	-0.0571981878019869	-0.0120596683118492
10424	52.12	-0.0571981878019869	-0.0120596683118492
10425	52.125	-0.0468808119185269	-0.0120596683118492
10426	52.13	-0.0507498278748244	-0.0133493402972817
10427	52.135	-0.0559085158165544	-0.0133493402972817
10428	52.14	-0.0494601558893919	-0.0133493402972817
10429	52.145	-0.0430117959622294	-0.0133493402972817
10430	52.15	-0.0507498278748244	-0.0133493402972817
10431	52.155	-0.0597775317728519	-0.0133493402972817
10432	52.16	-0.0494601558893919	-0.0133493402972817
10433	52.165	-0.0546188438311219	-0.0133493402972817
10434	52.17	-0.062356875743717	-0.0133493402972817
10435	52.175	-0.0559085158165544	-0.0133493402972817
10436	52.18	-0.0546188438311219	-0.0133493402972817
10437	52.185	-0.0494601558893919	-0.0133493402972817
10438	52.19	-0.0494601558893919	-0.0133493402972817
10439	52.195	-0.062356875743717	-0.0146390122827142
10440	52.2	-0.0546188438311219	-0.0146390122827142
10441	52.205	-0.0662258917000145	-0.0146390122827142
10442	52.21	-0.0584878597874194	-0.0133493402972817
10443	52.215	-0.0597775317728519	-0.0146390122827142
10444	52.22	-0.0559085158165544	-0.0133493402972817
10445	52.225	-0.0610672037582844	-0.0146390122827142
10446	52.23	-0.0559085158165544	-0.0146390122827142
10447	52.235	-0.0571981878019869	-0.0146390122827142
10448	52.24	-0.0533291718456894	-0.0146390122827142
10449	52.245	-0.0546188438311219	-0.0146390122827142
10450	52.25	-0.062356875743717	-0.0146390122827142
10451	52.255	-0.0571981878019869	-0.0146390122827142
10452	52.26	-0.0571981878019869	-0.0146390122827142
10453	52.265	-0.0571981878019869	-0.0146390122827142
10454	52.27	-0.0662258917000145	-0.0146390122827142
10455	52.275	-0.0636465477291495	-0.0159286842681468
10456	52.28	-0.064936219714582	-0.0146390122827142
10457	52.285	-0.0636465477291495	-0.0146390122827142
10458	52.29	-0.072674251627177	-0.0159286842681468
10459	52.295	-0.072674251627177	-0.0159286842681468
10460	52.3	-0.070094907656312	-0.0159286842681468
10461	52.305	-0.070094907656312	-0.0159286842681468
10462	52.31	-0.072674251627177	-0.0159286842681468
10463	52.315	-0.075253595598042	-0.0159286842681468
10464	52.32	-0.075253595598042	-0.0159286842681468
10465	52.325	-0.0791226115543395	-0.0159286842681468
10466	52.33	-0.0791226115543395	-0.0159286842681468
10467	52.335	-0.0842812994960696	-0.0159286842681468
10468	52.34	-0.0765432675834745	-0.0159286842681468
10469	52.345	-0.0894399874377996	-0.0159286842681468
10470	52.35	-0.0817019555252045	-0.0159286842681468
10471	52.355	-0.0881503154523671	-0.0159286842681468
10472	52.36	-0.082991627510637	-0.0172183562535793
10473	52.365	-0.0855709714815021	-0.0159286842681468
10474	52.37	-0.080412283539772	-0.0159286842681468
10475	52.375	-0.0842812994960696	-0.0172183562535793
10476	52.38	-0.0958883473649621	-0.0172183562535793
10477	52.385	-0.0868606434669346	-0.0172183562535793
10478	52.39	-0.0945986753795296	-0.0172183562535793
10479	52.395	-0.0997573633212596	-0.0172183562535793
10480	52.4	-0.0984676913358271	-0.0172183562535793
10481	52.405	-0.10491605126299	-0.0172183562535793
10482	52.41	-0.0933090033940971	-0.0172183562535793
10483	52.415	-0.0971780193503946	-0.0172183562535793
10484	52.42	-0.0984676913358271	-0.0172183562535793
10485	52.425	-0.119102443102747	-0.0172183562535793
10486	52.43	-0.0971780193503946	-0.0172183562535793
10487	52.435	-0.106205723248422	-0.0172183562535793
10488	52.44	-0.0997573633212596	-0.0185080282390118
10489	52.445	-0.121681787073612	-0.0185080282390118
10490	52.45	-0.124261131044477	-0.0172183562535793
10491	52.455	-0.113943755161017	-0.0185080282390118
10492	52.46	-0.129419818986207	-0.0185080282390118
10493	52.465	-0.112654083175585	-0.0185080282390118
10494	52.47	-0.124261131044477	-0.0185080282390118
10495	52.475	-0.137157850898802	-0.0185080282390118
10496	52.48	-0.124261131044477	-0.0172183562535793
10497	52.485	-0.111364411190152	-0.0185080282390118
10498	52.49	-0.142316538840532	-0.0185080282390118
10499	52.495	-0.144895882811397	-0.0185080282390118
10500	52.5	-0.13070949097164	-0.0185080282390118
10501	52.505	-0.11523342714645	-0.0185080282390118
10502	52.51	-0.108785067219287	-0.0185080282390118
10503	52.515	-0.137157850898802	-0.0185080282390118
10504	52.52	-0.15134424273856	-0.0197977002244443
10505	52.525	-0.153923586709425	-0.0185080282390118
10506	52.53	-0.11523342714645	-0.0185080282390118
10507	52.535	-0.1410268668551	-0.0185080282390118
10508	52.54	-0.14618555479683	-0.0185080282390118
10509	52.545	-0.119102443102747	-0.0185080282390118
10510	52.55	-0.121681787073612	-0.0197977002244443
10511	52.555	-0.13070949097164	-0.0197977002244443
10512	52.56	-0.162951290607452	-0.0197977002244443
10513	52.565	-0.12555080302991	-0.0197977002244443
10514	52.57	-0.169399650534615	-0.0197977002244443
10515	52.575	-0.122971459059045	-0.0197977002244443
10516	52.58	-0.152633914723992	-0.0197977002244443
10517	52.585	-0.168109978549182	-0.0197977002244443
10518	52.59	-0.15650293068029	-0.0197977002244443
10519	52.595	-0.174558338476345	-0.0197977002244443
10520	52.6	-0.153923586709425	-0.0197977002244443
10521	52.605	-0.147475226782262	-0.0197977002244443
10522	52.61	-0.126840475015342	-0.0210873722098768
10523	52.615	-0.13070949097164	-0.0197977002244443
10524	52.62	-0.17197899450548	-0.0197977002244443
10525	52.625	-0.191324074286968	-0.0210873722098768
10526	52.63	-0.144895882811397	-0.0210873722098768
10527	52.635	-0.1926137462724	-0.0197977002244443
10528	52.64	-0.137157850898802	-0.0210873722098768
10529	52.645	-0.195193090243265	-0.0210873722098768
10530	52.65	-0.1926137462724	-0.0210873722098768
10531	52.655	-0.193903418257833	-0.0210873722098768
10532	52.66	-0.13586817891337	-0.0210873722098768
10533	52.665	-0.169399650534615	-0.0210873722098768
10534	52.67	-0.133288834942505	-0.0210873722098768
10535	52.675	-0.159082274651155	-0.0210873722098768
10536	52.68	-0.195193090243265	-0.0210873722098768
10537	52.685	-0.1926137462724	-0.0210873722098768
10538	52.69	-0.133288834942505	-0.0210873722098768
10539	52.695	-0.13070949097164	-0.0223770441953093
10540	52.7	-0.159082274651155	-0.0210873722098768
10541	52.705	-0.131999162957072	-0.0223770441953093
10542	52.71	-0.157792602665722	-0.0223770441953093
10543	52.715	-0.191324074286968	-0.0210873722098768
10544	52.72	-0.14618555479683	-0.0223770441953093
10545	52.725	-0.169399650534615	-0.0223770441953093
10546	52.73	-0.191324074286968	-0.0223770441953093
10547	52.735	-0.122971459059045	-0.0223770441953093
10548	52.74	-0.124261131044477	-0.0223770441953093
10549	52.745	-0.126840475015342	-0.0223770441953093
10550	52.75	-0.116523099131882	-0.0223770441953093
10551	52.755	-0.119102443102747	-0.0223770441953093
10552	52.76	-0.137157850898802	-0.0223770441953093
10553	52.765	-0.186165386345237	-0.0236667161807418
10554	52.77	-0.184875714359805	-0.0236667161807418
10555	52.775	-0.15134424273856	-0.0236667161807418
10556	52.78	-0.153923586709425	-0.0236667161807418
10557	52.785	-0.11523342714645	-0.0236667161807418
10558	52.79	-0.10491605126299	-0.0236667161807418
10559	52.795	-0.152633914723992	-0.0236667161807418
10560	52.8	-0.112654083175585	-0.0236667161807418
10561	52.805	-0.11007473920472	-0.0236667161807418
10562	52.81	-0.159082274651155	-0.0236667161807418
10563	52.815	-0.103626379277557	-0.0236667161807418
10564	52.82	-0.148764898767695	-0.0236667161807418
10565	52.825	-0.144895882811397	-0.0236667161807418
10566	52.83	-0.0997573633212596	-0.0236667161807418
10567	52.835	-0.108785067219287	-0.0249563881661743
10568	52.84	-0.113943755161017	-0.0249563881661743
10569	52.845	-0.111364411190152	-0.0249563881661743
10570	52.85	-0.137157850898802	-0.0249563881661743
10571	52.855	-0.12555080302991	-0.0249563881661743
10572	52.86	-0.128130147000775	-0.0249563881661743
10573	52.865	-0.126840475015342	-0.0249563881661743
10574	52.87	-0.116523099131882	-0.0249563881661743
10575	52.875	-0.0933090033940971	-0.0249563881661743
10576	52.88	-0.0739639236126095	-0.0249563881661743
10577	52.885	-0.0855709714815021	-0.0262460601516068
10578	52.89	-0.11007473920472	-0.0249563881661743
10579	52.895	-0.0739639236126095	-0.0262460601516068
10580	52.9	-0.0933090033940971	-0.0249563881661743
10581	52.905	-0.0855709714815021	-0.0262460601516068
10582	52.91	-0.101047035306692	-0.0249563881661743
10583	52.915	-0.102336707292125	-0.0262460601516068
10584	52.92	-0.080412283539772	-0.0262460601516068
10585	52.925	-0.0868606434669346	-0.0262460601516068
10586	52.93	-0.0842812994960696	-0.0262460601516068
10587	52.935	-0.0481704839039594	-0.0262460601516068
10588	52.94	-0.0468808119185269	-0.0262460601516068
10589	52.945	-0.0842812994960696	-0.0275357321370393
10590	52.95	-0.0443014679476619	-0.0275357321370393
10591	52.955	-0.0636465477291495	-0.0275357321370393
10592	52.96	-0.0520394998602569	-0.0275357321370393
10593	52.965	-0.070094907656312	-0.0275357321370393
10594	52.97	-0.0494601558893919	-0.0275357321370393
10595	52.975	-0.0468808119185269	-0.0275357321370393
10596	52.98	-0.0326944200787693	-0.0275357321370393
10597	52.985	-0.0314047480933368	-0.0275357321370393
10598	52.99	-0.0352737640496343	-0.0275357321370393
10599	52.995	-0.0455911399330944	-0.0275357321370393
10600	53	-0.0533291718456894	-0.0275357321370393
10601	53.005	-0.0339840920642018	-0.0275357321370393
10602	53.01	-0.0275357321370393	-0.0288254041224718
10603	53.015	-0.0365634360350668	-0.0275357321370393
10604	53.02	-0.0520394998602569	-0.0288254041224718
10605	53.025	-0.0326944200787693	-0.0288254041224718
10606	53.03	-0.0249563881661743	-0.0288254041224718
10607	53.035	-0.0301150761079043	-0.0288254041224718
10608	53.04	-0.0314047480933368	-0.0288254041224718
10609	53.045	-0.0455911399330944	-0.0288254041224718
10610	53.05	-0.0275357321370393	-0.0288254041224718
10611	53.055	-0.0288254041224718	-0.0288254041224718
10612	53.06	-0.0404324519913644	-0.0288254041224718
10613	53.065	-0.0197977002244443	-0.0288254041224718
10614	53.07	-0.0262460601516068	-0.0288254041224718
10615	53.075	-0.0365634360350668	-0.0288254041224718
10616	53.08	-0.0249563881661743	-0.0288254041224718
10617	53.085	-0.0223770441953093	-0.0288254041224718
10618	53.09	-0.0197977002244443	-0.0301150761079043
10619	53.095	-0.0223770441953093	-0.0301150761079043
10620	53.1	-0.0172183562535793	-0.0301150761079043
10621	53.105	-0.0172183562535793	-0.0301150761079043
10622	53.11	-0.0133493402972817	-0.0301150761079043
10623	53.115	-0.0133493402972817	-0.0314047480933368
10624	53.12	-0.0107699963264167	-0.0314047480933368
10625	53.125	-0.0185080282390118	-0.0314047480933368
10626	53.13	-0.0107699963264167	-0.0314047480933368
10627	53.135	-0.0197977002244443	-0.0314047480933368
10628	53.14	-0.0159286842681468	-0.0314047480933368
10629	53.145	-0.00948032434098423	-0.0314047480933368
10630	53.15	-0.0146390122827142	-0.0314047480933368
10631	53.155	-0.0133493402972817	-0.0314047480933368
10632	53.16	-0.0159286842681468	-0.0326944200787693
10633	53.165	-0.0133493402972817	-0.0326944200787693
10634	53.17	-0.0107699963264167	-0.0326944200787693
10635	53.175	-0.0107699963264167	-0.0326944200787693
10636	53.18	-0.00948032434098423	-0.0326944200787693
10637	53.185	-0.0120596683118492	-0.0326944200787693
10638	53.19	-0.0120596683118492	-0.0326944200787693
10639	53.195	-0.0120596683118492	-0.0339840920642018
10640	53.2	-0.00690098037011921	-0.0326944200787693
10641	53.205	-0.00690098037011921	-0.0339840920642018
10642	53.21	-0.00690098037011921	-0.0326944200787693
10643	53.215	-0.0107699963264167	-0.0339840920642018
10644	53.22	-0.00690098037011921	-0.0326944200787693
10645	53.225	-0.0120596683118492	-0.0339840920642018
10646	53.23	-0.0107699963264167	-0.0339840920642018
10647	53.235	-0.00690098037011921	-0.0339840920642018
10648	53.24	-0.00819065235555172	-0.0339840920642018
10649	53.245	-0.00819065235555172	-0.0339840920642018
10650	53.25	-0.00948032434098423	-0.0339840920642018
10651	53.255	-0.0120596683118492	-0.0352737640496343
10652	53.26	-0.00819065235555172	-0.0352737640496343
10653	53.265	-0.00819065235555172	-0.0352737640496343
10654	53.27	-0.00948032434098423	-0.0352737640496343
10655	53.275	-0.0120596683118492	-0.0352737640496343
10656	53.28	-0.00948032434098423	-0.0352737640496343
10657	53.285	-0.00948032434098423	-0.0352737640496343
10658	53.29	-0.0107699963264167	-0.0352737640496343
10659	53.295	-0.00948032434098423	-0.0365634360350668
10660	53.3	-0.0120596683118492	-0.0352737640496343
10661	53.305	-0.0107699963264167	-0.0352737640496343
10662	53.31	-0.0120596683118492	-0.0352737640496343
10663	53.315	-0.0120596683118492	-0.0365634360350668
10664	53.32	-0.0120596683118492	-0.0352737640496343
10665	53.325	-0.0107699963264167	-0.0365634360350668
10666	53.33	-0.00948032434098423	-0.0365634360350668
10667	53.335	-0.0120596683118492	-0.0365634360350668
10668	53.34	-0.0120596683118492	-0.0365634360350668
10669	53.345	-0.0133493402972817	-0.0365634360350668
10670	53.35	-0.0107699963264167	-0.0378531080204993
10671	53.355	-0.0133493402972817	-0.0378531080204993
10672	53.36	-0.0133493402972817	-0.0378531080204993
10673	53.365	-0.0120596683118492	-0.0365634360350668
10674	53.37	-0.0120596683118492	-0.0378531080204993
10675	53.375	-0.0133493402972817	-0.0378531080204993
10676	53.38	-0.0146390122827142	-0.0378531080204993
10677	53.385	-0.0120596683118492	-0.0378531080204993
10678	53.39	-0.0133493402972817	-0.0378531080204993
10679	53.395	-0.0133493402972817	-0.0391427800059319
10680	53.4	-0.0120596683118492	-0.0391427800059319
10681	53.405	-0.0133493402972817	-0.0391427800059319
10682	53.41	-0.0120596683118492	-0.0391427800059319
10683	53.415	-0.0146390122827142	-0.0391427800059319
10684	53.42	-0.0133493402972817	-0.0391427800059319
10685	53.425	-0.0146390122827142	-0.0391427800059319
10686	53.43	-0.0133493402972817	-0.0391427800059319
10687	53.435	-0.0120596683118492	-0.0391427800059319
10688	53.44	-0.0146390122827142	-0.0391427800059319
10689	53.445	-0.0120596683118492	-0.0391427800059319
10690	53.45	-0.0107699963264167	-0.0391427800059319
10691	53.455	-0.0120596683118492	-0.0391427800059319
10692	53.46	-0.0107699963264167	-0.0404324519913644
10693	53.465	-0.0107699963264167	-0.0404324519913644
10694	53.47	-0.0133493402972817	-0.0404324519913644
10695	53.475	-0.0107699963264167	-0.0404324519913644
10696	53.48	-0.0133493402972817	-0.0404324519913644
10697	53.485	-0.0107699963264167	-0.0404324519913644
10698	53.49	-0.0120596683118492	-0.0404324519913644
10699	53.495	-0.0120596683118492	-0.0417221239767969
10700	53.5	-0.0133493402972817	-0.0417221239767969
10701	53.505	-0.0107699963264167	-0.0417221239767969
10702	53.51	-0.00948032434098423	-0.0404324519913644
10703	53.515	-0.0107699963264167	-0.0417221239767969
10704	53.52	-0.0120596683118492	-0.0417221239767969
10705	53.525	-0.00948032434098423	-0.0417221239767969
10706	53.53	-0.0107699963264167	-0.0430117959622294
10707	53.535	-0.00819065235555172	-0.0417221239767969
10708	53.54	-0.0107699963264167	-0.0417221239767969
10709	53.545	-0.0120596683118492	-0.0417221239767969
10710	53.55	-0.00948032434098423	-0.0430117959622294
10711	53.555	-0.00948032434098423	-0.0430117959622294
10712	53.56	-0.0120596683118492	-0.0430117959622294
10713	53.565	-0.00819065235555172	-0.0430117959622294
10714	53.57	-0.00819065235555172	-0.0430117959622294
10715	53.575	-0.0120596683118492	-0.0430117959622294
10716	53.58	-0.0120596683118492	-0.0430117959622294
10717	53.585	-0.0107699963264167	-0.0430117959622294
10718	53.59	-0.0120596683118492	-0.0443014679476619
10719	53.595	-0.00819065235555172	-0.0430117959622294
10720	53.6	-0.0107699963264167	-0.0430117959622294
10721	53.605	-0.00948032434098423	-0.0443014679476619
10722	53.61	-0.00948032434098423	-0.0443014679476619
10723	53.615	-0.0107699963264167	-0.0443014679476619
10724	53.62	-0.00819065235555172	-0.0443014679476619
10725	53.625	-0.0107699963264167	-0.0443014679476619
10726	53.63	-0.0107699963264167	-0.0455911399330944
10727	53.635	-0.00819065235555172	-0.0443014679476619
10728	53.64	-0.0107699963264167	-0.0443014679476619
10729	53.645	-0.0107699963264167	-0.0443014679476619
10730	53.65	-0.00948032434098423	-0.0455911399330944
10731	53.655	-0.0107699963264167	-0.0455911399330944
10732	53.66	-0.00819065235555172	-0.0455911399330944
10733	53.665	-0.00819065235555172	-0.0455911399330944
10734	53.67	-0.00948032434098423	-0.0455911399330944
10735	53.675	-0.0107699963264167	-0.0455911399330944
10736	53.68	-0.00819065235555172	-0.0455911399330944
10737	53.685	-0.00690098037011921	-0.0455911399330944
10738	53.69	-0.0120596683118492	-0.0455911399330944
10739	53.695	-0.00948032434098423	-0.0455911399330944
10740	53.7	-0.00948032434098423	-0.0455911399330944
10741	53.705	-0.0107699963264167	-0.0468808119185269
10742	53.71	-0.0107699963264167	-0.0468808119185269
10743	53.715	-0.0107699963264167	-0.0468808119185269
10744	53.72	-0.0107699963264167	-0.0468808119185269
10745	53.725	-0.0120596683118492	-0.0468808119185269
10746	53.73	-0.0120596683118492	-0.0468808119185269
10747	53.735	-0.0120596683118492	-0.0481704839039594
10748	53.74	-0.0120596683118492	-0.0468808119185269
10749	53.745	-0.00819065235555172	-0.0468808119185269
10750	53.75	-0.0120596683118492	-0.0468808119185269
10751	53.755	-0.00690098037011921	-0.0481704839039594
10752	53.76	-0.00819065235555172	-0.0468808119185269
10753	53.765	-0.0120596683118492	-0.0481704839039594
10754	53.77	-0.00948032434098423	-0.0481704839039594
10755	53.775	-0.00819065235555172	-0.0481704839039594
10756	53.78	-0.0107699963264167	-0.0481704839039594
10757	53.785	-0.0133493402972817	-0.0481704839039594
10758	53.79	-0.00948032434098423	-0.0481704839039594
10759	53.795	-0.0107699963264167	-0.0494601558893919
10760	53.8	-0.0133493402972817	-0.0481704839039594
10761	53.805	-0.0120596683118492	-0.0494601558893919
10762	53.81	-0.0107699963264167	-0.0494601558893919
10763	53.815	-0.00948032434098423	-0.0481704839039594
10764	53.82	-0.00819065235555172	-0.0494601558893919
10765	53.825	-0.0107699963264167	-0.0494601558893919
10766	53.83	-0.0120596683118492	-0.0494601558893919
10767	53.835	-0.0133493402972817	-0.0481704839039594
10768	53.84	-0.0107699963264167	-0.0494601558893919
10769	53.845	-0.0107699963264167	-0.0494601558893919
10770	53.85	-0.00948032434098423	-0.0494601558893919
10771	53.855	-0.0133493402972817	-0.0494601558893919
10772	53.86	-0.0107699963264167	-0.0494601558893919
10773	53.865	-0.0133493402972817	-0.0494601558893919
10774	53.87	-0.0133493402972817	-0.0507498278748244
10775	53.875	-0.0107699963264167	-0.0507498278748244
10776	53.88	-0.0133493402972817	-0.0507498278748244
10777	53.885	-0.0120596683118492	-0.0507498278748244
10778	53.89	-0.0107699963264167	-0.0507498278748244
10779	53.895	-0.0133493402972817	-0.0507498278748244
10780	53.9	-0.0107699963264167	-0.0507498278748244
10781	53.905	-0.0120596683118492	-0.0507498278748244
10782	53.91	-0.00948032434098423	-0.0520394998602569
10783	53.915	-0.0120596683118492	-0.0520394998602569
10784	53.92	-0.00948032434098423	-0.0520394998602569
10785	53.925	-0.0120596683118492	-0.0520394998602569
10786	53.93	-0.0120596683118492	-0.0520394998602569
10787	53.935	-0.0107699963264167	-0.0507498278748244
10788	53.94	-0.00948032434098423	-0.0520394998602569
10789	53.945	-0.0107699963264167	-0.0520394998602569
10790	53.95	-0.00948032434098423	-0.0520394998602569
10791	53.955	-0.0107699963264167	-0.0520394998602569
10792	53.96	-0.00948032434098423	-0.0533291718456894
10793	53.965	-0.0120596683118492	-0.0520394998602569
10794	53.97	-0.0107699963264167	-0.0533291718456894
10795	53.975	-0.0107699963264167	-0.0520394998602569
10796	53.98	-0.0120596683118492	-0.0533291718456894
10797	53.985	-0.0107699963264167	-0.0533291718456894
10798	53.99	-0.00948032434098423	-0.0533291718456894
10799	53.995	-0.00948032434098423	-0.0533291718456894
10800	54	-0.00948032434098423	-0.0533291718456894
10801	54.005	-0.0120596683118492	-0.0533291718456894
10802	54.01	-0.00948032434098423	-0.0533291718456894
10803	54.015	-0.00948032434098423	-0.0546188438311219
10804	54.02	-0.00948032434098423	-0.0533291718456894
10805	54.025	-0.0107699963264167	-0.0533291718456894
10806	54.03	-0.0120596683118492	-0.0546188438311219
10807	54.035	-0.0120596683118492	-0.0546188438311219
10808	54.04	-0.0120596683118492	-0.0546188438311219
10809	54.045	-0.00948032434098423	-0.0546188438311219
10810	54.05	-0.0120596683118492	-0.0546188438311219
10811	54.055	-0.0107699963264167	-0.0546188438311219
10812	54.06	-0.0120596683118492	-0.0546188438311219
10813	54.065	-0.0133493402972817	-0.0546188438311219
10814	54.07	-0.0120596683118492	-0.0546188438311219
10815	54.075	-0.0133493402972817	-0.0546188438311219
10816	54.08	-0.0120596683118492	-0.0559085158165544
10817	54.085	-0.0120596683118492	-0.0559085158165544
10818	54.09	-0.0133493402972817	-0.0559085158165544
10819	54.095	-0.0133493402972817	-0.0559085158165544
10820	54.1	-0.0159286842681468	-0.0559085158165544
10821	54.105	-0.0159286842681468	-0.0559085158165544
10822	54.11	-0.0159286842681468	-0.0559085158165544
10823	54.115	-0.0133493402972817	-0.0559085158165544
10824	54.12	-0.0159286842681468	-0.0559085158165544
10825	54.125	-0.0133493402972817	-0.0559085158165544
10826	54.13	-0.0185080282390118	-0.0559085158165544
10827	54.135	-0.0146390122827142	-0.0571981878019869
10828	54.14	-0.0159286842681468	-0.0571981878019869
10829	54.145	-0.0146390122827142	-0.0571981878019869
10830	54.15	-0.0159286842681468	-0.0571981878019869
10831	54.155	-0.0210873722098768	-0.0571981878019869
10832	54.16	-0.0159286842681468	-0.0571981878019869
10833	54.165	-0.0172183562535793	-0.0571981878019869
10834	54.17	-0.0236667161807418	-0.0571981878019869
10835	54.175	-0.0223770441953093	-0.0584878597874194
10836	54.18	-0.0223770441953093	-0.0571981878019869
10837	54.185	-0.0185080282390118	-0.0584878597874194
10838	54.19	-0.0172183562535793	-0.0584878597874194
10839	54.195	-0.0185080282390118	-0.0584878597874194
10840	54.2	-0.0275357321370393	-0.0584878597874194
10841	54.205	-0.0185080282390118	-0.0584878597874194
10842	54.21	-0.0262460601516068	-0.0584878597874194
10843	54.215	-0.0223770441953093	-0.0584878597874194
10844	54.22	-0.0301150761079043	-0.0597775317728519
10845	54.225	-0.0197977002244443	-0.0584878597874194
10846	54.23	-0.0314047480933368	-0.0597775317728519
10847	54.235	-0.0236667161807418	-0.0597775317728519
10848	54.24	-0.0210873722098768	-0.0597775317728519
10849	54.245	-0.0301150761079043	-0.0597775317728519
10850	54.25	-0.0236667161807418	-0.0597775317728519
10851	54.255	-0.0236667161807418	-0.0597775317728519
10852	54.26	-0.0339840920642018	-0.0597775317728519
10853	54.265	-0.0262460601516068	-0.0597775317728519
10854	54.27	-0.0326944200787693	-0.0597775317728519
10855	54.275	-0.0262460601516068	-0.0610672037582844
10856	54.28	-0.0262460601516068	-0.0610672037582844
10857	54.285	-0.0249563881661743	-0.0610672037582844
10858	54.29	-0.0365634360350668	-0.0610672037582844
10859	54.295	-0.0275357321370393	-0.0610672037582844
10860	54.3	-0.0378531080204993	-0.0610672037582844
10861	54.305	-0.0262460601516068	-0.0610672037582844
10862	54.31	-0.0314047480933368	-0.0610672037582844
10863	54.315	-0.0404324519913644	-0.0610672037582844
10864	54.32	-0.0275357321370393	-0.062356875743717
10865	54.325	-0.0404324519913644	-0.062356875743717
10866	54.33	-0.0326944200787693	-0.062356875743717
10867	54.335	-0.0326944200787693	-0.0610672037582844
10868	54.34	-0.0391427800059319	-0.0610672037582844
10869	54.345	-0.0275357321370393	-0.062356875743717
10870	54.35	-0.0365634360350668	-0.062356875743717
10871	54.355	-0.0352737640496343	-0.062356875743717
10872	54.36	-0.0275357321370393	-0.062356875743717
10873	54.365	-0.0391427800059319	-0.062356875743717
10874	54.37	-0.0417221239767969	-0.062356875743717
10875	54.375	-0.0417221239767969	-0.062356875743717
10876	54.38	-0.0301150761079043	-0.062356875743717
10877	54.385	-0.0404324519913644	-0.0636465477291495
10878	54.39	-0.0430117959622294	-0.062356875743717
10879	54.395	-0.0301150761079043	-0.0636465477291495
10880	54.4	-0.0365634360350668	-0.0636465477291495
10881	54.405	-0.0352737640496343	-0.0636465477291495
10882	54.41	-0.0314047480933368	-0.0636465477291495
10883	54.415	-0.0404324519913644	-0.0636465477291495
10884	54.42	-0.0365634360350668	-0.0636465477291495
10885	54.425	-0.0430117959622294	-0.064936219714582
10886	54.43	-0.0443014679476619	-0.064936219714582
10887	54.435	-0.0430117959622294	-0.0636465477291495
10888	54.44	-0.0455911399330944	-0.064936219714582
10889	54.445	-0.0391427800059319	-0.064936219714582
10890	54.45	-0.0352737640496343	-0.064936219714582
10891	54.455	-0.0378531080204993	-0.064936219714582
10892	54.46	-0.0417221239767969	-0.064936219714582
10893	54.465	-0.0443014679476619	-0.064936219714582
10894	54.47	-0.0391427800059319	-0.064936219714582
10895	54.475	-0.0443014679476619	-0.0662258917000145
10896	54.48	-0.0443014679476619	-0.064936219714582
10897	54.485	-0.0404324519913644	-0.0662258917000145
10898	54.49	-0.0443014679476619	-0.0662258917000145
10899	54.495	-0.0443014679476619	-0.0662258917000145
10900	54.5	-0.0455911399330944	-0.0662258917000145
10901	54.505	-0.0468808119185269	-0.0662258917000145
10902	54.51	-0.0494601558893919	-0.064936219714582
10903	54.515	-0.0494601558893919	-0.0662258917000145
10904	54.52	-0.0507498278748244	-0.0662258917000145
10905	54.525	-0.0481704839039594	-0.067515563685447
10906	54.53	-0.0455911399330944	-0.0662258917000145
10907	54.535	-0.0494601558893919	-0.067515563685447
10908	54.54	-0.0507498278748244	-0.0662258917000145
10909	54.545	-0.0494601558893919	-0.0662258917000145
10910	54.55	-0.0533291718456894	-0.067515563685447
10911	54.555	-0.0546188438311219	-0.067515563685447
10912	54.56	-0.0507498278748244	-0.067515563685447
10913	54.565	-0.0533291718456894	-0.0662258917000145
10914	54.57	-0.0533291718456894	-0.067515563685447
10915	54.575	-0.0546188438311219	-0.067515563685447
10916	54.58	-0.0559085158165544	-0.067515563685447
10917	54.585	-0.0559085158165544	-0.067515563685447
10918	54.59	-0.0546188438311219	-0.067515563685447
10919	54.595	-0.0610672037582844	-0.067515563685447
10920	54.6	-0.0571981878019869	-0.0688052356708795
10921	54.605	-0.0559085158165544	-0.067515563685447
10922	54.61	-0.0636465477291495	-0.067515563685447
10923	54.615	-0.0662258917000145	-0.0688052356708795
10924	54.62	-0.0584878597874194	-0.0688052356708795
10925	54.625	-0.0713845796417445	-0.0688052356708795
10926	54.63	-0.062356875743717	-0.0688052356708795
10927	54.635	-0.070094907656312	-0.0688052356708795
10928	54.64	-0.072674251627177	-0.0688052356708795
10929	54.645	-0.0765432675834745	-0.0688052356708795
10930	54.65	-0.062356875743717	-0.0688052356708795
10931	54.655	-0.064936219714582	-0.070094907656312
10932	54.66	-0.0688052356708795	-0.0688052356708795
10933	54.665	-0.077832939568907	-0.070094907656312
10934	54.67	-0.0855709714815021	-0.070094907656312
10935	54.675	-0.0817019555252045	-0.070094907656312
10936	54.68	-0.070094907656312	-0.070094907656312
10937	54.685	-0.080412283539772	-0.070094907656312
10938	54.69	-0.070094907656312	-0.070094907656312
10939	54.695	-0.072674251627177	-0.070094907656312
10940	54.7	-0.077832939568907	-0.070094907656312
10941	54.705	-0.0907296594232321	-0.070094907656312
10942	54.71	-0.0739639236126095	-0.070094907656312
10943	54.715	-0.0791226115543395	-0.070094907656312
10944	54.72	-0.075253595598042	-0.070094907656312
10945	54.725	-0.0791226115543395	-0.0713845796417445
10946	54.73	-0.080412283539772	-0.070094907656312
10947	54.735	-0.0971780193503946	-0.0713845796417445
10948	54.74	-0.103626379277557	-0.070094907656312
10949	54.745	-0.11007473920472	-0.0713845796417445
10950	54.75	-0.0894399874377996	-0.0713845796417445
10951	54.755	-0.0971780193503946	-0.0713845796417445
10952	54.76	-0.0997573633212596	-0.0713845796417445
10953	54.765	-0.10491605126299	-0.0713845796417445
10954	54.77	-0.108785067219287	-0.0713845796417445
10955	54.775	-0.106205723248422	-0.0713845796417445
10956	54.78	-0.111364411190152	-0.0713845796417445
10957	54.785	-0.0855709714815021	-0.0713845796417445
10958	54.79	-0.10491605126299	-0.0713845796417445
10959	54.795	-0.111364411190152	-0.0713845796417445
10960	54.8	-0.0958883473649621	-0.072674251627177
10961	54.805	-0.107495395233855	-0.072674251627177
10962	54.81	-0.0945986753795296	-0.072674251627177
10963	54.815	-0.082991627510637	-0.072674251627177
10964	54.82	-0.124261131044477	-0.072674251627177
10965	54.825	-0.106205723248422	-0.072674251627177
10966	54.83	-0.117812771117315	-0.072674251627177
10967	54.835	-0.10491605126299	-0.072674251627177
10968	54.84	-0.134578506927937	-0.0739639236126095
10969	54.845	-0.131999162957072	-0.072674251627177
10970	54.85	-0.108785067219287	-0.072674251627177
10971	54.855	-0.102336707292125	-0.072674251627177
10972	54.86	-0.0933090033940971	-0.0739639236126095
10973	54.865	-0.0920193314086646	-0.0739639236126095
10974	54.87	-0.12039211508818	-0.0739639236126095
10975	54.875	-0.107495395233855	-0.0739639236126095
10976	54.88	-0.112654083175585	-0.0739639236126095
10977	54.885	-0.103626379277557	-0.0739639236126095
10978	54.89	-0.124261131044477	-0.0739639236126095
10979	54.895	-0.082991627510637	-0.0739639236126095
10980	54.9	-0.0894399874377996	-0.0739639236126095
10981	54.905	-0.0842812994960696	-0.075253595598042
10982	54.91	-0.10491605126299	-0.0739639236126095
10983	54.915	-0.129419818986207	-0.075253595598042
10984	54.92	-0.101047035306692	-0.075253595598042
10985	54.925	-0.080412283539772	-0.075253595598042
10986	54.93	-0.116523099131882	-0.075253595598042
10987	54.935	-0.101047035306692	-0.075253595598042
10988	54.94	-0.0907296594232321	-0.075253595598042
10989	54.945	-0.124261131044477	-0.075253595598042
10990	54.95	-0.12555080302991	-0.075253595598042
10991	54.955	-0.082991627510637	-0.075253595598042
10992	54.96	-0.0855709714815021	-0.075253595598042
10993	54.965	-0.117812771117315	-0.075253595598042
10994	54.97	-0.077832939568907	-0.0765432675834745
10995	54.975	-0.067515563685447	-0.0765432675834745
10996	54.98	-0.0920193314086646	-0.075253595598042
10997	54.985	-0.075253595598042	-0.0765432675834745
10998	54.99	-0.0997573633212596	-0.0765432675834745
10999	54.995	-0.064936219714582	-0.0765432675834745
11000	55	-0.070094907656312	-0.0765432675834745
11001	55.005	-0.106205723248422	-0.0765432675834745
11002	55.01	-0.101047035306692	-0.0765432675834745
11003	55.015	-0.0945986753795296	-0.077832939568907
11004	55.02	-0.0958883473649621	-0.0765432675834745
11005	55.025	-0.0688052356708795	-0.0765432675834745
11006	55.03	-0.0546188438311219	-0.077832939568907
11007	55.035	-0.0533291718456894	-0.0765432675834745
11008	55.04	-0.0688052356708795	-0.077832939568907
11009	55.045	-0.0520394998602569	-0.077832939568907
11010	55.05	-0.0842812994960696	-0.077832939568907
11011	55.055	-0.067515563685447	-0.077832939568907
11012	55.06	-0.075253595598042	-0.077832939568907
11013	55.065	-0.0468808119185269	-0.077832939568907
11014	55.07	-0.0688052356708795	-0.077832939568907
11015	55.075	-0.0468808119185269	-0.077832939568907
11016	55.08	-0.0636465477291495	-0.077832939568907
11017	55.085	-0.064936219714582	-0.077832939568907
11018	55.09	-0.0662258917000145	-0.077832939568907
11019	55.095	-0.0378531080204993	-0.0791226115543395
11020	55.1	-0.0326944200787693	-0.0791226115543395
11021	55.105	-0.0507498278748244	-0.0791226115543395
11022	55.11	-0.0494601558893919	-0.0791226115543395
11023	55.115	-0.0288254041224718	-0.0791226115543395
11024	55.12	-0.0301150761079043	-0.0791226115543395
11025	55.125	-0.0339840920642018	-0.0791226115543395
11026	55.13	-0.0455911399330944	-0.0791226115543395
11027	55.135	-0.0443014679476619	-0.0791226115543395
11028	55.14	-0.0404324519913644	-0.0791226115543395
11029	55.145	-0.0365634360350668	-0.080412283539772
11030	55.15	-0.0197977002244443	-0.0791226115543395
11031	55.155	-0.0249563881661743	-0.080412283539772
11032	55.16	-0.0301150761079043	-0.0791226115543395
11033	55.165	-0.0197977002244443	-0.080412283539772
11034	55.17	-0.0314047480933368	-0.0791226115543395
11035	55.175	-0.0301150761079043	-0.080412283539772
11036	55.18	-0.0288254041224718	-0.080412283539772
11037	55.185	-0.0197977002244443	-0.080412283539772
11038	55.19	-0.0249563881661743	-0.080412283539772
11039	55.195	-0.0223770441953093	-0.080412283539772
11040	55.2	-0.0249563881661743	-0.080412283539772
11041	55.205	-0.0120596683118492	-0.0817019555252045
11042	55.21	-0.0185080282390118	-0.0817019555252045
11043	55.215	-0.0172183562535793	-0.0817019555252045
11044	55.22	-0.0133493402972817	-0.0817019555252045
11045	55.225	-0.0107699963264167	-0.080412283539772
11046	55.23	-0.00948032434098423	-0.0817019555252045
11047	55.235	-0.0172183562535793	-0.0817019555252045
11048	55.24	-0.0107699963264167	-0.0817019555252045
11049	55.245	-0.0146390122827142	-0.0817019555252045
11050	55.25	-0.00819065235555172	-0.0817019555252045
11051	55.255	-0.00948032434098423	-0.0817019555252045
11052	55.26	-0.0133493402972817	-0.0817019555252045
11053	55.265	-0.00819065235555172	-0.0817019555252045
11054	55.27	-0.0120596683118492	-0.082991627510637
11055	55.275	-0.0107699963264167	-0.0817019555252045
11056	55.28	-0.00690098037011921	-0.082991627510637
11057	55.285	-0.0107699963264167	-0.082991627510637
11058	55.29	-0.00690098037011921	-0.082991627510637
11059	55.295	-0.00819065235555172	-0.0817019555252045
11060	55.3	-0.00819065235555172	-0.082991627510637
11061	55.305	-0.00948032434098423	-0.082991627510637
11062	55.31	-0.0107699963264167	-0.0842812994960696
11063	55.315	-0.00948032434098423	-0.0842812994960696
11064	55.32	-0.00561130838468671	-0.082991627510637
11065	55.325	-0.0107699963264167	-0.082991627510637
11066	55.33	-0.00819065235555172	-0.0842812994960696
11067	55.335	-0.00690098037011921	-0.0842812994960696
11068	55.34	-0.00561130838468671	-0.0842812994960696
11069	55.345	-0.00819065235555172	-0.0842812994960696
11070	55.35	-0.00690098037011921	-0.0842812994960696
11071	55.355	-0.00819065235555172	-0.0842812994960696
11072	55.36	-0.00690098037011921	-0.0842812994960696
11073	55.365	-0.00819065235555172	-0.0842812994960696
11074	55.37	-0.00690098037011921	-0.0855709714815021
11075	55.375	-0.00819065235555172	-0.0842812994960696
11076	55.38	-0.00819065235555172	-0.0842812994960696
11077	55.385	-0.00819065235555172	-0.0842812994960696
11078	55.39	-0.00690098037011921	-0.0855709714815021
11079	55.395	-0.00819065235555172	-0.0855709714815021
11080	55.4	-0.00690098037011921	-0.0842812994960696
11081	55.405	-0.00819065235555172	-0.0842812994960696
11082	55.41	-0.00690098037011921	-0.0855709714815021
11083	55.415	-0.00819065235555172	-0.0855709714815021
11084	55.42	-0.00690098037011921	-0.0855709714815021
11085	55.425	-0.00819065235555172	-0.0855709714815021
11086	55.43	-0.00690098037011921	-0.0855709714815021
11087	55.435	-0.00819065235555172	-0.0855709714815021
11088	55.44	-0.00819065235555172	-0.0855709714815021
11089	55.445	-0.00690098037011921	-0.0855709714815021
11090	55.45	-0.00819065235555172	-0.0855709714815021
11091	55.455	-0.00819065235555172	-0.0868606434669346
11092	55.46	-0.00690098037011921	-0.0868606434669346
11093	55.465	-0.00819065235555172	-0.0855709714815021
11094	55.47	-0.00819065235555172	-0.0868606434669346
11095	55.475	-0.00819065235555172	-0.0868606434669346
11096	55.48	-0.00819065235555172	-0.0868606434669346
11097	55.485	-0.00819065235555172	-0.0868606434669346
11098	55.49	-0.00819065235555172	-0.0868606434669346
11099	55.495	-0.00819065235555172	-0.0868606434669346
11100	55.5	-0.00819065235555172	-0.0868606434669346
11101	55.505	-0.00819065235555172	-0.0868606434669346
11102	55.51	-0.00948032434098423	-0.0868606434669346
11103	55.515	-0.00819065235555172	-0.0881503154523671
11104	55.52	-0.00819065235555172	-0.0868606434669346
11105	55.525	-0.00819065235555172	-0.0868606434669346
11106	55.53	-0.00819065235555172	-0.0881503154523671
11107	55.535	-0.00819065235555172	-0.0881503154523671
11108	55.54	-0.00819065235555172	-0.0881503154523671
11109	55.545	-0.00690098037011921	-0.0881503154523671
11110	55.55	-0.00948032434098423	-0.0881503154523671
11111	55.555	-0.00819065235555172	-0.0881503154523671
11112	55.56	-0.00819065235555172	-0.0881503154523671
11113	55.565	-0.00948032434098423	-0.0881503154523671
11114	55.57	-0.00819065235555172	-0.0881503154523671
11115	55.575	-0.00690098037011921	-0.0881503154523671
11116	55.58	-0.00819065235555172	-0.0881503154523671
11117	55.585	-0.00948032434098423	-0.0881503154523671
11118	55.59	-0.00819065235555172	-0.0881503154523671
11119	55.595	-0.00819065235555172	-0.0881503154523671
11120	55.6	-0.00819065235555172	-0.0894399874377996
11121	55.605	-0.00819065235555172	-0.0894399874377996
11122	55.61	-0.00948032434098423	-0.0881503154523671
11123	55.615	-0.00819065235555172	-0.0894399874377996
11124	55.62	-0.00948032434098423	-0.0894399874377996
11125	55.625	-0.00690098037011921	-0.0894399874377996
11126	55.63	-0.00819065235555172	-0.0894399874377996
11127	55.635	-0.00690098037011921	-0.0894399874377996
11128	55.64	-0.00819065235555172	-0.0894399874377996
11129	55.645	-0.00819065235555172	-0.0894399874377996
11130	55.65	-0.00690098037011921	-0.0894399874377996
11131	55.655	-0.00819065235555172	-0.0894399874377996
11132	55.66	-0.00690098037011921	-0.0894399874377996
11133	55.665	-0.00819065235555172	-0.0894399874377996
11134	55.67	-0.00561130838468671	-0.0907296594232321
11135	55.675	-0.00819065235555172	-0.0894399874377996
11136	55.68	-0.00690098037011921	-0.0907296594232321
11137	55.685	-0.00819065235555172	-0.0907296594232321
11138	55.69	-0.00690098037011921	-0.0907296594232321
11139	55.695	-0.00819065235555172	-0.0907296594232321
11140	55.7	-0.00690098037011921	-0.0907296594232321
11141	55.705	-0.00690098037011921	-0.0907296594232321
11142	55.71	-0.00690098037011921	-0.0907296594232321
11143	55.715	-0.00690098037011921	-0.0907296594232321
11144	55.72	-0.00690098037011921	-0.0907296594232321
11145	55.725	-0.00948032434098423	-0.0907296594232321
11146	55.73	-0.00819065235555172	-0.0907296594232321
11147	55.735	-0.00690098037011921	-0.0920193314086646
11148	55.74	-0.00690098037011921	-0.0920193314086646
11149	55.745	-0.00690098037011921	-0.0920193314086646
11150	55.75	-0.00561130838468671	-0.0920193314086646
11151	55.755	-0.00561130838468671	-0.0920193314086646
11152	55.76	-0.00819065235555172	-0.0920193314086646
11153	55.765	-0.00819065235555172	-0.0920193314086646
11154	55.77	-0.00690098037011921	-0.0920193314086646
11155	55.775	-0.00690098037011921	-0.0920193314086646
11156	55.78	-0.00561130838468671	-0.0920193314086646
11157	55.785	-0.00690098037011921	-0.0920193314086646
11158	55.79	-0.00690098037011921	-0.0920193314086646
11159	55.795	-0.00561130838468671	-0.0920193314086646
11160	55.8	-0.00690098037011921	-0.0920193314086646
11161	55.805	-0.00690098037011921	-0.0920193314086646
11162	55.81	-0.00819065235555172	-0.0933090033940971
11163	55.815	-0.00690098037011921	-0.0933090033940971
11164	55.82	-0.00690098037011921	-0.0920193314086646
11165	55.825	-0.00690098037011921	-0.0933090033940971
11166	55.83	-0.00690098037011921	-0.0933090033940971
11167	55.835	-0.00690098037011921	-0.0920193314086646
11168	55.84	-0.00561130838468671	-0.0933090033940971
11169	55.845	-0.00561130838468671	-0.0933090033940971
11170	55.85	-0.00561130838468671	-0.0933090033940971
11171	55.855	-0.00690098037011921	-0.0933090033940971
11172	55.86	-0.00690098037011921	-0.0933090033940971
11173	55.865	-0.00690098037011921	-0.0933090033940971
11174	55.87	-0.00690098037011921	-0.0933090033940971
11175	55.875	-0.00690098037011921	-0.0945986753795296
11176	55.88	-0.00690098037011921	-0.0945986753795296
11177	55.885	-0.00819065235555172	-0.0945986753795296
11178	55.89	-0.00690098037011921	-0.0945986753795296
11179	55.895	-0.00690098037011921	-0.0945986753795296
11180	55.9	-0.00561130838468671	-0.0945986753795296
11181	55.905	-0.00690098037011921	-0.0945986753795296
11182	55.91	-0.00690098037011921	-0.0945986753795296
11183	55.915	-0.00561130838468671	-0.0945986753795296
11184	55.92	-0.00561130838468671	-0.0945986753795296
11185	55.925	-0.00561130838468671	-0.0945986753795296
11186	55.93	-0.00561130838468671	-0.0945986753795296
11187	55.935	-0.00819065235555172	-0.0945986753795296
11188	55.94	-0.00561130838468671	-0.0945986753795296
11189	55.945	-0.00690098037011921	-0.0945986753795296
11190	55.95	-0.00561130838468671	-0.0945986753795296
11191	55.955	-0.00690098037011921	-0.0945986753795296
11192	55.96	-0.00561130838468671	-0.0945986753795296
11193	55.965	-0.00690098037011921	-0.0945986753795296
11194	55.97	-0.00690098037011921	-0.0958883473649621
11195	55.975	-0.00690098037011921	-0.0958883473649621
11196	55.98	-0.00561130838468671	-0.0958883473649621
11197	55.985	-0.00690098037011921	-0.0958883473649621
11198	55.99	-0.00690098037011921	-0.0945986753795296
11199	55.995	-0.00690098037011921	-0.0958883473649621
11200	56	-0.00690098037011921	-0.0958883473649621
11201	56.005	-0.00561130838468671	-0.0958883473649621
11202	56.01	-0.00819065235555172	-0.0958883473649621
11203	56.015	-0.00690098037011921	-0.0958883473649621
11204	56.02	-0.00561130838468671	-0.0958883473649621
11205	56.025	-0.00561130838468671	-0.0958883473649621
11206	56.03	-0.00561130838468671	-0.0971780193503946
11207	56.035	-0.00561130838468671	-0.0958883473649621
11208	56.04	-0.00690098037011921	-0.0971780193503946
11209	56.045	-0.00690098037011921	-0.0971780193503946
11210	56.05	-0.00690098037011921	-0.0971780193503946
11211	56.055	-0.00561130838468671	-0.0958883473649621
11212	56.06	-0.00819065235555172	-0.0971780193503946
11213	56.065	-0.00561130838468671	-0.0971780193503946
11214	56.07	-0.00561130838468671	-0.0971780193503946
11215	56.075	-0.00819065235555172	-0.0971780193503946
11216	56.08	-0.00561130838468671	-0.0971780193503946
11217	56.085	-0.00561130838468671	-0.0971780193503946
11218	56.09	-0.00561130838468671	-0.0971780193503946
11219	56.095	-0.00690098037011921	-0.0971780193503946
11220	56.1	-0.00690098037011921	-0.0971780193503946
11221	56.105	-0.00690098037011921	-0.0984676913358271
11222	56.11	-0.00561130838468671	-0.0984676913358271
11223	56.115	-0.00561130838468671	-0.0971780193503946
11224	56.12	-0.00561130838468671	-0.0984676913358271
11225	56.125	-0.00561130838468671	-0.0984676913358271
11226	56.13	-0.00690098037011921	-0.0984676913358271
11227	56.135	-0.00690098037011921	-0.0984676913358271
11228	56.14	-0.00561130838468671	-0.0971780193503946
11229	56.145	-0.00561130838468671	-0.0984676913358271
11230	56.15	-0.00561130838468671	-0.0984676913358271
11231	56.155	-0.00561130838468671	-0.0984676913358271
11232	56.16	-0.00561130838468671	-0.0984676913358271
11233	56.165	-0.00690098037011921	-0.0984676913358271
11234	56.17	-0.00561130838468671	-0.0984676913358271
11235	56.175	-0.00561130838468671	-0.0984676913358271
11236	56.18	-0.00561130838468671	-0.0984676913358271
11237	56.185	-0.00690098037011921	-0.0984676913358271
11238	56.19	-0.00561130838468671	-0.0997573633212596
11239	56.195	-0.00561130838468671	-0.0984676913358271
11240	56.2	-0.00561130838468671	-0.0997573633212596
11241	56.205	-0.00561130838468671	-0.0984676913358271
11242	56.21	-0.00561130838468671	-0.0997573633212596
11243	56.215	-0.00561130838468671	-0.0997573633212596
11244	56.22	-0.00690098037011921	-0.0997573633212596
11245	56.225	-0.00561130838468671	-0.0997573633212596
11246	56.23	-0.00690098037011921	-0.0997573633212596
11247	56.235	-0.00561130838468671	-0.0997573633212596
11248	56.24	-0.00561130838468671	-0.0997573633212596
11249	56.245	-0.00690098037011921	-0.0997573633212596
11250	56.25	-0.00561130838468671	-0.0997573633212596
11251	56.255	-0.00561130838468671	-0.0997573633212596
11252	56.26	-0.0043216363992542	-0.0997573633212596
11253	56.265	-0.00561130838468671	-0.0997573633212596
11254	56.27	-0.00561130838468671	-0.101047035306692
11255	56.275	-0.00561130838468671	-0.101047035306692
11256	56.28	-0.00561130838468671	-0.101047035306692
11257	56.285	-0.00561130838468671	-0.101047035306692
11258	56.29	-0.00561130838468671	-0.101047035306692
11259	56.295	-0.00561130838468671	-0.101047035306692
11260	56.3	-0.00690098037011921	-0.101047035306692
11261	56.305	-0.00561130838468671	-0.102336707292125
11262	56.31	-0.00561130838468671	-0.101047035306692
11263	56.315	-0.00561130838468671	-0.101047035306692
11264	56.32	-0.00561130838468671	-0.101047035306692
11265	56.325	-0.00561130838468671	-0.101047035306692
11266	56.33	-0.00690098037011921	-0.102336707292125
11267	56.335	-0.00561130838468671	-0.101047035306692
11268	56.34	-0.00690098037011921	-0.101047035306692
11269	56.345	-0.00561130838468671	-0.102336707292125
11270	56.35	-0.00690098037011921	-0.102336707292125
11271	56.355	-0.00690098037011921	-0.102336707292125
11272	56.36	-0.00561130838468671	-0.102336707292125
11273	56.365	-0.00690098037011921	-0.102336707292125
11274	56.37	-0.00690098037011921	-0.102336707292125
11275	56.375	-0.00819065235555172	-0.102336707292125
11276	56.38	-0.00561130838468671	-0.103626379277557
11277	56.385	-0.00690098037011921	-0.102336707292125
11278	56.39	-0.00690098037011921	-0.103626379277557
11279	56.395	-0.00690098037011921	-0.103626379277557
11280	56.4	-0.00819065235555172	-0.103626379277557
11281	56.405	-0.00819065235555172	-0.103626379277557
11282	56.41	-0.00561130838468671	-0.103626379277557
11283	56.415	-0.00690098037011921	-0.103626379277557
11284	56.42	-0.00690098037011921	-0.103626379277557
11285	56.425	-0.00690098037011921	-0.103626379277557
11286	56.43	-0.00819065235555172	-0.103626379277557
11287	56.435	-0.00819065235555172	-0.103626379277557
11288	56.44	-0.00819065235555172	-0.103626379277557
11289	56.445	-0.00819065235555172	-0.10491605126299
11290	56.45	-0.00819065235555172	-0.103626379277557
11291	56.455	-0.00819065235555172	-0.10491605126299
11292	56.46	-0.00819065235555172	-0.10491605126299
11293	56.465	-0.00819065235555172	-0.10491605126299
11294	56.47	-0.0107699963264167	-0.10491605126299
11295	56.475	-0.00948032434098423	-0.10491605126299
11296	56.48	-0.00948032434098423	-0.10491605126299
11297	56.485	-0.00948032434098423	-0.10491605126299
11298	56.49	-0.0107699963264167	-0.10491605126299
11299	56.495	-0.00819065235555172	-0.10491605126299
11300	56.5	-0.00948032434098423	-0.10491605126299
11301	56.505	-0.00948032434098423	-0.10491605126299
11302	56.51	-0.0120596683118492	-0.10491605126299
11303	56.515	-0.0120596683118492	-0.106205723248422
11304	56.52	-0.0133493402972817	-0.10491605126299
11305	56.525	-0.0120596683118492	-0.106205723248422
11306	56.53	-0.0133493402972817	-0.106205723248422
11307	56.535	-0.0120596683118492	-0.106205723248422
11308	56.54	-0.0107699963264167	-0.106205723248422
11309	56.545	-0.00948032434098423	-0.106205723248422
11310	56.55	-0.0133493402972817	-0.106205723248422
11311	56.555	-0.0120596683118492	-0.106205723248422
11312	56.56	-0.0107699963264167	-0.106205723248422
11313	56.565	-0.0120596683118492	-0.107495395233855
11314	56.57	-0.0133493402972817	-0.106205723248422
11315	56.575	-0.0133493402972817	-0.107495395233855
11316	56.58	-0.0120596683118492	-0.107495395233855
11317	56.585	-0.0107699963264167	-0.107495395233855
11318	56.59	-0.00948032434098423	-0.107495395233855
11319	56.595	-0.00948032434098423	-0.107495395233855
11320	56.6	-0.0120596683118492	-0.107495395233855
11321	56.605	-0.0133493402972817	-0.106205723248422
11322	56.61	-0.0107699963264167	-0.107495395233855
11323	56.615	-0.0107699963264167	-0.107495395233855
11324	56.62	-0.00948032434098423	-0.107495395233855
11325	56.625	-0.0120596683118492	-0.106205723248422
11326	56.63	-0.0133493402972817	-0.107495395233855
11327	56.635	-0.0133493402972817	-0.107495395233855
11328	56.64	-0.0107699963264167	-0.107495395233855
11329	56.645	-0.0107699963264167	-0.108785067219287
11330	56.65	-0.0107699963264167	-0.107495395233855
11331	56.655	-0.0107699963264167	-0.108785067219287
11332	56.66	-0.0120596683118492	-0.108785067219287
11333	56.665	-0.00948032434098423	-0.108785067219287
11334	56.67	-0.00948032434098423	-0.108785067219287
11335	56.675	-0.0120596683118492	-0.108785067219287
11336	56.68	-0.0120596683118492	-0.108785067219287
11337	56.685	-0.0107699963264167	-0.11007473920472
11338	56.69	-0.0107699963264167	-0.108785067219287
11339	56.695	-0.0120596683118492	-0.11007473920472
11340	56.7	-0.0146390122827142	-0.108785067219287
11341	56.705	-0.0107699963264167	-0.11007473920472
11342	56.71	-0.0120596683118492	-0.11007473920472
11343	56.715	-0.0133493402972817	-0.11007473920472
11344	56.72	-0.0133493402972817	-0.11007473920472
11345	56.725	-0.0120596683118492	-0.11007473920472
11346	56.73	-0.0107699963264167	-0.11007473920472
11347	56.735	-0.0133493402972817	-0.11007473920472
11348	56.74	-0.0133493402972817	-0.111364411190152
11349	56.745	-0.0120596683118492	-0.11007473920472
11350	56.75	-0.0133493402972817	-0.111364411190152
11351	56.755	-0.0133493402972817	-0.111364411190152
11352	56.76	-0.0133493402972817	-0.111364411190152
11353	56.765	-0.0133493402972817	-0.111364411190152
11354	56.77	-0.0146390122827142	-0.111364411190152
11355	56.775	-0.0146390122827142	-0.111364411190152
11356	56.78	-0.0146390122827142	-0.111364411190152
11357	56.785	-0.0146390122827142	-0.111364411190152
11358	56.79	-0.0159286842681468	-0.111364411190152
11359	56.795	-0.0146390122827142	-0.112654083175585
11360	56.8	-0.0159286842681468	-0.112654083175585
11361	56.805	-0.0172183562535793	-0.111364411190152
11362	56.81	-0.0172183562535793	-0.112654083175585
11363	56.815	-0.0172183562535793	-0.112654083175585
11364	56.82	-0.0159286842681468	-0.112654083175585
11365	56.825	-0.0185080282390118	-0.112654083175585
11366	56.83	-0.0172183562535793	-0.113943755161017
11367	56.835	-0.0197977002244443	-0.113943755161017
11368	56.84	-0.0197977002244443	-0.112654083175585
11369	56.845	-0.0172183562535793	-0.113943755161017
11370	56.85	-0.0172183562535793	-0.113943755161017
11371	56.855	-0.0185080282390118	-0.113943755161017
11372	56.86	-0.0197977002244443	-0.113943755161017
11373	56.865	-0.0185080282390118	-0.113943755161017
11374	56.87	-0.0197977002244443	-0.113943755161017
11375	56.875	-0.0210873722098768	-0.113943755161017
11376	56.88	-0.0210873722098768	-0.113943755161017
11377	56.885	-0.0249563881661743	-0.113943755161017
11378	56.89	-0.0249563881661743	-0.113943755161017
11379	56.895	-0.0210873722098768	-0.11523342714645
11380	56.9	-0.0262460601516068	-0.11523342714645
11381	56.905	-0.0210873722098768	-0.11523342714645
11382	56.91	-0.0210873722098768	-0.11523342714645
11383	56.915	-0.0223770441953093	-0.11523342714645
11384	56.92	-0.0262460601516068	-0.11523342714645
11385	56.925	-0.0275357321370393	-0.11523342714645
11386	56.93	-0.0223770441953093	-0.11523342714645
11387	56.935	-0.0223770441953093	-0.116523099131882
11388	56.94	-0.0275357321370393	-0.116523099131882
11389	56.945	-0.0223770441953093	-0.11523342714645
11390	56.95	-0.0249563881661743	-0.116523099131882
11391	56.955	-0.0236667161807418	-0.116523099131882
11392	56.96	-0.0288254041224718	-0.116523099131882
11393	56.965	-0.0223770441953093	-0.116523099131882
11394	56.97	-0.0326944200787693	-0.117812771117315
11395	56.975	-0.0288254041224718	-0.116523099131882
11396	56.98	-0.0301150761079043	-0.116523099131882
11397	56.985	-0.0223770441953093	-0.116523099131882
11398	56.99	-0.0249563881661743	-0.117812771117315
11399	56.995	-0.0339840920642018	-0.117812771117315
11400	57	-0.0314047480933368	-0.117812771117315
11401	57.005	-0.0249563881661743	-0.117812771117315
11402	57.01	-0.0326944200787693	-0.117812771117315
11403	57.015	-0.0301150761079043	-0.117812771117315
11404	57.02	-0.0326944200787693	-0.117812771117315
11405	57.025	-0.0339840920642018	-0.117812771117315
11406	57.03	-0.0236667161807418	-0.119102443102747
11407	57.035	-0.0301150761079043	-0.119102443102747
11408	57.04	-0.0223770441953093	-0.119102443102747
11409	57.045	-0.0249563881661743	-0.119102443102747
11410	57.05	-0.0236667161807418	-0.119102443102747
11411	57.055	-0.0275357321370393	-0.119102443102747
11412	57.06	-0.0326944200787693	-0.119102443102747
11413	57.065	-0.0314047480933368	-0.119102443102747
11414	57.07	-0.0314047480933368	-0.119102443102747
11415	57.075	-0.0326944200787693	-0.119102443102747
11416	57.08	-0.0314047480933368	-0.119102443102747
11417	57.085	-0.0275357321370393	-0.119102443102747
11418	57.09	-0.0236667161807418	-0.119102443102747
11419	57.095	-0.0301150761079043	-0.119102443102747
11420	57.1	-0.0223770441953093	-0.12039211508818
11421	57.105	-0.0197977002244443	-0.12039211508818
11422	57.11	-0.0262460601516068	-0.12039211508818
11423	57.115	-0.0275357321370393	-0.12039211508818
11424	57.12	-0.0236667161807418	-0.12039211508818
11425	57.125	-0.0197977002244443	-0.12039211508818
11426	57.13	-0.0249563881661743	-0.12039211508818
11427	57.135	-0.0197977002244443	-0.121681787073612
11428	57.14	-0.0223770441953093	-0.121681787073612
11429	57.145	-0.0249563881661743	-0.121681787073612
11430	57.15	-0.0249563881661743	-0.12039211508818
11431	57.155	-0.0172183562535793	-0.121681787073612
11432	57.16	-0.0172183562535793	-0.121681787073612
11433	57.165	-0.0197977002244443	-0.121681787073612
11434	57.17	-0.0159286842681468	-0.122971459059045
11435	57.175	-0.0210873722098768	-0.121681787073612
11436	57.18	-0.0146390122827142	-0.121681787073612
11437	57.185	-0.0133493402972817	-0.122971459059045
11438	57.19	-0.0172183562535793	-0.122971459059045
11439	57.195	-0.0197977002244443	-0.122971459059045
11440	57.2	-0.0197977002244443	-0.122971459059045
11441	57.205	-0.0120596683118492	-0.122971459059045
11442	57.21	-0.0133493402972817	-0.122971459059045
11443	57.215	-0.0146390122827142	-0.122971459059045
11444	57.22	-0.0185080282390118	-0.122971459059045
11445	57.225	-0.0120596683118492	-0.122971459059045
11446	57.23	-0.0172183562535793	-0.122971459059045
11447	57.235	-0.0107699963264167	-0.122971459059045
11448	57.24	-0.0133493402972817	-0.122971459059045
11449	57.245	-0.0133493402972817	-0.122971459059045
11450	57.25	-0.0146390122827142	-0.124261131044477
11451	57.255	-0.0159286842681468	-0.124261131044477
11452	57.26	-0.0159286842681468	-0.122971459059045
11453	57.265	-0.00948032434098423	-0.124261131044477
11454	57.27	-0.0146390122827142	-0.124261131044477
11455	57.275	-0.0133493402972817	-0.124261131044477
11456	57.28	-0.0133493402972817	-0.124261131044477
11457	57.285	-0.0133493402972817	-0.124261131044477
11458	57.29	-0.0120596683118492	-0.124261131044477
11459	57.295	-0.00948032434098423	-0.124261131044477
11460	57.3	-0.00948032434098423	-0.12555080302991
11461	57.305	-0.00690098037011921	-0.124261131044477
11462	57.31	-0.00819065235555172	-0.12555080302991
11463	57.315	-0.00690098037011921	-0.12555080302991
11464	57.32	-0.00819065235555172	-0.12555080302991
11465	57.325	-0.0107699963264167	-0.12555080302991
11466	57.33	-0.0107699963264167	-0.12555080302991
11467	57.335	-0.00690098037011921	-0.12555080302991
11468	57.34	-0.00819065235555172	-0.12555080302991
11469	57.345	-0.00948032434098423	-0.12555080302991
11470	57.35	-0.00819065235555172	-0.12555080302991
11471	57.355	-0.00948032434098423	-0.12555080302991
11472	57.36	-0.00819065235555172	-0.12555080302991
11473	57.365	-0.00819065235555172	-0.126840475015342
11474	57.37	-0.00690098037011921	-0.126840475015342
11475	57.375	-0.00819065235555172	-0.126840475015342
11476	57.38	-0.00819065235555172	-0.126840475015342
11477	57.385	-0.00690098037011921	-0.126840475015342
11478	57.39	-0.00819065235555172	-0.126840475015342
11479	57.395	-0.00561130838468671	-0.126840475015342
11480	57.4	-0.00819065235555172	-0.126840475015342
11481	57.405	-0.00561130838468671	-0.126840475015342
11482	57.41	-0.00561130838468671	-0.128130147000775
11483	57.415	-0.00690098037011921	-0.128130147000775
11484	57.42	-0.00561130838468671	-0.128130147000775
11485	57.425	-0.00690098037011921	-0.128130147000775
11486	57.43	-0.00561130838468671	-0.128130147000775
11487	57.435	-0.00561130838468671	-0.128130147000775
11488	57.44	-0.0043216363992542	-0.128130147000775
11489	57.445	-0.00561130838468671	-0.128130147000775
11490	57.45	-0.00561130838468671	-0.128130147000775
11491	57.455	-0.00561130838468671	-0.128130147000775
11492	57.46	-0.00561130838468671	-0.128130147000775
11493	57.465	-0.0043216363992542	-0.128130147000775
11494	57.47	-0.00561130838468671	-0.129419818986207
11495	57.475	-0.0043216363992542	-0.128130147000775
11496	57.48	-0.00561130838468671	-0.129419818986207
11497	57.485	-0.00561130838468671	-0.129419818986207
11498	57.49	-0.00561130838468671	-0.129419818986207
11499	57.495	-0.00561130838468671	-0.129419818986207
11500	57.5	-0.00561130838468671	-0.129419818986207
11501	57.505	-0.0043216363992542	-0.129419818986207
11502	57.51	-0.00561130838468671	-0.13070949097164
11503	57.515	-0.00561130838468671	-0.13070949097164
11504	57.52	-0.00561130838468671	-0.129419818986207
11505	57.525	-0.0043216363992542	-0.13070949097164
11506	57.53	-0.00561130838468671	-0.13070949097164
11507	57.535	-0.0043216363992542	-0.13070949097164
11508	57.54	-0.0043216363992542	-0.13070949097164
11509	57.545	-0.0043216363992542	-0.13070949097164
11510	57.55	-0.0043216363992542	-0.13070949097164
11511	57.555	-0.0043216363992542	-0.13070949097164
11512	57.56	-0.0043216363992542	-0.13070949097164
11513	57.565	-0.0043216363992542	-0.13070949097164
11514	57.57	-0.0043216363992542	-0.131999162957072
11515	57.575	-0.0043216363992542	-0.131999162957072
11516	57.58	-0.00561130838468671	-0.131999162957072
11517	57.585	-0.00561130838468671	-0.131999162957072
11518	57.59	-0.0043216363992542	-0.131999162957072
11519	57.595	-0.00561130838468671	-0.131999162957072
11520	57.6	-0.0043216363992542	-0.131999162957072
11521	57.605	-0.0043216363992542	-0.131999162957072
11522	57.61	-0.00561130838468671	-0.131999162957072
11523	57.615	-0.0043216363992542	-0.133288834942505
11524	57.62	-0.00561130838468671	-0.133288834942505
11525	57.625	-0.00561130838468671	-0.133288834942505
11526	57.63	-0.00561130838468671	-0.133288834942505
11527	57.635	-0.0043216363992542	-0.133288834942505
11528	57.64	-0.00561130838468671	-0.133288834942505
11529	57.645	-0.0043216363992542	-0.133288834942505
11530	57.65	-0.0043216363992542	-0.133288834942505
11531	57.655	-0.00561130838468671	-0.133288834942505
11532	57.66	-0.0043216363992542	-0.133288834942505
11533	57.665	-0.00561130838468671	-0.133288834942505
11534	57.67	-0.0043216363992542	-0.133288834942505
11535	57.675	-0.0043216363992542	-0.133288834942505
11536	57.68	-0.0043216363992542	-0.134578506927937
11537	57.685	-0.00561130838468671	-0.134578506927937
11538	57.69	-0.0043216363992542	-0.134578506927937
11539	57.695	-0.0043216363992542	-0.134578506927937
11540	57.7	-0.0043216363992542	-0.134578506927937
11541	57.705	-0.00561130838468671	-0.134578506927937
11542	57.71	-0.00561130838468671	-0.134578506927937
11543	57.715	-0.0043216363992542	-0.134578506927937
11544	57.72	-0.0043216363992542	-0.134578506927937
11545	57.725	-0.0043216363992542	-0.134578506927937
11546	57.73	-0.0043216363992542	-0.134578506927937
11547	57.735	-0.00561130838468671	-0.13586817891337
11548	57.74	-0.0043216363992542	-0.134578506927937
11549	57.745	-0.0043216363992542	-0.13586817891337
11550	57.75	-0.0043216363992542	-0.13586817891337
11551	57.755	-0.0043216363992542	-0.13586817891337
11552	57.76	-0.0043216363992542	-0.13586817891337
11553	57.765	-0.0043216363992542	-0.13586817891337
11554	57.77	-0.00561130838468671	-0.13586817891337
11555	57.775	-0.00561130838468671	-0.137157850898802
11556	57.78	-0.0043216363992542	-0.13586817891337
11557	57.785	-0.0043216363992542	-0.13586817891337
11558	57.79	-0.0043216363992542	-0.13586817891337
11559	57.795	-0.0043216363992542	-0.13586817891337
11560	57.8	-0.0043216363992542	-0.13586817891337
11561	57.805	-0.0043216363992542	-0.13586817891337
11562	57.81	-0.0043216363992542	-0.137157850898802
11563	57.815	-0.0043216363992542	-0.137157850898802
11564	57.82	-0.0043216363992542	-0.13586817891337
11565	57.825	-0.00561130838468671	-0.137157850898802
11566	57.83	-0.0043216363992542	-0.13586817891337
11567	57.835	-0.0043216363992542	-0.137157850898802
11568	57.84	-0.0043216363992542	-0.137157850898802
11569	57.845	-0.00561130838468671	-0.137157850898802
11570	57.85	-0.0043216363992542	-0.137157850898802
11571	57.855	-0.0043216363992542	-0.137157850898802
11572	57.86	-0.0043216363992542	-0.138447522884235
11573	57.865	-0.0043216363992542	-0.137157850898802
11574	57.87	-0.00561130838468671	-0.138447522884235
11575	57.875	-0.00561130838468671	-0.138447522884235
11576	57.88	-0.0043216363992542	-0.137157850898802
11577	57.885	-0.0043216363992542	-0.138447522884235
11578	57.89	-0.0043216363992542	-0.137157850898802
11579	57.895	-0.0043216363992542	-0.138447522884235
11580	57.9	-0.0043216363992542	-0.138447522884235
11581	57.905	-0.0043216363992542	-0.138447522884235
11582	57.91	-0.0043216363992542	-0.137157850898802
11583	57.915	-0.00561130838468671	-0.138447522884235
11584	57.92	-0.0043216363992542	-0.138447522884235
11585	57.925	-0.0043216363992542	-0.138447522884235
11586	57.93	-0.0043216363992542	-0.138447522884235
11587	57.935	-0.0043216363992542	-0.138447522884235
11588	57.94	-0.0043216363992542	-0.138447522884235
11589	57.945	-0.0043216363992542	-0.138447522884235
11590	57.95	-0.0043216363992542	-0.139737194869667
11591	57.955	-0.0043216363992542	-0.139737194869667
11592	57.96	-0.0043216363992542	-0.138447522884235
11593	57.965	-0.0043216363992542	-0.138447522884235
11594	57.97	-0.0043216363992542	-0.139737194869667
11595	57.975	-0.0043216363992542	-0.138447522884235
11596	57.98	-0.0043216363992542	-0.139737194869667
11597	57.985	-0.00561130838468671	-0.139737194869667
11598	57.99	-0.0043216363992542	-0.139737194869667
11599	57.995	-0.0043216363992542	-0.139737194869667
11600	58	-0.0043216363992542	-0.139737194869667
11601	58.005	-0.0043216363992542	-0.1410268668551
11602	58.01	-0.0043216363992542	-0.139737194869667
11603	58.015	-0.0043216363992542	-0.139737194869667
11604	58.02	-0.0043216363992542	-0.139737194869667
11605	58.025	-0.0043216363992542	-0.139737194869667
11606	58.03	-0.0043216363992542	-0.1410268668551
11607	58.035	-0.0043216363992542	-0.1410268668551
11608	58.04	-0.0043216363992542	-0.1410268668551
11609	58.045	-0.0043216363992542	-0.1410268668551
11610	58.05	-0.00561130838468671	-0.1410268668551
11611	58.055	-0.0043216363992542	-0.1410268668551
11612	58.06	-0.0043216363992542	-0.1410268668551
11613	58.065	-0.0043216363992542	-0.1410268668551
11614	58.07	-0.0043216363992542	-0.1410268668551
11615	58.075	-0.0043216363992542	-0.142316538840532
11616	58.08	-0.0043216363992542	-0.142316538840532
11617	58.085	-0.0043216363992542	-0.1410268668551
11618	58.09	-0.0043216363992542	-0.142316538840532
11619	58.095	-0.0030319644138217	-0.142316538840532
11620	58.1	-0.0043216363992542	-0.142316538840532
11621	58.105	-0.0043216363992542	-0.142316538840532
11622	58.11	-0.0043216363992542	-0.142316538840532
11623	58.115	-0.0043216363992542	-0.142316538840532
11624	58.12	-0.0043216363992542	-0.142316538840532
11625	58.125	-0.0043216363992542	-0.142316538840532
11626	58.13	-0.0043216363992542	-0.142316538840532
11627	58.135	-0.0043216363992542	-0.142316538840532
11628	58.14	-0.0043216363992542	-0.142316538840532
11629	58.145	-0.0043216363992542	-0.142316538840532
11630	58.15	-0.0043216363992542	-0.142316538840532
11631	58.155	-0.0043216363992542	-0.142316538840532
11632	58.16	-0.0043216363992542	-0.143606210825965
11633	58.165	-0.0043216363992542	-0.143606210825965
11634	58.17	-0.0043216363992542	-0.143606210825965
11635	58.175	-0.0030319644138217	-0.142316538840532
11636	58.18	-0.0043216363992542	-0.142316538840532
11637	58.185	-0.0043216363992542	-0.143606210825965
11638	58.19	-0.0043216363992542	-0.143606210825965
11639	58.195	-0.0043216363992542	-0.143606210825965
11640	58.2	-0.0043216363992542	-0.144895882811397
11641	58.205	-0.0043216363992542	-0.144895882811397
11642	58.21	-0.0043216363992542	-0.143606210825965
11643	58.215	-0.0043216363992542	-0.143606210825965
11644	58.22	-0.0043216363992542	-0.144895882811397
11645	58.225	-0.0043216363992542	-0.144895882811397
11646	58.23	-0.0043216363992542	-0.144895882811397
11647	58.235	-0.0043216363992542	-0.143606210825965
11648	58.24	-0.0043216363992542	-0.144895882811397
11649	58.245	-0.0043216363992542	-0.144895882811397
11650	58.25	-0.0043216363992542	-0.144895882811397
11651	58.255	-0.0043216363992542	-0.144895882811397
11652	58.26	-0.0030319644138217	-0.144895882811397
11653	58.265	-0.0043216363992542	-0.144895882811397
11654	58.27	-0.0043216363992542	-0.144895882811397
11655	58.275	-0.0043216363992542	-0.144895882811397
11656	58.28	-0.0043216363992542	-0.14618555479683
11657	58.285	-0.0043216363992542	-0.14618555479683
11658	58.29	-0.0043216363992542	-0.14618555479683
11659	58.295	-0.0030319644138217	-0.14618555479683
11660	58.3	-0.0043216363992542	-0.14618555479683
11661	58.305	-0.0043216363992542	-0.14618555479683
11662	58.31	-0.0043216363992542	-0.14618555479683
11663	58.315	-0.0043216363992542	-0.14618555479683
11664	58.32	-0.0043216363992542	-0.14618555479683
11665	58.325	-0.0043216363992542	-0.14618555479683
11666	58.33	-0.0043216363992542	-0.147475226782262
11667	58.335	-0.0043216363992542	-0.14618555479683
11668	58.34	-0.0043216363992542	-0.14618555479683
11669	58.345	-0.0043216363992542	-0.147475226782262
11670	58.35	-0.0043216363992542	-0.147475226782262
11671	58.355	-0.0030319644138217	-0.147475226782262
11672	58.36	-0.0043216363992542	-0.14618555479683
11673	58.365	-0.0043216363992542	-0.147475226782262
11674	58.37	-0.0043216363992542	-0.147475226782262
11675	58.375	-0.0043216363992542	-0.147475226782262
11676	58.38	-0.0043216363992542	-0.148764898767695
11677	58.385	-0.0043216363992542	-0.147475226782262
11678	58.39	-0.0043216363992542	-0.147475226782262
11679	58.395	-0.0043216363992542	-0.147475226782262
11680	58.4	-0.0043216363992542	-0.148764898767695
11681	58.405	-0.0043216363992542	-0.147475226782262
11682	58.41	-0.0043216363992542	-0.148764898767695
11683	58.415	-0.0043216363992542	-0.147475226782262
11684	58.42	-0.0030319644138217	-0.148764898767695
11685	58.425	-0.0043216363992542	-0.148764898767695
11686	58.43	-0.0043216363992542	-0.148764898767695
11687	58.435	-0.0030319644138217	-0.148764898767695
11688	58.44	-0.0043216363992542	-0.148764898767695
11689	58.445	-0.0043216363992542	-0.148764898767695
11690	58.45	-0.0043216363992542	-0.148764898767695
11691	58.455	-0.0043216363992542	-0.148764898767695
11692	58.46	-0.0043216363992542	-0.148764898767695
11693	58.465	-0.0043216363992542	-0.148764898767695
11694	58.47	-0.0043216363992542	-0.150054570753127
11695	58.475	-0.0043216363992542	-0.150054570753127
11696	58.48	-0.0043216363992542	-0.150054570753127
11697	58.485	-0.0043216363992542	-0.148764898767695
11698	58.49	-0.0043216363992542	-0.150054570753127
11699	58.495	-0.0043216363992542	-0.150054570753127
11700	58.5	-0.0030319644138217	-0.150054570753127
11701	58.505	-0.0043216363992542	-0.150054570753127
11702	58.51	-0.0043216363992542	-0.150054570753127
11703	58.515	-0.0043216363992542	-0.150054570753127
11704	58.52	-0.0043216363992542	-0.150054570753127
11705	58.525	-0.0043216363992542	-0.150054570753127
11706	58.53	-0.0043216363992542	-0.150054570753127
11707	58.535	-0.0043216363992542	-0.150054570753127
11708	58.54	-0.0043216363992542	-0.15134424273856
11709	58.545	-0.0043216363992542	-0.15134424273856
11710	58.55	-0.0043216363992542	-0.150054570753127
11711	58.555	-0.0043216363992542	-0.15134424273856
11712	58.56	-0.0043216363992542	-0.15134424273856
11713	58.565	-0.0043216363992542	-0.15134424273856
11714	58.57	-0.0043216363992542	-0.15134424273856
11715	58.575	-0.0043216363992542	-0.15134424273856
11716	58.58	-0.0043216363992542	-0.150054570753127
11717	58.585	-0.0043216363992542	-0.15134424273856
11718	58.59	-0.0043216363992542	-0.15134424273856
11719	58.595	-0.0043216363992542	-0.15134424273856
11720	58.6	-0.0043216363992542	-0.15134424273856
11721	58.605	-0.0043216363992542	-0.15134424273856
11722	58.61	-0.0043216363992542	-0.15134424273856
11723	58.615	-0.0043216363992542	-0.15134424273856
11724	58.62	-0.0043216363992542	-0.15134424273856
11725	58.625	-0.0043216363992542	-0.15134424273856
11726	58.63	-0.0043216363992542	-0.15134424273856
11727	58.635	-0.0043216363992542	-0.152633914723992
11728	58.64	-0.0043216363992542	-0.152633914723992
11729	58.645	-0.0043216363992542	-0.152633914723992
11730	58.65	-0.0043216363992542	-0.152633914723992
11731	58.655	-0.0030319644138217	-0.152633914723992
11732	58.66	-0.0043216363992542	-0.152633914723992
11733	58.665	-0.0043216363992542	-0.152633914723992
11734	58.67	-0.0043216363992542	-0.152633914723992
11735	58.675	-0.0043216363992542	-0.152633914723992
11736	58.68	-0.0043216363992542	-0.152633914723992
11737	58.685	-0.0043216363992542	-0.153923586709425
11738	58.69	-0.0043216363992542	-0.152633914723992
11739	58.695	-0.0043216363992542	-0.152633914723992
11740	58.7	-0.0043216363992542	-0.152633914723992
11741	58.705	-0.0043216363992542	-0.152633914723992
11742	58.71	-0.0043216363992542	-0.153923586709425
11743	58.715	-0.0043216363992542	-0.153923586709425
11744	58.72	-0.0043216363992542	-0.153923586709425
11745	58.725	-0.0043216363992542	-0.152633914723992
11746	58.73	-0.0043216363992542	-0.153923586709425
11747	58.735	-0.0043216363992542	-0.153923586709425
11748	58.74	-0.0043216363992542	-0.153923586709425
11749	58.745	-0.0043216363992542	-0.153923586709425
11750	58.75	-0.0043216363992542	-0.153923586709425
11751	58.755	-0.0043216363992542	-0.153923586709425
11752	58.76	-0.0043216363992542	-0.153923586709425
11753	58.765	-0.0043216363992542	-0.153923586709425
11754	58.77	-0.0043216363992542	-0.153923586709425
11755	58.775	-0.0043216363992542	-0.153923586709425
11756	58.78	-0.0043216363992542	-0.153923586709425
11757	58.785	-0.0043216363992542	-0.153923586709425
11758	58.79	-0.00561130838468671	-0.153923586709425
11759	58.795	-0.0043216363992542	-0.153923586709425
11760	58.8	-0.0043216363992542	-0.155213258694857
11761	58.805	-0.0043216363992542	-0.155213258694857
11762	58.81	-0.0043216363992542	-0.155213258694857
11763	58.815	-0.0043216363992542	-0.155213258694857
11764	58.82	-0.0043216363992542	-0.155213258694857
11765	58.825	-0.0043216363992542	-0.15650293068029
11766	58.83	-0.0043216363992542	-0.155213258694857
11767	58.835	-0.0030319644138217	-0.155213258694857
11768	58.84	-0.0043216363992542	-0.15650293068029
11769	58.845	-0.0043216363992542	-0.155213258694857
11770	58.85	-0.0043216363992542	-0.155213258694857
11771	58.855	-0.0043216363992542	-0.15650293068029
11772	58.86	-0.0043216363992542	-0.15650293068029
11773	58.865	-0.0043216363992542	-0.155213258694857
11774	58.87	-0.0043216363992542	-0.15650293068029
11775	58.875	-0.0043216363992542	-0.155213258694857
11776	58.88	-0.0043216363992542	-0.15650293068029
11777	58.885	-0.0043216363992542	-0.155213258694857
11778	58.89	-0.0043216363992542	-0.15650293068029
11779	58.895	-0.0030319644138217	-0.15650293068029
11780	58.9	-0.0043216363992542	-0.15650293068029
11781	58.905	-0.0043216363992542	-0.15650293068029
11782	58.91	-0.0043216363992542	-0.15650293068029
11783	58.915	-0.0043216363992542	-0.157792602665722
11784	58.92	-0.0043216363992542	-0.15650293068029
11785	58.925	-0.0043216363992542	-0.15650293068029
11786	58.93	-0.0043216363992542	-0.15650293068029
11787	58.935	-0.0043216363992542	-0.15650293068029
11788	58.94	-0.0030319644138217	-0.157792602665722
11789	58.945	-0.0043216363992542	-0.157792602665722
11790	58.95	-0.0043216363992542	-0.157792602665722
11791	58.955	-0.0043216363992542	-0.157792602665722
11792	58.96	-0.0030319644138217	-0.157792602665722
11793	58.965	-0.0043216363992542	-0.157792602665722
11794	58.97	-0.0043216363992542	-0.159082274651155
11795	58.975	-0.0043216363992542	-0.157792602665722
11796	58.98	-0.0043216363992542	-0.159082274651155
11797	58.985	-0.0043216363992542	-0.157792602665722
11798	58.99	-0.0043216363992542	-0.159082274651155
11799	58.995	-0.0043216363992542	-0.159082274651155
11800	59	-0.0030319644138217	-0.159082274651155
11801	59.005	-0.0043216363992542	-0.159082274651155
11802	59.01	-0.0043216363992542	-0.159082274651155
11803	59.015	-0.0030319644138217	-0.159082274651155
11804	59.02	-0.0043216363992542	-0.159082274651155
11805	59.025	-0.0043216363992542	-0.159082274651155
11806	59.03	-0.0043216363992542	-0.159082274651155
11807	59.035	-0.00561130838468671	-0.160371946636587
11808	59.04	-0.0043216363992542	-0.159082274651155
11809	59.045	-0.0043216363992542	-0.160371946636587
11810	59.05	-0.00561130838468671	-0.160371946636587
11811	59.055	-0.0043216363992542	-0.160371946636587
11812	59.06	-0.0043216363992542	-0.160371946636587
11813	59.065	-0.0043216363992542	-0.160371946636587
11814	59.07	-0.0043216363992542	-0.160371946636587
11815	59.075	-0.0030319644138217	-0.16166161862202
11816	59.08	-0.0043216363992542	-0.160371946636587
11817	59.085	-0.0043216363992542	-0.160371946636587
11818	59.09	-0.0043216363992542	-0.160371946636587
11819	59.095	-0.0043216363992542	-0.16166161862202
11820	59.1	-0.0043216363992542	-0.16166161862202
11821	59.105	-0.0043216363992542	-0.16166161862202
11822	59.11	-0.0043216363992542	-0.16166161862202
11823	59.115	-0.0043216363992542	-0.16166161862202
11824	59.12	-0.0043216363992542	-0.16166161862202
11825	59.125	-0.0043216363992542	-0.16166161862202
11826	59.13	-0.0043216363992542	-0.16166161862202
11827	59.135	-0.0043216363992542	-0.162951290607452
11828	59.14	-0.0043216363992542	-0.16166161862202
11829	59.145	-0.0043216363992542	-0.162951290607452
11830	59.15	-0.0043216363992542	-0.162951290607452
11831	59.155	-0.0043216363992542	-0.162951290607452
11832	59.16	-0.0043216363992542	-0.162951290607452
11833	59.165	-0.0043216363992542	-0.162951290607452
11834	59.17	-0.0043216363992542	-0.164240962592885
11835	59.175	-0.0043216363992542	-0.164240962592885
11836	59.18	-0.00561130838468671	-0.162951290607452
11837	59.185	-0.0043216363992542	-0.162951290607452
11838	59.19	-0.0043216363992542	-0.164240962592885
11839	59.195	-0.0043216363992542	-0.164240962592885
11840	59.2	-0.0043216363992542	-0.162951290607452
11841	59.205	-0.0043216363992542	-0.164240962592885
11842	59.21	-0.0043216363992542	-0.164240962592885
11843	59.215	-0.0043216363992542	-0.164240962592885
11844	59.22	-0.0043216363992542	-0.164240962592885
11845	59.225	-0.0043216363992542	-0.164240962592885
11846	59.23	-0.0043216363992542	-0.165530634578317
11847	59.235	-0.0043216363992542	-0.164240962592885
11848	59.24	-0.0043216363992542	-0.164240962592885
11849	59.245	-0.0043216363992542	-0.165530634578317
11850	59.25	-0.0043216363992542	-0.165530634578317
11851	59.255	-0.0043216363992542	-0.165530634578317
11852	59.26	-0.0043216363992542	-0.165530634578317
11853	59.265	-0.0043216363992542	-0.165530634578317
11854	59.27	-0.0043216363992542	-0.165530634578317
11855	59.275	-0.0043216363992542	-0.165530634578317
11856	59.28	-0.0043216363992542	-0.165530634578317
11857	59.285	-0.0043216363992542	-0.165530634578317
11858	59.29	-0.0043216363992542	-0.16682030656375
11859	59.295	-0.0030319644138217	-0.165530634578317
11860	59.3	-0.0043216363992542	-0.16682030656375
11861	59.305	-0.0043216363992542	-0.16682030656375
11862	59.31	-0.0043216363992542	-0.16682030656375
11863	59.315	-0.0043216363992542	-0.16682030656375
11864	59.32	-0.0043216363992542	-0.16682030656375
11865	59.325	-0.0043216363992542	-0.168109978549182
11866	59.33	-0.0043216363992542	-0.16682030656375
11867	59.335	-0.0043216363992542	-0.16682030656375
11868	59.34	-0.0043216363992542	-0.168109978549182
11869	59.345	-0.0043216363992542	-0.16682030656375
11870	59.35	-0.00561130838468671	-0.168109978549182
11871	59.355	-0.0043216363992542	-0.168109978549182
11872	59.36	-0.0043216363992542	-0.168109978549182
11873	59.365	-0.0043216363992542	-0.168109978549182
11874	59.37	-0.0043216363992542	-0.168109978549182
11875	59.375	-0.0043216363992542	-0.168109978549182
11876	59.38	-0.0043216363992542	-0.168109978549182
11877	59.385	-0.0043216363992542	-0.169399650534615
11878	59.39	-0.0043216363992542	-0.169399650534615
11879	59.395	-0.0043216363992542	-0.169399650534615
11880	59.4	-0.0043216363992542	-0.169399650534615
11881	59.405	-0.0043216363992542	-0.169399650534615
11882	59.41	-0.0043216363992542	-0.168109978549182
11883	59.415	-0.0043216363992542	-0.169399650534615
11884	59.42	-0.0043216363992542	-0.169399650534615
11885	59.425	-0.0043216363992542	-0.169399650534615
11886	59.43	-0.0030319644138217	-0.170689322520047
11887	59.435	-0.0043216363992542	-0.170689322520047
11888	59.44	-0.0043216363992542	-0.169399650534615
11889	59.445	-0.0043216363992542	-0.170689322520047
11890	59.45	-0.0043216363992542	-0.170689322520047
11891	59.455	-0.0043216363992542	-0.170689322520047
11892	59.46	-0.0043216363992542	-0.169399650534615
11893	59.465	-0.0043216363992542	-0.170689322520047
11894	59.47	-0.0043216363992542	-0.170689322520047
11895	59.475	-0.0043216363992542	-0.170689322520047
11896	59.48	-0.0043216363992542	-0.17197899450548
11897	59.485	-0.0043216363992542	-0.17197899450548
11898	59.49	-0.0043216363992542	-0.17197899450548
11899	59.495	-0.0043216363992542	-0.17197899450548
11900	59.5	-0.0043216363992542	-0.170689322520047
11901	59.505	-0.0043216363992542	-0.17197899450548
11902	59.51	-0.0043216363992542	-0.17197899450548
11903	59.515	-0.0043216363992542	-0.17197899450548
11904	59.52	-0.0030319644138217	-0.17197899450548
11905	59.525	-0.0043216363992542	-0.17197899450548
11906	59.53	-0.0043216363992542	-0.17197899450548
11907	59.535	-0.0043216363992542	-0.17197899450548
11908	59.54	-0.0043216363992542	-0.17197899450548
11909	59.545	-0.0043216363992542	-0.173268666490912
11910	59.55	-0.0043216363992542	-0.173268666490912
11911	59.555	-0.0043216363992542	-0.173268666490912
11912	59.56	-0.0043216363992542	-0.173268666490912
11913	59.565	-0.0043216363992542	-0.173268666490912
11914	59.57	-0.0043216363992542	-0.173268666490912
11915	59.575	-0.0030319644138217	-0.173268666490912
11916	59.58	-0.0043216363992542	-0.173268666490912
11917	59.585	-0.0043216363992542	-0.174558338476345
11918	59.59	-0.0043216363992542	-0.173268666490912
11919	59.595	-0.0043216363992542	-0.174558338476345
11920	59.6	-0.0043216363992542	-0.173268666490912
11921	59.605	-0.0043216363992542	-0.173268666490912
11922	59.61	-0.0043216363992542	-0.174558338476345
11923	59.615	-0.0043216363992542	-0.174558338476345
11924	59.62	-0.0043216363992542	-0.174558338476345
11925	59.625	-0.0043216363992542	-0.174558338476345
11926	59.63	-0.0030319644138217	-0.174558338476345
11927	59.635	-0.0043216363992542	-0.174558338476345
11928	59.64	-0.0043216363992542	-0.174558338476345
11929	59.645	-0.0043216363992542	-0.175848010461777
11930	59.65	-0.0043216363992542	-0.175848010461777
11931	59.655	-0.0043216363992542	-0.174558338476345
11932	59.66	-0.0043216363992542	-0.175848010461777
11933	59.665	-0.0043216363992542	-0.175848010461777
11934	59.67	-0.0043216363992542	-0.174558338476345
11935	59.675	-0.0043216363992542	-0.175848010461777
11936	59.68	-0.0043216363992542	-0.175848010461777
11937	59.685	-0.0043216363992542	-0.175848010461777
11938	59.69	-0.0030319644138217	-0.175848010461777
11939	59.695	-0.0043216363992542	-0.17713768244721
11940	59.7	-0.0030319644138217	-0.175848010461777
11941	59.705	-0.0043216363992542	-0.175848010461777
11942	59.71	-0.0043216363992542	-0.17713768244721
11943	59.715	-0.0043216363992542	-0.17713768244721
11944	59.72	-0.0043216363992542	-0.17713768244721
11945	59.725	-0.0043216363992542	-0.17713768244721
11946	59.73	-0.0043216363992542	-0.17713768244721
11947	59.735	-0.0043216363992542	-0.17713768244721
11948	59.74	-0.0043216363992542	-0.17713768244721
11949	59.745	-0.0043216363992542	-0.17713768244721
11950	59.75	-0.0043216363992542	-0.17713768244721
11951	59.755	-0.0043216363992542	-0.178427354432642
11952	59.76	-0.0043216363992542	-0.178427354432642
11953	59.765	-0.0043216363992542	-0.178427354432642
11954	59.77	-0.0043216363992542	-0.178427354432642
11955	59.775	-0.0043216363992542	-0.178427354432642
11956	59.78	-0.0043216363992542	-0.178427354432642
11957	59.785	-0.0043216363992542	-0.178427354432642
11958	59.79	-0.0043216363992542	-0.178427354432642
11959	59.795	-0.0043216363992542	-0.178427354432642
11960	59.8	-0.0030319644138217	-0.178427354432642
11961	59.805	-0.0043216363992542	-0.179717026418075
11962	59.81	-0.0043216363992542	-0.179717026418075
11963	59.815	-0.0043216363992542	-0.179717026418075
11964	59.82	-0.0043216363992542	-0.179717026418075
11965	59.825	-0.0043216363992542	-0.179717026418075
11966	59.83	-0.0043216363992542	-0.179717026418075
11967	59.835	-0.0043216363992542	-0.179717026418075
11968	59.84	-0.0043216363992542	-0.178427354432642
11969	59.845	-0.0043216363992542	-0.179717026418075
11970	59.85	-0.0043216363992542	-0.179717026418075
11971	59.855	-0.0043216363992542	-0.179717026418075
11972	59.86	-0.0043216363992542	-0.179717026418075
11973	59.865	-0.0043216363992542	-0.181006698403507
11974	59.87	-0.0043216363992542	-0.181006698403507
11975	59.875	-0.0043216363992542	-0.181006698403507
11976	59.88	-0.0043216363992542	-0.179717026418075
11977	59.885	-0.0043216363992542	-0.181006698403507
11978	59.89	-0.0043216363992542	-0.181006698403507
11979	59.895	-0.0043216363992542	-0.181006698403507
11980	59.9	-0.0043216363992542	-0.181006698403507
11981	59.905	-0.0043216363992542	-0.181006698403507
11982	59.91	-0.0043216363992542	-0.181006698403507
11983	59.915	-0.0043216363992542	-0.181006698403507
11984	59.92	-0.0043216363992542	-0.181006698403507
11985	59.925	-0.0043216363992542	-0.181006698403507
11986	59.93	-0.0043216363992542	-0.181006698403507
11987	59.935	-0.0043216363992542	-0.181006698403507
11988	59.94	-0.0043216363992542	-0.181006698403507
11989	59.945	-0.0043216363992542	-0.181006698403507
11990	59.95	-0.0043216363992542	-0.18229637038894
11991	59.955	-0.0043216363992542	-0.18229637038894
11992	59.96	-0.0043216363992542	-0.181006698403507
11993	59.965	-0.0043216363992542	-0.18229637038894
11994	59.97	-0.0043216363992542	-0.18229637038894
11995	59.975	-0.0043216363992542	-0.18229637038894
11996	59.98	-0.0043216363992542	-0.18229637038894
11997	59.985	-0.0043216363992542	-0.18229637038894
11998	59.99	-0.0043216363992542	-0.18229637038894
11999	59.995	-0.0030319644138217	-0.18229637038894
12000	60	-0.0043216363992542	-0.183586042374372
12001	60.005	-0.0043216363992542	-0.183586042374372
12002	60.01	-0.0043216363992542	-0.183586042374372
12003	60.015	-0.0043216363992542	-0.183586042374372
12004	60.02	-0.0043216363992542	-0.183586042374372
12005	60.025	-0.0043216363992542	-0.18229637038894
12006	60.03	-0.0043216363992542	-0.183586042374372
12007	60.035	-0.0043216363992542	-0.183586042374372
12008	60.04	-0.0043216363992542	-0.183586042374372
12009	60.045	-0.0043216363992542	-0.183586042374372
12010	60.05	-0.0043216363992542	-0.183586042374372
12011	60.055	-0.0043216363992542	-0.183586042374372
12012	60.06	-0.0043216363992542	-0.183586042374372
12013	60.065	-0.0043216363992542	-0.184875714359805
12014	60.07	-0.0043216363992542	-0.184875714359805
12015	60.075	-0.0043216363992542	-0.184875714359805
12016	60.08	-0.0043216363992542	-0.183586042374372
12017	60.085	-0.0043216363992542	-0.184875714359805
12018	60.09	-0.0043216363992542	-0.184875714359805
12019	60.095	-0.00561130838468671	-0.186165386345237
12020	60.1	-0.0043216363992542	-0.184875714359805
12021	60.105	-0.0043216363992542	-0.184875714359805
12022	60.11	-0.0030319644138217	-0.184875714359805
12023	60.115	-0.0043216363992542	-0.186165386345237
12024	60.12	-0.0043216363992542	-0.184875714359805
12025	60.125	-0.0043216363992542	-0.186165386345237
12026	60.13	-0.0043216363992542	-0.184875714359805
12027	60.135	-0.0043216363992542	-0.186165386345237
12028	60.14	-0.0043216363992542	-0.186165386345237
12029	60.145	-0.0043216363992542	-0.186165386345237
12030	60.15	-0.0043216363992542	-0.186165386345237
12031	60.155	-0.0043216363992542	-0.186165386345237
12032	60.16	-0.0043216363992542	-0.186165386345237
12033	60.165	-0.0043216363992542	-0.186165386345237
12034	60.17	-0.0043216363992542	-0.186165386345237
12035	60.175	-0.0043216363992542	-0.18745505833067
12036	60.18	-0.0043216363992542	-0.186165386345237
12037	60.185	-0.0043216363992542	-0.18745505833067
12038	60.19	-0.00561130838468671	-0.18745505833067
12039	60.195	-0.0043216363992542	-0.18745505833067
12040	60.2	-0.0043216363992542	-0.18745505833067
12041	60.205	-0.0030319644138217	-0.18745505833067
12042	60.21	-0.0043216363992542	-0.18745505833067
12043	60.215	-0.0043216363992542	-0.18745505833067
12044	60.22	-0.0043216363992542	-0.18745505833067
12045	60.225	-0.0043216363992542	-0.18745505833067
12046	60.23	-0.0043216363992542	-0.188744730316103
12047	60.235	-0.0043216363992542	-0.18745505833067
12048	60.24	-0.0043216363992542	-0.188744730316103
12049	60.245	-0.0043216363992542	-0.188744730316103
12050	60.25	-0.0043216363992542	-0.188744730316103
12051	60.255	-0.0043216363992542	-0.188744730316103
12052	60.26	-0.0043216363992542	-0.188744730316103
12053	60.265	-0.00561130838468671	-0.188744730316103
12054	60.27	-0.0043216363992542	-0.188744730316103
12055	60.275	-0.0043216363992542	-0.188744730316103
12056	60.28	-0.0043216363992542	-0.188744730316103
12057	60.285	-0.0043216363992542	-0.188744730316103
12058	60.29	-0.0043216363992542	-0.190034402301535
12059	60.295	-0.0043216363992542	-0.188744730316103
12060	60.3	-0.0043216363992542	-0.190034402301535
12061	60.305	-0.0043216363992542	-0.188744730316103
12062	60.31	-0.0043216363992542	-0.190034402301535
12063	60.315	-0.00561130838468671	-0.190034402301535
12064	60.32	-0.0043216363992542	-0.190034402301535
12065	60.325	-0.0043216363992542	-0.190034402301535
12066	60.33	-0.0043216363992542	-0.190034402301535
12067	60.335	-0.0043216363992542	-0.190034402301535
12068	60.34	-0.0043216363992542	-0.190034402301535
12069	60.345	-0.0043216363992542	-0.190034402301535
12070	60.35	-0.0043216363992542	-0.190034402301535
12071	60.355	-0.0043216363992542	-0.190034402301535
12072	60.36	-0.0043216363992542	-0.190034402301535
12073	60.365	-0.0043216363992542	-0.191324074286968
12074	60.37	-0.0043216363992542	-0.191324074286968
12075	60.375	-0.0043216363992542	-0.191324074286968
12076	60.38	-0.0043216363992542	-0.190034402301535
12077	60.385	-0.0043216363992542	-0.190034402301535
12078	60.39	-0.0043216363992542	-0.191324074286968
12079	60.395	-0.0043216363992542	-0.191324074286968
12080	60.4	-0.0043216363992542	-0.191324074286968
12081	60.405	-0.0043216363992542	-0.191324074286968
12082	60.41	-0.00561130838468671	-0.191324074286968
12083	60.415	-0.0043216363992542	-0.191324074286968
12084	60.42	-0.0043216363992542	-0.1926137462724
12085	60.425	-0.00561130838468671	-0.1926137462724
12086	60.43	-0.0043216363992542	-0.1926137462724
12087	60.435	-0.0043216363992542	-0.1926137462724
12088	60.44	-0.0043216363992542	-0.1926137462724
12089	60.445	-0.0043216363992542	-0.1926137462724
12090	60.45	-0.0043216363992542	-0.1926137462724
12091	60.455	-0.0043216363992542	-0.1926137462724
12092	60.46	-0.00561130838468671	-0.1926137462724
12093	60.465	-0.0043216363992542	-0.1926137462724
12094	60.47	-0.0043216363992542	-0.193903418257833
12095	60.475	-0.0043216363992542	-0.1926137462724
12096	60.48	-0.0043216363992542	-0.1926137462724
12097	60.485	-0.0043216363992542	-0.193903418257833
12098	60.49	-0.00561130838468671	-0.193903418257833
12099	60.495	-0.0043216363992542	-0.1926137462724
12100	60.5	-0.0043216363992542	-0.193903418257833
12101	60.505	-0.0043216363992542	-0.193903418257833
12102	60.51	-0.0043216363992542	-0.193903418257833
12103	60.515	-0.0043216363992542	-0.193903418257833
12104	60.52	-0.00561130838468671	-0.193903418257833
12105	60.525	-0.00561130838468671	-0.193903418257833
12106	60.53	-0.0043216363992542	-0.195193090243265
12107	60.535	-0.0043216363992542	-0.195193090243265
12108	60.54	-0.0043216363992542	-0.193903418257833
12109	60.545	-0.0043216363992542	-0.195193090243265
12110	60.55	-0.0043216363992542	-0.195193090243265
12111	60.555	-0.0043216363992542	-0.195193090243265
12112	60.56	-0.0043216363992542	-0.195193090243265
12113	60.565	-0.0043216363992542	-0.195193090243265
12114	60.57	-0.0043216363992542	-0.195193090243265
12115	60.575	-0.0043216363992542	-0.195193090243265
12116	60.58	-0.0043216363992542	-0.195193090243265
12117	60.585	-0.0043216363992542	-0.195193090243265
12118	60.59	-0.0043216363992542	-0.195193090243265
12119	60.595	-0.0043216363992542	-0.195193090243265
12120	60.6	-0.0043216363992542	-0.196482762228698
12121	60.605	-0.00561130838468671	-0.196482762228698
12122	60.61	-0.0043216363992542	-0.196482762228698
12123	60.615	-0.00561130838468671	-0.196482762228698
12124	60.62	-0.00561130838468671	-0.196482762228698
12125	60.625	-0.00561130838468671	-0.196482762228698
12126	60.63	-0.0043216363992542	-0.196482762228698
12127	60.635	-0.0043216363992542	-0.196482762228698
12128	60.64	-0.0043216363992542	-0.19777243421413
12129	60.645	-0.00561130838468671	-0.19777243421413
12130	60.65	-0.00561130838468671	-0.196482762228698
12131	60.655	-0.0043216363992542	-0.196482762228698
12132	60.66	-0.00561130838468671	-0.19777243421413
12133	60.665	-0.00561130838468671	-0.19777243421413
12134	60.67	-0.00561130838468671	-0.19777243421413
12135	60.675	-0.0043216363992542	-0.19777243421413
12136	60.68	-0.0043216363992542	-0.19777243421413
12137	60.685	-0.00561130838468671	-0.19777243421413
12138	60.69	-0.0043216363992542	-0.19777243421413
12139	60.695	-0.0043216363992542	-0.19777243421413
12140	60.7	-0.0043216363992542	-0.19777243421413
12141	60.705	-0.00561130838468671	-0.19777243421413
12142	60.71	-0.00561130838468671	-0.19777243421413
12143	60.715	-0.0043216363992542	-0.199062106199563
12144	60.72	-0.00561130838468671	-0.19777243421413
12145	60.725	-0.00561130838468671	-0.19777243421413
12146	60.73	-0.0043216363992542	-0.19777243421413
12147	60.735	-0.00561130838468671	-0.199062106199563
12148	60.74	-0.0043216363992542	-0.199062106199563
12149	60.745	-0.0043216363992542	-0.19777243421413
12150	60.75	-0.0043216363992542	-0.199062106199563
12151	60.755	-0.0043216363992542	-0.199062106199563
12152	60.76	-0.0043216363992542	-0.199062106199563
12153	60.765	-0.0043216363992542	-0.199062106199563
12154	60.77	-0.00561130838468671	-0.199062106199563
12155	60.775	-0.0043216363992542	-0.199062106199563
12156	60.78	-0.00561130838468671	-0.199062106199563
12157	60.785	-0.00561130838468671	-0.200351778184995
12158	60.79	-0.00561130838468671	-0.200351778184995
12159	60.795	-0.00561130838468671	-0.200351778184995
12160	60.8	-0.00561130838468671	-0.199062106199563
12161	60.805	-0.00561130838468671	-0.200351778184995
12162	60.81	-0.00561130838468671	-0.200351778184995
12163	60.815	-0.0043216363992542	-0.200351778184995
12164	60.82	-0.0043216363992542	-0.200351778184995
12165	60.825	-0.00561130838468671	-0.200351778184995
12166	60.83	-0.00561130838468671	-0.200351778184995
12167	60.835	-0.00561130838468671	-0.200351778184995
12168	60.84	-0.00561130838468671	-0.200351778184995
12169	60.845	-0.00561130838468671	-0.201641450170428
12170	60.85	-0.0043216363992542	-0.201641450170428
12171	60.855	-0.0043216363992542	-0.200351778184995
12172	60.86	-0.00561130838468671	-0.201641450170428
12173	60.865	-0.00561130838468671	-0.200351778184995
12174	60.87	-0.00561130838468671	-0.201641450170428
12175	60.875	-0.00561130838468671	-0.201641450170428
12176	60.88	-0.00561130838468671	-0.201641450170428
12177	60.885	-0.00561130838468671	-0.201641450170428
12178	60.89	-0.00561130838468671	-0.201641450170428
12179	60.895	-0.00561130838468671	-0.201641450170428
12180	60.9	-0.0043216363992542	-0.20293112215586
12181	60.905	-0.00561130838468671	-0.20293112215586
12182	60.91	-0.00561130838468671	-0.201641450170428
12183	60.915	-0.00561130838468671	-0.20293112215586
12184	60.92	-0.00561130838468671	-0.20293112215586
12185	60.925	-0.00561130838468671	-0.20293112215586
12186	60.93	-0.0043216363992542	-0.20293112215586
12187	60.935	-0.00561130838468671	-0.20293112215586
12188	60.94	-0.00561130838468671	-0.20293112215586
12189	60.945	-0.00561130838468671	-0.20293112215586
12190	60.95	-0.00561130838468671	-0.20293112215586
12191	60.955	-0.00561130838468671	-0.20293112215586
12192	60.96	-0.00561130838468671	-0.20293112215586
12193	60.965	-0.00561130838468671	-0.20293112215586
12194	60.97	-0.00561130838468671	-0.204220794141293
12195	60.975	-0.00561130838468671	-0.204220794141293
12196	60.98	-0.00561130838468671	-0.204220794141293
12197	60.985	-0.00561130838468671	-0.204220794141293
12198	60.99	-0.00561130838468671	-0.20293112215586
12199	60.995	-0.0043216363992542	-0.20293112215586
12200	61	-0.00561130838468671	-0.204220794141293
12201	61.005	-0.00561130838468671	-0.205510466126725
12202	61.01	-0.00561130838468671	-0.204220794141293
12203	61.015	-0.00561130838468671	-0.204220794141293
12204	61.02	-0.00561130838468671	-0.205510466126725
12205	61.025	-0.00561130838468671	-0.205510466126725
12206	61.03	-0.00561130838468671	-0.205510466126725
12207	61.035	-0.00561130838468671	-0.205510466126725
12208	61.04	-0.00561130838468671	-0.205510466126725
12209	61.045	-0.00561130838468671	-0.204220794141293
12210	61.05	-0.00561130838468671	-0.205510466126725
12211	61.055	-0.00561130838468671	-0.205510466126725
12212	61.06	-0.00561130838468671	-0.205510466126725
12213	61.065	-0.00561130838468671	-0.205510466126725
12214	61.07	-0.00690098037011921	-0.205510466126725
12215	61.075	-0.00561130838468671	-0.205510466126725
12216	61.08	-0.00561130838468671	-0.206800138112158
12217	61.085	-0.00690098037011921	-0.205510466126725
12218	61.09	-0.00561130838468671	-0.206800138112158
12219	61.095	-0.00561130838468671	-0.205510466126725
12220	61.1	-0.00690098037011921	-0.206800138112158
12221	61.105	-0.00561130838468671	-0.206800138112158
12222	61.11	-0.00690098037011921	-0.206800138112158
12223	61.115	-0.00690098037011921	-0.206800138112158
12224	61.12	-0.00561130838468671	-0.206800138112158
12225	61.125	-0.00690098037011921	-0.206800138112158
12226	61.13	-0.00561130838468671	-0.206800138112158
12227	61.135	-0.00561130838468671	-0.206800138112158
12228	61.14	-0.00561130838468671	-0.206800138112158
12229	61.145	-0.00561130838468671	-0.206800138112158
12230	61.15	-0.00690098037011921	-0.206800138112158
12231	61.155	-0.00690098037011921	-0.206800138112158
12232	61.16	-0.00690098037011921	-0.20808981009759
12233	61.165	-0.00690098037011921	-0.20808981009759
12234	61.17	-0.00690098037011921	-0.20808981009759
12235	61.175	-0.00561130838468671	-0.20808981009759
12236	61.18	-0.00561130838468671	-0.20808981009759
12237	61.185	-0.00690098037011921	-0.20808981009759
12238	61.19	-0.00690098037011921	-0.20808981009759
12239	61.195	-0.00690098037011921	-0.20808981009759
12240	61.2	-0.00690098037011921	-0.20808981009759
12241	61.205	-0.00690098037011921	-0.20808981009759
12242	61.21	-0.00690098037011921	-0.20808981009759
12243	61.215	-0.00819065235555172	-0.209379482083023
12244	61.22	-0.00819065235555172	-0.20808981009759
12245	61.225	-0.00690098037011921	-0.20808981009759
12246	61.23	-0.00819065235555172	-0.20808981009759
12247	61.235	-0.00819065235555172	-0.20808981009759
12248	61.24	-0.00690098037011921	-0.20808981009759
12249	61.245	-0.00690098037011921	-0.209379482083023
12250	61.25	-0.00690098037011921	-0.209379482083023
12251	61.255	-0.00690098037011921	-0.209379482083023
12252	61.26	-0.00819065235555172	-0.209379482083023
12253	61.265	-0.00819065235555172	-0.209379482083023
12254	61.27	-0.00819065235555172	-0.210669154068455
12255	61.275	-0.00819065235555172	-0.210669154068455
12256	61.28	-0.00819065235555172	-0.209379482083023
12257	61.285	-0.00819065235555172	-0.209379482083023
12258	61.29	-0.00819065235555172	-0.210669154068455
12259	61.295	-0.00690098037011921	-0.210669154068455
12260	61.3	-0.00819065235555172	-0.210669154068455
12261	61.305	-0.00819065235555172	-0.210669154068455
12262	61.31	-0.00819065235555172	-0.210669154068455
12263	61.315	-0.00819065235555172	-0.210669154068455
12264	61.32	-0.00819065235555172	-0.210669154068455
12265	61.325	-0.00819065235555172	-0.211958826053888
12266	61.33	-0.00819065235555172	-0.210669154068455
12267	61.335	-0.00819065235555172	-0.210669154068455
12268	61.34	-0.00819065235555172	-0.210669154068455
12269	61.345	-0.00819065235555172	-0.211958826053888
12270	61.35	-0.00819065235555172	-0.211958826053888
12271	61.355	-0.00819065235555172	-0.211958826053888
12272	61.36	-0.00948032434098423	-0.211958826053888
12273	61.365	-0.00819065235555172	-0.211958826053888
12274	61.37	-0.00948032434098423	-0.211958826053888
12275	61.375	-0.00948032434098423	-0.211958826053888
12276	61.38	-0.00948032434098423	-0.211958826053888
12277	61.385	-0.0107699963264167	-0.211958826053888
12278	61.39	-0.00948032434098423	-0.211958826053888
12279	61.395	-0.00948032434098423	-0.211958826053888
12280	61.4	-0.00948032434098423	-0.211958826053888
12281	61.405	-0.00948032434098423	-0.21324849803932
12282	61.41	-0.0107699963264167	-0.211958826053888
12283	61.415	-0.0107699963264167	-0.21324849803932
12284	61.42	-0.0107699963264167	-0.21324849803932
12285	61.425	-0.00948032434098423	-0.21324849803932
12286	61.43	-0.00948032434098423	-0.21324849803932
12287	61.435	-0.00948032434098423	-0.21324849803932
12288	61.44	-0.0107699963264167	-0.21324849803932
12289	61.445	-0.0107699963264167	-0.21324849803932
12290	61.45	-0.0120596683118492	-0.214538170024753
12291	61.455	-0.0120596683118492	-0.21324849803932
12292	61.46	-0.00948032434098423	-0.21324849803932
12293	61.465	-0.0107699963264167	-0.214538170024753
12294	61.47	-0.00948032434098423	-0.214538170024753
12295	61.475	-0.0120596683118492	-0.214538170024753
12296	61.48	-0.0120596683118492	-0.21324849803932
12297	61.485	-0.0120596683118492	-0.214538170024753
12298	61.49	-0.0120596683118492	-0.214538170024753
12299	61.495	-0.0107699963264167	-0.214538170024753
12300	61.5	-0.0107699963264167	-0.214538170024753
12301	61.505	-0.0120596683118492	-0.214538170024753
12302	61.51	-0.00948032434098423	-0.214538170024753
12303	61.515	-0.0107699963264167	-0.214538170024753
12304	61.52	-0.0120596683118492	-0.214538170024753
12305	61.525	-0.0120596683118492	-0.214538170024753
12306	61.53	-0.00948032434098423	-0.215827842010185
12307	61.535	-0.0107699963264167	-0.214538170024753
12308	61.54	-0.0120596683118492	-0.215827842010185
12309	61.545	-0.00948032434098423	-0.215827842010185
12310	61.55	-0.0120596683118492	-0.215827842010185
12311	61.555	-0.0120596683118492	-0.215827842010185
12312	61.56	-0.0120596683118492	-0.215827842010185
12313	61.565	-0.00948032434098423	-0.217117513995618
12314	61.57	-0.00948032434098423	-0.217117513995618
12315	61.575	-0.0107699963264167	-0.215827842010185
12316	61.58	-0.00948032434098423	-0.215827842010185
12317	61.585	-0.00819065235555172	-0.217117513995618
12318	61.59	-0.0120596683118492	-0.217117513995618
12319	61.595	-0.0107699963264167	-0.217117513995618
12320	61.6	-0.0107699963264167	-0.217117513995618
12321	61.605	-0.00819065235555172	-0.217117513995618
12322	61.61	-0.00948032434098423	-0.217117513995618
12323	61.615	-0.00948032434098423	-0.217117513995618
12324	61.62	-0.00948032434098423	-0.21840718598105
12325	61.625	-0.00819065235555172	-0.217117513995618
12326	61.63	-0.00948032434098423	-0.21840718598105
12327	61.635	-0.00819065235555172	-0.21840718598105
12328	61.64	-0.00819065235555172	-0.21840718598105
12329	61.645	-0.00819065235555172	-0.21840718598105
12330	61.65	-0.00819065235555172	-0.21840718598105
12331	61.655	-0.00690098037011921	-0.21840718598105
12332	61.66	-0.00819065235555172	-0.21840718598105
12333	61.665	-0.00561130838468671	-0.219696857966483
12334	61.67	-0.00561130838468671	-0.21840718598105
12335	61.675	-0.00690098037011921	-0.219696857966483
12336	61.68	-0.00690098037011921	-0.219696857966483
12337	61.685	-0.00690098037011921	-0.21840718598105
12338	61.69	-0.00690098037011921	-0.219696857966483
12339	61.695	-0.0043216363992542	-0.219696857966483
12340	61.7	-0.00690098037011921	-0.219696857966483
12341	61.705	-0.00561130838468671	-0.219696857966483
12342	61.71	-0.00561130838468671	-0.219696857966483
12343	61.715	-0.00561130838468671	-0.219696857966483
12344	61.72	-0.0043216363992542	-0.219696857966483
12345	61.725	-0.00561130838468671	-0.220986529951915
12346	61.73	-0.00561130838468671	-0.220986529951915
12347	61.735	-0.00561130838468671	-0.220986529951915
12348	61.74	-0.00561130838468671	-0.220986529951915
12349	61.745	-0.00561130838468671	-0.220986529951915
12350	61.75	-0.0043216363992542	-0.220986529951915
12351	61.755	-0.00561130838468671	-0.220986529951915
12352	61.76	-0.0043216363992542	-0.220986529951915
12353	61.765	-0.0043216363992542	-0.222276201937348
12354	61.77	-0.00561130838468671	-0.222276201937348
12355	61.775	-0.00561130838468671	-0.222276201937348
12356	61.78	-0.00561130838468671	-0.222276201937348
12357	61.785	-0.0043216363992542	-0.222276201937348
12358	61.79	-0.0043216363992542	-0.222276201937348
12359	61.795	-0.0043216363992542	-0.222276201937348
12360	61.8	-0.00561130838468671	-0.222276201937348
12361	61.805	-0.0043216363992542	-0.222276201937348
12362	61.81	-0.0043216363992542	-0.22356587392278
12363	61.815	-0.0043216363992542	-0.22356587392278
12364	61.82	-0.0043216363992542	-0.22356587392278
12365	61.825	-0.0030319644138217	-0.22356587392278
12366	61.83	-0.0043216363992542	-0.22356587392278
12367	61.835	-0.0043216363992542	-0.22356587392278
12368	61.84	-0.0043216363992542	-0.22356587392278
12369	61.845	-0.0043216363992542	-0.224855545908213
12370	61.85	-0.0043216363992542	-0.224855545908213
12371	61.855	-0.0043216363992542	-0.22356587392278
12372	61.86	-0.0043216363992542	-0.224855545908213
12373	61.865	-0.0043216363992542	-0.224855545908213
12374	61.87	-0.0043216363992542	-0.224855545908213
12375	61.875	-0.0043216363992542	-0.224855545908213
12376	61.88	-0.0043216363992542	-0.224855545908213
12377	61.885	-0.0043216363992542	-0.226145217893645
12378	61.89	-0.0043216363992542	-0.226145217893645
12379	61.895	-0.0043216363992542	-0.226145217893645
12380	61.9	-0.0043216363992542	-0.226145217893645
12381	61.905	-0.0043216363992542	-0.226145217893645
12382	61.91	-0.0043216363992542	-0.226145217893645
12383	61.915	-0.0043216363992542	-0.226145217893645
12384	61.92	-0.0043216363992542	-0.227434889879078
12385	61.925	-0.00561130838468671	-0.227434889879078
12386	61.93	-0.0043216363992542	-0.227434889879078
12387	61.935	-0.0043216363992542	-0.227434889879078
12388	61.94	-0.0043216363992542	-0.226145217893645
12389	61.945	-0.00561130838468671	-0.227434889879078
12390	61.95	-0.0043216363992542	-0.227434889879078
12391	61.955	-0.0043216363992542	-0.227434889879078
12392	61.96	-0.0043216363992542	-0.227434889879078
12393	61.965	-0.0043216363992542	-0.227434889879078
12394	61.97	-0.0043216363992542	-0.22872456186451
12395	61.975	-0.0043216363992542	-0.227434889879078
12396	61.98	-0.0043216363992542	-0.227434889879078
12397	61.985	-0.0043216363992542	-0.22872456186451
12398	61.99	-0.0043216363992542	-0.22872456186451
12399	61.995	-0.0043216363992542	-0.22872456186451
12400	62	-0.0043216363992542	-0.22872456186451
12401	62.005	-0.00561130838468671	-0.22872456186451
12402	62.01	-0.0043216363992542	-0.22872456186451
12403	62.015	-0.0030319644138217	-0.230014233849943
12404	62.02	-0.0043216363992542	-0.22872456186451
12405	62.025	-0.0043216363992542	-0.230014233849943
12406	62.03	-0.0043216363992542	-0.230014233849943
12407	62.035	-0.0043216363992542	-0.230014233849943
12408	62.04	-0.0043216363992542	-0.230014233849943
12409	62.045	-0.0043216363992542	-0.230014233849943
12410	62.05	-0.0043216363992542	-0.230014233849943
12411	62.055	-0.0043216363992542	-0.230014233849943
12412	62.06	-0.0043216363992542	-0.230014233849943
12413	62.065	-0.0043216363992542	-0.231303905835375
12414	62.07	-0.0043216363992542	-0.230014233849943
12415	62.075	-0.0043216363992542	-0.230014233849943
12416	62.08	-0.0043216363992542	-0.231303905835375
12417	62.085	-0.0043216363992542	-0.231303905835375
12418	62.09	-0.0043216363992542	-0.231303905835375
12419	62.095	-0.0043216363992542	-0.231303905835375
12420	62.1	-0.0043216363992542	-0.231303905835375
12421	62.105	-0.0043216363992542	-0.231303905835375
12422	62.11	-0.0043216363992542	-0.231303905835375
12423	62.115	-0.0043216363992542	-0.231303905835375
12424	62.12	-0.0043216363992542	-0.231303905835375
12425	62.125	-0.0043216363992542	-0.231303905835375
12426	62.13	-0.0043216363992542	-0.232593577820808
12427	62.135	-0.0030319644138217	-0.232593577820808
12428	62.14	-0.0043216363992542	-0.232593577820808
12429	62.145	-0.0043216363992542	-0.231303905835375
12430	62.15	-0.0043216363992542	-0.232593577820808
12431	62.155	-0.0043216363992542	-0.232593577820808
12432	62.16	-0.00561130838468671	-0.232593577820808
12433	62.165	-0.0043216363992542	-0.232593577820808
12434	62.17	-0.0043216363992542	-0.232593577820808
12435	62.175	-0.0043216363992542	-0.232593577820808
12436	62.18	-0.0043216363992542	-0.23388324980624
12437	62.185	-0.00561130838468671	-0.23388324980624
12438	62.19	-0.00561130838468671	-0.232593577820808
12439	62.195	-0.0043216363992542	-0.23388324980624
12440	62.2	-0.0043216363992542	-0.23388324980624
12441	62.205	-0.00561130838468671	-0.23388324980624
12442	62.21	-0.0043216363992542	-0.23388324980624
12443	62.215	-0.0043216363992542	-0.23388324980624
12444	62.22	-0.0043216363992542	-0.23388324980624
12445	62.225	-0.00561130838468671	-0.23388324980624
12446	62.23	-0.00561130838468671	-0.235172921791673
12447	62.235	-0.0043216363992542	-0.23388324980624
12448	62.24	-0.0043216363992542	-0.23388324980624
12449	62.245	-0.00561130838468671	-0.235172921791673
12450	62.25	-0.0043216363992542	-0.23388324980624
12451	62.255	-0.0043216363992542	-0.23388324980624
12452	62.26	-0.0043216363992542	-0.235172921791673
12453	62.265	-0.0043216363992542	-0.235172921791673
12454	62.27	-0.0043216363992542	-0.235172921791673
12455	62.275	-0.0043216363992542	-0.235172921791673
12456	62.28	-0.00561130838468671	-0.235172921791673
12457	62.285	-0.00561130838468671	-0.235172921791673
12458	62.29	-0.0043216363992542	-0.235172921791673
12459	62.295	-0.0043216363992542	-0.235172921791673
12460	62.3	-0.0043216363992542	-0.236462593777105
12461	62.305	-0.0043216363992542	-0.236462593777105
12462	62.31	-0.0043216363992542	-0.236462593777105
12463	62.315	-0.0043216363992542	-0.236462593777105
12464	62.32	-0.0043216363992542	-0.236462593777105
12465	62.325	-0.0043216363992542	-0.236462593777105
12466	62.33	-0.00561130838468671	-0.236462593777105
12467	62.335	-0.0043216363992542	-0.236462593777105
12468	62.34	-0.0043216363992542	-0.236462593777105
12469	62.345	-0.00561130838468671	-0.236462593777105
12470	62.35	-0.0043216363992542	-0.236462593777105
12471	62.355	-0.0043216363992542	-0.237752265762538
12472	62.36	-0.0043216363992542	-0.236462593777105
12473	62.365	-0.00561130838468671	-0.237752265762538
12474	62.37	-0.0043216363992542	-0.236462593777105
12475	62.375	-0.00561130838468671	-0.237752265762538
12476	62.38	-0.0043216363992542	-0.237752265762538
12477	62.385	-0.0043216363992542	-0.237752265762538
12478	62.39	-0.0043216363992542	-0.237752265762538
12479	62.395	-0.0043216363992542	-0.237752265762538
12480	62.4	-0.0043216363992542	-0.237752265762538
12481	62.405	-0.0043216363992542	-0.23904193774797
12482	62.41	-0.00561130838468671	-0.237752265762538
12483	62.415	-0.0043216363992542	-0.23904193774797
12484	62.42	-0.0043216363992542	-0.23904193774797
12485	62.425	-0.00561130838468671	-0.237752265762538
12486	62.43	-0.00561130838468671	-0.23904193774797
12487	62.435	-0.00561130838468671	-0.23904193774797
12488	62.44	-0.00561130838468671	-0.237752265762538
12489	62.445	-0.00561130838468671	-0.23904193774797
12490	62.45	-0.0043216363992542	-0.237752265762538
12491	62.455	-0.0043216363992542	-0.23904193774797
12492	62.46	-0.0043216363992542	-0.23904193774797
12493	62.465	-0.0043216363992542	-0.23904193774797
12494	62.47	-0.0043216363992542	-0.23904193774797
12495	62.475	-0.00561130838468671	-0.240331609733403
12496	62.48	-0.0043216363992542	-0.23904193774797
12497	62.485	-0.0043216363992542	-0.240331609733403
12498	62.49	-0.0043216363992542	-0.240331609733403
12499	62.495	-0.00561130838468671	-0.240331609733403
12500	62.5	-0.00561130838468671	-0.240331609733403
12501	62.505	-0.0043216363992542	-0.240331609733403
12502	62.51	-0.0043216363992542	-0.240331609733403
12503	62.515	-0.00561130838468671	-0.240331609733403
12504	62.52	-0.0043216363992542	-0.240331609733403
12505	62.525	-0.00561130838468671	-0.240331609733403
12506	62.53	-0.0043216363992542	-0.240331609733403
12507	62.535	-0.0043216363992542	-0.241621281718835
12508	62.54	-0.00561130838468671	-0.240331609733403
12509	62.545	-0.00561130838468671	-0.241621281718835
12510	62.55	-0.0043216363992542	-0.241621281718835
12511	62.555	-0.00561130838468671	-0.241621281718835
12512	62.56	-0.0043216363992542	-0.241621281718835
12513	62.565	-0.0043216363992542	-0.241621281718835
12514	62.57	-0.0043216363992542	-0.241621281718835
12515	62.575	-0.0043216363992542	-0.241621281718835
12516	62.58	-0.0043216363992542	-0.241621281718835
12517	62.585	-0.0043216363992542	-0.241621281718835
12518	62.59	-0.0043216363992542	-0.242910953704268
12519	62.595	-0.0043216363992542	-0.241621281718835
12520	62.6	-0.00561130838468671	-0.242910953704268
12521	62.605	-0.0043216363992542	-0.242910953704268
12522	62.61	-0.00561130838468671	-0.241621281718835
12523	62.615	-0.0043216363992542	-0.242910953704268
12524	62.62	-0.00561130838468671	-0.242910953704268
12525	62.625	-0.0043216363992542	-0.242910953704268
12526	62.63	-0.0043216363992542	-0.242910953704268
12527	62.635	-0.00561130838468671	-0.242910953704268
12528	62.64	-0.0043216363992542	-0.242910953704268
12529	62.645	-0.0043216363992542	-0.2442006256897
12530	62.65	-0.0043216363992542	-0.2442006256897
12531	62.655	-0.0043216363992542	-0.242910953704268
12532	62.66	-0.0043216363992542	-0.2442006256897
12533	62.665	-0.00561130838468671	-0.2442006256897
12534	62.67	-0.0043216363992542	-0.2442006256897
12535	62.675	-0.0043216363992542	-0.2442006256897
12536	62.68	-0.0043216363992542	-0.2442006256897
12537	62.685	-0.0043216363992542	-0.2442006256897
12538	62.69	-0.0043216363992542	-0.2442006256897
12539	62.695	-0.0043216363992542	-0.245490297675133
12540	62.7	-0.0043216363992542	-0.2442006256897
12541	62.705	-0.0043216363992542	-0.245490297675133
12542	62.71	-0.0043216363992542	-0.245490297675133
12543	62.715	-0.0043216363992542	-0.245490297675133
12544	62.72	-0.0043216363992542	-0.245490297675133
12545	62.725	-0.0043216363992542	-0.245490297675133
12546	62.73	-0.0043216363992542	-0.245490297675133
12547	62.735	-0.00561130838468671	-0.245490297675133
12548	62.74	-0.0043216363992542	-0.245490297675133
12549	62.745	-0.0043216363992542	-0.245490297675133
12550	62.75	-0.0043216363992542	-0.245490297675133
12551	62.755	-0.0043216363992542	-0.245490297675133
12552	62.76	-0.00561130838468671	-0.245490297675133
12553	62.765	-0.00561130838468671	-0.245490297675133
12554	62.77	-0.0043216363992542	-0.245490297675133
12555	62.775	-0.0043216363992542	-0.246779969660565
12556	62.78	-0.0043216363992542	-0.246779969660565
12557	62.785	-0.00561130838468671	-0.245490297675133
12558	62.79	-0.00561130838468671	-0.246779969660565
12559	62.795	-0.00561130838468671	-0.246779969660565
12560	62.8	-0.0043216363992542	-0.246779969660565
12561	62.805	-0.00561130838468671	-0.246779969660565
12562	62.81	-0.0043216363992542	-0.246779969660565
12563	62.815	-0.00561130838468671	-0.246779969660565
12564	62.82	-0.0043216363992542	-0.246779969660565
12565	62.825	-0.00561130838468671	-0.246779969660565
12566	62.83	-0.00561130838468671	-0.246779969660565
12567	62.835	-0.0043216363992542	-0.248069641645998
12568	62.84	-0.0043216363992542	-0.246779969660565
12569	62.845	-0.0043216363992542	-0.248069641645998
12570	62.85	-0.00561130838468671	-0.248069641645998
12571	62.855	-0.00561130838468671	-0.248069641645998
12572	62.86	-0.00561130838468671	-0.248069641645998
12573	62.865	-0.0043216363992542	-0.248069641645998
12574	62.87	-0.00561130838468671	-0.248069641645998
12575	62.875	-0.0043216363992542	-0.248069641645998
12576	62.88	-0.00561130838468671	-0.24935931363143
12577	62.885	-0.00561130838468671	-0.24935931363143
12578	62.89	-0.00561130838468671	-0.24935931363143
12579	62.895	-0.0043216363992542	-0.248069641645998
12580	62.9	-0.0043216363992542	-0.248069641645998
12581	62.905	-0.00561130838468671	-0.24935931363143
12582	62.91	-0.00561130838468671	-0.248069641645998
12583	62.915	-0.00561130838468671	-0.24935931363143
12584	62.92	-0.00561130838468671	-0.24935931363143
12585	62.925	-0.00561130838468671	-0.24935931363143
12586	62.93	-0.00561130838468671	-0.24935931363143
12587	62.935	-0.00561130838468671	-0.250648985616863
12588	62.94	-0.00561130838468671	-0.24935931363143
12589	62.945	-0.00561130838468671	-0.24935931363143
12590	62.95	-0.0043216363992542	-0.24935931363143
12591	62.955	-0.00561130838468671	-0.24935931363143
12592	62.96	-0.00561130838468671	-0.250648985616863
12593	62.965	-0.00561130838468671	-0.250648985616863
12594	62.97	-0.00561130838468671	-0.250648985616863
12595	62.975	-0.0043216363992542	-0.24935931363143
12596	62.98	-0.00561130838468671	-0.250648985616863
12597	62.985	-0.0043216363992542	-0.250648985616863
12598	62.99	-0.00561130838468671	-0.250648985616863
12599	62.995	-0.00561130838468671	-0.250648985616863
12600	63	-0.00561130838468671	-0.250648985616863
12601	63.005	-0.00561130838468671	-0.250648985616863
12602	63.01	-0.00561130838468671	-0.250648985616863
12603	63.015	-0.00561130838468671	-0.251938657602295
12604	63.02	-0.00561130838468671	-0.250648985616863
12605	63.025	-0.00561130838468671	-0.251938657602295
12606	63.03	-0.00561130838468671	-0.251938657602295
12607	63.035	-0.00561130838468671	-0.251938657602295
12608	63.04	-0.00561130838468671	-0.251938657602295
12609	63.045	-0.00690098037011921	-0.251938657602295
12610	63.05	-0.00561130838468671	-0.251938657602295
12611	63.055	-0.00561130838468671	-0.251938657602295
12612	63.06	-0.00561130838468671	-0.251938657602295
12613	63.065	-0.00561130838468671	-0.251938657602295
12614	63.07	-0.00561130838468671	-0.251938657602295
12615	63.075	-0.00561130838468671	-0.251938657602295
12616	63.08	-0.00561130838468671	-0.251938657602295
12617	63.085	-0.00561130838468671	-0.253228329587728
12618	63.09	-0.00690098037011921	-0.253228329587728
12619	63.095	-0.00561130838468671	-0.253228329587728
12620	63.1	-0.00561130838468671	-0.253228329587728
12621	63.105	-0.00561130838468671	-0.253228329587728
12622	63.11	-0.00690098037011921	-0.253228329587728
12623	63.115	-0.00561130838468671	-0.253228329587728
12624	63.12	-0.00561130838468671	-0.253228329587728
12625	63.125	-0.00561130838468671	-0.253228329587728
12626	63.13	-0.00561130838468671	-0.25451800157316
12627	63.135	-0.00561130838468671	-0.25451800157316
12628	63.14	-0.00561130838468671	-0.253228329587728
12629	63.145	-0.00561130838468671	-0.253228329587728
12630	63.15	-0.00561130838468671	-0.25451800157316
12631	63.155	-0.00561130838468671	-0.25451800157316
12632	63.16	-0.00561130838468671	-0.25451800157316
12633	63.165	-0.00561130838468671	-0.25451800157316
12634	63.17	-0.00561130838468671	-0.25451800157316
12635	63.175	-0.00561130838468671	-0.25451800157316
12636	63.18	-0.00690098037011921	-0.25451800157316
12637	63.185	-0.00690098037011921	-0.25451800157316
12638	63.19	-0.00561130838468671	-0.25451800157316
12639	63.195	-0.00561130838468671	-0.255807673558593
12640	63.2	-0.00561130838468671	-0.255807673558593
12641	63.205	-0.00561130838468671	-0.25451800157316
12642	63.21	-0.00690098037011921	-0.255807673558593
12643	63.215	-0.00561130838468671	-0.255807673558593
12644	63.22	-0.00561130838468671	-0.255807673558593
12645	63.225	-0.00561130838468671	-0.25451800157316
12646	63.23	-0.00561130838468671	-0.255807673558593
12647	63.235	-0.00561130838468671	-0.255807673558593
12648	63.24	-0.00561130838468671	-0.255807673558593
12649	63.245	-0.00690098037011921	-0.255807673558593
12650	63.25	-0.00561130838468671	-0.257097345544025
12651	63.255	-0.00561130838468671	-0.255807673558593
12652	63.26	-0.00690098037011921	-0.257097345544025
12653	63.265	-0.00690098037011921	-0.255807673558593
12654	63.27	-0.00561130838468671	-0.257097345544025
12655	63.275	-0.00561130838468671	-0.257097345544025
12656	63.28	-0.00690098037011921	-0.255807673558593
12657	63.285	-0.00561130838468671	-0.257097345544025
12658	63.29	-0.00690098037011921	-0.257097345544025
12659	63.295	-0.00690098037011921	-0.258387017529458
12660	63.3	-0.00561130838468671	-0.257097345544025
12661	63.305	-0.00690098037011921	-0.257097345544025
12662	63.31	-0.00690098037011921	-0.257097345544025
12663	63.315	-0.00690098037011921	-0.258387017529458
12664	63.32	-0.00690098037011921	-0.257097345544025
12665	63.325	-0.00561130838468671	-0.258387017529458
12666	63.33	-0.00690098037011921	-0.258387017529458
12667	63.335	-0.00690098037011921	-0.258387017529458
12668	63.34	-0.00690098037011921	-0.258387017529458
12669	63.345	-0.00819065235555172	-0.258387017529458
12670	63.35	-0.00690098037011921	-0.258387017529458
12671	63.355	-0.00690098037011921	-0.258387017529458
12672	63.36	-0.00690098037011921	-0.258387017529458
12673	63.365	-0.00690098037011921	-0.258387017529458
12674	63.37	-0.00690098037011921	-0.25967668951489
12675	63.375	-0.00561130838468671	-0.258387017529458
12676	63.38	-0.00690098037011921	-0.25967668951489
12677	63.385	-0.00690098037011921	-0.25967668951489
12678	63.39	-0.00819065235555172	-0.25967668951489
12679	63.395	-0.00819065235555172	-0.25967668951489
12680	63.4	-0.00690098037011921	-0.25967668951489
12681	63.405	-0.00690098037011921	-0.25967668951489
12682	63.41	-0.00690098037011921	-0.25967668951489
12683	63.415	-0.00690098037011921	-0.25967668951489
12684	63.42	-0.00690098037011921	-0.25967668951489
12685	63.425	-0.00690098037011921	-0.25967668951489
12686	63.43	-0.00690098037011921	-0.260966361500323
12687	63.435	-0.00690098037011921	-0.260966361500323
12688	63.44	-0.00690098037011921	-0.260966361500323
12689	63.445	-0.00690098037011921	-0.260966361500323
12690	63.45	-0.00819065235555172	-0.25967668951489
12691	63.455	-0.00819065235555172	-0.25967668951489
12692	63.46	-0.00819065235555172	-0.260966361500323
12693	63.465	-0.00690098037011921	-0.260966361500323
12694	63.47	-0.00819065235555172	-0.260966361500323
12695	63.475	-0.00690098037011921	-0.260966361500323
12696	63.48	-0.00819065235555172	-0.260966361500323
12697	63.485	-0.00819065235555172	-0.260966361500323
12698	63.49	-0.00690098037011921	-0.260966361500323
12699	63.495	-0.00819065235555172	-0.260966361500323
12700	63.5	-0.00819065235555172	-0.260966361500323
12701	63.505	-0.00819065235555172	-0.262256033485755
12702	63.51	-0.00690098037011921	-0.262256033485755
12703	63.515	-0.00819065235555172	-0.262256033485755
12704	63.52	-0.00819065235555172	-0.262256033485755
12705	63.525	-0.00690098037011921	-0.262256033485755
12706	63.53	-0.00819065235555172	-0.262256033485755
12707	63.535	-0.00948032434098423	-0.262256033485755
12708	63.54	-0.00819065235555172	-0.262256033485755
12709	63.545	-0.00819065235555172	-0.262256033485755
12710	63.55	-0.00690098037011921	-0.262256033485755
12711	63.555	-0.00690098037011921	-0.263545705471188
12712	63.56	-0.00690098037011921	-0.263545705471188
12713	63.565	-0.00819065235555172	-0.263545705471188
12714	63.57	-0.00690098037011921	-0.263545705471188
12715	63.575	-0.00561130838468671	-0.262256033485755
12716	63.58	-0.00690098037011921	-0.263545705471188
12717	63.585	-0.00819065235555172	-0.263545705471188
12718	63.59	-0.00819065235555172	-0.263545705471188
12719	63.595	-0.00690098037011921	-0.26483537745662
12720	63.6	-0.00819065235555172	-0.263545705471188
12721	63.605	-0.00690098037011921	-0.26483537745662
12722	63.61	-0.00690098037011921	-0.263545705471188
12723	63.615	-0.00819065235555172	-0.26483537745662
12724	63.62	-0.00819065235555172	-0.26483537745662
12725	63.625	-0.00819065235555172	-0.26483537745662
12726	63.63	-0.00819065235555172	-0.26483537745662
12727	63.635	-0.00690098037011921	-0.26483537745662
12728	63.64	-0.00690098037011921	-0.26483537745662
12729	63.645	-0.00690098037011921	-0.26483537745662
12730	63.65	-0.00690098037011921	-0.266125049442053
12731	63.655	-0.00819065235555172	-0.266125049442053
12732	63.66	-0.00690098037011921	-0.266125049442053
12733	63.665	-0.00690098037011921	-0.26483537745662
12734	63.67	-0.00690098037011921	-0.266125049442053
12735	63.675	-0.00690098037011921	-0.266125049442053
12736	63.68	-0.00690098037011921	-0.266125049442053
12737	63.685	-0.00561130838468671	-0.266125049442053
12738	63.69	-0.00690098037011921	-0.266125049442053
12739	63.695	-0.00561130838468671	-0.267414721427485
12740	63.7	-0.00561130838468671	-0.266125049442053
12741	63.705	-0.00690098037011921	-0.267414721427485
12742	63.71	-0.00690098037011921	-0.267414721427485
12743	63.715	-0.00690098037011921	-0.267414721427485
12744	63.72	-0.00561130838468671	-0.267414721427485
12745	63.725	-0.00561130838468671	-0.267414721427485
12746	63.73	-0.00561130838468671	-0.267414721427485
12747	63.735	-0.00561130838468671	-0.267414721427485
12748	63.74	-0.00561130838468671	-0.267414721427485
12749	63.745	-0.0043216363992542	-0.267414721427485
12750	63.75	-0.00561130838468671	-0.267414721427485
12751	63.755	-0.00561130838468671	-0.267414721427485
12752	63.76	-0.00561130838468671	-0.268704393412918
12753	63.765	-0.00561130838468671	-0.267414721427485
12754	63.77	-0.00561130838468671	-0.268704393412918
12755	63.775	-0.00561130838468671	-0.268704393412918
12756	63.78	-0.00561130838468671	-0.268704393412918
12757	63.785	-0.0043216363992542	-0.268704393412918
12758	63.79	-0.00561130838468671	-0.268704393412918
12759	63.795	-0.00561130838468671	-0.268704393412918
12760	63.8	-0.00561130838468671	-0.26999406539835
12761	63.805	-0.00561130838468671	-0.268704393412918
12762	63.81	-0.00561130838468671	-0.26999406539835
12763	63.815	-0.0043216363992542	-0.26999406539835
12764	63.82	-0.0043216363992542	-0.26999406539835
12765	63.825	-0.00561130838468671	-0.26999406539835
12766	63.83	-0.00561130838468671	-0.26999406539835
12767	63.835	-0.00561130838468671	-0.26999406539835
12768	63.84	-0.0043216363992542	-0.26999406539835
12769	63.845	-0.0043216363992542	-0.26999406539835
12770	63.85	-0.0043216363992542	-0.271283737383783
12771	63.855	-0.0043216363992542	-0.271283737383783
12772	63.86	-0.0043216363992542	-0.271283737383783
12773	63.865	-0.0043216363992542	-0.271283737383783
12774	63.87	-0.0043216363992542	-0.271283737383783
12775	63.875	-0.0043216363992542	-0.271283737383783
12776	63.88	-0.00561130838468671	-0.271283737383783
12777	63.885	-0.0043216363992542	-0.271283737383783
12778	63.89	-0.0043216363992542	-0.271283737383783
12779	63.895	-0.0043216363992542	-0.272573409369215
12780	63.9	-0.0043216363992542	-0.271283737383783
12781	63.905	-0.0043216363992542	-0.271283737383783
12782	63.91	-0.0043216363992542	-0.271283737383783
12783	63.915	-0.0043216363992542	-0.272573409369215
12784	63.92	-0.0043216363992542	-0.271283737383783
12785	63.925	-0.0043216363992542	-0.272573409369215
12786	63.93	-0.0043216363992542	-0.272573409369215
12787	63.935	-0.0043216363992542	-0.272573409369215
12788	63.94	-0.0043216363992542	-0.272573409369215
12789	63.945	-0.0043216363992542	-0.272573409369215
12790	63.95	-0.0043216363992542	-0.272573409369215
12791	63.955	-0.00561130838468671	-0.272573409369215
12792	63.96	-0.0043216363992542	-0.273863081354648
12793	63.965	-0.0043216363992542	-0.273863081354648
12794	63.97	-0.0043216363992542	-0.272573409369215
12795	63.975	-0.0043216363992542	-0.273863081354648
12796	63.98	-0.0043216363992542	-0.273863081354648
12797	63.985	-0.0043216363992542	-0.273863081354648
12798	63.99	-0.0043216363992542	-0.273863081354648
12799	63.995	-0.00561130838468671	-0.27515275334008
12800	64	-0.0043216363992542	-0.273863081354648
12801	64.005	-0.0043216363992542	-0.273863081354648
12802	64.01	-0.00561130838468671	-0.273863081354648
12803	64.015	-0.0043216363992542	-0.273863081354648
12804	64.02	-0.0043216363992542	-0.27515275334008
12805	64.025	-0.0043216363992542	-0.27515275334008
12806	64.03	-0.0043216363992542	-0.27515275334008
12807	64.035	-0.0043216363992542	-0.27515275334008
12808	64.04	-0.0043216363992542	-0.273863081354648
12809	64.045	-0.0043216363992542	-0.27515275334008
12810	64.05	-0.0043216363992542	-0.27515275334008
12811	64.055	-0.0043216363992542	-0.276442425325513
12812	64.06	-0.0043216363992542	-0.27515275334008
12813	64.065	-0.0043216363992542	-0.27515275334008
12814	64.07	-0.0043216363992542	-0.27515275334008
12815	64.075	-0.0043216363992542	-0.27515275334008
12816	64.08	-0.0043216363992542	-0.27515275334008
12817	64.085	-0.00561130838468671	-0.27515275334008
12818	64.09	-0.0043216363992542	-0.276442425325513
12819	64.095	-0.0043216363992542	-0.276442425325513
12820	64.1	-0.0043216363992542	-0.276442425325513
12821	64.105	-0.0043216363992542	-0.276442425325513
12822	64.11	-0.0043216363992542	-0.276442425325513
12823	64.115	-0.0043216363992542	-0.276442425325513
12824	64.12	-0.0030319644138217	-0.276442425325513
12825	64.125	-0.00561130838468671	-0.276442425325513
12826	64.13	-0.0043216363992542	-0.276442425325513
12827	64.135	-0.0030319644138217	-0.276442425325513
12828	64.14	-0.0043216363992542	-0.276442425325513
12829	64.145	-0.0043216363992542	-0.277732097310945
12830	64.15	-0.0043216363992542	-0.277732097310945
12831	64.155	-0.0043216363992542	-0.277732097310945
12832	64.16	-0.0043216363992542	-0.277732097310945
12833	64.165	-0.0043216363992542	-0.277732097310945
12834	64.17	-0.0043216363992542	-0.277732097310945
12835	64.175	-0.0043216363992542	-0.277732097310945
12836	64.18	-0.0043216363992542	-0.279021769296378
12837	64.185	-0.0043216363992542	-0.279021769296378
12838	64.19	-0.0043216363992542	-0.279021769296378
12839	64.195	-0.0043216363992542	-0.279021769296378
12840	64.2	-0.0043216363992542	-0.279021769296378
12841	64.205	-0.00561130838468671	-0.277732097310945
12842	64.21	-0.0043216363992542	-0.279021769296378
12843	64.215	-0.0030319644138217	-0.279021769296378
12844	64.22	-0.0043216363992542	-0.279021769296378
12845	64.225	-0.0043216363992542	-0.279021769296378
12846	64.23	-0.0043216363992542	-0.279021769296378
12847	64.235	-0.0030319644138217	-0.28031144128181
12848	64.24	-0.0043216363992542	-0.279021769296378
12849	64.245	-0.00561130838468671	-0.28031144128181
12850	64.25	-0.0043216363992542	-0.28031144128181
12851	64.255	-0.0043216363992542	-0.28031144128181
12852	64.26	-0.0043216363992542	-0.28031144128181
12853	64.265	-0.00561130838468671	-0.28031144128181
12854	64.27	-0.0043216363992542	-0.28031144128181
12855	64.275	-0.0043216363992542	-0.28031144128181
12856	64.28	-0.0043216363992542	-0.28031144128181
12857	64.285	-0.0043216363992542	-0.28031144128181
12858	64.29	-0.0043216363992542	-0.28031144128181
12859	64.295	-0.0043216363992542	-0.281601113267243
12860	64.3	-0.0043216363992542	-0.281601113267243
12861	64.305	-0.0043216363992542	-0.281601113267243
12862	64.31	-0.0043216363992542	-0.281601113267243
12863	64.315	-0.0043216363992542	-0.281601113267243
12864	64.32	-0.0043216363992542	-0.281601113267243
12865	64.325	-0.0043216363992542	-0.281601113267243
12866	64.33	-0.0043216363992542	-0.281601113267243
12867	64.335	-0.0043216363992542	-0.281601113267243
12868	64.34	-0.0043216363992542	-0.281601113267243
12869	64.345	-0.0043216363992542	-0.281601113267243
12870	64.35	-0.0043216363992542	-0.282890785252675
12871	64.355	-0.0043216363992542	-0.282890785252675
12872	64.36	-0.0030319644138217	-0.281601113267243
12873	64.365	-0.0043216363992542	-0.282890785252675
12874	64.37	-0.0043216363992542	-0.282890785252675
12875	64.375	-0.0043216363992542	-0.282890785252675
12876	64.38	-0.0043216363992542	-0.282890785252675
12877	64.385	-0.0043216363992542	-0.282890785252675
12878	64.39	-0.00561130838468671	-0.282890785252675
12879	64.395	-0.0043216363992542	-0.282890785252675
12880	64.4	-0.0043216363992542	-0.282890785252675
12881	64.405	-0.0043216363992542	-0.284180457238108
12882	64.41	-0.0043216363992542	-0.284180457238108
12883	64.415	-0.0043216363992542	-0.284180457238108
12884	64.42	-0.0043216363992542	-0.284180457238108
12885	64.425	-0.0043216363992542	-0.284180457238108
12886	64.43	-0.0043216363992542	-0.284180457238108
12887	64.435	-0.0043216363992542	-0.284180457238108
12888	64.44	-0.0043216363992542	-0.284180457238108
12889	64.445	-0.0043216363992542	-0.284180457238108
12890	64.45	-0.0043216363992542	-0.28547012922354
12891	64.455	-0.0043216363992542	-0.284180457238108
12892	64.46	-0.0043216363992542	-0.284180457238108
12893	64.465	-0.0043216363992542	-0.284180457238108
12894	64.47	-0.0043216363992542	-0.28547012922354
12895	64.475	-0.0043216363992542	-0.28547012922354
12896	64.48	-0.0043216363992542	-0.28547012922354
12897	64.485	-0.0043216363992542	-0.284180457238108
12898	64.49	-0.0043216363992542	-0.28547012922354
12899	64.495	-0.0043216363992542	-0.28547012922354
12900	64.5	-0.0043216363992542	-0.28547012922354
12901	64.505	-0.0043216363992542	-0.28547012922354
12902	64.51	-0.0043216363992542	-0.28547012922354
12903	64.515	-0.0043216363992542	-0.286759801208973
12904	64.52	-0.0043216363992542	-0.286759801208973
12905	64.525	-0.0043216363992542	-0.286759801208973
12906	64.53	-0.0043216363992542	-0.286759801208973
12907	64.535	-0.0043216363992542	-0.286759801208973
12908	64.54	-0.0043216363992542	-0.286759801208973
12909	64.545	-0.0043216363992542	-0.286759801208973
12910	64.55	-0.0043216363992542	-0.286759801208973
12911	64.555	-0.0043216363992542	-0.288049473194405
12912	64.56	-0.0043216363992542	-0.286759801208973
12913	64.565	-0.0043216363992542	-0.286759801208973
12914	64.57	-0.0043216363992542	-0.286759801208973
12915	64.575	-0.0043216363992542	-0.286759801208973
12916	64.58	-0.0030319644138217	-0.286759801208973
12917	64.585	-0.0043216363992542	-0.288049473194405
12918	64.59	-0.0043216363992542	-0.288049473194405
12919	64.595	-0.0030319644138217	-0.286759801208973
12920	64.6	-0.0043216363992542	-0.288049473194405
12921	64.605	-0.0043216363992542	-0.288049473194405
12922	64.61	-0.0043216363992542	-0.288049473194405
12923	64.615	-0.0043216363992542	-0.288049473194405
12924	64.62	-0.0043216363992542	-0.288049473194405
12925	64.625	-0.0043216363992542	-0.288049473194405
12926	64.63	-0.0043216363992542	-0.288049473194405
12927	64.635	-0.0043216363992542	-0.288049473194405
12928	64.64	-0.0043216363992542	-0.288049473194405
12929	64.645	-0.0043216363992542	-0.288049473194405
12930	64.65	-0.0043216363992542	-0.288049473194405
12931	64.655	-0.0043216363992542	-0.288049473194405
12932	64.66	-0.0043216363992542	-0.288049473194405
12933	64.665	-0.0043216363992542	-0.289339145179838
12934	64.67	-0.0043216363992542	-0.289339145179838
12935	64.675	-0.0043216363992542	-0.288049473194405
12936	64.68	-0.0030319644138217	-0.288049473194405
12937	64.685	-0.0043216363992542	-0.289339145179838
12938	64.69	-0.0043216363992542	-0.289339145179838
12939	64.695	-0.0043216363992542	-0.289339145179838
12940	64.7	-0.0043216363992542	-0.289339145179838
12941	64.705	-0.0043216363992542	-0.289339145179838
12942	64.71	-0.0043216363992542	-0.289339145179838
12943	64.715	-0.0043216363992542	-0.29062881716527
12944	64.72	-0.0043216363992542	-0.289339145179838
12945	64.725	-0.0043216363992542	-0.289339145179838
12946	64.73	-0.0043216363992542	-0.29062881716527
12947	64.735	-0.0043216363992542	-0.29062881716527
12948	64.74	-0.0030319644138217	-0.29062881716527
12949	64.745	-0.0043216363992542	-0.29062881716527
12950	64.75	-0.0043216363992542	-0.29062881716527
12951	64.755	-0.0030319644138217	-0.29062881716527
12952	64.76	-0.0043216363992542	-0.29062881716527
12953	64.765	-0.0043216363992542	-0.29062881716527
12954	64.77	-0.0043216363992542	-0.29062881716527
12955	64.775	-0.0043216363992542	-0.29062881716527
12956	64.78	-0.0043216363992542	-0.29062881716527
12957	64.785	-0.0043216363992542	-0.29062881716527
12958	64.79	-0.0043216363992542	-0.291918489150703
12959	64.795	-0.0043216363992542	-0.29062881716527
12960	64.8	-0.0043216363992542	-0.291918489150703
12961	64.805	-0.0043216363992542	-0.291918489150703
12962	64.81	-0.0043216363992542	-0.291918489150703
12963	64.815	-0.0043216363992542	-0.291918489150703
12964	64.82	-0.0043216363992542	-0.291918489150703
12965	64.825	-0.0043216363992542	-0.291918489150703
12966	64.83	-0.0043216363992542	-0.291918489150703
12967	64.835	-0.0043216363992542	-0.291918489150703
12968	64.84	-0.0043216363992542	-0.291918489150703
12969	64.845	-0.0043216363992542	-0.291918489150703
12970	64.85	-0.0043216363992542	-0.293208161136135
12971	64.855	-0.0030319644138217	-0.291918489150703
12972	64.86	-0.0043216363992542	-0.293208161136135
12973	64.865	-0.0043216363992542	-0.293208161136135
12974	64.87	-0.0043216363992542	-0.293208161136135
12975	64.875	-0.0043216363992542	-0.293208161136135
12976	64.88	-0.0043216363992542	-0.293208161136135
12977	64.885	-0.0043216363992542	-0.293208161136135
12978	64.89	-0.0030319644138217	-0.293208161136135
12979	64.895	-0.0043216363992542	-0.293208161136135
12980	64.9	-0.0043216363992542	-0.293208161136135
12981	64.905	-0.0043216363992542	-0.293208161136135
12982	64.91	-0.0043216363992542	-0.293208161136135
12983	64.915	-0.0043216363992542	-0.293208161136135
12984	64.92	-0.0043216363992542	-0.294497833121568
12985	64.925	-0.0043216363992542	-0.293208161136135
12986	64.93	-0.0043216363992542	-0.293208161136135
12987	64.935	-0.0043216363992542	-0.293208161136135
12988	64.94	-0.0043216363992542	-0.294497833121568
12989	64.945	-0.0043216363992542	-0.293208161136135
12990	64.95	-0.0043216363992542	-0.294497833121568
12991	64.955	-0.0030319644138217	-0.294497833121568
12992	64.96	-0.0043216363992542	-0.294497833121568
12993	64.965	-0.0043216363992542	-0.294497833121568
12994	64.97	-0.0043216363992542	-0.294497833121568
12995	64.975	-0.0043216363992542	-0.295787505107
12996	64.98	-0.0043216363992542	-0.294497833121568
12997	64.985	-0.0043216363992542	-0.294497833121568
12998	64.99	-0.0043216363992542	-0.295787505107
12999	64.995	-0.0030319644138217	-0.295787505107
13000	65	-0.0043216363992542	-0.295787505107
13001	65.005	-0.0043216363992542	-0.294497833121568
13002	65.01	-0.0043216363992542	-0.294497833121568
13003	65.015	-0.0043216363992542	-0.294497833121568
13004	65.02	-0.00561130838468671	-0.295787505107
13005	65.025	-0.0043216363992542	-0.295787505107
13006	65.03	-0.0043216363992542	-0.295787505107
13007	65.035	-0.0043216363992542	-0.295787505107
13008	65.04	-0.0030319644138217	-0.295787505107
13009	65.045	-0.0043216363992542	-0.295787505107
13010	65.05	-0.0043216363992542	-0.295787505107
13011	65.055	-0.0043216363992542	-0.295787505107
13012	65.06	-0.0043216363992542	-0.295787505107
13013	65.065	-0.0043216363992542	-0.297077177092433
13014	65.07	-0.0043216363992542	-0.295787505107
13015	65.075	-0.0043216363992542	-0.295787505107
13016	65.08	-0.0043216363992542	-0.295787505107
13017	65.085	-0.0043216363992542	-0.297077177092433
13018	65.09	-0.0043216363992542	-0.297077177092433
13019	65.095	-0.0043216363992542	-0.297077177092433
13020	65.1	-0.0043216363992542	-0.297077177092433
13021	65.105	-0.0043216363992542	-0.297077177092433
13022	65.11	-0.0043216363992542	-0.297077177092433
13023	65.115	-0.0043216363992542	-0.297077177092433
13024	65.12	-0.0043216363992542	-0.298366849077865
13025	65.125	-0.0043216363992542	-0.297077177092433
13026	65.13	-0.0043216363992542	-0.297077177092433
13027	65.135	-0.0043216363992542	-0.297077177092433
13028	65.14	-0.0030319644138217	-0.297077177092433
13029	65.145	-0.0043216363992542	-0.297077177092433
13030	65.15	-0.0043216363992542	-0.298366849077865
13031	65.155	-0.0043216363992542	-0.298366849077865
13032	65.16	-0.0030319644138217	-0.297077177092433
13033	65.165	-0.0043216363992542	-0.297077177092433
13034	65.17	-0.0043216363992542	-0.298366849077865
13035	65.175	-0.0043216363992542	-0.298366849077865
13036	65.18	-0.0043216363992542	-0.298366849077865
13037	65.185	-0.0043216363992542	-0.298366849077865
13038	65.19	-0.0043216363992542	-0.298366849077865
13039	65.195	-0.0043216363992542	-0.298366849077865
13040	65.2	-0.0043216363992542	-0.298366849077865
13041	65.205	-0.0043216363992542	-0.298366849077865
13042	65.21	-0.0043216363992542	-0.298366849077865
13043	65.215	-0.0043216363992542	-0.298366849077865
13044	65.22	-0.0043216363992542	-0.299656521063298
13045	65.225	-0.0043216363992542	-0.298366849077865
13046	65.23	-0.0043216363992542	-0.298366849077865
13047	65.235	-0.0043216363992542	-0.298366849077865
13048	65.24	-0.0043216363992542	-0.298366849077865
13049	65.245	-0.0043216363992542	-0.299656521063298
13050	65.25	-0.0043216363992542	-0.298366849077865
13051	65.255	-0.0043216363992542	-0.299656521063298
13052	65.26	-0.0043216363992542	-0.299656521063298
13053	65.265	-0.0043216363992542	-0.299656521063298
13054	65.27	-0.0043216363992542	-0.299656521063298
13055	65.275	-0.0043216363992542	-0.299656521063298
13056	65.28	-0.0043216363992542	-0.299656521063298
13057	65.285	-0.0043216363992542	-0.299656521063298
13058	65.29	-0.0043216363992542	-0.299656521063298
13059	65.295	-0.0043216363992542	-0.299656521063298
13060	65.3	-0.0043216363992542	-0.299656521063298
13061	65.305	-0.0043216363992542	-0.30094619304873
13062	65.31	-0.0043216363992542	-0.30094619304873
13063	65.315	-0.0043216363992542	-0.30094619304873
13064	65.32	-0.0043216363992542	-0.30094619304873
13065	65.325	-0.0030319644138217	-0.30094619304873
13066	65.33	-0.0043216363992542	-0.30094619304873
13067	65.335	-0.0030319644138217	-0.30094619304873
13068	65.34	-0.0043216363992542	-0.30094619304873
13069	65.345	-0.0043216363992542	-0.30094619304873
13070	65.35	-0.0043216363992542	-0.30094619304873
13071	65.355	-0.0043216363992542	-0.30094619304873
13072	65.36	-0.0043216363992542	-0.302235865034163
13073	65.365	-0.0043216363992542	-0.302235865034163
13074	65.37	-0.0043216363992542	-0.30094619304873
13075	65.375	-0.0043216363992542	-0.302235865034163
13076	65.38	-0.0043216363992542	-0.302235865034163
13077	65.385	-0.0043216363992542	-0.302235865034163
13078	65.39	-0.0043216363992542	-0.302235865034163
13079	65.395	-0.0030319644138217	-0.302235865034163
13080	65.4	-0.0043216363992542	-0.302235865034163
13081	65.405	-0.0043216363992542	-0.302235865034163
13082	65.41	-0.0043216363992542	-0.302235865034163
13083	65.415	-0.0043216363992542	-0.302235865034163
13084	65.42	-0.0043216363992542	-0.303525537019596
13085	65.425	-0.0043216363992542	-0.303525537019596
13086	65.43	-0.0043216363992542	-0.302235865034163
13087	65.435	-0.0043216363992542	-0.303525537019596
13088	65.44	-0.0043216363992542	-0.303525537019596
13089	65.445	-0.0043216363992542	-0.302235865034163
13090	65.45	-0.0043216363992542	-0.303525537019596
13091	65.455	-0.0043216363992542	-0.303525537019596
13092	65.46	-0.0043216363992542	-0.303525537019596
13093	65.465	-0.0043216363992542	-0.303525537019596
13094	65.47	-0.0043216363992542	-0.303525537019596
13095	65.475	-0.0043216363992542	-0.303525537019596
13096	65.48	-0.0043216363992542	-0.303525537019596
13097	65.485	-0.0043216363992542	-0.304815209005028
13098	65.49	-0.0043216363992542	-0.303525537019596
13099	65.495	-0.0043216363992542	-0.303525537019596
13100	65.5	-0.0043216363992542	-0.303525537019596
13101	65.505	-0.0043216363992542	-0.304815209005028
13102	65.51	-0.0043216363992542	-0.304815209005028
13103	65.515	-0.0043216363992542	-0.303525537019596
13104	65.52	-0.0043216363992542	-0.304815209005028
13105	65.525	-0.0043216363992542	-0.304815209005028
13106	65.53	-0.0043216363992542	-0.304815209005028
13107	65.535	-0.0043216363992542	-0.304815209005028
13108	65.54	-0.0043216363992542	-0.304815209005028
13109	65.545	-0.0043216363992542	-0.304815209005028
13110	65.55	-0.0043216363992542	-0.304815209005028
13111	65.555	-0.0043216363992542	-0.304815209005028
13112	65.56	-0.0030319644138217	-0.304815209005028
13113	65.565	-0.0043216363992542	-0.304815209005028
13114	65.57	-0.0043216363992542	-0.306104880990461
13115	65.575	-0.0043216363992542	-0.306104880990461
13116	65.58	-0.0043216363992542	-0.306104880990461
13117	65.585	-0.0043216363992542	-0.304815209005028
13118	65.59	-0.0043216363992542	-0.306104880990461
13119	65.595	-0.0043216363992542	-0.306104880990461
13120	65.6	-0.0030319644138217	-0.306104880990461
13121	65.605	-0.0030319644138217	-0.307394552975893
13122	65.61	-0.0043216363992542	-0.306104880990461
13123	65.615	-0.0043216363992542	-0.307394552975893
13124	65.62	-0.0043216363992542	-0.307394552975893
13125	65.625	-0.0043216363992542	-0.307394552975893
13126	65.63	-0.0043216363992542	-0.307394552975893
13127	65.635	-0.0043216363992542	-0.306104880990461
13128	65.64	-0.0030319644138217	-0.307394552975893
13129	65.645	-0.0043216363992542	-0.307394552975893
13130	65.65	-0.0043216363992542	-0.307394552975893
13131	65.655	-0.0043216363992542	-0.307394552975893
13132	65.66	-0.0043216363992542	-0.307394552975893
13133	65.665	-0.0043216363992542	-0.307394552975893
13134	65.67	-0.0043216363992542	-0.307394552975893
13135	65.675	-0.0043216363992542	-0.308684224961326
13136	65.68	-0.0043216363992542	-0.308684224961326
13137	65.685	-0.0043216363992542	-0.308684224961326
13138	65.69	-0.0043216363992542	-0.308684224961326
13139	65.695	-0.0043216363992542	-0.308684224961326
13140	65.7	-0.0043216363992542	-0.308684224961326
13141	65.705	-0.0043216363992542	-0.308684224961326
13142	65.71	-0.0043216363992542	-0.308684224961326
13143	65.715	-0.0043216363992542	-0.309973896946758
13144	65.72	-0.0043216363992542	-0.308684224961326
13145	65.725	-0.0043216363992542	-0.308684224961326
13146	65.73	-0.0043216363992542	-0.308684224961326
13147	65.735	-0.0043216363992542	-0.308684224961326
13148	65.74	-0.0043216363992542	-0.308684224961326
13149	65.745	-0.0043216363992542	-0.309973896946758
13150	65.75	-0.0043216363992542	-0.309973896946758
13151	65.755	-0.0043216363992542	-0.309973896946758
13152	65.76	-0.0043216363992542	-0.309973896946758
13153	65.765	-0.0043216363992542	-0.309973896946758
13154	65.77	-0.0043216363992542	-0.309973896946758
13155	65.775	-0.0043216363992542	-0.309973896946758
13156	65.78	-0.0043216363992542	-0.309973896946758
13157	65.785	-0.0043216363992542	-0.309973896946758
13158	65.79	-0.0043216363992542	-0.309973896946758
13159	65.795	-0.0043216363992542	-0.311263568932191
13160	65.8	-0.0043216363992542	-0.311263568932191
13161	65.805	-0.0043216363992542	-0.311263568932191
13162	65.81	-0.0043216363992542	-0.311263568932191
13163	65.815	-0.00561130838468671	-0.311263568932191
13164	65.82	-0.0043216363992542	-0.311263568932191
13165	65.825	-0.0043216363992542	-0.311263568932191
13166	65.83	-0.0043216363992542	-0.311263568932191
13167	65.835	-0.0030319644138217	-0.311263568932191
13168	65.84	-0.0043216363992542	-0.311263568932191
13169	65.845	-0.0043216363992542	-0.311263568932191
13170	65.85	-0.0043216363992542	-0.312553240917623
13171	65.855	-0.0043216363992542	-0.311263568932191
13172	65.86	-0.0043216363992542	-0.312553240917623
13173	65.865	-0.0043216363992542	-0.312553240917623
13174	65.87	-0.0043216363992542	-0.312553240917623
13175	65.875	-0.0043216363992542	-0.312553240917623
13176	65.88	-0.0043216363992542	-0.312553240917623
13177	65.885	-0.0043216363992542	-0.312553240917623
13178	65.89	-0.0043216363992542	-0.313842912903056
13179	65.895	-0.0043216363992542	-0.312553240917623
13180	65.9	-0.0043216363992542	-0.313842912903056
13181	65.905	-0.0043216363992542	-0.313842912903056
13182	65.91	-0.0043216363992542	-0.313842912903056
13183	65.915	-0.0043216363992542	-0.313842912903056
13184	65.92	-0.0043216363992542	-0.313842912903056
13185	65.925	-0.0043216363992542	-0.313842912903056
13186	65.93	-0.0043216363992542	-0.313842912903056
13187	65.935	-0.0030319644138217	-0.313842912903056
13188	65.94	-0.0043216363992542	-0.313842912903056
13189	65.945	-0.0043216363992542	-0.313842912903056
13190	65.95	-0.0043216363992542	-0.313842912903056
13191	65.955	-0.0043216363992542	-0.315132584888488
13192	65.96	-0.0043216363992542	-0.315132584888488
13193	65.965	-0.00561130838468671	-0.315132584888488
13194	65.97	-0.0043216363992542	-0.315132584888488
13195	65.975	-0.0043216363992542	-0.315132584888488
13196	65.98	-0.0043216363992542	-0.315132584888488
13197	65.985	-0.0043216363992542	-0.315132584888488
13198	65.99	-0.0043216363992542	-0.315132584888488
13199	65.995	-0.0030319644138217	-0.315132584888488
13200	66	-0.0043216363992542	-0.315132584888488
13201	66.005	-0.0043216363992542	-0.315132584888488
13202	66.01	-0.0043216363992542	-0.315132584888488
13203	66.015	-0.0043216363992542	-0.315132584888488
13204	66.02	-0.0043216363992542	-0.316422256873921
13205	66.025	-0.0043216363992542	-0.316422256873921
13206	66.03	-0.0043216363992542	-0.316422256873921
13207	66.035	-0.0043216363992542	-0.316422256873921
13208	66.04	-0.0043216363992542	-0.316422256873921
13209	66.045	-0.0043216363992542	-0.316422256873921
13210	66.05	-0.0043216363992542	-0.316422256873921
13211	66.055	-0.0043216363992542	-0.316422256873921
13212	66.06	-0.0043216363992542	-0.316422256873921
13213	66.065	-0.0043216363992542	-0.316422256873921
13214	66.07	-0.0043216363992542	-0.316422256873921
13215	66.075	-0.0043216363992542	-0.316422256873921
13216	66.08	-0.0043216363992542	-0.316422256873921
13217	66.085	-0.0043216363992542	-0.317711928859353
13218	66.09	-0.0043216363992542	-0.317711928859353
13219	66.095	-0.0043216363992542	-0.317711928859353
13220	66.1	-0.0043216363992542	-0.317711928859353
13221	66.105	-0.0030319644138217	-0.317711928859353
13222	66.11	-0.0043216363992542	-0.317711928859353
13223	66.115	-0.0043216363992542	-0.317711928859353
13224	66.12	-0.0030319644138217	-0.317711928859353
13225	66.125	-0.0043216363992542	-0.319001600844786
13226	66.13	-0.0043216363992542	-0.317711928859353
13227	66.135	-0.0043216363992542	-0.319001600844786
13228	66.14	-0.0043216363992542	-0.319001600844786
13229	66.145	-0.0043216363992542	-0.319001600844786
13230	66.15	-0.0043216363992542	-0.319001600844786
13231	66.155	-0.0043216363992542	-0.319001600844786
13232	66.16	-0.0030319644138217	-0.319001600844786
13233	66.165	-0.0043216363992542	-0.319001600844786
13234	66.17	-0.0043216363992542	-0.319001600844786
13235	66.175	-0.0043216363992542	-0.319001600844786
13236	66.18	-0.0030319644138217	-0.319001600844786
13237	66.185	-0.0043216363992542	-0.319001600844786
13238	66.19	-0.0043216363992542	-0.320291272830218
13239	66.195	-0.0043216363992542	-0.320291272830218
13240	66.2	-0.0043216363992542	-0.320291272830218
13241	66.205	-0.0030319644138217	-0.320291272830218
13242	66.21	-0.0043216363992542	-0.320291272830218
13243	66.215	-0.0043216363992542	-0.320291272830218
13244	66.22	-0.0043216363992542	-0.320291272830218
13245	66.225	-0.0030319644138217	-0.321580944815651
13246	66.23	-0.0043216363992542	-0.321580944815651
13247	66.235	-0.0043216363992542	-0.320291272830218
13248	66.24	-0.0043216363992542	-0.320291272830218
13249	66.245	-0.0043216363992542	-0.321580944815651
13250	66.25	-0.0043216363992542	-0.321580944815651
13251	66.255	-0.0043216363992542	-0.321580944815651
13252	66.26	-0.0043216363992542	-0.321580944815651
13253	66.265	-0.0043216363992542	-0.321580944815651
13254	66.27	-0.0043216363992542	-0.321580944815651
13255	66.275	-0.0043216363992542	-0.322870616801083
13256	66.28	-0.0043216363992542	-0.321580944815651
13257	66.285	-0.0043216363992542	-0.321580944815651
13258	66.29	-0.0043216363992542	-0.322870616801083
13259	66.295	-0.0043216363992542	-0.322870616801083
13260	66.3	-0.0043216363992542	-0.322870616801083
13261	66.305	-0.0043216363992542	-0.322870616801083
13262	66.31	-0.0043216363992542	-0.321580944815651
13263	66.315	-0.0043216363992542	-0.322870616801083
13264	66.32	-0.0043216363992542	-0.322870616801083
13265	66.325	-0.0043216363992542	-0.322870616801083
13266	66.33	-0.00561130838468671	-0.322870616801083
13267	66.335	-0.0043216363992542	-0.322870616801083
13268	66.34	-0.0030319644138217	-0.322870616801083
13269	66.345	-0.0043216363992542	-0.322870616801083
13270	66.35	-0.0043216363992542	-0.324160288786516
13271	66.355	-0.0043216363992542	-0.324160288786516
13272	66.36	-0.0043216363992542	-0.324160288786516
13273	66.365	-0.0043216363992542	-0.324160288786516
13274	66.37	-0.0030319644138217	-0.324160288786516
13275	66.375	-0.0043216363992542	-0.324160288786516
13276	66.38	-0.0043216363992542	-0.324160288786516
13277	66.385	-0.0043216363992542	-0.324160288786516
13278	66.39	-0.0043216363992542	-0.324160288786516
13279	66.395	-0.0043216363992542	-0.325449960771948
13280	66.4	-0.0043216363992542	-0.325449960771948
13281	66.405	-0.0043216363992542	-0.325449960771948
13282	66.41	-0.0043216363992542	-0.325449960771948
13283	66.415	-0.0043216363992542	-0.325449960771948
13284	66.42	-0.0030319644138217	-0.325449960771948
13285	66.425	-0.0030319644138217	-0.325449960771948
13286	66.43	-0.0043216363992542	-0.325449960771948
13287	66.435	-0.0043216363992542	-0.325449960771948
13288	66.44	-0.0043216363992542	-0.326739632757381
13289	66.445	-0.0043216363992542	-0.325449960771948
13290	66.45	-0.0043216363992542	-0.326739632757381
13291	66.455	-0.0043216363992542	-0.326739632757381
13292	66.46	-0.0043216363992542	-0.326739632757381
13293	66.465	-0.0043216363992542	-0.326739632757381
13294	66.47	-0.0043216363992542	-0.326739632757381
13295	66.475	-0.0043216363992542	-0.326739632757381
13296	66.48	-0.00561130838468671	-0.326739632757381
13297	66.485	-0.0043216363992542	-0.326739632757381
13298	66.49	-0.0043216363992542	-0.328029304742813
13299	66.495	-0.0043216363992542	-0.328029304742813
13300	66.5	-0.0043216363992542	-0.328029304742813
13301	66.505	-0.0043216363992542	-0.326739632757381
13302	66.51	-0.0043216363992542	-0.328029304742813
13303	66.515	-0.0043216363992542	-0.328029304742813
13304	66.52	-0.0030319644138217	-0.328029304742813
13305	66.525	-0.0043216363992542	-0.328029304742813
13306	66.53	-0.0043216363992542	-0.328029304742813
13307	66.535	-0.0043216363992542	-0.328029304742813
13308	66.54	-0.0043216363992542	-0.329318976728246
13309	66.545	-0.0043216363992542	-0.328029304742813
13310	66.55	-0.0030319644138217	-0.329318976728246
13311	66.555	-0.0030319644138217	-0.328029304742813
13312	66.56	-0.0043216363992542	-0.329318976728246
13313	66.565	-0.0043216363992542	-0.329318976728246
13314	66.57	-0.0043216363992542	-0.329318976728246
13315	66.575	-0.0043216363992542	-0.329318976728246
13316	66.58	-0.0043216363992542	-0.329318976728246
13317	66.585	-0.0043216363992542	-0.329318976728246
13318	66.59	-0.0043216363992542	-0.329318976728246
13319	66.595	-0.0030319644138217	-0.329318976728246
13320	66.6	-0.0043216363992542	-0.329318976728246
13321	66.605	-0.0043216363992542	-0.330608648713678
13322	66.61	-0.0043216363992542	-0.329318976728246
13323	66.615	-0.0030319644138217	-0.330608648713678
13324	66.62	-0.0043216363992542	-0.330608648713678
13325	66.625	-0.0043216363992542	-0.330608648713678
13326	66.63	-0.0043216363992542	-0.330608648713678
13327	66.635	-0.0043216363992542	-0.330608648713678
13328	66.64	-0.0030319644138217	-0.330608648713678
13329	66.645	-0.0030319644138217	-0.330608648713678
13330	66.65	-0.0043216363992542	-0.330608648713678
13331	66.655	-0.0043216363992542	-0.330608648713678
13332	66.66	-0.0043216363992542	-0.330608648713678
13333	66.665	-0.0043216363992542	-0.331898320699111
13334	66.67	-0.0043216363992542	-0.331898320699111
13335	66.675	-0.0043216363992542	-0.330608648713678
13336	66.68	-0.0043216363992542	-0.331898320699111
13337	66.685	-0.0043216363992542	-0.331898320699111
13338	66.69	-0.0043216363992542	-0.331898320699111
13339	66.695	-0.0043216363992542	-0.330608648713678
13340	66.7	-0.0043216363992542	-0.331898320699111
13341	66.705	-0.0043216363992542	-0.331898320699111
13342	66.71	-0.0043216363992542	-0.331898320699111
13343	66.715	-0.0030319644138217	-0.331898320699111
13344	66.72	-0.0030319644138217	-0.331898320699111
13345	66.725	-0.0043216363992542	-0.331898320699111
13346	66.73	-0.0043216363992542	-0.331898320699111
13347	66.735	-0.0043216363992542	-0.331898320699111
13348	66.74	-0.0043216363992542	-0.331898320699111
13349	66.745	-0.0043216363992542	-0.331898320699111
13350	66.75	-0.0043216363992542	-0.331898320699111
13351	66.755	-0.0043216363992542	-0.333187992684543
13352	66.76	-0.0043216363992542	-0.331898320699111
13353	66.765	-0.0043216363992542	-0.331898320699111
13354	66.77	-0.0043216363992542	-0.333187992684543
13355	66.775	-0.0043216363992542	-0.333187992684543
13356	66.78	-0.0043216363992542	-0.333187992684543
13357	66.785	-0.0043216363992542	-0.333187992684543
13358	66.79	-0.0043216363992542	-0.333187992684543
13359	66.795	-0.0043216363992542	-0.333187992684543
13360	66.8	-0.0043216363992542	-0.333187992684543
13361	66.805	-0.0043216363992542	-0.333187992684543
13362	66.81	-0.0043216363992542	-0.333187992684543
13363	66.815	-0.0043216363992542	-0.333187992684543
13364	66.82	-0.0043216363992542	-0.333187992684543
13365	66.825	-0.0043216363992542	-0.333187992684543
13366	66.83	-0.0043216363992542	-0.333187992684543
13367	66.835	-0.0043216363992542	-0.333187992684543
13368	66.84	-0.0043216363992542	-0.334477664669976
13369	66.845	-0.0043216363992542	-0.333187992684543
13370	66.85	-0.0043216363992542	-0.333187992684543
13371	66.855	-0.0030319644138217	-0.334477664669976
13372	66.86	-0.0030319644138217	-0.333187992684543
13373	66.865	-0.0043216363992542	-0.333187992684543
13374	66.87	-0.0043216363992542	-0.334477664669976
13375	66.875	-0.0043216363992542	-0.334477664669976
13376	66.88	-0.0043216363992542	-0.334477664669976
13377	66.885	-0.0043216363992542	-0.334477664669976
13378	66.89	-0.0043216363992542	-0.333187992684543
13379	66.895	-0.0043216363992542	-0.334477664669976
13380	66.9	-0.0043216363992542	-0.333187992684543
13381	66.905	-0.0043216363992542	-0.334477664669976
13382	66.91	-0.0030319644138217	-0.334477664669976
13383	66.915	-0.0043216363992542	-0.334477664669976
13384	66.92	-0.0043216363992542	-0.334477664669976
13385	66.925	-0.0043216363992542	-0.334477664669976
13386	66.93	-0.0043216363992542	-0.334477664669976
13387	66.935	-0.0030319644138217	-0.334477664669976
13388	66.94	-0.0043216363992542	-0.334477664669976
13389	66.945	-0.0043216363992542	-0.334477664669976
13390	66.95	-0.0043216363992542	-0.334477664669976
13391	66.955	-0.0043216363992542	-0.334477664669976
13392	66.96	-0.0030319644138217	-0.334477664669976
13393	66.965	-0.0043216363992542	-0.335767336655408
13394	66.97	-0.0043216363992542	-0.335767336655408
13395	66.975	-0.0043216363992542	-0.334477664669976
13396	66.98	-0.0043216363992542	-0.335767336655408
13397	66.985	-0.0043216363992542	-0.335767336655408
13398	66.99	-0.0043216363992542	-0.334477664669976
13399	66.995	-0.0043216363992542	-0.335767336655408
13400	67	-0.0043216363992542	-0.335767336655408
13401	67.005	-0.0043216363992542	-0.335767336655408
13402	67.01	-0.0043216363992542	-0.335767336655408
13403	67.015	-0.0043216363992542	-0.337057008640841
13404	67.02	-0.0043216363992542	-0.335767336655408
13405	67.025	-0.0043216363992542	-0.335767336655408
13406	67.03	-0.0030319644138217	-0.337057008640841
13407	67.035	-0.0030319644138217	-0.335767336655408
13408	67.04	-0.0043216363992542	-0.335767336655408
13409	67.045	-0.0043216363992542	-0.337057008640841
13410	67.05	-0.0043216363992542	-0.337057008640841
13411	67.055	-0.0030319644138217	-0.337057008640841
13412	67.06	-0.0030319644138217	-0.337057008640841
13413	67.065	-0.0043216363992542	-0.337057008640841
13414	67.07	-0.0043216363992542	-0.337057008640841
13415	67.075	-0.0043216363992542	-0.337057008640841
13416	67.08	-0.0043216363992542	-0.337057008640841
13417	67.085	-0.0043216363992542	-0.337057008640841
13418	67.09	-0.0043216363992542	-0.337057008640841
13419	67.095	-0.0043216363992542	-0.337057008640841
13420	67.1	-0.0043216363992542	-0.338346680626273
13421	67.105	-0.0043216363992542	-0.338346680626273
13422	67.11	-0.0043216363992542	-0.337057008640841
13423	67.115	-0.0043216363992542	-0.338346680626273
13424	67.12	-0.0043216363992542	-0.338346680626273
13425	67.125	-0.0043216363992542	-0.338346680626273
13426	67.13	-0.0043216363992542	-0.338346680626273
13427	67.135	-0.0043216363992542	-0.338346680626273
13428	67.14	-0.0043216363992542	-0.338346680626273
13429	67.145	-0.0043216363992542	-0.338346680626273
13430	67.15	-0.0043216363992542	-0.338346680626273
13431	67.155	-0.0043216363992542	-0.338346680626273
13432	67.16	-0.0043216363992542	-0.338346680626273
13433	67.165	-0.0043216363992542	-0.338346680626273
13434	67.17	-0.0030319644138217	-0.339636352611706
13435	67.175	-0.0043216363992542	-0.338346680626273
13436	67.18	-0.0043216363992542	-0.338346680626273
13437	67.185	-0.0043216363992542	-0.339636352611706
13438	67.19	-0.0043216363992542	-0.339636352611706
13439	67.195	-0.0043216363992542	-0.339636352611706
13440	67.2	-0.0043216363992542	-0.339636352611706
13441	67.205	-0.0043216363992542	-0.339636352611706
13442	67.21	-0.0043216363992542	-0.338346680626273
13443	67.215	-0.0043216363992542	-0.339636352611706
13444	67.22	-0.0043216363992542	-0.339636352611706
13445	67.225	-0.0043216363992542	-0.339636352611706
13446	67.23	-0.0043216363992542	-0.339636352611706
13447	67.235	-0.0030319644138217	-0.339636352611706
13448	67.24	-0.0043216363992542	-0.339636352611706
13449	67.245	-0.00561130838468671	-0.339636352611706
13450	67.25	-0.0043216363992542	-0.339636352611706
13451	67.255	-0.0043216363992542	-0.340926024597138
13452	67.26	-0.0043216363992542	-0.340926024597138
13453	67.265	-0.0043216363992542	-0.340926024597138
13454	67.27	-0.0043216363992542	-0.340926024597138
13455	67.275	-0.0043216363992542	-0.340926024597138
13456	67.28	-0.0043216363992542	-0.340926024597138
13457	67.285	-0.0043216363992542	-0.340926024597138
13458	67.29	-0.0043216363992542	-0.340926024597138
13459	67.295	-0.0043216363992542	-0.340926024597138
13460	67.3	-0.0043216363992542	-0.340926024597138
13461	67.305	-0.0043216363992542	-0.340926024597138
13462	67.31	-0.0043216363992542	-0.340926024597138
13463	67.315	-0.0043216363992542	-0.340926024597138
13464	67.32	-0.0043216363992542	-0.340926024597138
13465	67.325	-0.00561130838468671	-0.340926024597138
13466	67.33	-0.0043216363992542	-0.342215696582571
13467	67.335	-0.0043216363992542	-0.340926024597138
13468	67.34	-0.0043216363992542	-0.342215696582571
13469	67.345	-0.0043216363992542	-0.342215696582571
13470	67.35	-0.0043216363992542	-0.342215696582571
13471	67.355	-0.0043216363992542	-0.342215696582571
13472	67.36	-0.0043216363992542	-0.342215696582571
13473	67.365	-0.0043216363992542	-0.342215696582571
13474	67.37	-0.0043216363992542	-0.342215696582571
13475	67.375	-0.0043216363992542	-0.342215696582571
13476	67.38	-0.0043216363992542	-0.342215696582571
13477	67.385	-0.0043216363992542	-0.343505368568003
13478	67.39	-0.0043216363992542	-0.343505368568003
13479	67.395	-0.0043216363992542	-0.342215696582571
13480	67.4	-0.0043216363992542	-0.342215696582571
13481	67.405	-0.0043216363992542	-0.343505368568003
13482	67.41	-0.0043216363992542	-0.343505368568003
13483	67.415	-0.0043216363992542	-0.343505368568003
13484	67.42	-0.0043216363992542	-0.343505368568003
13485	67.425	-0.0043216363992542	-0.343505368568003
13486	67.43	-0.0043216363992542	-0.343505368568003
13487	67.435	-0.0043216363992542	-0.343505368568003
13488	67.44	-0.0043216363992542	-0.343505368568003
13489	67.445	-0.0043216363992542	-0.343505368568003
13490	67.45	-0.0043216363992542	-0.343505368568003
13491	67.455	-0.00561130838468671	-0.344795040553436
13492	67.46	-0.0043216363992542	-0.344795040553436
13493	67.465	-0.0043216363992542	-0.344795040553436
13494	67.47	-0.00561130838468671	-0.343505368568003
13495	67.475	-0.0043216363992542	-0.344795040553436
13496	67.48	-0.0043216363992542	-0.344795040553436
13497	67.485	-0.0030319644138217	-0.344795040553436
13498	67.49	-0.0043216363992542	-0.346084712538868
13499	67.495	-0.0043216363992542	-0.344795040553436
13500	67.5	-0.0043216363992542	-0.344795040553436
13501	67.505	-0.0043216363992542	-0.344795040553436
13502	67.51	-0.0043216363992542	-0.344795040553436
13503	67.515	-0.0043216363992542	-0.344795040553436
13504	67.52	-0.0043216363992542	-0.346084712538868
13505	67.525	-0.0043216363992542	-0.344795040553436
13506	67.53	-0.0043216363992542	-0.344795040553436
13507	67.535	-0.0043216363992542	-0.346084712538868
13508	67.54	-0.0043216363992542	-0.346084712538868
13509	67.545	-0.0043216363992542	-0.346084712538868
13510	67.55	-0.0043216363992542	-0.346084712538868
13511	67.555	-0.0043216363992542	-0.346084712538868
13512	67.56	-0.0043216363992542	-0.346084712538868
13513	67.565	-0.0043216363992542	-0.346084712538868
13514	67.57	-0.0043216363992542	-0.346084712538868
13515	67.575	-0.0043216363992542	-0.346084712538868
13516	67.58	-0.0043216363992542	-0.347374384524301
13517	67.585	-0.0043216363992542	-0.346084712538868
13518	67.59	-0.0043216363992542	-0.347374384524301
13519	67.595	-0.0043216363992542	-0.346084712538868
13520	67.6	-0.0043216363992542	-0.347374384524301
13521	67.605	-0.0043216363992542	-0.347374384524301
13522	67.61	-0.0043216363992542	-0.347374384524301
13523	67.615	-0.0043216363992542	-0.347374384524301
13524	67.62	-0.0043216363992542	-0.347374384524301
13525	67.625	-0.0043216363992542	-0.347374384524301
13526	67.63	-0.0043216363992542	-0.347374384524301
13527	67.635	-0.0043216363992542	-0.347374384524301
13528	67.64	-0.0043216363992542	-0.348664056509733
13529	67.645	-0.0043216363992542	-0.347374384524301
13530	67.65	-0.0043216363992542	-0.348664056509733
13531	67.655	-0.0043216363992542	-0.348664056509733
13532	67.66	-0.0043216363992542	-0.348664056509733
13533	67.665	-0.0043216363992542	-0.348664056509733
13534	67.67	-0.0043216363992542	-0.348664056509733
13535	67.675	-0.0043216363992542	-0.348664056509733
13536	67.68	-0.0043216363992542	-0.348664056509733
13537	67.685	-0.00561130838468671	-0.348664056509733
13538	67.69	-0.00561130838468671	-0.348664056509733
13539	67.695	-0.0043216363992542	-0.348664056509733
13540	67.7	-0.00561130838468671	-0.348664056509733
13541	67.705	-0.0043216363992542	-0.349953728495166
13542	67.71	-0.0043216363992542	-0.349953728495166
13543	67.715	-0.00561130838468671	-0.349953728495166
13544	67.72	-0.0043216363992542	-0.349953728495166
13545	67.725	-0.0043216363992542	-0.349953728495166
13546	67.73	-0.00561130838468671	-0.349953728495166
13547	67.735	-0.00561130838468671	-0.349953728495166
13548	67.74	-0.0043216363992542	-0.349953728495166
13549	67.745	-0.00561130838468671	-0.349953728495166
13550	67.75	-0.0043216363992542	-0.351243400480598
13551	67.755	-0.00561130838468671	-0.349953728495166
13552	67.76	-0.0043216363992542	-0.351243400480598
13553	67.765	-0.00561130838468671	-0.351243400480598
13554	67.77	-0.00561130838468671	-0.351243400480598
13555	67.775	-0.00561130838468671	-0.351243400480598
13556	67.78	-0.00561130838468671	-0.351243400480598
13557	67.785	-0.0043216363992542	-0.351243400480598
13558	67.79	-0.00561130838468671	-0.351243400480598
13559	67.795	-0.0043216363992542	-0.351243400480598
13560	67.8	-0.0043216363992542	-0.352533072466031
13561	67.805	-0.00561130838468671	-0.352533072466031
13562	67.81	-0.00561130838468671	-0.351243400480598
13563	67.815	-0.00561130838468671	-0.352533072466031
13564	67.82	-0.00561130838468671	-0.352533072466031
13565	67.825	-0.00561130838468671	-0.352533072466031
13566	67.83	-0.00561130838468671	-0.352533072466031
13567	67.835	-0.00561130838468671	-0.352533072466031
13568	67.84	-0.00561130838468671	-0.352533072466031
13569	67.845	-0.00561130838468671	-0.352533072466031
13570	67.85	-0.00561130838468671	-0.353822744451463
13571	67.855	-0.00561130838468671	-0.353822744451463
13572	67.86	-0.00690098037011921	-0.353822744451463
13573	67.865	-0.00561130838468671	-0.353822744451463
13574	67.87	-0.00690098037011921	-0.353822744451463
13575	67.875	-0.00561130838468671	-0.353822744451463
13576	67.88	-0.00561130838468671	-0.353822744451463
13577	67.885	-0.00561130838468671	-0.353822744451463
13578	67.89	-0.00561130838468671	-0.353822744451463
13579	67.895	-0.00561130838468671	-0.353822744451463
13580	67.9	-0.00690098037011921	-0.353822744451463
13581	67.905	-0.00561130838468671	-0.353822744451463
13582	67.91	-0.00561130838468671	-0.353822744451463
13583	67.915	-0.00561130838468671	-0.355112416436896
13584	67.92	-0.00561130838468671	-0.355112416436896
13585	67.925	-0.00690098037011921	-0.355112416436896
13586	67.93	-0.00561130838468671	-0.355112416436896
13587	67.935	-0.00690098037011921	-0.355112416436896
13588	67.94	-0.00690098037011921	-0.355112416436896
13589	67.945	-0.00561130838468671	-0.355112416436896
13590	67.95	-0.00561130838468671	-0.355112416436896
13591	67.955	-0.00690098037011921	-0.355112416436896
13592	67.96	-0.00561130838468671	-0.356402088422328
13593	67.965	-0.00690098037011921	-0.356402088422328
13594	67.97	-0.00561130838468671	-0.356402088422328
13595	67.975	-0.00561130838468671	-0.356402088422328
13596	67.98	-0.00690098037011921	-0.356402088422328
13597	67.985	-0.00690098037011921	-0.356402088422328
13598	67.99	-0.00690098037011921	-0.356402088422328
13599	67.995	-0.00690098037011921	-0.356402088422328
13600	68	-0.00690098037011921	-0.356402088422328
13601	68.005	-0.00690098037011921	-0.356402088422328
13602	68.01	-0.00690098037011921	-0.356402088422328
13603	68.015	-0.00690098037011921	-0.357691760407761
13604	68.02	-0.00561130838468671	-0.357691760407761
13605	68.025	-0.00561130838468671	-0.357691760407761
13606	68.03	-0.00561130838468671	-0.357691760407761
13607	68.035	-0.00690098037011921	-0.357691760407761
13608	68.04	-0.00561130838468671	-0.357691760407761
13609	68.045	-0.00690098037011921	-0.357691760407761
13610	68.05	-0.00690098037011921	-0.358981432393193
13611	68.055	-0.00690098037011921	-0.357691760407761
13612	68.06	-0.00561130838468671	-0.358981432393193
13613	68.065	-0.00690098037011921	-0.357691760407761
13614	68.07	-0.00561130838468671	-0.358981432393193
13615	68.075	-0.00690098037011921	-0.358981432393193
13616	68.08	-0.00690098037011921	-0.358981432393193
13617	68.085	-0.00561130838468671	-0.358981432393193
13618	68.09	-0.00561130838468671	-0.358981432393193
13619	68.095	-0.00561130838468671	-0.358981432393193
13620	68.1	-0.00690098037011921	-0.358981432393193
13621	68.105	-0.00561130838468671	-0.358981432393193
13622	68.11	-0.00690098037011921	-0.358981432393193
13623	68.115	-0.00690098037011921	-0.360271104378626
13624	68.12	-0.00690098037011921	-0.360271104378626
13625	68.125	-0.00690098037011921	-0.360271104378626
13626	68.13	-0.00561130838468671	-0.360271104378626
13627	68.135	-0.00690098037011921	-0.360271104378626
13628	68.14	-0.00561130838468671	-0.360271104378626
13629	68.145	-0.00561130838468671	-0.360271104378626
13630	68.15	-0.00561130838468671	-0.360271104378626
13631	68.155	-0.00690098037011921	-0.361560776364058
13632	68.16	-0.00561130838468671	-0.361560776364058
13633	68.165	-0.00561130838468671	-0.361560776364058
13634	68.17	-0.00561130838468671	-0.361560776364058
13635	68.175	-0.00561130838468671	-0.361560776364058
13636	68.18	-0.00690098037011921	-0.361560776364058
13637	68.185	-0.00561130838468671	-0.361560776364058
13638	68.19	-0.00561130838468671	-0.361560776364058
13639	68.195	-0.00561130838468671	-0.361560776364058
13640	68.2	-0.00561130838468671	-0.361560776364058
13641	68.205	-0.00561130838468671	-0.361560776364058
13642	68.21	-0.0043216363992542	-0.361560776364058
13643	68.215	-0.00561130838468671	-0.362850448349491
13644	68.22	-0.00561130838468671	-0.362850448349491
13645	68.225	-0.00561130838468671	-0.362850448349491
13646	68.23	-0.00561130838468671	-0.362850448349491
13647	68.235	-0.00561130838468671	-0.362850448349491
13648	68.24	-0.0043216363992542	-0.362850448349491
13649	68.245	-0.00561130838468671	-0.362850448349491
13650	68.25	-0.00561130838468671	-0.362850448349491
13651	68.255	-0.00561130838468671	-0.362850448349491
13652	68.26	-0.00561130838468671	-0.362850448349491
13653	68.265	-0.00561130838468671	-0.362850448349491
13654	68.27	-0.00561130838468671	-0.364140120334923
13655	68.275	-0.00561130838468671	-0.362850448349491
13656	68.28	-0.00561130838468671	-0.364140120334923
13657	68.285	-0.0043216363992542	-0.364140120334923
13658	68.29	-0.0043216363992542	-0.362850448349491
13659	68.295	-0.00561130838468671	-0.364140120334923
13660	68.3	-0.00561130838468671	-0.364140120334923
13661	68.305	-0.0043216363992542	-0.364140120334923
13662	68.31	-0.0043216363992542	-0.365429792320356
13663	68.315	-0.0043216363992542	-0.365429792320356
13664	68.32	-0.00561130838468671	-0.364140120334923
13665	68.325	-0.0043216363992542	-0.365429792320356
13666	68.33	-0.00561130838468671	-0.365429792320356
13667	68.335	-0.0043216363992542	-0.365429792320356
13668	68.34	-0.0043216363992542	-0.365429792320356
13669	68.345	-0.0043216363992542	-0.365429792320356
13670	68.35	-0.0043216363992542	-0.365429792320356
13671	68.355	-0.0043216363992542	-0.365429792320356
13672	68.36	-0.0043216363992542	-0.365429792320356
13673	68.365	-0.0043216363992542	-0.365429792320356
13674	68.37	-0.0043216363992542	-0.365429792320356
13675	68.375	-0.0043216363992542	-0.366719464305788
13676	68.38	-0.0043216363992542	-0.366719464305788
13677	68.385	-0.0043216363992542	-0.366719464305788
13678	68.39	-0.0043216363992542	-0.366719464305788
13679	68.395	-0.0030319644138217	-0.366719464305788
13680	68.4	-0.0043216363992542	-0.366719464305788
13681	68.405	-0.0043216363992542	-0.368009136291221
13682	68.41	-0.0043216363992542	-0.366719464305788
13683	68.415	-0.0043216363992542	-0.368009136291221
13684	68.42	-0.0030319644138217	-0.366719464305788
13685	68.425	-0.0043216363992542	-0.368009136291221
13686	68.43	-0.0043216363992542	-0.366719464305788
13687	68.435	-0.0030319644138217	-0.368009136291221
13688	68.44	-0.0043216363992542	-0.368009136291221
13689	68.445	-0.0043216363992542	-0.368009136291221
13690	68.45	-0.0043216363992542	-0.368009136291221
13691	68.455	-0.0043216363992542	-0.368009136291221
13692	68.46	-0.0043216363992542	-0.368009136291221
13693	68.465	-0.0043216363992542	-0.369298808276653
13694	68.47	-0.0043216363992542	-0.368009136291221
13695	68.475	-0.0043216363992542	-0.369298808276653
13696	68.48	-0.0043216363992542	-0.369298808276653
13697	68.485	-0.0043216363992542	-0.369298808276653
13698	68.49	-0.0043216363992542	-0.369298808276653
13699	68.495	-0.0043216363992542	-0.369298808276653
13700	68.5	-0.0030319644138217	-0.369298808276653
13701	68.505	-0.0043216363992542	-0.369298808276653
13702	68.51	-0.0043216363992542	-0.369298808276653
13703	68.515	-0.0043216363992542	-0.369298808276653
13704	68.52	-0.0043216363992542	-0.370588480262086
13705	68.525	-0.0043216363992542	-0.370588480262086
13706	68.53	-0.0043216363992542	-0.370588480262086
13707	68.535	-0.0043216363992542	-0.370588480262086
13708	68.54	-0.0043216363992542	-0.370588480262086
13709	68.545	-0.0043216363992542	-0.370588480262086
13710	68.55	-0.0043216363992542	-0.369298808276653
13711	68.555	-0.0043216363992542	-0.370588480262086
13712	68.56	-0.0043216363992542	-0.370588480262086
13713	68.565	-0.0043216363992542	-0.371878152247518
13714	68.57	-0.0043216363992542	-0.370588480262086
13715	68.575	-0.0043216363992542	-0.371878152247518
13716	68.58	-0.0043216363992542	-0.371878152247518
13717	68.585	-0.0043216363992542	-0.371878152247518
13718	68.59	-0.0043216363992542	-0.371878152247518
13719	68.595	-0.0043216363992542	-0.371878152247518
13720	68.6	-0.0043216363992542	-0.371878152247518
13721	68.605	-0.0043216363992542	-0.371878152247518
13722	68.61	-0.0043216363992542	-0.371878152247518
13723	68.615	-0.0043216363992542	-0.373167824232951
13724	68.62	-0.0043216363992542	-0.373167824232951
13725	68.625	-0.0043216363992542	-0.373167824232951
13726	68.63	-0.0043216363992542	-0.373167824232951
13727	68.635	-0.0043216363992542	-0.373167824232951
13728	68.64	-0.00561130838468671	-0.373167824232951
13729	68.645	-0.0043216363992542	-0.373167824232951
13730	68.65	-0.0043216363992542	-0.373167824232951
13731	68.655	-0.0043216363992542	-0.373167824232951
13732	68.66	-0.0043216363992542	-0.373167824232951
13733	68.665	-0.0043216363992542	-0.374457496218383
13734	68.67	-0.0043216363992542	-0.373167824232951
13735	68.675	-0.0043216363992542	-0.373167824232951
13736	68.68	-0.0043216363992542	-0.374457496218383
13737	68.685	-0.0043216363992542	-0.373167824232951
13738	68.69	-0.0043216363992542	-0.373167824232951
13739	68.695	-0.0043216363992542	-0.374457496218383
13740	68.7	-0.0043216363992542	-0.373167824232951
13741	68.705	-0.0043216363992542	-0.374457496218383
13742	68.71	-0.0043216363992542	-0.374457496218383
13743	68.715	-0.0030319644138217	-0.374457496218383
13744	68.72	-0.0043216363992542	-0.374457496218383
13745	68.725	-0.0030319644138217	-0.375747168203816
13746	68.73	-0.0043216363992542	-0.374457496218383
13747	68.735	-0.0043216363992542	-0.375747168203816
13748	68.74	-0.0043216363992542	-0.375747168203816
13749	68.745	-0.0043216363992542	-0.375747168203816
13750	68.75	-0.0043216363992542	-0.375747168203816
13751	68.755	-0.0043216363992542	-0.375747168203816
13752	68.76	-0.0030319644138217	-0.375747168203816
13753	68.765	-0.0043216363992542	-0.375747168203816
13754	68.77	-0.0043216363992542	-0.377036840189248
13755	68.775	-0.0043216363992542	-0.375747168203816
13756	68.78	-0.0043216363992542	-0.375747168203816
13757	68.785	-0.0043216363992542	-0.377036840189248
13758	68.79	-0.0043216363992542	-0.375747168203816
13759	68.795	-0.0043216363992542	-0.375747168203816
13760	68.8	-0.0043216363992542	-0.377036840189248
13761	68.805	-0.0043216363992542	-0.377036840189248
13762	68.81	-0.0043216363992542	-0.377036840189248
13763	68.815	-0.0043216363992542	-0.378326512174681
13764	68.82	-0.0030319644138217	-0.377036840189248
13765	68.825	-0.0043216363992542	-0.378326512174681
13766	68.83	-0.0043216363992542	-0.378326512174681
13767	68.835	-0.0043216363992542	-0.377036840189248
13768	68.84	-0.0043216363992542	-0.378326512174681
13769	68.845	-0.0043216363992542	-0.378326512174681
13770	68.85	-0.0043216363992542	-0.378326512174681
13771	68.855	-0.0043216363992542	-0.378326512174681
13772	68.86	-0.0043216363992542	-0.378326512174681
13773	68.865	-0.0043216363992542	-0.378326512174681
13774	68.87	-0.0043216363992542	-0.378326512174681
13775	68.875	-0.0043216363992542	-0.378326512174681
13776	68.88	-0.0043216363992542	-0.378326512174681
13777	68.885	-0.0043216363992542	-0.378326512174681
13778	68.89	-0.0043216363992542	-0.379616184160113
13779	68.895	-0.0043216363992542	-0.379616184160113
13780	68.9	-0.0043216363992542	-0.378326512174681
13781	68.905	-0.0043216363992542	-0.379616184160113
13782	68.91	-0.0030319644138217	-0.379616184160113
13783	68.915	-0.0043216363992542	-0.379616184160113
13784	68.92	-0.0043216363992542	-0.379616184160113
13785	68.925	-0.0043216363992542	-0.379616184160113
13786	68.93	-0.0043216363992542	-0.379616184160113
13787	68.935	-0.0043216363992542	-0.379616184160113
13788	68.94	-0.0043216363992542	-0.380905856145546
13789	68.945	-0.0043216363992542	-0.380905856145546
13790	68.95	-0.0043216363992542	-0.380905856145546
13791	68.955	-0.0043216363992542	-0.380905856145546
13792	68.96	-0.0043216363992542	-0.379616184160113
13793	68.965	-0.0043216363992542	-0.380905856145546
13794	68.97	-0.0043216363992542	-0.380905856145546
13795	68.975	-0.0043216363992542	-0.380905856145546
13796	68.98	-0.0043216363992542	-0.380905856145546
13797	68.985	-0.0043216363992542	-0.380905856145546
13798	68.99	-0.0043216363992542	-0.380905856145546
13799	68.995	-0.0043216363992542	-0.380905856145546
13800	69	-0.0043216363992542	-0.380905856145546
13801	69.005	-0.0043216363992542	-0.380905856145546
13802	69.01	-0.0043216363992542	-0.382195528130978
13803	69.015	-0.0043216363992542	-0.382195528130978
13804	69.02	-0.0043216363992542	-0.382195528130978
13805	69.025	-0.0043216363992542	-0.380905856145546
13806	69.03	-0.0043216363992542	-0.382195528130978
13807	69.035	-0.0043216363992542	-0.382195528130978
13808	69.04	-0.0043216363992542	-0.382195528130978
13809	69.045	-0.0043216363992542	-0.382195528130978
13810	69.05	-0.0043216363992542	-0.382195528130978
13811	69.055	-0.0043216363992542	-0.382195528130978
13812	69.06	-0.0043216363992542	-0.382195528130978
13813	69.065	-0.0043216363992542	-0.382195528130978
13814	69.07	-0.0043216363992542	-0.383485200116411
13815	69.075	-0.0043216363992542	-0.382195528130978
13816	69.08	-0.0043216363992542	-0.382195528130978
13817	69.085	-0.0043216363992542	-0.383485200116411
13818	69.09	-0.0030319644138217	-0.383485200116411
13819	69.095	-0.0043216363992542	-0.383485200116411
13820	69.1	-0.0043216363992542	-0.383485200116411
13821	69.105	-0.0043216363992542	-0.382195528130978
13822	69.11	-0.0043216363992542	-0.382195528130978
13823	69.115	-0.0043216363992542	-0.383485200116411
13824	69.12	-0.0043216363992542	-0.383485200116411
13825	69.125	-0.0043216363992542	-0.383485200116411
13826	69.13	-0.0043216363992542	-0.383485200116411
13827	69.135	-0.0043216363992542	-0.383485200116411
13828	69.14	-0.0043216363992542	-0.383485200116411
13829	69.145	-0.0043216363992542	-0.383485200116411
13830	69.15	-0.0030319644138217	-0.384774872101843
13831	69.155	-0.0043216363992542	-0.383485200116411
13832	69.16	-0.0043216363992542	-0.383485200116411
13833	69.165	-0.0043216363992542	-0.384774872101843
13834	69.17	-0.0043216363992542	-0.383485200116411
13835	69.175	-0.0043216363992542	-0.384774872101843
13836	69.18	-0.0043216363992542	-0.383485200116411
13837	69.185	-0.0043216363992542	-0.383485200116411
13838	69.19	-0.0043216363992542	-0.384774872101843
13839	69.195	-0.0043216363992542	-0.384774872101843
13840	69.2	-0.0043216363992542	-0.384774872101843
13841	69.205	-0.0043216363992542	-0.384774872101843
13842	69.21	-0.0043216363992542	-0.384774872101843
13843	69.215	-0.0043216363992542	-0.386064544087276
13844	69.22	-0.0043216363992542	-0.384774872101843
13845	69.225	-0.0043216363992542	-0.384774872101843
13846	69.23	-0.0043216363992542	-0.384774872101843
13847	69.235	-0.0043216363992542	-0.384774872101843
13848	69.24	-0.0043216363992542	-0.386064544087276
13849	69.245	-0.0043216363992542	-0.386064544087276
13850	69.25	-0.0043216363992542	-0.386064544087276
13851	69.255	-0.0043216363992542	-0.386064544087276
13852	69.26	-0.0043216363992542	-0.387354216072708
13853	69.265	-0.0030319644138217	-0.386064544087276
13854	69.27	-0.0030319644138217	-0.387354216072708
13855	69.275	-0.0043216363992542	-0.387354216072708
13856	69.28	-0.0043216363992542	-0.386064544087276
13857	69.285	-0.0043216363992542	-0.387354216072708
13858	69.29	-0.0043216363992542	-0.386064544087276
13859	69.295	-0.0043216363992542	-0.387354216072708
13860	69.3	-0.0043216363992542	-0.387354216072708
13861	69.305	-0.0030319644138217	-0.387354216072708
13862	69.31	-0.0043216363992542	-0.387354216072708
13863	69.315	-0.0043216363992542	-0.387354216072708
13864	69.32	-0.0043216363992542	-0.388643888058141
13865	69.325	-0.0043216363992542	-0.387354216072708
13866	69.33	-0.0043216363992542	-0.388643888058141
13867	69.335	-0.0043216363992542	-0.388643888058141
13868	69.34	-0.0043216363992542	-0.388643888058141
13869	69.345	-0.0043216363992542	-0.388643888058141
13870	69.35	-0.0043216363992542	-0.388643888058141
13871	69.355	-0.0043216363992542	-0.388643888058141
13872	69.36	-0.0043216363992542	-0.388643888058141
13873	69.365	-0.0043216363992542	-0.388643888058141
13874	69.37	-0.0043216363992542	-0.388643888058141
13875	69.375	-0.0043216363992542	-0.388643888058141
13876	69.38	-0.0043216363992542	-0.389933560043573
13877	69.385	-0.0043216363992542	-0.388643888058141
13878	69.39	-0.0043216363992542	-0.389933560043573
13879	69.395	-0.0043216363992542	-0.388643888058141
13880	69.4	-0.0043216363992542	-0.389933560043573
13881	69.405	-0.0043216363992542	-0.389933560043573
13882	69.41	-0.0043216363992542	-0.389933560043573
13883	69.415	-0.0043216363992542	-0.389933560043573
13884	69.42	-0.0043216363992542	-0.389933560043573
13885	69.425	-0.0043216363992542	-0.391223232029006
13886	69.43	-0.0043216363992542	-0.389933560043573
13887	69.435	-0.0030319644138217	-0.391223232029006
13888	69.44	-0.0043216363992542	-0.389933560043573
13889	69.445	-0.0043216363992542	-0.391223232029006
13890	69.45	-0.0030319644138217	-0.391223232029006
13891	69.455	-0.0043216363992542	-0.391223232029006
13892	69.46	-0.0043216363992542	-0.391223232029006
13893	69.465	-0.0043216363992542	-0.391223232029006
13894	69.47	-0.0043216363992542	-0.391223232029006
13895	69.475	-0.0043216363992542	-0.389933560043573
13896	69.48	-0.0043216363992542	-0.391223232029006
13897	69.485	-0.0043216363992542	-0.391223232029006
13898	69.49	-0.0043216363992542	-0.392512904014438
13899	69.495	-0.0043216363992542	-0.392512904014438
13900	69.5	-0.0043216363992542	-0.392512904014438
13901	69.505	-0.0030319644138217	-0.392512904014438
13902	69.51	-0.0043216363992542	-0.391223232029006
13903	69.515	-0.0043216363992542	-0.392512904014438
13904	69.52	-0.0043216363992542	-0.392512904014438
13905	69.525	-0.0043216363992542	-0.392512904014438
13906	69.53	-0.0043216363992542	-0.392512904014438
13907	69.535	-0.0043216363992542	-0.392512904014438
13908	69.54	-0.0043216363992542	-0.392512904014438
13909	69.545	-0.0043216363992542	-0.392512904014438
13910	69.55	-0.0043216363992542	-0.392512904014438
13911	69.555	-0.0043216363992542	-0.392512904014438
13912	69.56	-0.0043216363992542	-0.392512904014438
13913	69.565	-0.0043216363992542	-0.392512904014438
13914	69.57	-0.0043216363992542	-0.392512904014438
13915	69.575	-0.0043216363992542	-0.392512904014438
13916	69.58	-0.0030319644138217	-0.392512904014438
13917	69.585	-0.0043216363992542	-0.393802575999871
13918	69.59	-0.0043216363992542	-0.393802575999871
13919	69.595	-0.0043216363992542	-0.393802575999871
13920	69.6	-0.0043216363992542	-0.393802575999871
13921	69.605	-0.0043216363992542	-0.393802575999871
13922	69.61	-0.0043216363992542	-0.393802575999871
13923	69.615	-0.0043216363992542	-0.395092247985303
13924	69.62	-0.0043216363992542	-0.395092247985303
13925	69.625	-0.0043216363992542	-0.393802575999871
13926	69.63	-0.0043216363992542	-0.393802575999871
13927	69.635	-0.0043216363992542	-0.395092247985303
13928	69.64	-0.0043216363992542	-0.395092247985303
13929	69.645	-0.0043216363992542	-0.395092247985303
13930	69.65	-0.0043216363992542	-0.395092247985303
13931	69.655	-0.0043216363992542	-0.395092247985303
13932	69.66	-0.0043216363992542	-0.395092247985303
13933	69.665	-0.0043216363992542	-0.395092247985303
13934	69.67	-0.0043216363992542	-0.395092247985303
13935	69.675	-0.0043216363992542	-0.395092247985303
13936	69.68	-0.0043216363992542	-0.395092247985303
13937	69.685	-0.0043216363992542	-0.395092247985303
13938	69.69	-0.0043216363992542	-0.395092247985303
13939	69.695	-0.0043216363992542	-0.396381919970736
13940	69.7	-0.0043216363992542	-0.396381919970736
13941	69.705	-0.0043216363992542	-0.395092247985303
13942	69.71	-0.00561130838468671	-0.396381919970736
13943	69.715	-0.0043216363992542	-0.396381919970736
13944	69.72	-0.0043216363992542	-0.396381919970736
13945	69.725	-0.0043216363992542	-0.396381919970736
13946	69.73	-0.0043216363992542	-0.397671591956168
13947	69.735	-0.0043216363992542	-0.396381919970736
13948	69.74	-0.0043216363992542	-0.396381919970736
13949	69.745	-0.0043216363992542	-0.396381919970736
13950	69.75	-0.0043216363992542	-0.397671591956168
13951	69.755	-0.0043216363992542	-0.397671591956168
13952	69.76	-0.0043216363992542	-0.397671591956168
13953	69.765	-0.0043216363992542	-0.396381919970736
13954	69.77	-0.0043216363992542	-0.397671591956168
13955	69.775	-0.0043216363992542	-0.397671591956168
13956	69.78	-0.0043216363992542	-0.397671591956168
13957	69.785	-0.0043216363992542	-0.397671591956168
13958	69.79	-0.0043216363992542	-0.397671591956168
13959	69.795	-0.0043216363992542	-0.397671591956168
13960	69.8	-0.0043216363992542	-0.397671591956168
13961	69.805	-0.0043216363992542	-0.397671591956168
13962	69.81	-0.0043216363992542	-0.398961263941601
13963	69.815	-0.0043216363992542	-0.398961263941601
13964	69.82	-0.0043216363992542	-0.397671591956168
13965	69.825	-0.0043216363992542	-0.398961263941601
13966	69.83	-0.0043216363992542	-0.398961263941601
13967	69.835	-0.00561130838468671	-0.398961263941601
13968	69.84	-0.0043216363992542	-0.398961263941601
13969	69.845	-0.0043216363992542	-0.398961263941601
13970	69.85	-0.0043216363992542	-0.398961263941601
13971	69.855	-0.00561130838468671	-0.400250935927033
13972	69.86	-0.0043216363992542	-0.398961263941601
13973	69.865	-0.00561130838468671	-0.400250935927033
13974	69.87	-0.0043216363992542	-0.398961263941601
13975	69.875	-0.0043216363992542	-0.400250935927033
13976	69.88	-0.0043216363992542	-0.400250935927033
13977	69.885	-0.0043216363992542	-0.400250935927033
13978	69.89	-0.0043216363992542	-0.400250935927033
13979	69.895	-0.00561130838468671	-0.400250935927033
13980	69.9	-0.00561130838468671	-0.400250935927033
13981	69.905	-0.0043216363992542	-0.400250935927033
13982	69.91	-0.0043216363992542	-0.400250935927033
13983	69.915	-0.0043216363992542	-0.400250935927033
13984	69.92	-0.00561130838468671	-0.400250935927033
13985	69.925	-0.0043216363992542	-0.401540607912466
13986	69.93	-0.0043216363992542	-0.401540607912466
13987	69.935	-0.00561130838468671	-0.401540607912466
13988	69.94	-0.0043216363992542	-0.400250935927033
13989	69.945	-0.0043216363992542	-0.401540607912466
13990	69.95	-0.00561130838468671	-0.400250935927033
13991	69.955	-0.00561130838468671	-0.401540607912466
13992	69.96	-0.0043216363992542	-0.401540607912466
13993	69.965	-0.0043216363992542	-0.401540607912466
13994	69.97	-0.00561130838468671	-0.401540607912466
13995	69.975	-0.00561130838468671	-0.401540607912466
13996	69.98	-0.0030319644138217	-0.402830279897898
13997	69.985	-0.00561130838468671	-0.401540607912466
13998	69.99	-0.0043216363992542	-0.402830279897898
13999	69.995	-0.0043216363992542	-0.402830279897898
14000	70	-0.0043216363992542	-0.402830279897898
14001	70.005	-0.0043216363992542	-0.402830279897898
14002	70.01	-0.0043216363992542	-0.402830279897898
14003	70.015	-0.0043216363992542	-0.402830279897898
14004	70.02	-0.00561130838468671	-0.402830279897898
14005	70.025	-0.00561130838468671	-0.402830279897898
14006	70.03	-0.00561130838468671	-0.402830279897898
14007	70.035	-0.00561130838468671	-0.404119951883331
14008	70.04	-0.00561130838468671	-0.404119951883331
14009	70.045	-0.00561130838468671	-0.402830279897898
14010	70.05	-0.00561130838468671	-0.404119951883331
14011	70.055	-0.0043216363992542	-0.404119951883331
14012	70.06	-0.0043216363992542	-0.404119951883331
14013	70.065	-0.00561130838468671	-0.404119951883331
14014	70.07	-0.0043216363992542	-0.404119951883331
14015	70.075	-0.00561130838468671	-0.404119951883331
14016	70.08	-0.00561130838468671	-0.404119951883331
14017	70.085	-0.00561130838468671	-0.404119951883331
14018	70.09	-0.00561130838468671	-0.404119951883331
14019	70.095	-0.00561130838468671	-0.404119951883331
14020	70.1	-0.00561130838468671	-0.404119951883331
14021	70.105	-0.00561130838468671	-0.405409623868763
14022	70.11	-0.00561130838468671	-0.405409623868763
14023	70.115	-0.00561130838468671	-0.405409623868763
14024	70.12	-0.00561130838468671	-0.405409623868763
14025	70.125	-0.00561130838468671	-0.405409623868763
14026	70.13	-0.00561130838468671	-0.405409623868763
14027	70.135	-0.00561130838468671	-0.405409623868763
14028	70.14	-0.00561130838468671	-0.405409623868763
14029	70.145	-0.00561130838468671	-0.405409623868763
14030	70.15	-0.00561130838468671	-0.405409623868763
14031	70.155	-0.00561130838468671	-0.405409623868763
14032	70.16	-0.00561130838468671	-0.406699295854196
14033	70.165	-0.00561130838468671	-0.405409623868763
14034	70.17	-0.00561130838468671	-0.405409623868763
14035	70.175	-0.0043216363992542	-0.406699295854196
14036	70.18	-0.0043216363992542	-0.406699295854196
14037	70.185	-0.00561130838468671	-0.406699295854196
14038	70.19	-0.00561130838468671	-0.406699295854196
14039	70.195	-0.00561130838468671	-0.406699295854196
14040	70.2	-0.00561130838468671	-0.406699295854196
14041	70.205	-0.00561130838468671	-0.406699295854196
14042	70.21	-0.0043216363992542	-0.406699295854196
14043	70.215	-0.00561130838468671	-0.406699295854196
14044	70.22	-0.0043216363992542	-0.406699295854196
14045	70.225	-0.00561130838468671	-0.407988967839628
14046	70.23	-0.00561130838468671	-0.407988967839628
14047	70.235	-0.00561130838468671	-0.406699295854196
14048	70.24	-0.0043216363992542	-0.407988967839628
14049	70.245	-0.00561130838468671	-0.407988967839628
14050	70.25	-0.00561130838468671	-0.407988967839628
14051	70.255	-0.00561130838468671	-0.406699295854196
14052	70.26	-0.00561130838468671	-0.407988967839628
14053	70.265	-0.00561130838468671	-0.407988967839628
14054	70.27	-0.00561130838468671	-0.407988967839628
14055	70.275	-0.00561130838468671	-0.407988967839628
14056	70.28	-0.00561130838468671	-0.407988967839628
14057	70.285	-0.00561130838468671	-0.407988967839628
14058	70.29	-0.00561130838468671	-0.409278639825061
14059	70.295	-0.0043216363992542	-0.407988967839628
14060	70.3	-0.00561130838468671	-0.409278639825061
14061	70.305	-0.00561130838468671	-0.407988967839628
14062	70.31	-0.00561130838468671	-0.407988967839628
14063	70.315	-0.0043216363992542	-0.407988967839628
14064	70.32	-0.0043216363992542	-0.407988967839628
14065	70.325	-0.0043216363992542	-0.407988967839628
14066	70.33	-0.00561130838468671	-0.407988967839628
14067	70.335	-0.0043216363992542	-0.409278639825061
14068	70.34	-0.0043216363992542	-0.409278639825061
14069	70.345	-0.00561130838468671	-0.409278639825061
14070	70.35	-0.00561130838468671	-0.409278639825061
14071	70.355	-0.00561130838468671	-0.409278639825061
14072	70.36	-0.00561130838468671	-0.409278639825061
14073	70.365	-0.00561130838468671	-0.409278639825061
14074	70.37	-0.00561130838468671	-0.409278639825061
14075	70.375	-0.00561130838468671	-0.409278639825061
14076	70.38	-0.00561130838468671	-0.409278639825061
14077	70.385	-0.00561130838468671	-0.409278639825061
14078	70.39	-0.00561130838468671	-0.409278639825061
14079	70.395	-0.0043216363992542	-0.409278639825061
14080	70.4	-0.00561130838468671	-0.409278639825061
14081	70.405	-0.00561130838468671	-0.409278639825061
14082	70.41	-0.0043216363992542	-0.410568311810493
14083	70.415	-0.0043216363992542	-0.409278639825061
14084	70.42	-0.00561130838468671	-0.409278639825061
14085	70.425	-0.00561130838468671	-0.410568311810493
14086	70.43	-0.0043216363992542	-0.410568311810493
14087	70.435	-0.00561130838468671	-0.410568311810493
14088	70.44	-0.0043216363992542	-0.410568311810493
14089	70.445	-0.0043216363992542	-0.410568311810493
14090	70.45	-0.00561130838468671	-0.410568311810493
14091	70.455	-0.00561130838468671	-0.410568311810493
14092	70.46	-0.0043216363992542	-0.410568311810493
14093	70.465	-0.00561130838468671	-0.410568311810493
14094	70.47	-0.00561130838468671	-0.410568311810493
14095	70.475	-0.00561130838468671	-0.410568311810493
14096	70.48	-0.00561130838468671	-0.410568311810493
14097	70.485	-0.00561130838468671	-0.410568311810493
14098	70.49	-0.00561130838468671	-0.410568311810493
14099	70.495	-0.00561130838468671	-0.410568311810493
14100	70.5	-0.00561130838468671	-0.410568311810493
14101	70.505	-0.00561130838468671	-0.410568311810493
14102	70.51	-0.00561130838468671	-0.410568311810493
14103	70.515	-0.00561130838468671	-0.410568311810493
14104	70.52	-0.00561130838468671	-0.410568311810493
14105	70.525	-0.00561130838468671	-0.410568311810493
14106	70.53	-0.00561130838468671	-0.410568311810493
14107	70.535	-0.0043216363992542	-0.410568311810493
14108	70.54	-0.0043216363992542	-0.411857983795926
14109	70.545	-0.00561130838468671	-0.410568311810493
14110	70.55	-0.00561130838468671	-0.410568311810493
14111	70.555	-0.00561130838468671	-0.411857983795926
14112	70.56	-0.00561130838468671	-0.410568311810493
14113	70.565	-0.00561130838468671	-0.411857983795926
14114	70.57	-0.00561130838468671	-0.410568311810493
14115	70.575	-0.00561130838468671	-0.411857983795926
14116	70.58	-0.0043216363992542	-0.411857983795926
14117	70.585	-0.00561130838468671	-0.410568311810493
14118	70.59	-0.00561130838468671	-0.410568311810493
14119	70.595	-0.00561130838468671	-0.410568311810493
14120	70.6	-0.0043216363992542	-0.410568311810493
14121	70.605	-0.0043216363992542	-0.411857983795926
14122	70.61	-0.00561130838468671	-0.411857983795926
14123	70.615	-0.0043216363992542	-0.410568311810493
14124	70.62	-0.0043216363992542	-0.411857983795926
14125	70.625	-0.00561130838468671	-0.411857983795926
14126	70.63	-0.0043216363992542	-0.411857983795926
14127	70.635	-0.0043216363992542	-0.411857983795926
14128	70.64	-0.0043216363992542	-0.410568311810493
14129	70.645	-0.00561130838468671	-0.411857983795926
14130	70.65	-0.00561130838468671	-0.410568311810493
14131	70.655	-0.00561130838468671	-0.411857983795926
14132	70.66	-0.0043216363992542	-0.411857983795926
14133	70.665	-0.00561130838468671	-0.411857983795926
14134	70.67	-0.00561130838468671	-0.411857983795926
14135	70.675	-0.0043216363992542	-0.411857983795926
14136	70.68	-0.0043216363992542	-0.411857983795926
14137	70.685	-0.00561130838468671	-0.411857983795926
14138	70.69	-0.0043216363992542	-0.411857983795926
14139	70.695	-0.00561130838468671	-0.410568311810493
14140	70.7	-0.0043216363992542	-0.411857983795926
14141	70.705	-0.00561130838468671	-0.411857983795926
14142	70.71	-0.00561130838468671	-0.411857983795926
14143	70.715	-0.0043216363992542	-0.411857983795926
14144	70.72	-0.0043216363992542	-0.410568311810493
14145	70.725	-0.00561130838468671	-0.411857983795926
14146	70.73	-0.0043216363992542	-0.411857983795926
14147	70.735	-0.0043216363992542	-0.411857983795926
14148	70.74	-0.0043216363992542	-0.411857983795926
14149	70.745	-0.00561130838468671	-0.411857983795926
14150	70.75	-0.00561130838468671	-0.411857983795926
14151	70.755	-0.0043216363992542	-0.411857983795926
14152	70.76	-0.0043216363992542	-0.411857983795926
14153	70.765	-0.0043216363992542	-0.411857983795926
14154	70.77	-0.00561130838468671	-0.411857983795926
14155	70.775	-0.0043216363992542	-0.413147655781358
14156	70.78	-0.00561130838468671	-0.411857983795926
14157	70.785	-0.00561130838468671	-0.411857983795926
14158	70.79	-0.00561130838468671	-0.411857983795926
14159	70.795	-0.0043216363992542	-0.411857983795926
14160	70.8	-0.00561130838468671	-0.411857983795926
14161	70.805	-0.00561130838468671	-0.411857983795926
14162	70.81	-0.00561130838468671	-0.411857983795926
14163	70.815	-0.0043216363992542	-0.411857983795926
14164	70.82	-0.0043216363992542	-0.411857983795926
14165	70.825	-0.00561130838468671	-0.411857983795926
14166	70.83	-0.00561130838468671	-0.413147655781358
14167	70.835	-0.0043216363992542	-0.413147655781358
14168	70.84	-0.00561130838468671	-0.413147655781358
14169	70.845	-0.00561130838468671	-0.411857983795926
14170	70.85	-0.00561130838468671	-0.413147655781358
14171	70.855	-0.0043216363992542	-0.411857983795926
14172	70.86	-0.00561130838468671	-0.413147655781358
14173	70.865	-0.0043216363992542	-0.411857983795926
14174	70.87	-0.00561130838468671	-0.413147655781358
14175	70.875	-0.00561130838468671	-0.411857983795926
14176	70.88	-0.00561130838468671	-0.413147655781358
14177	70.885	-0.00561130838468671	-0.411857983795926
14178	70.89	-0.00561130838468671	-0.411857983795926
14179	70.895	-0.00561130838468671	-0.413147655781358
14180	70.9	-0.00561130838468671	-0.411857983795926
14181	70.905	-0.0043216363992542	-0.413147655781358
14182	70.91	-0.00561130838468671	-0.411857983795926
14183	70.915	-0.0043216363992542	-0.413147655781358
14184	70.92	-0.00561130838468671	-0.413147655781358
14185	70.925	-0.00561130838468671	-0.411857983795926
14186	70.93	-0.00561130838468671	-0.413147655781358
14187	70.935	-0.00561130838468671	-0.413147655781358
14188	70.94	-0.0043216363992542	-0.413147655781358
14189	70.945	-0.00561130838468671	-0.413147655781358
14190	70.95	-0.0043216363992542	-0.411857983795926
14191	70.955	-0.0043216363992542	-0.413147655781358
14192	70.96	-0.00561130838468671	-0.413147655781358
14193	70.965	-0.00561130838468671	-0.413147655781358
14194	70.97	-0.0043216363992542	-0.413147655781358
14195	70.975	-0.00561130838468671	-0.413147655781358
14196	70.98	-0.00561130838468671	-0.411857983795926
14197	70.985	-0.00561130838468671	-0.413147655781358
14198	70.99	-0.00561130838468671	-0.413147655781358
14199	70.995	-0.00561130838468671	-0.413147655781358
14200	71	-0.00561130838468671	-0.413147655781358
14201	71.005	-0.00561130838468671	-0.413147655781358
14202	71.01	-0.00561130838468671	-0.413147655781358
14203	71.015	-0.0043216363992542	-0.413147655781358
14204	71.02	-0.00561130838468671	-0.413147655781358
14205	71.025	-0.00561130838468671	-0.413147655781358
14206	71.03	-0.00561130838468671	-0.413147655781358
14207	71.035	-0.0043216363992542	-0.413147655781358
14208	71.04	-0.00561130838468671	-0.413147655781358
14209	71.045	-0.0043216363992542	-0.413147655781358
14210	71.05	-0.00561130838468671	-0.413147655781358
14211	71.055	-0.00561130838468671	-0.413147655781358
14212	71.06	-0.00561130838468671	-0.413147655781358
14213	71.065	-0.0043216363992542	-0.413147655781358
14214	71.07	-0.00561130838468671	-0.413147655781358
14215	71.075	-0.00561130838468671	-0.413147655781358
14216	71.08	-0.00561130838468671	-0.413147655781358
14217	71.085	-0.00561130838468671	-0.413147655781358
14218	71.09	-0.00561130838468671	-0.413147655781358
14219	71.095	-0.00561130838468671	-0.413147655781358
14220	71.1	-0.00561130838468671	-0.413147655781358
14221	71.105	-0.00561130838468671	-0.413147655781358
14222	71.11	-0.00561130838468671	-0.413147655781358
14223	71.115	-0.00561130838468671	-0.411857983795926
14224	71.12	-0.0043216363992542	-0.413147655781358
14225	71.125	-0.00561130838468671	-0.413147655781358
14226	71.13	-0.00561130838468671	-0.413147655781358
14227	71.135	-0.00561130838468671	-0.413147655781358
14228	71.14	-0.0043216363992542	-0.413147655781358
14229	71.145	-0.00561130838468671	-0.414437327766791
14230	71.15	-0.00561130838468671	-0.413147655781358
14231	71.155	-0.0043216363992542	-0.413147655781358
14232	71.16	-0.0043216363992542	-0.413147655781358
14233	71.165	-0.00561130838468671	-0.413147655781358
14234	71.17	-0.0043216363992542	-0.413147655781358
14235	71.175	-0.0043216363992542	-0.413147655781358
14236	71.18	-0.00561130838468671	-0.413147655781358
14237	71.185	-0.00561130838468671	-0.414437327766791
14238	71.19	-0.00561130838468671	-0.413147655781358
14239	71.195	-0.00561130838468671	-0.413147655781358
14240	71.2	-0.0043216363992542	-0.413147655781358
14241	71.205	-0.0043216363992542	-0.414437327766791
14242	71.21	-0.0043216363992542	-0.414437327766791
14243	71.215	-0.00561130838468671	-0.413147655781358
14244	71.22	-0.0043216363992542	-0.413147655781358
14245	71.225	-0.00561130838468671	-0.413147655781358
14246	71.23	-0.00561130838468671	-0.413147655781358
14247	71.235	-0.0043216363992542	-0.413147655781358
14248	71.24	-0.0043216363992542	-0.413147655781358
14249	71.245	-0.00561130838468671	-0.414437327766791
14250	71.25	-0.00561130838468671	-0.413147655781358
14251	71.255	-0.0043216363992542	-0.414437327766791
14252	71.26	-0.00561130838468671	-0.413147655781358
14253	71.265	-0.00561130838468671	-0.414437327766791
14254	71.27	-0.00561130838468671	-0.413147655781358
14255	71.275	-0.0043216363992542	-0.413147655781358
14256	71.28	-0.00561130838468671	-0.413147655781358
14257	71.285	-0.00561130838468671	-0.413147655781358
14258	71.29	-0.00561130838468671	-0.413147655781358
14259	71.295	-0.00561130838468671	-0.413147655781358
14260	71.3	-0.00561130838468671	-0.413147655781358
14261	71.305	-0.00561130838468671	-0.413147655781358
14262	71.31	-0.00561130838468671	-0.413147655781358
14263	71.315	-0.00561130838468671	-0.413147655781358
14264	71.32	-0.0043216363992542	-0.413147655781358
14265	71.325	-0.0043216363992542	-0.413147655781358
14266	71.33	-0.0043216363992542	-0.414437327766791
14267	71.335	-0.0043216363992542	-0.413147655781358
14268	71.34	-0.0043216363992542	-0.413147655781358
14269	71.345	-0.00561130838468671	-0.414437327766791
14270	71.35	-0.0043216363992542	-0.413147655781358
14271	71.355	-0.0043216363992542	-0.414437327766791
14272	71.36	-0.00561130838468671	-0.413147655781358
14273	71.365	-0.00561130838468671	-0.414437327766791
14274	71.37	-0.00561130838468671	-0.413147655781358
14275	71.375	-0.00561130838468671	-0.413147655781358
14276	71.38	-0.00561130838468671	-0.413147655781358
14277	71.385	-0.00561130838468671	-0.414437327766791
14278	71.39	-0.00561130838468671	-0.413147655781358
14279	71.395	-0.00561130838468671	-0.413147655781358
14280	71.4	-0.00561130838468671	-0.413147655781358
14281	71.405	-0.00561130838468671	-0.413147655781358
14282	71.41	-0.00561130838468671	-0.413147655781358
14283	71.415	-0.00561130838468671	-0.413147655781358
14284	71.42	-0.0043216363992542	-0.413147655781358
14285	71.425	-0.00561130838468671	-0.414437327766791
14286	71.43	-0.00561130838468671	-0.413147655781358
14287	71.435	-0.00561130838468671	-0.414437327766791
14288	71.44	-0.0043216363992542	-0.413147655781358
14289	71.445	-0.00561130838468671	-0.413147655781358
14290	71.45	-0.0043216363992542	-0.413147655781358
14291	71.455	-0.00561130838468671	-0.413147655781358
14292	71.46	-0.00561130838468671	-0.413147655781358
14293	71.465	-0.00561130838468671	-0.414437327766791
14294	71.47	-0.0043216363992542	-0.413147655781358
14295	71.475	-0.00561130838468671	-0.413147655781358
14296	71.48	-0.00561130838468671	-0.413147655781358
14297	71.485	-0.00561130838468671	-0.413147655781358
14298	71.49	-0.0043216363992542	-0.413147655781358
14299	71.495	-0.0043216363992542	-0.413147655781358
14300	71.5	-0.0043216363992542	-0.414437327766791
14301	71.505	-0.00561130838468671	-0.413147655781358
14302	71.51	-0.00561130838468671	-0.413147655781358
14303	71.515	-0.00561130838468671	-0.414437327766791
14304	71.52	-0.00561130838468671	-0.413147655781358
14305	71.525	-0.0043216363992542	-0.414437327766791
14306	71.53	-0.00561130838468671	-0.413147655781358
14307	71.535	-0.00561130838468671	-0.414437327766791
14308	71.54	-0.0043216363992542	-0.414437327766791
14309	71.545	-0.00561130838468671	-0.414437327766791
14310	71.55	-0.00561130838468671	-0.414437327766791
14311	71.555	-0.0043216363992542	-0.414437327766791
14312	71.56	-0.00561130838468671	-0.413147655781358
14313	71.565	-0.00561130838468671	-0.413147655781358
14314	71.57	-0.00561130838468671	-0.414437327766791
14315	71.575	-0.00561130838468671	-0.413147655781358
14316	71.58	-0.0043216363992542	-0.413147655781358
14317	71.585	-0.00561130838468671	-0.414437327766791
14318	71.59	-0.00561130838468671	-0.413147655781358
14319	71.595	-0.00561130838468671	-0.414437327766791
14320	71.6	-0.0043216363992542	-0.414437327766791
14321	71.605	-0.0043216363992542	-0.414437327766791
14322	71.61	-0.00561130838468671	-0.414437327766791
14323	71.615	-0.0043216363992542	-0.414437327766791
14324	71.62	-0.00561130838468671	-0.414437327766791
14325	71.625	-0.0043216363992542	-0.413147655781358
14326	71.63	-0.00561130838468671	-0.414437327766791
14327	71.635	-0.00561130838468671	-0.414437327766791
14328	71.64	-0.0043216363992542	-0.413147655781358
14329	71.645	-0.00561130838468671	-0.413147655781358
14330	71.65	-0.00561130838468671	-0.414437327766791
14331	71.655	-0.00561130838468671	-0.413147655781358
14332	71.66	-0.0043216363992542	-0.414437327766791
14333	71.665	-0.0043216363992542	-0.414437327766791
14334	71.67	-0.00561130838468671	-0.414437327766791
14335	71.675	-0.00561130838468671	-0.413147655781358
14336	71.68	-0.0043216363992542	-0.414437327766791
14337	71.685	-0.00561130838468671	-0.414437327766791
14338	71.69	-0.00561130838468671	-0.414437327766791
14339	71.695	-0.00561130838468671	-0.414437327766791
14340	71.7	-0.0043216363992542	-0.414437327766791
14341	71.705	-0.0043216363992542	-0.414437327766791
14342	71.71	-0.00561130838468671	-0.414437327766791
14343	71.715	-0.0043216363992542	-0.414437327766791
14344	71.72	-0.00561130838468671	-0.413147655781358
14345	71.725	-0.00561130838468671	-0.413147655781358
14346	71.73	-0.0043216363992542	-0.414437327766791
14347	71.735	-0.00561130838468671	-0.414437327766791
14348	71.74	-0.00561130838468671	-0.414437327766791
14349	71.745	-0.00561130838468671	-0.414437327766791
14350	71.75	-0.0043216363992542	-0.414437327766791
14351	71.755	-0.00561130838468671	-0.414437327766791
14352	71.76	-0.0043216363992542	-0.414437327766791
14353	71.765	-0.00561130838468671	-0.414437327766791
14354	71.77	-0.00561130838468671	-0.414437327766791
14355	71.775	-0.00561130838468671	-0.413147655781358
14356	71.78	-0.00561130838468671	-0.413147655781358
14357	71.785	-0.00561130838468671	-0.414437327766791
14358	71.79	-0.00561130838468671	-0.414437327766791
14359	71.795	-0.00561130838468671	-0.414437327766791
14360	71.8	-0.00561130838468671	-0.414437327766791
14361	71.805	-0.00561130838468671	-0.414437327766791
14362	71.81	-0.00561130838468671	-0.413147655781358
14363	71.815	-0.00561130838468671	-0.413147655781358
14364	71.82	-0.00561130838468671	-0.414437327766791
14365	71.825	-0.00561130838468671	-0.414437327766791
14366	71.83	-0.0043216363992542	-0.413147655781358
14367	71.835	-0.00561130838468671	-0.414437327766791
14368	71.84	-0.00561130838468671	-0.414437327766791
14369	71.845	-0.00561130838468671	-0.414437327766791
14370	71.85	-0.00561130838468671	-0.414437327766791
14371	71.855	-0.00561130838468671	-0.414437327766791
14372	71.86	-0.00561130838468671	-0.414437327766791
14373	71.865	-0.00561130838468671	-0.414437327766791
14374	71.87	-0.0043216363992542	-0.413147655781358
14375	71.875	-0.00561130838468671	-0.414437327766791
14376	71.88	-0.00561130838468671	-0.414437327766791
14377	71.885	-0.00561130838468671	-0.414437327766791
14378	71.89	-0.0043216363992542	-0.414437327766791
14379	71.895	-0.00561130838468671	-0.414437327766791
14380	71.9	-0.00561130838468671	-0.414437327766791
14381	71.905	-0.00561130838468671	-0.413147655781358
14382	71.91	-0.0043216363992542	-0.414437327766791
14383	71.915	-0.0043216363992542	-0.414437327766791
14384	71.92	-0.00561130838468671	-0.414437327766791
14385	71.925	-0.0043216363992542	-0.414437327766791
14386	71.93	-0.00561130838468671	-0.414437327766791
14387	71.935	-0.00561130838468671	-0.413147655781358
14388	71.94	-0.00561130838468671	-0.414437327766791
14389	71.945	-0.00561130838468671	-0.414437327766791
14390	71.95	-0.00561130838468671	-0.414437327766791
14391	71.955	-0.00561130838468671	-0.414437327766791
14392	71.96	-0.0043216363992542	-0.414437327766791
14393	71.965	-0.00561130838468671	-0.414437327766791
14394	71.97	-0.00561130838468671	-0.414437327766791
14395	71.975	-0.0043216363992542	-0.414437327766791
14396	71.98	-0.00561130838468671	-0.414437327766791
14397	71.985	-0.0043216363992542	-0.414437327766791
14398	71.99	-0.00561130838468671	-0.414437327766791
14399	71.995	-0.00561130838468671	-0.414437327766791
14400	72	-0.00561130838468671	-0.414437327766791
14401	72.005	-0.00561130838468671	-0.414437327766791
14402	72.01	-0.00561130838468671	-0.414437327766791
14403	72.015	-0.00561130838468671	-0.414437327766791
14404	72.02	-0.00561130838468671	-0.414437327766791
14405	72.025	-0.00561130838468671	-0.414437327766791
14406	72.03	-0.00561130838468671	-0.414437327766791
14407	72.035	-0.00561130838468671	-0.414437327766791
14408	72.04	-0.00561130838468671	-0.414437327766791
14409	72.045	-0.0043216363992542	-0.414437327766791
14410	72.05	-0.0043216363992542	-0.414437327766791
14411	72.055	-0.0043216363992542	-0.414437327766791
14412	72.06	-0.00561130838468671	-0.414437327766791
14413	72.065	-0.00561130838468671	-0.414437327766791
14414	72.07	-0.00561130838468671	-0.414437327766791
14415	72.075	-0.00561130838468671	-0.414437327766791
14416	72.08	-0.00561130838468671	-0.414437327766791
14417	72.085	-0.00561130838468671	-0.414437327766791
14418	72.09	-0.00561130838468671	-0.414437327766791
14419	72.095	-0.0043216363992542	-0.414437327766791
14420	72.1	-0.00561130838468671	-0.414437327766791
14421	72.105	-0.00561130838468671	-0.414437327766791
14422	72.11	-0.00561130838468671	-0.414437327766791
14423	72.115	-0.00561130838468671	-0.414437327766791
14424	72.12	-0.00561130838468671	-0.414437327766791
14425	72.125	-0.0043216363992542	-0.414437327766791
14426	72.13	-0.00561130838468671	-0.414437327766791
14427	72.135	-0.00561130838468671	-0.413147655781358
14428	72.14	-0.00561130838468671	-0.414437327766791
14429	72.145	-0.00561130838468671	-0.414437327766791
14430	72.15	-0.00561130838468671	-0.414437327766791
14431	72.155	-0.00561130838468671	-0.414437327766791
14432	72.16	-0.0043216363992542	-0.414437327766791
14433	72.165	-0.00561130838468671	-0.414437327766791
14434	72.17	-0.00561130838468671	-0.414437327766791
14435	72.175	-0.00561130838468671	-0.414437327766791
14436	72.18	-0.00561130838468671	-0.414437327766791
14437	72.185	-0.00561130838468671	-0.414437327766791
14438	72.19	-0.00561130838468671	-0.414437327766791
14439	72.195	-0.00561130838468671	-0.414437327766791
14440	72.2	-0.0043216363992542	-0.414437327766791
14441	72.205	-0.00561130838468671	-0.414437327766791
14442	72.21	-0.0043216363992542	-0.414437327766791
14443	72.215	-0.00561130838468671	-0.414437327766791
14444	72.22	-0.00561130838468671	-0.414437327766791
14445	72.225	-0.00561130838468671	-0.414437327766791
14446	72.23	-0.00561130838468671	-0.414437327766791
14447	72.235	-0.00561130838468671	-0.414437327766791
14448	72.24	-0.00561130838468671	-0.414437327766791
14449	72.245	-0.00561130838468671	-0.414437327766791
14450	72.25	-0.00561130838468671	-0.414437327766791
14451	72.255	-0.0043216363992542	-0.414437327766791
14452	72.26	-0.0043216363992542	-0.414437327766791
14453	72.265	-0.0043216363992542	-0.414437327766791
14454	72.27	-0.00561130838468671	-0.414437327766791
14455	72.275	-0.00561130838468671	-0.414437327766791
14456	72.28	-0.00561130838468671	-0.414437327766791
14457	72.285	-0.00561130838468671	-0.414437327766791
14458	72.29	-0.00561130838468671	-0.414437327766791
14459	72.295	-0.0043216363992542	-0.414437327766791
14460	72.3	-0.00561130838468671	-0.414437327766791
14461	72.305	-0.00561130838468671	-0.414437327766791
14462	72.31	-0.0043216363992542	-0.414437327766791
14463	72.315	-0.0043216363992542	-0.414437327766791
14464	72.32	-0.00561130838468671	-0.414437327766791
14465	72.325	-0.00561130838468671	-0.415726999752223
14466	72.33	-0.00561130838468671	-0.414437327766791
14467	72.335	-0.00561130838468671	-0.414437327766791
14468	72.34	-0.00561130838468671	-0.414437327766791
14469	72.345	-0.00561130838468671	-0.414437327766791
14470	72.35	-0.00561130838468671	-0.414437327766791
14471	72.355	-0.00561130838468671	-0.414437327766791
14472	72.36	-0.00561130838468671	-0.414437327766791
14473	72.365	-0.00561130838468671	-0.414437327766791
14474	72.37	-0.00561130838468671	-0.414437327766791
14475	72.375	-0.00561130838468671	-0.414437327766791
14476	72.38	-0.0043216363992542	-0.414437327766791
14477	72.385	-0.00561130838468671	-0.414437327766791
14478	72.39	-0.0043216363992542	-0.414437327766791
14479	72.395	-0.00561130838468671	-0.414437327766791
