Number of measurement points: 8299
Sample Rate (Hz): 200
Low limit Ch0 (V): -10
Upper limit Ch0 (V): 10
Low limit Ch1 (V): -10
Upper limit Ch1 (V): 10

Index	Time[s]	Ch0[V]	Ch1[V]
0	0	-0.0030319644138217	0.550237317336723
1	0.005	-0.0030319644138217	0.550237317336723
2	0.01	-0.0030319644138217	0.550237317336723
3	0.015	-0.0043216363992542	0.550237317336723
4	0.02	-0.0030319644138217	0.550237317336723
5	0.025	-0.0030319644138217	0.550237317336723
6	0.03	-0.0043216363992542	0.550237317336723
7	0.035	-0.0030319644138217	0.550237317336723
8	0.04	-0.0043216363992542	0.550237317336723
9	0.045	-0.0043216363992542	0.550237317336723
10	0.05	-0.0030319644138217	0.550237317336723
11	0.055	-0.0043216363992542	0.550237317336723
12	0.06	-0.0030319644138217	0.550237317336723
13	0.065	-0.0043216363992542	0.550237317336723
14	0.07	-0.0030319644138217	0.550237317336723
15	0.075	-0.0030319644138217	0.550237317336723
16	0.08	-0.0030319644138217	0.550237317336723
17	0.085	-0.0030319644138217	0.550237317336723
18	0.09	-0.0043216363992542	0.548947645351291
19	0.095	-0.0030319644138217	0.550237317336723
20	0.1	-0.0030319644138217	0.550237317336723
21	0.105	-0.0030319644138217	0.550237317336723
22	0.11	-0.0030319644138217	0.550237317336723
23	0.115	-0.0030319644138217	0.550237317336723
24	0.12	-0.0030319644138217	0.550237317336723
25	0.125	-0.0043216363992542	0.548947645351291
26	0.13	-0.0043216363992542	0.550237317336723
27	0.135	-0.0030319644138217	0.550237317336723
28	0.14	-0.0030319644138217	0.550237317336723
29	0.145	-0.0043216363992542	0.548947645351291
30	0.15	-0.0043216363992542	0.550237317336723
31	0.155	-0.0030319644138217	0.548947645351291
32	0.16	-0.0043216363992542	0.550237317336723
33	0.165	-0.0030319644138217	0.550237317336723
34	0.17	-0.0043216363992542	0.550237317336723
35	0.175	-0.0043216363992542	0.550237317336723
36	0.18	-0.0030319644138217	0.550237317336723
37	0.185	-0.0030319644138217	0.550237317336723
38	0.19	-0.0030319644138217	0.550237317336723
39	0.195	-0.0043216363992542	0.550237317336723
40	0.2	-0.0030319644138217	0.550237317336723
41	0.205	-0.0030319644138217	0.550237317336723
42	0.21	-0.0030319644138217	0.550237317336723
43	0.215	-0.0043216363992542	0.550237317336723
44	0.22	-0.0030319644138217	0.548947645351291
45	0.225	-0.0030319644138217	0.550237317336723
46	0.23	-0.0030319644138217	0.550237317336723
47	0.235	-0.0030319644138217	0.550237317336723
48	0.24	-0.0030319644138217	0.550237317336723
49	0.245	-0.0030319644138217	0.548947645351291
50	0.25	-0.0043216363992542	0.550237317336723
51	0.255	-0.0030319644138217	0.548947645351291
52	0.26	-0.0043216363992542	0.550237317336723
53	0.265	-0.0030319644138217	0.550237317336723
54	0.27	-0.0043216363992542	0.550237317336723
55	0.275	-0.0043216363992542	0.550237317336723
56	0.28	-0.0030319644138217	0.548947645351291
57	0.285	-0.0030319644138217	0.548947645351291
58	0.29	-0.0030319644138217	0.550237317336723
59	0.295	-0.0043216363992542	0.548947645351291
60	0.3	-0.0043216363992542	0.548947645351291
61	0.305	-0.0043216363992542	0.550237317336723
62	0.31	-0.0030319644138217	0.550237317336723
63	0.315	-0.0043216363992542	0.548947645351291
64	0.32	-0.0043216363992542	0.550237317336723
65	0.325	-0.0030319644138217	0.550237317336723
66	0.33	-0.0030319644138217	0.548947645351291
67	0.335	-0.0030319644138217	0.548947645351291
68	0.34	-0.0043216363992542	0.548947645351291
69	0.345	-0.0030319644138217	0.550237317336723
70	0.35	-0.0030319644138217	0.550237317336723
71	0.355	-0.0030319644138217	0.550237317336723
72	0.36	-0.0043216363992542	0.550237317336723
73	0.365	-0.0043216363992542	0.550237317336723
74	0.37	-0.0030319644138217	0.548947645351291
75	0.375	-0.0030319644138217	0.550237317336723
76	0.38	-0.0043216363992542	0.550237317336723
77	0.385	-0.0030319644138217	0.550237317336723
78	0.39	-0.0030319644138217	0.550237317336723
79	0.395	-0.0043216363992542	0.550237317336723
80	0.4	-0.0043216363992542	0.550237317336723
81	0.405	-0.0043216363992542	0.550237317336723
82	0.41	-0.0043216363992542	0.550237317336723
83	0.415	-0.0030319644138217	0.550237317336723
84	0.42	-0.0030319644138217	0.550237317336723
85	0.425	-0.0043216363992542	0.550237317336723
86	0.43	-0.0030319644138217	0.550237317336723
87	0.435	-0.0030319644138217	0.548947645351291
88	0.44	-0.0043216363992542	0.548947645351291
89	0.445	-0.0030319644138217	0.550237317336723
90	0.45	-0.0030319644138217	0.550237317336723
91	0.455	-0.0030319644138217	0.550237317336723
92	0.46	-0.0043216363992542	0.550237317336723
93	0.465	-0.0030319644138217	0.550237317336723
94	0.47	-0.0043216363992542	0.550237317336723
95	0.475	-0.0030319644138217	0.548947645351291
96	0.48	-0.0030319644138217	0.548947645351291
97	0.485	-0.0030319644138217	0.548947645351291
98	0.49	-0.0030319644138217	0.550237317336723
99	0.495	-0.0043216363992542	0.548947645351291
100	0.5	-0.0043216363992542	0.550237317336723
101	0.505	-0.0030319644138217	0.548947645351291
102	0.51	-0.0030319644138217	0.550237317336723
103	0.515	-0.0043216363992542	0.550237317336723
104	0.52	-0.0043216363992542	0.550237317336723
105	0.525	-0.0030319644138217	0.550237317336723
106	0.53	-0.0043216363992542	0.550237317336723
107	0.535	-0.0043216363992542	0.550237317336723
108	0.54	-0.0043216363992542	0.550237317336723
109	0.545	-0.0043216363992542	0.550237317336723
110	0.55	-0.0030319644138217	0.550237317336723
111	0.555	-0.0043216363992542	0.550237317336723
112	0.56	-0.0030319644138217	0.548947645351291
113	0.565	-0.0030319644138217	0.548947645351291
114	0.57	-0.0030319644138217	0.548947645351291
115	0.575	-0.0030319644138217	0.550237317336723
116	0.58	-0.0043216363992542	0.548947645351291
117	0.585	-0.0030319644138217	0.550237317336723
118	0.59	-0.0030319644138217	0.550237317336723
119	0.595	-0.0030319644138217	0.548947645351291
120	0.6	-0.0043216363992542	0.548947645351291
121	0.605	-0.0030319644138217	0.550237317336723
122	0.61	-0.0030319644138217	0.550237317336723
123	0.615	-0.0030319644138217	0.550237317336723
124	0.62	-0.0043216363992542	0.548947645351291
125	0.625	-0.0043216363992542	0.550237317336723
126	0.63	-0.0030319644138217	0.548947645351291
127	0.635	-0.0030319644138217	0.550237317336723
128	0.64	-0.0030319644138217	0.550237317336723
129	0.645	-0.0030319644138217	0.548947645351291
130	0.65	-0.0030319644138217	0.548947645351291
131	0.655	-0.0043216363992542	0.550237317336723
132	0.66	-0.0043216363992542	0.550237317336723
133	0.665	-0.0030319644138217	0.548947645351291
134	0.67	-0.0030319644138217	0.548947645351291
135	0.675	-0.0043216363992542	0.550237317336723
136	0.68	-0.0043216363992542	0.548947645351291
137	0.685	-0.0043216363992542	0.550237317336723
138	0.69	-0.0043216363992542	0.548947645351291
139	0.695	-0.0043216363992542	0.550237317336723
140	0.7	-0.0043216363992542	0.550237317336723
141	0.705	-0.0030319644138217	0.548947645351291
142	0.71	-0.0043216363992542	0.550237317336723
143	0.715	-0.0030319644138217	0.550237317336723
144	0.72	-0.0043216363992542	0.548947645351291
145	0.725	-0.0043216363992542	0.550237317336723
146	0.73	-0.0030319644138217	0.550237317336723
147	0.735	-0.0043216363992542	0.550237317336723
148	0.74	-0.0043216363992542	0.548947645351291
149	0.745	-0.0030319644138217	0.550237317336723
150	0.75	-0.0030319644138217	0.550237317336723
151	0.755	-0.0043216363992542	0.550237317336723
152	0.76	-0.0030319644138217	0.550237317336723
153	0.765	-0.0030319644138217	0.550237317336723
154	0.77	-0.0030319644138217	0.548947645351291
155	0.775	-0.0043216363992542	0.550237317336723
156	0.78	-0.0043216363992542	0.548947645351291
157	0.785	-0.0030319644138217	0.548947645351291
158	0.79	-0.0030319644138217	0.548947645351291
159	0.795	-0.0043216363992542	0.550237317336723
160	0.8	-0.0030319644138217	0.550237317336723
161	0.805	-0.0030319644138217	0.548947645351291
162	0.81	-0.0030319644138217	0.550237317336723
163	0.815	-0.0043216363992542	0.548947645351291
164	0.82	-0.0030319644138217	0.550237317336723
165	0.825	-0.0030319644138217	0.550237317336723
166	0.83	-0.0030319644138217	0.550237317336723
167	0.835	-0.0030319644138217	0.550237317336723
168	0.84	-0.0030319644138217	0.550237317336723
169	0.845	-0.0030319644138217	0.550237317336723
170	0.85	-0.0030319644138217	0.548947645351291
171	0.855	-0.0030319644138217	0.550237317336723
172	0.86	-0.0030319644138217	0.550237317336723
173	0.865	-0.0043216363992542	0.550237317336723
174	0.87	-0.0030319644138217	0.550237317336723
175	0.875	-0.0043216363992542	0.550237317336723
176	0.88	-0.0043216363992542	0.548947645351291
177	0.885	-0.0043216363992542	0.550237317336723
178	0.89	-0.0030319644138217	0.550237317336723
179	0.895	-0.0030319644138217	0.550237317336723
180	0.9	-0.0043216363992542	0.550237317336723
181	0.905	-0.0030319644138217	0.550237317336723
182	0.91	-0.0030319644138217	0.550237317336723
183	0.915	-0.0043216363992542	0.550237317336723
184	0.92	-0.0030319644138217	0.550237317336723
185	0.925	-0.0043216363992542	0.550237317336723
186	0.93	-0.0030319644138217	0.550237317336723
187	0.935	-0.0043216363992542	0.550237317336723
188	0.94	-0.0030319644138217	0.550237317336723
189	0.945	-0.0030319644138217	0.550237317336723
190	0.95	-0.0030319644138217	0.550237317336723
191	0.955	-0.0030319644138217	0.550237317336723
192	0.96	-0.0030319644138217	0.550237317336723
193	0.965	-0.0030319644138217	0.550237317336723
194	0.97	-0.0043216363992542	0.550237317336723
195	0.975	-0.0043216363992542	0.550237317336723
196	0.98	-0.0043216363992542	0.550237317336723
197	0.985	-0.0030319644138217	0.550237317336723
198	0.99	-0.0030319644138217	0.550237317336723
199	0.995	-0.0030319644138217	0.548947645351291
200	1	-0.0030319644138217	0.550237317336723
201	1.005	-0.0030319644138217	0.550237317336723
202	1.01	-0.0030319644138217	0.550237317336723
203	1.015	-0.0030319644138217	0.550237317336723
204	1.02	-0.0030319644138217	0.550237317336723
205	1.025	-0.0030319644138217	0.550237317336723
206	1.03	-0.0030319644138217	0.550237317336723
207	1.035	-0.0030319644138217	0.550237317336723
208	1.04	-0.0030319644138217	0.550237317336723
209	1.045	-0.0030319644138217	0.550237317336723
210	1.05	-0.0043216363992542	0.550237317336723
211	1.055	-0.0030319644138217	0.550237317336723
212	1.06	-0.0030319644138217	0.550237317336723
213	1.065	-0.0030319644138217	0.550237317336723
214	1.07	-0.0030319644138217	0.550237317336723
215	1.075	-0.0030319644138217	0.551526989322156
216	1.08	-0.0043216363992542	0.550237317336723
217	1.085	-0.0043216363992542	0.550237317336723
218	1.09	-0.0043216363992542	0.550237317336723
219	1.095	-0.0043216363992542	0.550237317336723
220	1.1	-0.0030319644138217	0.550237317336723
221	1.105	-0.0043216363992542	0.550237317336723
222	1.11	-0.0030319644138217	0.550237317336723
223	1.115	-0.0043216363992542	0.551526989322156
224	1.12	-0.0043216363992542	0.550237317336723
225	1.125	-0.0043216363992542	0.550237317336723
226	1.13	-0.0030319644138217	0.550237317336723
227	1.135	-0.0030319644138217	0.550237317336723
228	1.14	-0.0043216363992542	0.550237317336723
229	1.145	-0.0030319644138217	0.550237317336723
230	1.15	-0.0030319644138217	0.551526989322156
231	1.155	-0.0030319644138217	0.550237317336723
232	1.16	-0.0043216363992542	0.550237317336723
233	1.165	-0.0030319644138217	0.550237317336723
234	1.17	-0.0043216363992542	0.550237317336723
235	1.175	-0.0043216363992542	0.550237317336723
236	1.18	-0.0043216363992542	0.550237317336723
237	1.185	-0.0030319644138217	0.551526989322156
238	1.19	-0.0030319644138217	0.550237317336723
239	1.195	-0.0030319644138217	0.550237317336723
240	1.2	-0.0030319644138217	0.550237317336723
241	1.205	-0.0043216363992542	0.550237317336723
242	1.21	-0.0030319644138217	0.550237317336723
243	1.215	-0.0030319644138217	0.550237317336723
244	1.22	-0.0030319644138217	0.550237317336723
245	1.225	-0.0030319644138217	0.550237317336723
246	1.23	-0.0043216363992542	0.550237317336723
247	1.235	-0.0030319644138217	0.550237317336723
248	1.24	-0.0030319644138217	0.550237317336723
249	1.245	-0.0030319644138217	0.550237317336723
250	1.25	-0.0030319644138217	0.550237317336723
251	1.255	-0.0030319644138217	0.551526989322156
252	1.26	-0.0030319644138217	0.550237317336723
253	1.265	-0.0030319644138217	0.550237317336723
254	1.27	-0.0030319644138217	0.550237317336723
255	1.275	-0.0043216363992542	0.550237317336723
256	1.28	-0.0043216363992542	0.550237317336723
257	1.285	-0.0030319644138217	0.550237317336723
258	1.29	-0.0030319644138217	0.550237317336723
259	1.295	-0.0030319644138217	0.550237317336723
260	1.3	-0.0030319644138217	0.550237317336723
261	1.305	-0.0030319644138217	0.550237317336723
262	1.31	-0.0030319644138217	0.550237317336723
263	1.315	-0.0043216363992542	0.548947645351291
264	1.32	-0.0030319644138217	0.550237317336723
265	1.325	-0.0043216363992542	0.550237317336723
266	1.33	-0.0043216363992542	0.550237317336723
267	1.335	-0.0030319644138217	0.550237317336723
268	1.34	-0.0043216363992542	0.548947645351291
269	1.345	-0.0043216363992542	0.548947645351291
270	1.35	-0.0030319644138217	0.548947645351291
271	1.355	-0.0043216363992542	0.550237317336723
272	1.36	-0.0030319644138217	0.548947645351291
273	1.365	-0.0043216363992542	0.548947645351291
274	1.37	-0.0043216363992542	0.548947645351291
275	1.375	-0.0043216363992542	0.548947645351291
276	1.38	-0.0030319644138217	0.548947645351291
277	1.385	-0.0043216363992542	0.548947645351291
278	1.39	-0.0030319644138217	0.548947645351291
279	1.395	-0.0030319644138217	0.550237317336723
280	1.4	-0.0030319644138217	0.548947645351291
281	1.405	-0.0043216363992542	0.548947645351291
282	1.41	-0.0043216363992542	0.548947645351291
283	1.415	-0.0043216363992542	0.547657973365858
284	1.42	-0.0030319644138217	0.548947645351291
285	1.425	-0.0030319644138217	0.548947645351291
286	1.43	-0.0030319644138217	0.548947645351291
287	1.435	-0.0043216363992542	0.548947645351291
288	1.44	-0.0043216363992542	0.548947645351291
289	1.445	-0.0043216363992542	0.547657973365858
290	1.45	-0.0030319644138217	0.548947645351291
291	1.455	-0.0043216363992542	0.548947645351291
292	1.46	-0.0030319644138217	0.547657973365858
293	1.465	-0.0030319644138217	0.547657973365858
294	1.47	-0.0030319644138217	0.548947645351291
295	1.475	-0.0043216363992542	0.547657973365858
296	1.48	-0.0030319644138217	0.547657973365858
297	1.485	-0.0043216363992542	0.547657973365858
298	1.49	-0.0030319644138217	0.547657973365858
299	1.495	-0.0030319644138217	0.547657973365858
300	1.5	-0.0030319644138217	0.547657973365858
301	1.505	-0.0043216363992542	0.547657973365858
302	1.51	-0.0030319644138217	0.547657973365858
303	1.515	-0.0030319644138217	0.547657973365858
304	1.52	-0.0030319644138217	0.547657973365858
305	1.525	-0.0043216363992542	0.547657973365858
306	1.53	-0.0030319644138217	0.547657973365858
307	1.535	-0.0030319644138217	0.547657973365858
308	1.54	-0.0030319644138217	0.547657973365858
309	1.545	-0.0030319644138217	0.547657973365858
310	1.55	-0.0043216363992542	0.547657973365858
311	1.555	-0.0030319644138217	0.547657973365858
312	1.56	-0.0043216363992542	0.547657973365858
313	1.565	-0.0030319644138217	0.546368301380426
314	1.57	-0.0030319644138217	0.546368301380426
315	1.575	-0.0030319644138217	0.546368301380426
316	1.58	-0.0043216363992542	0.546368301380426
317	1.585	-0.0043216363992542	0.545078629394993
318	1.59	-0.0043216363992542	0.546368301380426
319	1.595	-0.0030319644138217	0.546368301380426
320	1.6	-0.0030319644138217	0.546368301380426
321	1.605	-0.0030319644138217	0.546368301380426
322	1.61	-0.0043216363992542	0.546368301380426
323	1.615	-0.0030319644138217	0.546368301380426
324	1.62	-0.0030319644138217	0.546368301380426
325	1.625	-0.0030319644138217	0.546368301380426
326	1.63	-0.0030319644138217	0.545078629394993
327	1.635	-0.0043216363992542	0.545078629394993
328	1.64	-0.0030319644138217	0.545078629394993
329	1.645	-0.0030319644138217	0.545078629394993
330	1.65	-0.0030319644138217	0.545078629394993
331	1.655	-0.0030319644138217	0.545078629394993
332	1.66	-0.0030319644138217	0.545078629394993
333	1.665	-0.0030319644138217	0.545078629394993
334	1.67	-0.0030319644138217	0.545078629394993
335	1.675	-0.0030319644138217	0.545078629394993
336	1.68	-0.0030319644138217	0.545078629394993
337	1.685	-0.0030319644138217	0.545078629394993
338	1.69	-0.0030319644138217	0.545078629394993
339	1.695	-0.0030319644138217	0.543788957409561
340	1.7	-0.0043216363992542	0.545078629394993
341	1.705	-0.0043216363992542	0.543788957409561
342	1.71	-0.0030319644138217	0.543788957409561
343	1.715	-0.0043216363992542	0.543788957409561
344	1.72	-0.0043216363992542	0.543788957409561
345	1.725	-0.0043216363992542	0.543788957409561
346	1.73	-0.0030319644138217	0.543788957409561
347	1.735	-0.0030319644138217	0.543788957409561
348	1.74	-0.0030319644138217	0.543788957409561
349	1.745	-0.0030319644138217	0.543788957409561
350	1.75	-0.0030319644138217	0.543788957409561
351	1.755	-0.0030319644138217	0.543788957409561
352	1.76	-0.0030319644138217	0.543788957409561
353	1.765	-0.0030319644138217	0.542499285424128
354	1.77	-0.0030319644138217	0.542499285424128
355	1.775	-0.0043216363992542	0.542499285424128
356	1.78	-0.0030319644138217	0.542499285424128
357	1.785	-0.0030319644138217	0.542499285424128
358	1.79	-0.0043216363992542	0.542499285424128
359	1.795	-0.0030319644138217	0.542499285424128
360	1.8	-0.0043216363992542	0.542499285424128
361	1.805	-0.0030319644138217	0.541209613438696
362	1.81	-0.0030319644138217	0.541209613438696
363	1.815	-0.0030319644138217	0.542499285424128
364	1.82	-0.0043216363992542	0.541209613438696
365	1.825	-0.0030319644138217	0.541209613438696
366	1.83	-0.0043216363992542	0.541209613438696
367	1.835	-0.0030319644138217	0.541209613438696
368	1.84	-0.0030319644138217	0.541209613438696
369	1.845	-0.0043216363992542	0.541209613438696
370	1.85	-0.0043216363992542	0.541209613438696
371	1.855	-0.0030319644138217	0.541209613438696
372	1.86	-0.0043216363992542	0.541209613438696
373	1.865	-0.0030319644138217	0.541209613438696
374	1.87	-0.0030319644138217	0.541209613438696
375	1.875	-0.0030319644138217	0.539919941453263
376	1.88	-0.0030319644138217	0.539919941453263
377	1.885	-0.0030319644138217	0.539919941453263
378	1.89	-0.0030319644138217	0.539919941453263
379	1.895	-0.0030319644138217	0.539919941453263
380	1.9	-0.0030319644138217	0.539919941453263
381	1.905	-0.0030319644138217	0.538630269467831
382	1.91	-0.0043216363992542	0.538630269467831
383	1.915	-0.0030319644138217	0.538630269467831
384	1.92	-0.0030319644138217	0.538630269467831
385	1.925	-0.0043216363992542	0.538630269467831
386	1.93	-0.0030319644138217	0.538630269467831
387	1.935	-0.0043216363992542	0.538630269467831
388	1.94	-0.0043216363992542	0.538630269467831
389	1.945	-0.0043216363992542	0.538630269467831
390	1.95	-0.0043216363992542	0.538630269467831
391	1.955	-0.0043216363992542	0.538630269467831
392	1.96	-0.0030319644138217	0.538630269467831
393	1.965	-0.0030319644138217	0.538630269467831
394	1.97	-0.0030319644138217	0.538630269467831
395	1.975	-0.0030319644138217	0.537340597482398
396	1.98	-0.0043216363992542	0.537340597482398
397	1.985	-0.0043216363992542	0.537340597482398
398	1.99	-0.0030319644138217	0.537340597482398
399	1.995	-0.0043216363992542	0.537340597482398
400	2	-0.0043216363992542	0.537340597482398
401	2.005	-0.0030319644138217	0.537340597482398
402	2.01	-0.0043216363992542	0.537340597482398
403	2.015	-0.0030319644138217	0.537340597482398
404	2.02	-0.0030319644138217	0.537340597482398
405	2.025	-0.0030319644138217	0.537340597482398
406	2.03	-0.0030319644138217	0.536050925496966
407	2.035	-0.0043216363992542	0.536050925496966
408	2.04	-0.0043216363992542	0.536050925496966
409	2.045	-0.0030319644138217	0.536050925496966
410	2.05	-0.0030319644138217	0.536050925496966
411	2.055	-0.0043216363992542	0.536050925496966
412	2.06	-0.0043216363992542	0.536050925496966
413	2.065	-0.0043216363992542	0.534761253511533
414	2.07	-0.0030319644138217	0.534761253511533
415	2.075	-0.0043216363992542	0.536050925496966
416	2.08	-0.0030319644138217	0.534761253511533
417	2.085	-0.0043216363992542	0.534761253511533
418	2.09	-0.0030319644138217	0.534761253511533
419	2.095	-0.0030319644138217	0.534761253511533
420	2.1	-0.0030319644138217	0.534761253511533
421	2.105	-0.0043216363992542	0.533471581526101
422	2.11	-0.0030319644138217	0.533471581526101
423	2.115	-0.0043216363992542	0.533471581526101
424	2.12	-0.0043216363992542	0.533471581526101
425	2.125	-0.0043216363992542	0.533471581526101
426	2.13	-0.0030319644138217	0.533471581526101
427	2.135	-0.0043216363992542	0.533471581526101
428	2.14	-0.0043216363992542	0.533471581526101
429	2.145	-0.0043216363992542	0.532181909540668
430	2.15	-0.0043216363992542	0.533471581526101
431	2.155	-0.0030319644138217	0.532181909540668
432	2.16	-0.0043216363992542	0.532181909540668
433	2.165	-0.0030319644138217	0.532181909540668
434	2.17	-0.0043216363992542	0.532181909540668
435	2.175	-0.0030319644138217	0.532181909540668
436	2.18	-0.0043216363992542	0.532181909540668
437	2.185	-0.0030319644138217	0.532181909540668
438	2.19	-0.0030319644138217	0.532181909540668
439	2.195	-0.0043216363992542	0.530892237555236
440	2.2	-0.0030319644138217	0.530892237555236
441	2.205	-0.0030319644138217	0.530892237555236
442	2.21	-0.0043216363992542	0.530892237555236
443	2.215	-0.0030319644138217	0.530892237555236
444	2.22	-0.0043216363992542	0.530892237555236
445	2.225	-0.0030319644138217	0.530892237555236
446	2.23	-0.0043216363992542	0.530892237555236
447	2.235	-0.0043216363992542	0.530892237555236
448	2.24	-0.0043216363992542	0.529602565569803
449	2.245	-0.0043216363992542	0.530892237555236
450	2.25	-0.0043216363992542	0.529602565569803
451	2.255	-0.0043216363992542	0.529602565569803
452	2.26	-0.0043216363992542	0.529602565569803
453	2.265	-0.0030319644138217	0.529602565569803
454	2.27	-0.0030319644138217	0.529602565569803
455	2.275	-0.0043216363992542	0.529602565569803
456	2.28	-0.0043216363992542	0.529602565569803
457	2.285	-0.0043216363992542	0.529602565569803
458	2.29	-0.0030319644138217	0.529602565569803
459	2.295	-0.0043216363992542	0.529602565569803
460	2.3	-0.0030319644138217	0.528312893584371
461	2.305	-0.0043216363992542	0.529602565569803
462	2.31	-0.0030319644138217	0.528312893584371
463	2.315	-0.0043216363992542	0.528312893584371
464	2.32	-0.0030319644138217	0.528312893584371
465	2.325	-0.0030319644138217	0.528312893584371
466	2.33	-0.0043216363992542	0.528312893584371
467	2.335	-0.0043216363992542	0.528312893584371
468	2.34	-0.0043216363992542	0.528312893584371
469	2.345	-0.0043216363992542	0.527023221598938
470	2.35	-0.0043216363992542	0.527023221598938
471	2.355	-0.0043216363992542	0.528312893584371
472	2.36	-0.0043216363992542	0.527023221598938
473	2.365	-0.0043216363992542	0.528312893584371
474	2.37	-0.0030319644138217	0.527023221598938
475	2.375	-0.0043216363992542	0.527023221598938
476	2.38	-0.0043216363992542	0.527023221598938
477	2.385	-0.0030319644138217	0.527023221598938
478	2.39	-0.0043216363992542	0.527023221598938
479	2.395	-0.0030319644138217	0.525733549613506
480	2.4	-0.0043216363992542	0.527023221598938
481	2.405	-0.0043216363992542	0.527023221598938
482	2.41	-0.0030319644138217	0.525733549613506
483	2.415	-0.0030319644138217	0.525733549613506
484	2.42	-0.0043216363992542	0.525733549613506
485	2.425	-0.0043216363992542	0.525733549613506
486	2.43	-0.0030319644138217	0.525733549613506
487	2.435	-0.0043216363992542	0.525733549613506
488	2.44	-0.0030319644138217	0.525733549613506
489	2.445	-0.0043216363992542	0.525733549613506
490	2.45	-0.0030319644138217	0.525733549613506
491	2.455	-0.0043216363992542	0.524443877628073
492	2.46	-0.0043216363992542	0.524443877628073
493	2.465	-0.0043216363992542	0.524443877628073
494	2.47	-0.0043216363992542	0.524443877628073
495	2.475	-0.0043216363992542	0.524443877628073
496	2.48	-0.0043216363992542	0.524443877628073
497	2.485	-0.0043216363992542	0.525733549613506
498	2.49	-0.0043216363992542	0.524443877628073
499	2.495	-0.0030319644138217	0.524443877628073
500	2.5	-0.0043216363992542	0.524443877628073
501	2.505	-0.0043216363992542	0.524443877628073
502	2.51	-0.0043216363992542	0.524443877628073
503	2.515	-0.0030319644138217	0.523154205642641
504	2.52	-0.0030319644138217	0.524443877628073
505	2.525	-0.0043216363992542	0.523154205642641
506	2.53	-0.0043216363992542	0.523154205642641
507	2.535	-0.0043216363992542	0.523154205642641
508	2.54	-0.0043216363992542	0.523154205642641
509	2.545	-0.0043216363992542	0.523154205642641
510	2.55	-0.0043216363992542	0.523154205642641
511	2.555	-0.0043216363992542	0.523154205642641
512	2.56	-0.0043216363992542	0.523154205642641
513	2.565	-0.0030319644138217	0.523154205642641
514	2.57	-0.0043216363992542	0.523154205642641
515	2.575	-0.0043216363992542	0.521864533657208
516	2.58	-0.0043216363992542	0.521864533657208
517	2.585	-0.0043216363992542	0.523154205642641
518	2.59	-0.0043216363992542	0.521864533657208
519	2.595	-0.0043216363992542	0.521864533657208
520	2.6	-0.0043216363992542	0.521864533657208
521	2.605	-0.0030319644138217	0.521864533657208
522	2.61	-0.0030319644138217	0.521864533657208
523	2.615	-0.0043216363992542	0.521864533657208
524	2.62	-0.0043216363992542	0.521864533657208
525	2.625	-0.0043216363992542	0.521864533657208
526	2.63	-0.0043216363992542	0.520574861671776
527	2.635	-0.0043216363992542	0.520574861671776
528	2.64	-0.0043216363992542	0.521864533657208
529	2.645	-0.0043216363992542	0.520574861671776
530	2.65	-0.0030319644138217	0.520574861671776
531	2.655	-0.0030319644138217	0.520574861671776
532	2.66	-0.0043216363992542	0.520574861671776
533	2.665	-0.0043216363992542	0.519285189686343
534	2.67	-0.0043216363992542	0.519285189686343
535	2.675	-0.0030319644138217	0.519285189686343
536	2.68	-0.0030319644138217	0.519285189686343
537	2.685	-0.0043216363992542	0.519285189686343
538	2.69	-0.0043216363992542	0.519285189686343
539	2.695	-0.0030319644138217	0.519285189686343
540	2.7	-0.0043216363992542	0.519285189686343
541	2.705	-0.0030319644138217	0.519285189686343
542	2.71	-0.0043216363992542	0.519285189686343
543	2.715	-0.0043216363992542	0.519285189686343
544	2.72	-0.0043216363992542	0.517995517700911
545	2.725	-0.0043216363992542	0.517995517700911
546	2.73	-0.0043216363992542	0.517995517700911
547	2.735	-0.0030319644138217	0.517995517700911
548	2.74	-0.0030319644138217	0.517995517700911
549	2.745	-0.0043216363992542	0.517995517700911
550	2.75	-0.0043216363992542	0.517995517700911
551	2.755	-0.0043216363992542	0.517995517700911
552	2.76	-0.0043216363992542	0.516705845715478
553	2.765	-0.0043216363992542	0.516705845715478
554	2.77	-0.0043216363992542	0.516705845715478
555	2.775	-0.0043216363992542	0.516705845715478
556	2.78	-0.0043216363992542	0.516705845715478
557	2.785	-0.0043216363992542	0.516705845715478
558	2.79	-0.0043216363992542	0.516705845715478
559	2.795	-0.0030319644138217	0.516705845715478
560	2.8	-0.0043216363992542	0.515416173730046
561	2.805	-0.0043216363992542	0.515416173730046
562	2.81	-0.0030319644138217	0.515416173730046
563	2.815	-0.0043216363992542	0.515416173730046
564	2.82	-0.0030319644138217	0.515416173730046
565	2.825	-0.0043216363992542	0.515416173730046
566	2.83	-0.0030319644138217	0.515416173730046
567	2.835	-0.0043216363992542	0.514126501744613
568	2.84	-0.0030319644138217	0.515416173730046
569	2.845	-0.0043216363992542	0.514126501744613
570	2.85	-0.0043216363992542	0.514126501744613
571	2.855	-0.0043216363992542	0.514126501744613
572	2.86	-0.0043216363992542	0.514126501744613
573	2.865	-0.0030319644138217	0.514126501744613
574	2.87	-0.0030319644138217	0.514126501744613
575	2.875	-0.0030319644138217	0.514126501744613
576	2.88	-0.0043216363992542	0.514126501744613
577	2.885	-0.0043216363992542	0.512836829759181
578	2.89	-0.0043216363992542	0.512836829759181
579	2.895	-0.0043216363992542	0.512836829759181
580	2.9	-0.0043216363992542	0.514126501744613
581	2.905	-0.0043216363992542	0.512836829759181
582	2.91	-0.0030319644138217	0.512836829759181
583	2.915	-0.0030319644138217	0.512836829759181
584	2.92	-0.0043216363992542	0.512836829759181
585	2.925	-0.0043216363992542	0.512836829759181
586	2.93	-0.0030319644138217	0.511547157773748
587	2.935	-0.0030319644138217	0.511547157773748
588	2.94	-0.0030319644138217	0.511547157773748
589	2.945	-0.0030319644138217	0.511547157773748
590	2.95	-0.0030319644138217	0.511547157773748
591	2.955	-0.0030319644138217	0.511547157773748
592	2.96	-0.0030319644138217	0.511547157773748
593	2.965	-0.0043216363992542	0.510257485788316
594	2.97	-0.0030319644138217	0.511547157773748
595	2.975	-0.0043216363992542	0.511547157773748
596	2.98	-0.0030319644138217	0.510257485788316
597	2.985	-0.0030319644138217	0.510257485788316
598	2.99	-0.0030319644138217	0.510257485788316
599	2.995	-0.0043216363992542	0.510257485788316
600	3	-0.0030319644138217	0.510257485788316
601	3.005	-0.0043216363992542	0.510257485788316
602	3.01	-0.0030319644138217	0.508967813802883
603	3.015	-0.0030319644138217	0.510257485788316
604	3.02	-0.0030319644138217	0.508967813802883
605	3.025	-0.0030319644138217	0.508967813802883
606	3.03	-0.0030319644138217	0.508967813802883
607	3.035	-0.0030319644138217	0.508967813802883
608	3.04	-0.0030319644138217	0.508967813802883
609	3.045	-0.0043216363992542	0.508967813802883
610	3.05	-0.0043216363992542	0.508967813802883
611	3.055	-0.0030319644138217	0.508967813802883
612	3.06	-0.0043216363992542	0.508967813802883
613	3.065	-0.0030319644138217	0.507678141817451
614	3.07	-0.0043216363992542	0.507678141817451
615	3.075	-0.0030319644138217	0.507678141817451
616	3.08	-0.0030319644138217	0.507678141817451
617	3.085	-0.0030319644138217	0.507678141817451
618	3.09	-0.0030319644138217	0.507678141817451
619	3.095	-0.0043216363992542	0.507678141817451
620	3.1	-0.0030319644138217	0.507678141817451
621	3.105	-0.0030319644138217	0.506388469832018
622	3.11	-0.0030319644138217	0.507678141817451
623	3.115	-0.0030319644138217	0.506388469832018
624	3.12	-0.0043216363992542	0.506388469832018
625	3.125	-0.0030319644138217	0.506388469832018
626	3.13	-0.0030319644138217	0.506388469832018
627	3.135	-0.0043216363992542	0.506388469832018
628	3.14	-0.0043216363992542	0.506388469832018
629	3.145	-0.0030319644138217	0.506388469832018
630	3.15	-0.0043216363992542	0.505098797846586
631	3.155	-0.0030319644138217	0.505098797846586
632	3.16	-0.0030319644138217	0.505098797846586
633	3.165	-0.0030319644138217	0.505098797846586
634	3.17	-0.0030319644138217	0.505098797846586
635	3.175	-0.0043216363992542	0.505098797846586
636	3.18	-0.0043216363992542	0.505098797846586
637	3.185	-0.0030319644138217	0.503809125861153
638	3.19	-0.0030319644138217	0.505098797846586
639	3.195	-0.0030319644138217	0.505098797846586
640	3.2	-0.0030319644138217	0.503809125861153
641	3.205	-0.0030319644138217	0.503809125861153
642	3.21	-0.0043216363992542	0.503809125861153
643	3.215	-0.0030319644138217	0.503809125861153
644	3.22	-0.0043216363992542	0.503809125861153
645	3.225	-0.0030319644138217	0.503809125861153
646	3.23	-0.0043216363992542	0.503809125861153
647	3.235	-0.0030319644138217	0.502519453875721
648	3.24	-0.0030319644138217	0.502519453875721
649	3.245	-0.0043216363992542	0.502519453875721
650	3.25	-0.0043216363992542	0.502519453875721
651	3.255	-0.0030319644138217	0.502519453875721
652	3.26	-0.0043216363992542	0.503809125861153
653	3.265	-0.0030319644138217	0.502519453875721
654	3.27	-0.0043216363992542	0.502519453875721
655	3.275	-0.0043216363992542	0.502519453875721
656	3.28	-0.0043216363992542	0.501229781890288
657	3.285	-0.0030319644138217	0.501229781890288
658	3.29	-0.0043216363992542	0.501229781890288
659	3.295	-0.0043216363992542	0.501229781890288
660	3.3	-0.0030319644138217	0.501229781890288
661	3.305	-0.0030319644138217	0.501229781890288
662	3.31	-0.0030319644138217	0.501229781890288
663	3.315	-0.0043216363992542	0.501229781890288
664	3.32	-0.0043216363992542	0.501229781890288
665	3.325	-0.0043216363992542	0.501229781890288
666	3.33	-0.0030319644138217	0.501229781890288
667	3.335	-0.0030319644138217	0.501229781890288
668	3.34	-0.0043216363992542	0.501229781890288
669	3.345	-0.0043216363992542	0.499940109904855
670	3.35	-0.0030319644138217	0.501229781890288
671	3.355	-0.0043216363992542	0.499940109904855
672	3.36	-0.0030319644138217	0.499940109904855
673	3.365	-0.0030319644138217	0.499940109904855
674	3.37	-0.0030319644138217	0.498650437919423
675	3.375	-0.0043216363992542	0.499940109904855
676	3.38	-0.0043216363992542	0.498650437919423
677	3.385	-0.0030319644138217	0.498650437919423
678	3.39	-0.0030319644138217	0.498650437919423
679	3.395	-0.0043216363992542	0.498650437919423
680	3.4	-0.0043216363992542	0.498650437919423
681	3.405	-0.0030319644138217	0.498650437919423
682	3.41	-0.0030319644138217	0.498650437919423
683	3.415	-0.0030319644138217	0.498650437919423
684	3.42	-0.0030319644138217	0.49736076593399
685	3.425	-0.0030319644138217	0.49736076593399
686	3.43	-0.0030319644138217	0.49736076593399
687	3.435	-0.0030319644138217	0.49736076593399
688	3.44	-0.0030319644138217	0.49736076593399
689	3.445	-0.0043216363992542	0.49736076593399
690	3.45	-0.0030319644138217	0.49736076593399
691	3.455	-0.0030319644138217	0.49736076593399
692	3.46	-0.0043216363992542	0.49736076593399
693	3.465	-0.0043216363992542	0.49736076593399
694	3.47	-0.0043216363992542	0.496071093948558
695	3.475	-0.0043216363992542	0.49736076593399
696	3.48	-0.0030319644138217	0.496071093948558
697	3.485	-0.0043216363992542	0.496071093948558
698	3.49	-0.0043216363992542	0.496071093948558
699	3.495	-0.0030319644138217	0.496071093948558
700	3.5	-0.0030319644138217	0.496071093948558
701	3.505	-0.0043216363992542	0.496071093948558
702	3.51	-0.0030319644138217	0.496071093948558
703	3.515	-0.0030319644138217	0.496071093948558
704	3.52	-0.0030319644138217	0.494781421963125
705	3.525	-0.0043216363992542	0.494781421963125
706	3.53	-0.0043216363992542	0.494781421963125
707	3.535	-0.0030319644138217	0.494781421963125
708	3.54	-0.0030319644138217	0.494781421963125
709	3.545	-0.0030319644138217	0.494781421963125
710	3.55	-0.0030319644138217	0.494781421963125
711	3.555	-0.0043216363992542	0.494781421963125
712	3.56	-0.0043216363992542	0.494781421963125
713	3.565	-0.0030319644138217	0.493491749977693
714	3.57	-0.0043216363992542	0.493491749977693
715	3.575	-0.0030319644138217	0.493491749977693
716	3.58	-0.0043216363992542	0.493491749977693
717	3.585	-0.0043216363992542	0.49220207799226
718	3.59	-0.0030319644138217	0.493491749977693
719	3.595	-0.0030319644138217	0.493491749977693
720	3.6	-0.0030319644138217	0.493491749977693
721	3.605	-0.0043216363992542	0.49220207799226
722	3.61	-0.0043216363992542	0.49220207799226
723	3.615	-0.0030319644138217	0.49220207799226
724	3.62	-0.0030319644138217	0.49220207799226
725	3.625	-0.0043216363992542	0.49220207799226
726	3.63	-0.0043216363992542	0.49220207799226
727	3.635	-0.0030319644138217	0.49220207799226
728	3.64	-0.0043216363992542	0.49220207799226
729	3.645	-0.0030319644138217	0.490912406006828
730	3.65	-0.0030319644138217	0.49220207799226
731	3.655	-0.0030319644138217	0.490912406006828
732	3.66	-0.0043216363992542	0.490912406006828
733	3.665	-0.0030319644138217	0.490912406006828
734	3.67	-0.0043216363992542	0.490912406006828
735	3.675	-0.0043216363992542	0.490912406006828
736	3.68	-0.0030319644138217	0.490912406006828
737	3.685	-0.0043216363992542	0.490912406006828
738	3.69	-0.0043216363992542	0.490912406006828
739	3.695	-0.0030319644138217	0.489622734021395
740	3.7	-0.0043216363992542	0.489622734021395
741	3.705	-0.0030319644138217	0.489622734021395
742	3.71	-0.0030319644138217	0.490912406006828
743	3.715	-0.0030319644138217	0.489622734021395
744	3.72	-0.0043216363992542	0.489622734021395
745	3.725	-0.0043216363992542	0.488333062035963
746	3.73	-0.0030319644138217	0.489622734021395
747	3.735	-0.0043216363992542	0.489622734021395
748	3.74	-0.0030319644138217	0.488333062035963
749	3.745	-0.0043216363992542	0.489622734021395
750	3.75	-0.0043216363992542	0.489622734021395
751	3.755	-0.0030319644138217	0.489622734021395
752	3.76	-0.0030319644138217	0.488333062035963
753	3.765	-0.0043216363992542	0.488333062035963
754	3.77	-0.0030319644138217	0.488333062035963
755	3.775	-0.0030319644138217	0.488333062035963
756	3.78	-0.0030319644138217	0.488333062035963
757	3.785	-0.0043216363992542	0.488333062035963
758	3.79	-0.0043216363992542	0.48704339005053
759	3.795	-0.0043216363992542	0.488333062035963
760	3.8	-0.0030319644138217	0.488333062035963
761	3.805	-0.0043216363992542	0.48704339005053
762	3.81	-0.0043216363992542	0.48704339005053
763	3.815	-0.0030319644138217	0.48704339005053
764	3.82	-0.0030319644138217	0.48704339005053
765	3.825	-0.0030319644138217	0.48704339005053
766	3.83	-0.0030319644138217	0.48704339005053
767	3.835	-0.0043216363992542	0.48704339005053
768	3.84	-0.0043216363992542	0.48704339005053
769	3.845	-0.0043216363992542	0.48704339005053
770	3.85	-0.0043216363992542	0.48704339005053
771	3.855	-0.0030319644138217	0.485753718065098
772	3.86	-0.0030319644138217	0.485753718065098
773	3.865	-0.0030319644138217	0.485753718065098
774	3.87	-0.0030319644138217	0.485753718065098
775	3.875	-0.0043216363992542	0.485753718065098
776	3.88	-0.0030319644138217	0.485753718065098
777	3.885	-0.0043216363992542	0.485753718065098
778	3.89	-0.0030319644138217	0.485753718065098
779	3.895	-0.0043216363992542	0.485753718065098
780	3.9	-0.0043216363992542	0.485753718065098
781	3.905	-0.0043216363992542	0.485753718065098
782	3.91	-0.0030319644138217	0.484464046079665
783	3.915	-0.0030319644138217	0.485753718065098
784	3.92	-0.0030319644138217	0.484464046079665
785	3.925	-0.0030319644138217	0.484464046079665
786	3.93	-0.0043216363992542	0.484464046079665
787	3.935	-0.0030319644138217	0.484464046079665
788	3.94	-0.0043216363992542	0.484464046079665
789	3.945	-0.0030319644138217	0.484464046079665
790	3.95	-0.0043216363992542	0.484464046079665
791	3.955	-0.0030319644138217	0.484464046079665
792	3.96	-0.0043216363992542	0.483174374094233
793	3.965	-0.0043216363992542	0.483174374094233
794	3.97	-0.0043216363992542	0.483174374094233
795	3.975	-0.0043216363992542	0.483174374094233
796	3.98	-0.0030319644138217	0.483174374094233
797	3.985	-0.0043216363992542	0.483174374094233
798	3.99	-0.0043216363992542	0.483174374094233
799	3.995	-0.0043216363992542	0.4818847021088
800	4	-0.0030319644138217	0.4818847021088
801	4.005	-0.0043216363992542	0.483174374094233
802	4.01	-0.0030319644138217	0.4818847021088
803	4.015	-0.0030319644138217	0.483174374094233
804	4.02	-0.0043216363992542	0.4818847021088
805	4.025	-0.0043216363992542	0.4818847021088
806	4.03	-0.0043216363992542	0.4818847021088
807	4.035	-0.0043216363992542	0.4818847021088
808	4.04	-0.0043216363992542	0.4818847021088
809	4.045	-0.0043216363992542	0.4818847021088
810	4.05	-0.0043216363992542	0.480595030123368
811	4.055	-0.0043216363992542	0.480595030123368
812	4.06	-0.0043216363992542	0.480595030123368
813	4.065	-0.0030319644138217	0.480595030123368
814	4.07	-0.0043216363992542	0.480595030123368
815	4.075	-0.0030319644138217	0.480595030123368
816	4.08	-0.0043216363992542	0.480595030123368
817	4.085	-0.0043216363992542	0.480595030123368
818	4.09	-0.0043216363992542	0.479305358137935
819	4.095	-0.0043216363992542	0.480595030123368
820	4.1	-0.0043216363992542	0.479305358137935
821	4.105	-0.0043216363992542	0.480595030123368
822	4.11	-0.0043216363992542	0.479305358137935
823	4.115	-0.0030319644138217	0.479305358137935
824	4.12	-0.0043216363992542	0.479305358137935
825	4.125	-0.0043216363992542	0.479305358137935
826	4.13	-0.0043216363992542	0.479305358137935
827	4.135	-0.0043216363992542	0.479305358137935
828	4.14	-0.0043216363992542	0.479305358137935
829	4.145	-0.0043216363992542	0.479305358137935
830	4.15	-0.0043216363992542	0.479305358137935
831	4.155	-0.0043216363992542	0.479305358137935
832	4.16	-0.0043216363992542	0.478015686152503
833	4.165	-0.0043216363992542	0.478015686152503
834	4.17	-0.0043216363992542	0.478015686152503
835	4.175	-0.0030319644138217	0.479305358137935
836	4.18	-0.0043216363992542	0.479305358137935
837	4.185	-0.0030319644138217	0.478015686152503
838	4.19	-0.0043216363992542	0.478015686152503
839	4.195	-0.0043216363992542	0.478015686152503
840	4.2	-0.0043216363992542	0.478015686152503
841	4.205	-0.0030319644138217	0.47672601416707
842	4.21	-0.0043216363992542	0.47672601416707
843	4.215	-0.0043216363992542	0.478015686152503
844	4.22	-0.0030319644138217	0.478015686152503
845	4.225	-0.0030319644138217	0.47672601416707
846	4.23	-0.0043216363992542	0.47672601416707
847	4.235	-0.0043216363992542	0.478015686152503
848	4.24	-0.0043216363992542	0.47672601416707
849	4.245	-0.0043216363992542	0.47672601416707
850	4.25	-0.0043216363992542	0.47672601416707
851	4.255	-0.0030319644138217	0.47672601416707
852	4.26	-0.0043216363992542	0.47672601416707
853	4.265	-0.0043216363992542	0.47672601416707
854	4.27	-0.0043216363992542	0.47672601416707
855	4.275	-0.0043216363992542	0.475436342181638
856	4.28	-0.0030319644138217	0.475436342181638
857	4.285	-0.0043216363992542	0.47672601416707
858	4.29	-0.0030319644138217	0.475436342181638
859	4.295	-0.0043216363992542	0.475436342181638
860	4.3	-0.0043216363992542	0.475436342181638
861	4.305	-0.0043216363992542	0.475436342181638
862	4.31	-0.0043216363992542	0.475436342181638
863	4.315	-0.0030319644138217	0.475436342181638
864	4.32	-0.0043216363992542	0.475436342181638
865	4.325	-0.0043216363992542	0.475436342181638
866	4.33	-0.0043216363992542	0.475436342181638
867	4.335	-0.0043216363992542	0.475436342181638
868	4.34	-0.0030319644138217	0.475436342181638
869	4.345	-0.0043216363992542	0.475436342181638
870	4.35	-0.0043216363992542	0.474146670196205
871	4.355	-0.0043216363992542	0.474146670196205
872	4.36	-0.0043216363992542	0.474146670196205
873	4.365	-0.0043216363992542	0.474146670196205
874	4.37	-0.0043216363992542	0.474146670196205
875	4.375	-0.0043216363992542	0.474146670196205
876	4.38	-0.0043216363992542	0.474146670196205
877	4.385	-0.0030319644138217	0.474146670196205
878	4.39	-0.0030319644138217	0.474146670196205
879	4.395	-0.0043216363992542	0.474146670196205
880	4.4	-0.0043216363992542	0.472856998210773
881	4.405	-0.0043216363992542	0.472856998210773
882	4.41	-0.0043216363992542	0.474146670196205
883	4.415	-0.0030319644138217	0.472856998210773
884	4.42	-0.0043216363992542	0.472856998210773
885	4.425	-0.0043216363992542	0.472856998210773
886	4.43	-0.0043216363992542	0.472856998210773
887	4.435	-0.0043216363992542	0.472856998210773
888	4.44	-0.0043216363992542	0.472856998210773
889	4.445	-0.0043216363992542	0.472856998210773
890	4.45	-0.0043216363992542	0.472856998210773
891	4.455	-0.0030319644138217	0.472856998210773
892	4.46	-0.0043216363992542	0.472856998210773
893	4.465	-0.0043216363992542	0.472856998210773
894	4.47	-0.0043216363992542	0.472856998210773
895	4.475	-0.0030319644138217	0.472856998210773
896	4.48	-0.0043216363992542	0.472856998210773
897	4.485	-0.0030319644138217	0.47156732622534
898	4.49	-0.0043216363992542	0.47156732622534
899	4.495	-0.0043216363992542	0.47156732622534
900	4.5	-0.0043216363992542	0.47156732622534
901	4.505	-0.0043216363992542	0.47156732622534
902	4.51	-0.0030319644138217	0.47156732622534
903	4.515	-0.0043216363992542	0.47156732622534
904	4.52	-0.0043216363992542	0.47156732622534
905	4.525	-0.0043216363992542	0.47156732622534
906	4.53	-0.0043216363992542	0.47156732622534
907	4.535	-0.0043216363992542	0.47156732622534
908	4.54	-0.0043216363992542	0.470277654239908
909	4.545	-0.0043216363992542	0.47156732622534
910	4.55	-0.0043216363992542	0.470277654239908
911	4.555	-0.0043216363992542	0.470277654239908
912	4.56	-0.0043216363992542	0.470277654239908
913	4.565	-0.0043216363992542	0.470277654239908
914	4.57	-0.0043216363992542	0.470277654239908
915	4.575	-0.0043216363992542	0.470277654239908
916	4.58	-0.0043216363992542	0.470277654239908
917	4.585	-0.0043216363992542	0.470277654239908
918	4.59	-0.0030319644138217	0.470277654239908
919	4.595	-0.0043216363992542	0.470277654239908
920	4.6	-0.0043216363992542	0.470277654239908
921	4.605	-0.0043216363992542	0.470277654239908
922	4.61	-0.0043216363992542	0.470277654239908
923	4.615	-0.0043216363992542	0.468987982254475
924	4.62	-0.0043216363992542	0.468987982254475
925	4.625	-0.0043216363992542	0.468987982254475
926	4.63	-0.0043216363992542	0.468987982254475
927	4.635	-0.0043216363992542	0.468987982254475
928	4.64	-0.0043216363992542	0.468987982254475
929	4.645	-0.0043216363992542	0.468987982254475
930	4.65	-0.0043216363992542	0.468987982254475
931	4.655	-0.0043216363992542	0.468987982254475
932	4.66	-0.0043216363992542	0.468987982254475
933	4.665	-0.0043216363992542	0.468987982254475
934	4.67	-0.0043216363992542	0.467698310269043
935	4.675	-0.0043216363992542	0.468987982254475
936	4.68	-0.0043216363992542	0.468987982254475
937	4.685	-0.0043216363992542	0.467698310269043
938	4.69	-0.0043216363992542	0.467698310269043
939	4.695	-0.0043216363992542	0.467698310269043
940	4.7	-0.0043216363992542	0.467698310269043
941	4.705	-0.0043216363992542	0.467698310269043
942	4.71	-0.0043216363992542	0.467698310269043
943	4.715	-0.0043216363992542	0.467698310269043
944	4.72	-0.0043216363992542	0.46640863828361
945	4.725	-0.0043216363992542	0.467698310269043
946	4.73	-0.0043216363992542	0.467698310269043
947	4.735	-0.0030319644138217	0.46640863828361
948	4.74	-0.0043216363992542	0.46640863828361
949	4.745	-0.0043216363992542	0.46640863828361
950	4.75	-0.0043216363992542	0.46640863828361
951	4.755	-0.0043216363992542	0.46640863828361
952	4.76	-0.0030319644138217	0.46640863828361
953	4.765	-0.0043216363992542	0.46640863828361
954	4.77	-0.0043216363992542	0.46640863828361
955	4.775	-0.0043216363992542	0.46640863828361
956	4.78	-0.0043216363992542	0.46640863828361
957	4.785	-0.0043216363992542	0.46640863828361
958	4.79	-0.0043216363992542	0.46640863828361
959	4.795	-0.0043216363992542	0.465118966298178
960	4.8	-0.00561130838468671	0.465118966298178
961	4.805	-0.0043216363992542	0.465118966298178
962	4.81	-0.0043216363992542	0.465118966298178
963	4.815	-0.0043216363992542	0.465118966298178
964	4.82	-0.0043216363992542	0.465118966298178
965	4.825	-0.0043216363992542	0.465118966298178
966	4.83	-0.0043216363992542	0.465118966298178
967	4.835	-0.0043216363992542	0.463829294312745
968	4.84	-0.0043216363992542	0.465118966298178
969	4.845	-0.0043216363992542	0.463829294312745
970	4.85	-0.0043216363992542	0.465118966298178
971	4.855	-0.0043216363992542	0.463829294312745
972	4.86	-0.0043216363992542	0.465118966298178
973	4.865	-0.0043216363992542	0.463829294312745
974	4.87	-0.0043216363992542	0.463829294312745
975	4.875	-0.0043216363992542	0.463829294312745
976	4.88	-0.0043216363992542	0.463829294312745
977	4.885	-0.0043216363992542	0.463829294312745
978	4.89	-0.0043216363992542	0.463829294312745
979	4.895	-0.0030319644138217	0.463829294312745
980	4.9	-0.0043216363992542	0.463829294312745
981	4.905	-0.0043216363992542	0.462539622327313
982	4.91	-0.0043216363992542	0.462539622327313
983	4.915	-0.0043216363992542	0.462539622327313
984	4.92	-0.0043216363992542	0.462539622327313
985	4.925	-0.0043216363992542	0.462539622327313
986	4.93	-0.0043216363992542	0.462539622327313
987	4.935	-0.0043216363992542	0.462539622327313
988	4.94	-0.0043216363992542	0.462539622327313
989	4.945	-0.0043216363992542	0.462539622327313
990	4.95	-0.0043216363992542	0.462539622327313
991	4.955	-0.0043216363992542	0.46124995034188
992	4.96	-0.0043216363992542	0.462539622327313
993	4.965	-0.0043216363992542	0.46124995034188
994	4.97	-0.0043216363992542	0.46124995034188
995	4.975	-0.0030319644138217	0.46124995034188
996	4.98	-0.0043216363992542	0.46124995034188
997	4.985	-0.0043216363992542	0.46124995034188
998	4.99	-0.0043216363992542	0.46124995034188
999	4.995	-0.0043216363992542	0.46124995034188
1000	5	-0.0043216363992542	0.46124995034188
1001	5.005	-0.0043216363992542	0.46124995034188
1002	5.01	-0.0043216363992542	0.459960278356448
1003	5.015	-0.0043216363992542	0.46124995034188
1004	5.02	-0.0043216363992542	0.459960278356448
1005	5.025	-0.0043216363992542	0.459960278356448
1006	5.03	-0.0043216363992542	0.459960278356448
1007	5.035	-0.0043216363992542	0.459960278356448
1008	5.04	-0.0043216363992542	0.459960278356448
1009	5.045	-0.0043216363992542	0.459960278356448
1010	5.05	-0.0030319644138217	0.459960278356448
1011	5.055	-0.0043216363992542	0.459960278356448
1012	5.06	-0.0030319644138217	0.459960278356448
1013	5.065	-0.0043216363992542	0.459960278356448
1014	5.07	-0.0030319644138217	0.458670606371015
1015	5.075	-0.0043216363992542	0.458670606371015
1016	5.08	-0.0043216363992542	0.458670606371015
1017	5.085	-0.0030319644138217	0.458670606371015
1018	5.09	-0.0030319644138217	0.458670606371015
1019	5.095	-0.0043216363992542	0.458670606371015
1020	5.1	-0.0043216363992542	0.458670606371015
1021	5.105	-0.0030319644138217	0.458670606371015
1022	5.11	-0.0030319644138217	0.458670606371015
1023	5.115	-0.0030319644138217	0.458670606371015
1024	5.12	-0.0030319644138217	0.458670606371015
1025	5.125	-0.0030319644138217	0.457380934385583
1026	5.13	-0.0043216363992542	0.457380934385583
1027	5.135	-0.0030319644138217	0.457380934385583
1028	5.14	-0.0030319644138217	0.457380934385583
1029	5.145	-0.0043216363992542	0.457380934385583
1030	5.15	-0.00174229242838919	0.457380934385583
1031	5.155	-0.0030319644138217	0.45609126240015
1032	5.16	-0.0043216363992542	0.457380934385583
1033	5.165	-0.0030319644138217	0.457380934385583
1034	5.17	-0.0030319644138217	0.45609126240015
1035	5.175	-0.0043216363992542	0.45609126240015
1036	5.18	-0.0043216363992542	0.45609126240015
1037	5.185	-0.0043216363992542	0.45609126240015
1038	5.19	-0.0030319644138217	0.45609126240015
1039	5.195	-0.0043216363992542	0.45609126240015
1040	5.2	-0.0030319644138217	0.45609126240015
1041	5.205	-0.0043216363992542	0.454801590414718
1042	5.21	-0.0030319644138217	0.45609126240015
1043	5.215	-0.0043216363992542	0.454801590414718
1044	5.22	-0.0030319644138217	0.454801590414718
1045	5.225	-0.0030319644138217	0.454801590414718
1046	5.23	-0.0030319644138217	0.454801590414718
1047	5.235	-0.0043216363992542	0.454801590414718
1048	5.24	-0.0043216363992542	0.454801590414718
1049	5.245	-0.0030319644138217	0.45609126240015
1050	5.25	-0.0043216363992542	0.454801590414718
1051	5.255	-0.0030319644138217	0.454801590414718
1052	5.26	-0.0030319644138217	0.454801590414718
1053	5.265	-0.0043216363992542	0.454801590414718
1054	5.27	-0.0030319644138217	0.454801590414718
1055	5.275	-0.0030319644138217	0.453511918429285
1056	5.28	-0.0043216363992542	0.453511918429285
1057	5.285	-0.0030319644138217	0.453511918429285
1058	5.29	-0.0043216363992542	0.453511918429285
1059	5.295	-0.0030319644138217	0.453511918429285
1060	5.3	-0.0030319644138217	0.453511918429285
1061	5.305	-0.0030319644138217	0.453511918429285
1062	5.31	-0.0030319644138217	0.453511918429285
1063	5.315	-0.0030319644138217	0.453511918429285
1064	5.32	-0.0043216363992542	0.453511918429285
1065	5.325	-0.0043216363992542	0.452222246443853
1066	5.33	-0.0030319644138217	0.452222246443853
1067	5.335	-0.0043216363992542	0.452222246443853
1068	5.34	-0.0043216363992542	0.452222246443853
1069	5.345	-0.0043216363992542	0.452222246443853
1070	5.35	-0.0043216363992542	0.452222246443853
1071	5.355	-0.0043216363992542	0.452222246443853
1072	5.36	-0.0043216363992542	0.452222246443853
1073	5.365	-0.0030319644138217	0.452222246443853
1074	5.37	-0.0030319644138217	0.452222246443853
1075	5.375	-0.0030319644138217	0.452222246443853
1076	5.38	-0.0043216363992542	0.452222246443853
1077	5.385	-0.0043216363992542	0.45093257445842
1078	5.39	-0.0043216363992542	0.45093257445842
1079	5.395	-0.0030319644138217	0.45093257445842
1080	5.4	-0.0030319644138217	0.45093257445842
1081	5.405	-0.0043216363992542	0.45093257445842
1082	5.41	-0.0030319644138217	0.45093257445842
1083	5.415	-0.0043216363992542	0.45093257445842
1084	5.42	-0.0043216363992542	0.45093257445842
1085	5.425	-0.0043216363992542	0.45093257445842
1086	5.43	-0.0030319644138217	0.45093257445842
1087	5.435	-0.0030319644138217	0.45093257445842
1088	5.44	-0.0043216363992542	0.45093257445842
1089	5.445	-0.0043216363992542	0.449642902472988
1090	5.45	-0.0030319644138217	0.449642902472988
1091	5.455	-0.0030319644138217	0.449642902472988
1092	5.46	-0.0030319644138217	0.449642902472988
1093	5.465	-0.0043216363992542	0.449642902472988
1094	5.47	-0.0030319644138217	0.449642902472988
1095	5.475	-0.0043216363992542	0.449642902472988
1096	5.48	-0.0030319644138217	0.449642902472988
1097	5.485	-0.0043216363992542	0.449642902472988
1098	5.49	-0.0043216363992542	0.448353230487555
1099	5.495	-0.0043216363992542	0.449642902472988
1100	5.5	-0.0043216363992542	0.448353230487555
1101	5.505	-0.0043216363992542	0.448353230487555
1102	5.51	-0.0030319644138217	0.448353230487555
1103	5.515	-0.0043216363992542	0.448353230487555
1104	5.52	-0.0043216363992542	0.448353230487555
1105	5.525	-0.0043216363992542	0.448353230487555
1106	5.53	-0.0043216363992542	0.448353230487555
1107	5.535	-0.0030319644138217	0.448353230487555
1108	5.54	-0.0030319644138217	0.447063558502123
1109	5.545	-0.0043216363992542	0.448353230487555
1110	5.55	-0.0030319644138217	0.447063558502123
1111	5.555	-0.0043216363992542	0.447063558502123
1112	5.56	-0.0043216363992542	0.448353230487555
1113	5.565	-0.0030319644138217	0.448353230487555
1114	5.57	-0.0030319644138217	0.447063558502123
1115	5.575	-0.0043216363992542	0.447063558502123
1116	5.58	-0.0043216363992542	0.447063558502123
1117	5.585	-0.0030319644138217	0.447063558502123
1118	5.59	-0.0043216363992542	0.447063558502123
1119	5.595	-0.0030319644138217	0.447063558502123
1120	5.6	-0.0030319644138217	0.44577388651669
1121	5.605	-0.0043216363992542	0.447063558502123
1122	5.61	-0.0043216363992542	0.44577388651669
1123	5.615	-0.0043216363992542	0.44577388651669
1124	5.62	-0.0043216363992542	0.44577388651669
1125	5.625	-0.0043216363992542	0.44577388651669
1126	5.63	-0.0030319644138217	0.44577388651669
1127	5.635	-0.0030319644138217	0.44577388651669
1128	5.64	-0.0043216363992542	0.44577388651669
1129	5.645	-0.0043216363992542	0.44577388651669
1130	5.65	-0.0030319644138217	0.44577388651669
1131	5.655	-0.0043216363992542	0.44577388651669
1132	5.66	-0.0043216363992542	0.44577388651669
1133	5.665	-0.0030319644138217	0.444484214531258
1134	5.67	-0.0030319644138217	0.44577388651669
1135	5.675	-0.0043216363992542	0.444484214531258
1136	5.68	-0.0030319644138217	0.444484214531258
1137	5.685	-0.0043216363992542	0.444484214531258
1138	5.69	-0.0030319644138217	0.444484214531258
1139	5.695	-0.0030319644138217	0.444484214531258
1140	5.7	-0.0030319644138217	0.444484214531258
1141	5.705	-0.0043216363992542	0.444484214531258
1142	5.71	-0.0030319644138217	0.443194542545825
1143	5.715	-0.0043216363992542	0.443194542545825
1144	5.72	-0.0030319644138217	0.443194542545825
1145	5.725	-0.0030319644138217	0.443194542545825
1146	5.73	-0.0030319644138217	0.443194542545825
1147	5.735	-0.0043216363992542	0.443194542545825
1148	5.74	-0.0043216363992542	0.443194542545825
1149	5.745	-0.0030319644138217	0.443194542545825
1150	5.75	-0.0043216363992542	0.443194542545825
1151	5.755	-0.0043216363992542	0.441904870560393
1152	5.76	-0.0030319644138217	0.443194542545825
1153	5.765	-0.0043216363992542	0.441904870560393
1154	5.77	-0.0043216363992542	0.443194542545825
1155	5.775	-0.0043216363992542	0.441904870560393
1156	5.78	-0.0030319644138217	0.441904870560393
1157	5.785	-0.0030319644138217	0.441904870560393
1158	5.79	-0.0030319644138217	0.441904870560393
1159	5.795	-0.0043216363992542	0.441904870560393
1160	5.8	-0.0043216363992542	0.441904870560393
1161	5.805	-0.0043216363992542	0.441904870560393
1162	5.81	-0.0030319644138217	0.441904870560393
1163	5.815	-0.0043216363992542	0.441904870560393
1164	5.82	-0.0043216363992542	0.441904870560393
1165	5.825	-0.0030319644138217	0.44061519857496
1166	5.83	-0.0030319644138217	0.44061519857496
1167	5.835	-0.0030319644138217	0.44061519857496
1168	5.84	-0.0030319644138217	0.44061519857496
1169	5.845	-0.0030319644138217	0.44061519857496
1170	5.85	-0.0030319644138217	0.44061519857496
1171	5.855	-0.0030319644138217	0.44061519857496
1172	5.86	-0.0030319644138217	0.44061519857496
1173	5.865	-0.0043216363992542	0.44061519857496
1174	5.87	-0.0030319644138217	0.44061519857496
1175	5.875	-0.0030319644138217	0.439325526589528
1176	5.88	-0.0043216363992542	0.439325526589528
1177	5.885	-0.0043216363992542	0.439325526589528
1178	5.89	-0.0043216363992542	0.439325526589528
1179	5.895	-0.0030319644138217	0.439325526589528
1180	5.9	-0.0043216363992542	0.439325526589528
1181	5.905	-0.0030319644138217	0.439325526589528
1182	5.91	-0.0030319644138217	0.439325526589528
1183	5.915	-0.0030319644138217	0.439325526589528
1184	5.92	-0.0043216363992542	0.439325526589528
1185	5.925	-0.0030319644138217	0.439325526589528
1186	5.93	-0.0030319644138217	0.439325526589528
1187	5.935	-0.0043216363992542	0.438035854604095
1188	5.94	-0.0030319644138217	0.438035854604095
1189	5.945	-0.0043216363992542	0.438035854604095
1190	5.95	-0.0043216363992542	0.438035854604095
1191	5.955	-0.0043216363992542	0.438035854604095
1192	5.96	-0.0043216363992542	0.438035854604095
1193	5.965	-0.0030319644138217	0.438035854604095
1194	5.97	-0.0030319644138217	0.438035854604095
1195	5.975	-0.0030319644138217	0.436746182618663
1196	5.98	-0.0043216363992542	0.438035854604095
1197	5.985	-0.0043216363992542	0.436746182618663
1198	5.99	-0.0030319644138217	0.436746182618663
1199	5.995	-0.0030319644138217	0.436746182618663
1200	6	-0.0043216363992542	0.436746182618663
1201	6.005	-0.0043216363992542	0.436746182618663
1202	6.01	-0.0043216363992542	0.436746182618663
1203	6.015	-0.0030319644138217	0.43545651063323
1204	6.02	-0.0043216363992542	0.436746182618663
1205	6.025	-0.0030319644138217	0.43545651063323
1206	6.03	-0.0043216363992542	0.436746182618663
1207	6.035	-0.0030319644138217	0.436746182618663
1208	6.04	-0.0043216363992542	0.436746182618663
1209	6.045	-0.0030319644138217	0.43545651063323
1210	6.05	-0.0030319644138217	0.43545651063323
1211	6.055	-0.0030319644138217	0.43545651063323
1212	6.06	-0.0043216363992542	0.43545651063323
1213	6.065	-0.0030319644138217	0.436746182618663
1214	6.07	-0.0043216363992542	0.43545651063323
1215	6.075	-0.0030319644138217	0.43545651063323
1216	6.08	-0.0030319644138217	0.434166838647798
1217	6.085	-0.0030319644138217	0.43545651063323
1218	6.09	-0.0030319644138217	0.434166838647798
1219	6.095	-0.0030319644138217	0.434166838647798
1220	6.1	-0.0043216363992542	0.434166838647798
1221	6.105	-0.0043216363992542	0.434166838647798
1222	6.11	-0.0043216363992542	0.434166838647798
1223	6.115	-0.0030319644138217	0.434166838647798
1224	6.12	-0.0043216363992542	0.432877166662365
1225	6.125	-0.0030319644138217	0.434166838647798
1226	6.13	-0.0030319644138217	0.434166838647798
1227	6.135	-0.0043216363992542	0.434166838647798
1228	6.14	-0.0030319644138217	0.432877166662365
1229	6.145	-0.0043216363992542	0.432877166662365
1230	6.15	-0.0043216363992542	0.432877166662365
1231	6.155	-0.0030319644138217	0.432877166662365
1232	6.16	-0.0043216363992542	0.432877166662365
1233	6.165	-0.0043216363992542	0.432877166662365
1234	6.17	-0.0043216363992542	0.431587494676933
1235	6.175	-0.0043216363992542	0.431587494676933
1236	6.18	-0.0030319644138217	0.431587494676933
1237	6.185	-0.0030319644138217	0.431587494676933
1238	6.19	-0.0030319644138217	0.431587494676933
1239	6.195	-0.0043216363992542	0.431587494676933
1240	6.2	-0.0030319644138217	0.431587494676933
1241	6.205	-0.0043216363992542	0.431587494676933
1242	6.21	-0.0030319644138217	0.431587494676933
1243	6.215	-0.0030319644138217	0.4302978226915
1244	6.22	-0.0043216363992542	0.431587494676933
1245	6.225	-0.0043216363992542	0.4302978226915
1246	6.23	-0.0030319644138217	0.4302978226915
1247	6.235	-0.0030319644138217	0.4302978226915
1248	6.24	-0.0043216363992542	0.4302978226915
1249	6.245	-0.0030319644138217	0.4302978226915
1250	6.25	-0.0030319644138217	0.4302978226915
1251	6.255	-0.0030319644138217	0.4302978226915
1252	6.26	-0.0030319644138217	0.4302978226915
1253	6.265	-0.0030319644138217	0.4302978226915
1254	6.27	-0.0030319644138217	0.4302978226915
1255	6.275	-0.0043216363992542	0.429008150706068
1256	6.28	-0.0043216363992542	0.429008150706068
1257	6.285	-0.0043216363992542	0.429008150706068
1258	6.29	-0.0030319644138217	0.429008150706068
1259	6.295	-0.0043216363992542	0.429008150706068
1260	6.3	-0.0043216363992542	0.429008150706068
1261	6.305	-0.0043216363992542	0.427718478720635
1262	6.31	-0.0043216363992542	0.427718478720635
1263	6.315	-0.0030319644138217	0.427718478720635
1264	6.32	-0.0043216363992542	0.429008150706068
1265	6.325	-0.0030319644138217	0.429008150706068
1266	6.33	-0.0030319644138217	0.429008150706068
1267	6.335	-0.0043216363992542	0.427718478720635
1268	6.34	-0.0043216363992542	0.427718478720635
1269	6.345	-0.0030319644138217	0.427718478720635
1270	6.35	-0.0030319644138217	0.427718478720635
1271	6.355	-0.0043216363992542	0.427718478720635
1272	6.36	-0.0030319644138217	0.427718478720635
1273	6.365	-0.0043216363992542	0.427718478720635
1274	6.37	-0.0030319644138217	0.426428806735203
1275	6.375	-0.0030319644138217	0.426428806735203
1276	6.38	-0.0030319644138217	0.427718478720635
1277	6.385	-0.0030319644138217	0.426428806735203
1278	6.39	-0.0030319644138217	0.426428806735203
1279	6.395	-0.0043216363992542	0.426428806735203
1280	6.4	-0.0043216363992542	0.426428806735203
1281	6.405	-0.0030319644138217	0.426428806735203
1282	6.41	-0.0030319644138217	0.426428806735203
1283	6.415	-0.0030319644138217	0.42513913474977
1284	6.42	-0.0043216363992542	0.42513913474977
1285	6.425	-0.0043216363992542	0.42513913474977
1286	6.43	-0.0043216363992542	0.42513913474977
1287	6.435	-0.0043216363992542	0.42513913474977
1288	6.44	-0.0043216363992542	0.42513913474977
1289	6.445	-0.0030319644138217	0.42513913474977
1290	6.45	-0.0030319644138217	0.42513913474977
1291	6.455	-0.0043216363992542	0.42513913474977
1292	6.46	-0.0043216363992542	0.423849462764338
1293	6.465	-0.0030319644138217	0.42513913474977
1294	6.47	-0.0030319644138217	0.423849462764338
1295	6.475	-0.0030319644138217	0.423849462764338
1296	6.48	-0.0030319644138217	0.423849462764338
1297	6.485	-0.0043216363992542	0.423849462764338
1298	6.49	-0.0030319644138217	0.423849462764338
1299	6.495	-0.0030319644138217	0.423849462764338
1300	6.5	-0.0030319644138217	0.423849462764338
1301	6.505	-0.0043216363992542	0.423849462764338
1302	6.51	-0.0030319644138217	0.423849462764338
1303	6.515	-0.0030319644138217	0.422559790778905
1304	6.52	-0.0043216363992542	0.423849462764338
1305	6.525	-0.0043216363992542	0.422559790778905
1306	6.53	-0.0043216363992542	0.422559790778905
1307	6.535	-0.0030319644138217	0.422559790778905
1308	6.54	-0.0030319644138217	0.422559790778905
1309	6.545	-0.0043216363992542	0.422559790778905
1310	6.55	-0.0043216363992542	0.421270118793473
1311	6.555	-0.0030319644138217	0.422559790778905
1312	6.56	-0.0043216363992542	0.422559790778905
1313	6.565	-0.0030319644138217	0.422559790778905
1314	6.57	-0.0030319644138217	0.421270118793473
1315	6.575	-0.0043216363992542	0.421270118793473
1316	6.58	-0.0030319644138217	0.421270118793473
1317	6.585	-0.0030319644138217	0.421270118793473
1318	6.59	-0.0030319644138217	0.421270118793473
1319	6.595	-0.0043216363992542	0.41998044680804
1320	6.6	-0.0043216363992542	0.41998044680804
1321	6.605	-0.0043216363992542	0.421270118793473
1322	6.61	-0.0043216363992542	0.41998044680804
1323	6.615	-0.0030319644138217	0.41998044680804
1324	6.62	-0.0030319644138217	0.41998044680804
1325	6.625	-0.0043216363992542	0.41998044680804
1326	6.63	-0.0030319644138217	0.41998044680804
1327	6.635	-0.0043216363992542	0.41998044680804
1328	6.64	-0.0043216363992542	0.41998044680804
1329	6.645	-0.0030319644138217	0.418690774822608
1330	6.65	-0.0030319644138217	0.418690774822608
1331	6.655	-0.0030319644138217	0.418690774822608
1332	6.66	-0.0030319644138217	0.418690774822608
1333	6.665	-0.0043216363992542	0.418690774822608
1334	6.67	-0.0043216363992542	0.418690774822608
1335	6.675	-0.0030319644138217	0.418690774822608
1336	6.68	-0.0030319644138217	0.418690774822608
1337	6.685	-0.0043216363992542	0.418690774822608
1338	6.69	-0.0043216363992542	0.418690774822608
1339	6.695	-0.0030319644138217	0.417401102837175
1340	6.7	-0.0043216363992542	0.417401102837175
1341	6.705	-0.0030319644138217	0.417401102837175
1342	6.71	-0.0043216363992542	0.417401102837175
1343	6.715	-0.0030319644138217	0.417401102837175
1344	6.72	-0.0043216363992542	0.418690774822608
1345	6.725	-0.0030319644138217	0.417401102837175
1346	6.73	-0.0030319644138217	0.417401102837175
1347	6.735	-0.0030319644138217	0.417401102837175
1348	6.74	-0.0043216363992542	0.416111430851743
1349	6.745	-0.0030319644138217	0.417401102837175
1350	6.75	-0.0030319644138217	0.417401102837175
1351	6.755	-0.0043216363992542	0.416111430851743
1352	6.76	-0.0030319644138217	0.416111430851743
1353	6.765	-0.0030319644138217	0.416111430851743
1354	6.77	-0.0030319644138217	0.416111430851743
1355	6.775	-0.0030319644138217	0.416111430851743
1356	6.78	-0.0043216363992542	0.41482175886631
1357	6.785	-0.0030319644138217	0.41482175886631
1358	6.79	-0.0030319644138217	0.41482175886631
1359	6.795	-0.0043216363992542	0.41482175886631
1360	6.8	-0.0030319644138217	0.41482175886631
1361	6.805	-0.0030319644138217	0.41482175886631
1362	6.81	-0.0030319644138217	0.41482175886631
1363	6.815	-0.0043216363992542	0.41482175886631
1364	6.82	-0.0043216363992542	0.41482175886631
1365	6.825	-0.0030319644138217	0.413532086880878
1366	6.83	-0.0043216363992542	0.41482175886631
1367	6.835	-0.0043216363992542	0.413532086880878
1368	6.84	-0.0030319644138217	0.412242414895445
1369	6.845	-0.0043216363992542	0.413532086880878
1370	6.85	-0.0030319644138217	0.413532086880878
1371	6.855	-0.0030319644138217	0.413532086880878
1372	6.86	-0.0030319644138217	0.412242414895445
1373	6.865	-0.0030319644138217	0.413532086880878
1374	6.87	-0.0030319644138217	0.412242414895445
1375	6.875	-0.0043216363992542	0.412242414895445
1376	6.88	-0.0043216363992542	0.412242414895445
1377	6.885	-0.0043216363992542	0.412242414895445
1378	6.89	-0.0043216363992542	0.412242414895445
1379	6.895	-0.0030319644138217	0.412242414895445
1380	6.9	-0.0030319644138217	0.412242414895445
1381	6.905	-0.0030319644138217	0.412242414895445
1382	6.91	-0.0030319644138217	0.410952742910013
1383	6.915	-0.0043216363992542	0.410952742910013
1384	6.92	-0.0030319644138217	0.410952742910013
1385	6.925	-0.0030319644138217	0.410952742910013
1386	6.93	-0.0030319644138217	0.410952742910013
1387	6.935	-0.0043216363992542	0.410952742910013
1388	6.94	-0.0043216363992542	0.40966307092458
1389	6.945	-0.0043216363992542	0.410952742910013
1390	6.95	-0.0043216363992542	0.40966307092458
1391	6.955	-0.0030319644138217	0.40966307092458
1392	6.96	-0.0043216363992542	0.40966307092458
1393	6.965	-0.0030319644138217	0.40966307092458
1394	6.97	-0.0030319644138217	0.40966307092458
1395	6.975	-0.0030319644138217	0.40966307092458
1396	6.98	-0.0043216363992542	0.408373398939148
1397	6.985	-0.0043216363992542	0.408373398939148
1398	6.99	-0.0043216363992542	0.40966307092458
1399	6.995	-0.0030319644138217	0.408373398939148
1400	7	-0.0043216363992542	0.408373398939148
1401	7.005	-0.0030319644138217	0.407083726953715
1402	7.01	-0.0030319644138217	0.408373398939148
1403	7.015	-0.0030319644138217	0.408373398939148
1404	7.02	-0.0043216363992542	0.407083726953715
1405	7.025	-0.0043216363992542	0.407083726953715
1406	7.03	-0.0043216363992542	0.407083726953715
1407	7.035	-0.0043216363992542	0.407083726953715
1408	7.04	-0.0030319644138217	0.407083726953715
1409	7.045	-0.0043216363992542	0.407083726953715
1410	7.05	-0.0043216363992542	0.405794054968283
1411	7.055	-0.0030319644138217	0.405794054968283
1412	7.06	-0.0043216363992542	0.405794054968283
1413	7.065	-0.0043216363992542	0.405794054968283
1414	7.07	-0.0043216363992542	0.405794054968283
1415	7.075	-0.0030319644138217	0.405794054968283
1416	7.08	-0.0043216363992542	0.405794054968283
1417	7.085	-0.0043216363992542	0.405794054968283
1418	7.09	-0.0043216363992542	0.405794054968283
1419	7.095	-0.0043216363992542	0.405794054968283
1420	7.1	-0.0030319644138217	0.40450438298285
1421	7.105	-0.0043216363992542	0.40450438298285
1422	7.11	-0.0043216363992542	0.40450438298285
1423	7.115	-0.0043216363992542	0.40450438298285
1424	7.12	-0.0043216363992542	0.40450438298285
1425	7.125	-0.0043216363992542	0.40450438298285
1426	7.13	-0.0030319644138217	0.403214710997418
1427	7.135	-0.0030319644138217	0.403214710997418
1428	7.14	-0.0030319644138217	0.403214710997418
1429	7.145	-0.0030319644138217	0.403214710997418
1430	7.15	-0.0030319644138217	0.403214710997418
1431	7.155	-0.0043216363992542	0.403214710997418
1432	7.16	-0.0043216363992542	0.403214710997418
1433	7.165	-0.0030319644138217	0.403214710997418
1434	7.17	-0.0043216363992542	0.401925039011985
1435	7.175	-0.0043216363992542	0.403214710997418
1436	7.18	-0.0043216363992542	0.401925039011985
1437	7.185	-0.0043216363992542	0.401925039011985
1438	7.19	-0.0043216363992542	0.401925039011985
1439	7.195	-0.0030319644138217	0.401925039011985
1440	7.2	-0.0043216363992542	0.401925039011985
1441	7.205	-0.0030319644138217	0.400635367026553
1442	7.21	-0.0043216363992542	0.400635367026553
1443	7.215	-0.0030319644138217	0.400635367026553
1444	7.22	-0.0030319644138217	0.400635367026553
1445	7.225	-0.0030319644138217	0.400635367026553
1446	7.23	-0.0043216363992542	0.400635367026553
1447	7.235	-0.0030319644138217	0.400635367026553
1448	7.24	-0.0030319644138217	0.400635367026553
1449	7.245	-0.0030319644138217	0.39934569504112
1450	7.25	-0.0043216363992542	0.39934569504112
1451	7.255	-0.0043216363992542	0.400635367026553
1452	7.26	-0.0043216363992542	0.39934569504112
1453	7.265	-0.0030319644138217	0.39934569504112
1454	7.27	-0.0043216363992542	0.39934569504112
1455	7.275	-0.0043216363992542	0.39934569504112
1456	7.28	-0.0043216363992542	0.39934569504112
1457	7.285	-0.0030319644138217	0.39934569504112
1458	7.29	-0.0030319644138217	0.398056023055688
1459	7.295	-0.0043216363992542	0.398056023055688
1460	7.3	-0.0043216363992542	0.398056023055688
1461	7.305	-0.0043216363992542	0.398056023055688
1462	7.31	-0.0043216363992542	0.398056023055688
1463	7.315	-0.0030319644138217	0.398056023055688
1464	7.32	-0.0030319644138217	0.396766351070255
1465	7.325	-0.0030319644138217	0.396766351070255
1466	7.33	-0.0043216363992542	0.396766351070255
1467	7.335	-0.0043216363992542	0.396766351070255
1468	7.34	-0.0043216363992542	0.396766351070255
1469	7.345	-0.0043216363992542	0.396766351070255
1470	7.35	-0.0030319644138217	0.396766351070255
1471	7.355	-0.0043216363992542	0.396766351070255
1472	7.36	-0.0030319644138217	0.395476679084823
1473	7.365	-0.0030319644138217	0.395476679084823
1474	7.37	-0.0030319644138217	0.395476679084823
1475	7.375	-0.0030319644138217	0.395476679084823
1476	7.38	-0.0030319644138217	0.395476679084823
1477	7.385	-0.0030319644138217	0.395476679084823
1478	7.39	-0.0030319644138217	0.395476679084823
1479	7.395	-0.0043216363992542	0.39418700709939
1480	7.4	-0.0043216363992542	0.395476679084823
1481	7.405	-0.0043216363992542	0.39418700709939
1482	7.41	-0.0043216363992542	0.395476679084823
1483	7.415	-0.0030319644138217	0.395476679084823
1484	7.42	-0.0030319644138217	0.39418700709939
1485	7.425	-0.0030319644138217	0.39418700709939
1486	7.43	-0.0043216363992542	0.39418700709939
1487	7.435	-0.0043216363992542	0.392897335113958
1488	7.44	-0.0030319644138217	0.39418700709939
1489	7.445	-0.0043216363992542	0.392897335113958
1490	7.45	-0.0030319644138217	0.39418700709939
1491	7.455	-0.0030319644138217	0.392897335113958
1492	7.46	-0.0043216363992542	0.392897335113958
1493	7.465	-0.0043216363992542	0.392897335113958
1494	7.47	-0.0043216363992542	0.392897335113958
1495	7.475	-0.0043216363992542	0.392897335113958
1496	7.48	-0.0030319644138217	0.392897335113958
1497	7.485	-0.0030319644138217	0.392897335113958
1498	7.49	-0.0030319644138217	0.392897335113958
1499	7.495	-0.0030319644138217	0.391607663128525
1500	7.5	-0.0043216363992542	0.391607663128525
1501	7.505	-0.0043216363992542	0.391607663128525
1502	7.51	-0.0030319644138217	0.390317991143093
1503	7.515	-0.0030319644138217	0.391607663128525
1504	7.52	-0.0030319644138217	0.390317991143093
1505	7.525	-0.0043216363992542	0.391607663128525
1506	7.53	-0.0030319644138217	0.391607663128525
1507	7.535	-0.0030319644138217	0.390317991143093
1508	7.54	-0.0043216363992542	0.390317991143093
1509	7.545	-0.0043216363992542	0.390317991143093
1510	7.55	-0.0043216363992542	0.390317991143093
1511	7.555	-0.0030319644138217	0.38902831915766
1512	7.56	-0.0030319644138217	0.38902831915766
1513	7.565	-0.0030319644138217	0.38902831915766
1514	7.57	-0.0030319644138217	0.38902831915766
1515	7.575	-0.0043216363992542	0.38902831915766
1516	7.58	-0.0030319644138217	0.38902831915766
1517	7.585	-0.0030319644138217	0.38902831915766
1518	7.59	-0.0043216363992542	0.38902831915766
1519	7.595	-0.0030319644138217	0.38902831915766
1520	7.6	-0.0043216363992542	0.387738647172228
1521	7.605	-0.0043216363992542	0.387738647172228
1522	7.61	-0.0043216363992542	0.387738647172228
1523	7.615	-0.0043216363992542	0.387738647172228
1524	7.62	-0.0030319644138217	0.387738647172228
1525	7.625	-0.0030319644138217	0.387738647172228
1526	7.63	-0.0030319644138217	0.387738647172228
1527	7.635	-0.0043216363992542	0.387738647172228
1528	7.64	-0.0030319644138217	0.386448975186795
1529	7.645	-0.0030319644138217	0.386448975186795
1530	7.65	-0.0043216363992542	0.386448975186795
1531	7.655	-0.0030319644138217	0.386448975186795
1532	7.66	-0.0030319644138217	0.386448975186795
1533	7.665	-0.0030319644138217	0.386448975186795
1534	7.67	-0.0043216363992542	0.386448975186795
1535	7.675	-0.0030319644138217	0.386448975186795
1536	7.68	-0.0030319644138217	0.385159303201362
1537	7.685	-0.0043216363992542	0.385159303201362
1538	7.69	-0.0030319644138217	0.386448975186795
1539	7.695	-0.0043216363992542	0.385159303201362
1540	7.7	-0.0043216363992542	0.385159303201362
1541	7.705	-0.0030319644138217	0.385159303201362
1542	7.71	-0.0030319644138217	0.385159303201362
1543	7.715	-0.0043216363992542	0.385159303201362
1544	7.72	-0.0043216363992542	0.38386963121593
1545	7.725	-0.0043216363992542	0.385159303201362
1546	7.73	-0.0030319644138217	0.38386963121593
1547	7.735	-0.0030319644138217	0.38386963121593
1548	7.74	-0.0043216363992542	0.38386963121593
1549	7.745	-0.0030319644138217	0.38386963121593
1550	7.75	-0.0030319644138217	0.38386963121593
1551	7.755	-0.0043216363992542	0.382579959230497
1552	7.76	-0.0043216363992542	0.38386963121593
1553	7.765	-0.0030319644138217	0.382579959230497
1554	7.77	-0.0043216363992542	0.382579959230497
1555	7.775	-0.0030319644138217	0.38386963121593
1556	7.78	-0.0043216363992542	0.382579959230497
1557	7.785	-0.0043216363992542	0.382579959230497
1558	7.79	-0.0043216363992542	0.382579959230497
1559	7.795	-0.0043216363992542	0.382579959230497
1560	7.8	-0.0043216363992542	0.382579959230497
1561	7.805	-0.0030319644138217	0.381290287245065
1562	7.81	-0.0043216363992542	0.381290287245065
1563	7.815	-0.0030319644138217	0.382579959230497
1564	7.82	-0.0030319644138217	0.381290287245065
1565	7.825	-0.0043216363992542	0.381290287245065
1566	7.83	-0.0043216363992542	0.381290287245065
1567	7.835	-0.0043216363992542	0.381290287245065
1568	7.84	-0.0043216363992542	0.380000615259632
1569	7.845	-0.0043216363992542	0.380000615259632
1570	7.85	-0.0043216363992542	0.381290287245065
1571	7.855	-0.0043216363992542	0.380000615259632
1572	7.86	-0.0030319644138217	0.380000615259632
1573	7.865	-0.0043216363992542	0.380000615259632
1574	7.87	-0.0043216363992542	0.380000615259632
1575	7.875	-0.0043216363992542	0.380000615259632
1576	7.88	-0.0043216363992542	0.3787109432742
1577	7.885	-0.0043216363992542	0.380000615259632
1578	7.89	-0.0043216363992542	0.3787109432742
1579	7.895	-0.0043216363992542	0.3787109432742
1580	7.9	-0.0043216363992542	0.3787109432742
1581	7.905	-0.0030319644138217	0.3787109432742
1582	7.91	-0.0043216363992542	0.3787109432742
1583	7.915	-0.0030319644138217	0.3787109432742
1584	7.92	-0.0043216363992542	0.3787109432742
1585	7.925	-0.0030319644138217	0.3787109432742
1586	7.93	-0.0043216363992542	0.377421271288767
1587	7.935	-0.0030319644138217	0.377421271288767
1588	7.94	-0.0030319644138217	0.377421271288767
1589	7.945	-0.0030319644138217	0.377421271288767
1590	7.95	-0.0030319644138217	0.377421271288767
1591	7.955	-0.0030319644138217	0.377421271288767
1592	7.96	-0.0043216363992542	0.377421271288767
1593	7.965	-0.0043216363992542	0.377421271288767
1594	7.97	-0.0043216363992542	0.377421271288767
1595	7.975	-0.0030319644138217	0.376131599303335
1596	7.98	-0.0043216363992542	0.377421271288767
1597	7.985	-0.0030319644138217	0.376131599303335
1598	7.99	-0.0043216363992542	0.376131599303335
1599	7.995	-0.0030319644138217	0.376131599303335
1600	8	-0.0043216363992542	0.376131599303335
1601	8.005	-0.0043216363992542	0.376131599303335
1602	8.01	-0.0043216363992542	0.376131599303335
1603	8.015	-0.0043216363992542	0.376131599303335
1604	8.02	-0.0043216363992542	0.376131599303335
1605	8.025	-0.0043216363992542	0.374841927317902
1606	8.03	-0.0043216363992542	0.374841927317902
1607	8.035	-0.0043216363992542	0.374841927317902
1608	8.04	-0.0043216363992542	0.374841927317902
1609	8.045	-0.0030319644138217	0.374841927317902
1610	8.05	-0.0043216363992542	0.37355225533247
1611	8.055	-0.0043216363992542	0.37355225533247
1612	8.06	-0.0043216363992542	0.37355225533247
1613	8.065	-0.0030319644138217	0.37355225533247
1614	8.07	-0.0043216363992542	0.37355225533247
1615	8.075	-0.0030319644138217	0.37355225533247
1616	8.08	-0.0043216363992542	0.37355225533247
1617	8.085	-0.0043216363992542	0.37355225533247
1618	8.09	-0.0043216363992542	0.372262583347037
1619	8.095	-0.0043216363992542	0.372262583347037
1620	8.1	-0.0043216363992542	0.372262583347037
1621	8.105	-0.0043216363992542	0.37355225533247
1622	8.11	-0.0043216363992542	0.37355225533247
1623	8.115	-0.0043216363992542	0.372262583347037
1624	8.12	-0.0030319644138217	0.372262583347037
1625	8.125	-0.0043216363992542	0.372262583347037
1626	8.13	-0.0043216363992542	0.37355225533247
1627	8.135	-0.0043216363992542	0.372262583347037
1628	8.14	-0.0043216363992542	0.372262583347037
1629	8.145	-0.0043216363992542	0.372262583347037
1630	8.15	-0.0043216363992542	0.372262583347037
1631	8.155	-0.0043216363992542	0.370972911361605
1632	8.16	-0.0043216363992542	0.370972911361605
1633	8.165	-0.0043216363992542	0.370972911361605
1634	8.17	-0.0043216363992542	0.370972911361605
1635	8.175	-0.0043216363992542	0.370972911361605
1636	8.18	-0.0043216363992542	0.370972911361605
1637	8.185	-0.0043216363992542	0.370972911361605
1638	8.19	-0.0043216363992542	0.369683239376172
1639	8.195	-0.0043216363992542	0.369683239376172
1640	8.2	-0.0043216363992542	0.370972911361605
1641	8.205	-0.0043216363992542	0.369683239376172
1642	8.21	-0.0043216363992542	0.369683239376172
1643	8.215	-0.0043216363992542	0.369683239376172
1644	8.22	-0.0043216363992542	0.36839356739074
1645	8.225	-0.0043216363992542	0.369683239376172
1646	8.23	-0.0043216363992542	0.36839356739074
1647	8.235	-0.0043216363992542	0.36839356739074
1648	8.24	-0.0043216363992542	0.36839356739074
1649	8.245	-0.0043216363992542	0.36839356739074
1650	8.25	-0.0043216363992542	0.36839356739074
1651	8.255	-0.0030319644138217	0.36839356739074
1652	8.26	-0.0030319644138217	0.36839356739074
1653	8.265	-0.0043216363992542	0.36839356739074
1654	8.27	-0.0043216363992542	0.36839356739074
1655	8.275	-0.0043216363992542	0.367103895405307
1656	8.28	-0.0043216363992542	0.36839356739074
1657	8.285	-0.0043216363992542	0.367103895405307
1658	8.29	-0.0043216363992542	0.367103895405307
1659	8.295	-0.0043216363992542	0.367103895405307
1660	8.3	-0.0030319644138217	0.367103895405307
1661	8.305	-0.0043216363992542	0.367103895405307
1662	8.31	-0.0043216363992542	0.365814223419875
1663	8.315	-0.0030319644138217	0.367103895405307
1664	8.32	-0.0043216363992542	0.365814223419875
1665	8.325	-0.0043216363992542	0.365814223419875
1666	8.33	-0.0043216363992542	0.365814223419875
1667	8.335	-0.0043216363992542	0.365814223419875
1668	8.34	-0.0043216363992542	0.365814223419875
1669	8.345	-0.0043216363992542	0.365814223419875
1670	8.35	-0.0043216363992542	0.365814223419875
1671	8.355	-0.0043216363992542	0.364524551434442
1672	8.36	-0.0043216363992542	0.364524551434442
1673	8.365	-0.0030319644138217	0.364524551434442
1674	8.37	-0.0030319644138217	0.364524551434442
1675	8.375	-0.0030319644138217	0.364524551434442
1676	8.38	-0.0043216363992542	0.364524551434442
1677	8.385	-0.0043216363992542	0.364524551434442
1678	8.39	-0.0043216363992542	0.36323487944901
1679	8.395	-0.0043216363992542	0.36323487944901
1680	8.4	-0.0043216363992542	0.364524551434442
1681	8.405	-0.0030319644138217	0.364524551434442
1682	8.41	-0.0030319644138217	0.364524551434442
1683	8.415	-0.0030319644138217	0.36323487944901
1684	8.42	-0.0043216363992542	0.36323487944901
1685	8.425	-0.0043216363992542	0.36323487944901
1686	8.43	-0.0043216363992542	0.36323487944901
1687	8.435	-0.0030319644138217	0.36323487944901
1688	8.44	-0.0043216363992542	0.361945207463577
1689	8.445	-0.0043216363992542	0.361945207463577
1690	8.45	-0.0043216363992542	0.361945207463577
1691	8.455	-0.0043216363992542	0.361945207463577
1692	8.46	-0.0030319644138217	0.361945207463577
1693	8.465	-0.0030319644138217	0.361945207463577
1694	8.47	-0.0030319644138217	0.361945207463577
1695	8.475	-0.0043216363992542	0.360655535478145
1696	8.48	-0.0043216363992542	0.361945207463577
1697	8.485	-0.0030319644138217	0.361945207463577
1698	8.49	-0.0043216363992542	0.360655535478145
1699	8.495	-0.0043216363992542	0.360655535478145
1700	8.5	-0.0030319644138217	0.360655535478145
1701	8.505	-0.0043216363992542	0.360655535478145
1702	8.51	-0.0043216363992542	0.359365863492712
1703	8.515	-0.0043216363992542	0.360655535478145
1704	8.52	-0.0043216363992542	0.360655535478145
1705	8.525	-0.0043216363992542	0.360655535478145
1706	8.53	-0.0043216363992542	0.359365863492712
1707	8.535	-0.0043216363992542	0.359365863492712
1708	8.54	-0.0030319644138217	0.359365863492712
1709	8.545	-0.0030319644138217	0.359365863492712
1710	8.55	-0.0043216363992542	0.359365863492712
1711	8.555	-0.0043216363992542	0.359365863492712
1712	8.56	-0.0030319644138217	0.359365863492712
1713	8.565	-0.0030319644138217	0.359365863492712
1714	8.57	-0.0030319644138217	0.35807619150728
1715	8.575	-0.0043216363992542	0.35807619150728
1716	8.58	-0.0043216363992542	0.359365863492712
1717	8.585	-0.0043216363992542	0.35807619150728
1718	8.59	-0.0043216363992542	0.359365863492712
1719	8.595	-0.0030319644138217	0.35807619150728
1720	8.6	-0.0043216363992542	0.35807619150728
1721	8.605	-0.0030319644138217	0.35807619150728
1722	8.61	-0.0030319644138217	0.35807619150728
1723	8.615	-0.0030319644138217	0.35807619150728
1724	8.62	-0.0030319644138217	0.356786519521847
1725	8.625	-0.0030319644138217	0.35807619150728
1726	8.63	-0.0043216363992542	0.356786519521847
1727	8.635	-0.0030319644138217	0.356786519521847
1728	8.64	-0.0043216363992542	0.356786519521847
1729	8.645	-0.0043216363992542	0.356786519521847
1730	8.65	-0.0043216363992542	0.356786519521847
1731	8.655	-0.0030319644138217	0.356786519521847
1732	8.66	-0.0030319644138217	0.355496847536415
1733	8.665	-0.0030319644138217	0.356786519521847
1734	8.67	-0.0043216363992542	0.355496847536415
1735	8.675	-0.0043216363992542	0.355496847536415
1736	8.68	-0.0030319644138217	0.355496847536415
1737	8.685	-0.0043216363992542	0.355496847536415
1738	8.69	-0.0043216363992542	0.355496847536415
1739	8.695	-0.0030319644138217	0.355496847536415
1740	8.7	-0.0043216363992542	0.355496847536415
1741	8.705	-0.0043216363992542	0.354207175550982
1742	8.71	-0.0030319644138217	0.355496847536415
1743	8.715	-0.0030319644138217	0.355496847536415
1744	8.72	-0.0030319644138217	0.355496847536415
1745	8.725	-0.0043216363992542	0.354207175550982
1746	8.73	-0.0043216363992542	0.354207175550982
1747	8.735	-0.0030319644138217	0.354207175550982
1748	8.74	-0.0030319644138217	0.354207175550982
1749	8.745	-0.0030319644138217	0.354207175550982
1750	8.75	-0.0043216363992542	0.354207175550982
1751	8.755	-0.0043216363992542	0.354207175550982
1752	8.76	-0.0030319644138217	0.35291750356555
1753	8.765	-0.0043216363992542	0.354207175550982
1754	8.77	-0.0030319644138217	0.35291750356555
1755	8.775	-0.0043216363992542	0.354207175550982
1756	8.78	-0.0043216363992542	0.35291750356555
1757	8.785	-0.0030319644138217	0.35291750356555
1758	8.79	-0.0030319644138217	0.35291750356555
1759	8.795	-0.0030319644138217	0.35291750356555
1760	8.8	-0.0043216363992542	0.35291750356555
1761	8.805	-0.0030319644138217	0.35291750356555
1762	8.81	-0.0030319644138217	0.35291750356555
1763	8.815	-0.0030319644138217	0.35291750356555
1764	8.82	-0.0043216363992542	0.35291750356555
1765	8.825	-0.0043216363992542	0.351627831580117
1766	8.83	-0.0030319644138217	0.35291750356555
1767	8.835	-0.0030319644138217	0.35291750356555
1768	8.84	-0.0043216363992542	0.351627831580117
1769	8.845	-0.0043216363992542	0.351627831580117
1770	8.85	-0.0030319644138217	0.351627831580117
1771	8.855	-0.0043216363992542	0.351627831580117
1772	8.86	-0.0030319644138217	0.351627831580117
1773	8.865	-0.0030319644138217	0.351627831580117
1774	8.87	-0.0043216363992542	0.351627831580117
1775	8.875	-0.0030319644138217	0.350338159594685
1776	8.88	-0.0043216363992542	0.350338159594685
1777	8.885	-0.0030319644138217	0.350338159594685
1778	8.89	-0.0043216363992542	0.350338159594685
1779	8.895	-0.0043216363992542	0.350338159594685
1780	8.9	-0.0043216363992542	0.350338159594685
1781	8.905	-0.0043216363992542	0.350338159594685
1782	8.91	-0.0043216363992542	0.350338159594685
1783	8.915	-0.0043216363992542	0.350338159594685
1784	8.92	-0.0043216363992542	0.350338159594685
1785	8.925	-0.0043216363992542	0.350338159594685
1786	8.93	-0.0043216363992542	0.350338159594685
1787	8.935	-0.0030319644138217	0.350338159594685
1788	8.94	-0.0030319644138217	0.349048487609252
1789	8.945	-0.0030319644138217	0.350338159594685
1790	8.95	-0.0030319644138217	0.350338159594685
1791	8.955	-0.0030319644138217	0.349048487609252
1792	8.96	-0.0030319644138217	0.349048487609252
1793	8.965	-0.0030319644138217	0.349048487609252
1794	8.97	-0.0030319644138217	0.349048487609252
1795	8.975	-0.0030319644138217	0.349048487609252
1796	8.98	-0.0043216363992542	0.349048487609252
1797	8.985	-0.0043216363992542	0.349048487609252
1798	8.99	-0.0030319644138217	0.349048487609252
1799	8.995	-0.0030319644138217	0.349048487609252
1800	9	-0.0030319644138217	0.34775881562382
1801	9.005	-0.0043216363992542	0.34775881562382
1802	9.01	-0.0030319644138217	0.34775881562382
1803	9.015	-0.0030319644138217	0.34775881562382
1804	9.02	-0.0043216363992542	0.34775881562382
1805	9.025	-0.0030319644138217	0.34775881562382
1806	9.03	-0.0030319644138217	0.34775881562382
1807	9.035	-0.0043216363992542	0.34775881562382
1808	9.04	-0.0030319644138217	0.34775881562382
1809	9.045	-0.0043216363992542	0.34775881562382
1810	9.05	-0.0030319644138217	0.34775881562382
1811	9.055	-0.0043216363992542	0.34775881562382
1812	9.06	-0.0030319644138217	0.346469143638387
1813	9.065	-0.0043216363992542	0.346469143638387
1814	9.07	-0.0030319644138217	0.346469143638387
1815	9.075	-0.0030319644138217	0.34775881562382
1816	9.08	-0.0043216363992542	0.346469143638387
1817	9.085	-0.0043216363992542	0.346469143638387
1818	9.09	-0.0030319644138217	0.346469143638387
1819	9.095	-0.0030319644138217	0.346469143638387
1820	9.1	-0.0043216363992542	0.346469143638387
1821	9.105	-0.0043216363992542	0.346469143638387
1822	9.11	-0.0043216363992542	0.345179471652955
1823	9.115	-0.0030319644138217	0.345179471652955
1824	9.12	-0.0030319644138217	0.345179471652955
1825	9.125	-0.0043216363992542	0.345179471652955
1826	9.13	-0.0030319644138217	0.345179471652955
1827	9.135	-0.0030319644138217	0.345179471652955
1828	9.14	-0.0043216363992542	0.346469143638387
1829	9.145	-0.0030319644138217	0.345179471652955
1830	9.15	-0.0043216363992542	0.345179471652955
1831	9.155	-0.0043216363992542	0.345179471652955
1832	9.16	-0.0030319644138217	0.343889799667522
1833	9.165	-0.0030319644138217	0.345179471652955
1834	9.17	-0.0030319644138217	0.345179471652955
1835	9.175	-0.0030319644138217	0.345179471652955
1836	9.18	-0.0030319644138217	0.343889799667522
1837	9.185	-0.0043216363992542	0.343889799667522
1838	9.19	-0.0043216363992542	0.343889799667522
1839	9.195	-0.0030319644138217	0.343889799667522
1840	9.2	-0.0030319644138217	0.343889799667522
1841	9.205	-0.0043216363992542	0.343889799667522
1842	9.21	-0.0030319644138217	0.343889799667522
1843	9.215	-0.0030319644138217	0.34260012768209
1844	9.22	-0.0043216363992542	0.343889799667522
1845	9.225	-0.0043216363992542	0.343889799667522
1846	9.23	-0.0043216363992542	0.343889799667522
1847	9.235	-0.0030319644138217	0.34260012768209
1848	9.24	-0.0030319644138217	0.343889799667522
1849	9.245	-0.0043216363992542	0.34260012768209
1850	9.25	-0.0043216363992542	0.343889799667522
1851	9.255	-0.0030319644138217	0.34260012768209
1852	9.26	-0.0043216363992542	0.34260012768209
1853	9.265	-0.0043216363992542	0.34260012768209
1854	9.27	-0.0030319644138217	0.341310455696657
1855	9.275	-0.0043216363992542	0.341310455696657
1856	9.28	-0.0030319644138217	0.34260012768209
1857	9.285	-0.0043216363992542	0.341310455696657
1858	9.29	-0.0043216363992542	0.34260012768209
1859	9.295	-0.0043216363992542	0.34260012768209
1860	9.3	-0.0030319644138217	0.341310455696657
1861	9.305	-0.0030319644138217	0.341310455696657
1862	9.31	-0.0043216363992542	0.341310455696657
1863	9.315	-0.0030319644138217	0.341310455696657
1864	9.32	-0.0030319644138217	0.341310455696657
1865	9.325	-0.0030319644138217	0.341310455696657
1866	9.33	-0.0030319644138217	0.341310455696657
1867	9.335	-0.0030319644138217	0.340020783711225
1868	9.34	-0.0043216363992542	0.341310455696657
1869	9.345	-0.0030319644138217	0.340020783711225
1870	9.35	-0.0043216363992542	0.340020783711225
1871	9.355	-0.0030319644138217	0.340020783711225
1872	9.36	-0.0043216363992542	0.340020783711225
1873	9.365	-0.0043216363992542	0.340020783711225
1874	9.37	-0.0030319644138217	0.340020783711225
1875	9.375	-0.0030319644138217	0.340020783711225
1876	9.38	-0.0030319644138217	0.340020783711225
1877	9.385	-0.0030319644138217	0.340020783711225
1878	9.39	-0.0030319644138217	0.340020783711225
1879	9.395	-0.0030319644138217	0.338731111725792
1880	9.4	-0.0043216363992542	0.340020783711225
1881	9.405	-0.0043216363992542	0.338731111725792
1882	9.41	-0.0030319644138217	0.338731111725792
1883	9.415	-0.0030319644138217	0.338731111725792
1884	9.42	-0.0043216363992542	0.338731111725792
1885	9.425	-0.0030319644138217	0.338731111725792
1886	9.43	-0.0043216363992542	0.338731111725792
1887	9.435	-0.0030319644138217	0.338731111725792
1888	9.44	-0.0043216363992542	0.338731111725792
1889	9.445	-0.0043216363992542	0.338731111725792
1890	9.45	-0.0030319644138217	0.33744143974036
1891	9.455	-0.0043216363992542	0.33744143974036
1892	9.46	-0.0043216363992542	0.338731111725792
1893	9.465	-0.0043216363992542	0.33744143974036
1894	9.47	-0.0030319644138217	0.33744143974036
1895	9.475	-0.0030319644138217	0.33744143974036
1896	9.48	-0.0043216363992542	0.33744143974036
1897	9.485	-0.0030319644138217	0.33744143974036
1898	9.49	-0.0030319644138217	0.336151767754927
1899	9.495	-0.0030319644138217	0.33744143974036
1900	9.5	-0.0043216363992542	0.336151767754927
1901	9.505	-0.0043216363992542	0.33744143974036
1902	9.51	-0.0030319644138217	0.336151767754927
1903	9.515	-0.0043216363992542	0.336151767754927
1904	9.52	-0.0043216363992542	0.336151767754927
1905	9.525	-0.0043216363992542	0.336151767754927
1906	9.53	-0.0043216363992542	0.336151767754927
1907	9.535	-0.0043216363992542	0.336151767754927
1908	9.54	-0.0030319644138217	0.334862095769495
1909	9.545	-0.0043216363992542	0.336151767754927
1910	9.55	-0.0030319644138217	0.334862095769495
1911	9.555	-0.0030319644138217	0.334862095769495
1912	9.56	-0.0043216363992542	0.334862095769495
1913	9.565	-0.0043216363992542	0.336151767754927
1914	9.57	-0.0043216363992542	0.334862095769495
1915	9.575	-0.0043216363992542	0.334862095769495
1916	9.58	-0.0043216363992542	0.334862095769495
1917	9.585	-0.0043216363992542	0.334862095769495
1918	9.59	-0.0030319644138217	0.333572423784062
1919	9.595	-0.0043216363992542	0.334862095769495
1920	9.6	-0.0043216363992542	0.334862095769495
1921	9.605	-0.0030319644138217	0.334862095769495
1922	9.61	-0.0043216363992542	0.333572423784062
1923	9.615	-0.0043216363992542	0.333572423784062
1924	9.62	-0.0030319644138217	0.333572423784062
1925	9.625	-0.0043216363992542	0.333572423784062
1926	9.63	-0.0043216363992542	0.333572423784062
1927	9.635	-0.0043216363992542	0.333572423784062
1928	9.64	-0.0043216363992542	0.333572423784062
1929	9.645	-0.0043216363992542	0.33228275179863
1930	9.65	-0.0043216363992542	0.333572423784062
1931	9.655	-0.0043216363992542	0.333572423784062
1932	9.66	-0.0043216363992542	0.333572423784062
1933	9.665	-0.0043216363992542	0.33228275179863
1934	9.67	-0.0030319644138217	0.33228275179863
1935	9.675	-0.0043216363992542	0.33228275179863
1936	9.68	-0.0030319644138217	0.33228275179863
1937	9.685	-0.0043216363992542	0.33228275179863
1938	9.69	-0.0043216363992542	0.33228275179863
1939	9.695	-0.0043216363992542	0.33228275179863
1940	9.7	-0.0043216363992542	0.33228275179863
1941	9.705	-0.0043216363992542	0.330993079813197
1942	9.71	-0.0043216363992542	0.33228275179863
1943	9.715	-0.0043216363992542	0.330993079813197
1944	9.72	-0.0043216363992542	0.330993079813197
1945	9.725	-0.0043216363992542	0.330993079813197
1946	9.73	-0.0030319644138217	0.330993079813197
1947	9.735	-0.0030319644138217	0.330993079813197
1948	9.74	-0.0043216363992542	0.330993079813197
1949	9.745	-0.0043216363992542	0.330993079813197
1950	9.75	-0.0043216363992542	0.330993079813197
1951	9.755	-0.0043216363992542	0.329703407827765
1952	9.76	-0.0043216363992542	0.330993079813197
1953	9.765	-0.0043216363992542	0.330993079813197
1954	9.77	-0.0043216363992542	0.329703407827765
1955	9.775	-0.0043216363992542	0.329703407827765
1956	9.78	-0.0030319644138217	0.329703407827765
1957	9.785	-0.0043216363992542	0.329703407827765
1958	9.79	-0.0043216363992542	0.329703407827765
1959	9.795	-0.0043216363992542	0.329703407827765
1960	9.8	-0.0043216363992542	0.329703407827765
1961	9.805	-0.0043216363992542	0.329703407827765
1962	9.81	-0.0030319644138217	0.329703407827765
1963	9.815	-0.0043216363992542	0.329703407827765
1964	9.82	-0.0043216363992542	0.328413735842332
1965	9.825	-0.0043216363992542	0.328413735842332
1966	9.83	-0.0043216363992542	0.328413735842332
1967	9.835	-0.0043216363992542	0.328413735842332
1968	9.84	-0.0043216363992542	0.328413735842332
1969	9.845	-0.0030319644138217	0.328413735842332
1970	9.85	-0.0043216363992542	0.328413735842332
1971	9.855	-0.0030319644138217	0.328413735842332
1972	9.86	-0.0043216363992542	0.328413735842332
1973	9.865	-0.0043216363992542	0.328413735842332
1974	9.87	-0.0043216363992542	0.3271240638569
1975	9.875	-0.0043216363992542	0.3271240638569
1976	9.88	-0.0043216363992542	0.3271240638569
1977	9.885	-0.0043216363992542	0.328413735842332
1978	9.89	-0.0043216363992542	0.3271240638569
1979	9.895	-0.0043216363992542	0.3271240638569
1980	9.9	-0.0043216363992542	0.3271240638569
1981	9.905	-0.0030319644138217	0.3271240638569
1982	9.91	-0.0043216363992542	0.3271240638569
1983	9.915	-0.0043216363992542	0.3271240638569
1984	9.92	-0.0043216363992542	0.325834391871467
1985	9.925	-0.0043216363992542	0.325834391871467
1986	9.93	-0.0043216363992542	0.325834391871467
1987	9.935	-0.0043216363992542	0.325834391871467
1988	9.94	-0.0043216363992542	0.325834391871467
1989	9.945	-0.0043216363992542	0.325834391871467
1990	9.95	-0.0043216363992542	0.325834391871467
1991	9.955	-0.0043216363992542	0.325834391871467
1992	9.96	-0.0043216363992542	0.325834391871467
1993	9.965	-0.0043216363992542	0.324544719886035
1994	9.97	-0.0043216363992542	0.324544719886035
1995	9.975	-0.0043216363992542	0.324544719886035
1996	9.98	-0.0043216363992542	0.324544719886035
1997	9.985	-0.0043216363992542	0.324544719886035
1998	9.99	-0.0030319644138217	0.324544719886035
1999	9.995	-0.0043216363992542	0.324544719886035
2000	10	-0.0043216363992542	0.323255047900602
2001	10.005	-0.0043216363992542	0.324544719886035
2002	10.01	-0.0043216363992542	0.324544719886035
2003	10.015	-0.0043216363992542	0.323255047900602
2004	10.02	-0.0030319644138217	0.323255047900602
2005	10.025	-0.0043216363992542	0.323255047900602
2006	10.03	-0.0043216363992542	0.323255047900602
2007	10.035	-0.0043216363992542	0.323255047900602
2008	10.04	-0.0043216363992542	0.323255047900602
2009	10.045	-0.0043216363992542	0.323255047900602
2010	10.05	-0.0043216363992542	0.323255047900602
2011	10.055	-0.0043216363992542	0.323255047900602
2012	10.06	-0.0043216363992542	0.32196537591517
2013	10.065	-0.0043216363992542	0.32196537591517
2014	10.07	-0.0043216363992542	0.32196537591517
2015	10.075	-0.0030319644138217	0.32196537591517
2016	10.08	-0.0043216363992542	0.323255047900602
2017	10.085	-0.0043216363992542	0.32196537591517
2018	10.09	-0.0043216363992542	0.32196537591517
2019	10.095	-0.0043216363992542	0.32196537591517
2020	10.1	-0.0043216363992542	0.32196537591517
2021	10.105	-0.0043216363992542	0.32196537591517
2022	10.11	-0.0043216363992542	0.32196537591517
2023	10.115	-0.0043216363992542	0.32196537591517
2024	10.12	-0.0043216363992542	0.32196537591517
2025	10.125	-0.0043216363992542	0.320675703929737
2026	10.13	-0.0043216363992542	0.320675703929737
2027	10.135	-0.0043216363992542	0.320675703929737
2028	10.14	-0.00561130838468671	0.320675703929737
2029	10.145	-0.0043216363992542	0.320675703929737
2030	10.15	-0.0043216363992542	0.320675703929737
2031	10.155	-0.0043216363992542	0.320675703929737
2032	10.16	-0.0043216363992542	0.320675703929737
2033	10.165	-0.0043216363992542	0.320675703929737
2034	10.17	-0.0043216363992542	0.320675703929737
2035	10.175	-0.0043216363992542	0.320675703929737
2036	10.18	-0.0043216363992542	0.320675703929737
2037	10.185	-0.0043216363992542	0.319386031944305
2038	10.19	-0.0043216363992542	0.319386031944305
2039	10.195	-0.0043216363992542	0.320675703929737
2040	10.2	-0.0043216363992542	0.319386031944305
2041	10.205	-0.0043216363992542	0.319386031944305
2042	10.21	-0.0043216363992542	0.319386031944305
2043	10.215	-0.0043216363992542	0.320675703929737
2044	10.22	-0.0043216363992542	0.319386031944305
2045	10.225	-0.0043216363992542	0.319386031944305
2046	10.23	-0.0043216363992542	0.319386031944305
2047	10.235	-0.0043216363992542	0.318096359958872
2048	10.24	-0.0043216363992542	0.319386031944305
2049	10.245	-0.0043216363992542	0.319386031944305
2050	10.25	-0.0043216363992542	0.319386031944305
2051	10.255	-0.0043216363992542	0.318096359958872
2052	10.26	-0.0043216363992542	0.318096359958872
2053	10.265	-0.0043216363992542	0.318096359958872
2054	10.27	-0.0043216363992542	0.318096359958872
2055	10.275	-0.0043216363992542	0.318096359958872
2056	10.28	-0.0043216363992542	0.318096359958872
2057	10.285	-0.0043216363992542	0.31680668797344
2058	10.29	-0.0043216363992542	0.318096359958872
2059	10.295	-0.0043216363992542	0.31680668797344
2060	10.3	-0.0043216363992542	0.318096359958872
2061	10.305	-0.0043216363992542	0.31680668797344
2062	10.31	-0.0043216363992542	0.31680668797344
2063	10.315	-0.0043216363992542	0.31680668797344
2064	10.32	-0.00561130838468671	0.31680668797344
2065	10.325	-0.00561130838468671	0.31680668797344
2066	10.33	-0.0043216363992542	0.31680668797344
2067	10.335	-0.0043216363992542	0.31680668797344
2068	10.34	-0.00561130838468671	0.31680668797344
2069	10.345	-0.0043216363992542	0.315517015988007
2070	10.35	-0.00561130838468671	0.31680668797344
2071	10.355	-0.0043216363992542	0.31680668797344
2072	10.36	-0.00561130838468671	0.315517015988007
2073	10.365	-0.0043216363992542	0.315517015988007
2074	10.37	-0.0043216363992542	0.315517015988007
2075	10.375	-0.0043216363992542	0.315517015988007
2076	10.38	-0.00561130838468671	0.315517015988007
2077	10.385	-0.00561130838468671	0.315517015988007
2078	10.39	-0.0043216363992542	0.315517015988007
2079	10.395	-0.0043216363992542	0.314227344002575
2080	10.4	-0.0043216363992542	0.314227344002575
2081	10.405	-0.0043216363992542	0.315517015988007
2082	10.41	-0.0043216363992542	0.315517015988007
2083	10.415	-0.0043216363992542	0.315517015988007
2084	10.42	-0.0043216363992542	0.315517015988007
2085	10.425	-0.0043216363992542	0.314227344002575
2086	10.43	-0.0043216363992542	0.314227344002575
2087	10.435	-0.0043216363992542	0.314227344002575
2088	10.44	-0.0043216363992542	0.314227344002575
2089	10.445	-0.0043216363992542	0.314227344002575
2090	10.45	-0.0043216363992542	0.312937672017142
2091	10.455	-0.0043216363992542	0.314227344002575
2092	10.46	-0.0043216363992542	0.312937672017142
2093	10.465	-0.0043216363992542	0.312937672017142
2094	10.47	-0.0043216363992542	0.312937672017142
2095	10.475	-0.0043216363992542	0.312937672017142
2096	10.48	-0.00561130838468671	0.312937672017142
2097	10.485	-0.0043216363992542	0.312937672017142
2098	10.49	-0.0043216363992542	0.312937672017142
2099	10.495	-0.0043216363992542	0.312937672017142
2100	10.5	-0.0043216363992542	0.312937672017142
2101	10.505	-0.0043216363992542	0.312937672017142
2102	10.51	-0.0043216363992542	0.31164800003171
2103	10.515	-0.0043216363992542	0.31164800003171
2104	10.52	-0.0043216363992542	0.31164800003171
2105	10.525	-0.0043216363992542	0.31164800003171
2106	10.53	-0.0043216363992542	0.31164800003171
2107	10.535	-0.0043216363992542	0.31164800003171
2108	10.54	-0.0043216363992542	0.31164800003171
2109	10.545	-0.0043216363992542	0.31164800003171
2110	10.55	-0.0043216363992542	0.31164800003171
2111	10.555	-0.0043216363992542	0.31164800003171
2112	10.56	-0.0043216363992542	0.31164800003171
2113	10.565	-0.0043216363992542	0.310358328046277
2114	10.57	-0.0043216363992542	0.310358328046277
2115	10.575	-0.0043216363992542	0.310358328046277
2116	10.58	-0.0043216363992542	0.310358328046277
2117	10.585	-0.0043216363992542	0.310358328046277
2118	10.59	-0.0043216363992542	0.310358328046277
2119	10.595	-0.0043216363992542	0.309068656060845
2120	10.6	-0.0043216363992542	0.309068656060845
2121	10.605	-0.0043216363992542	0.309068656060845
2122	10.61	-0.0043216363992542	0.309068656060845
2123	10.615	-0.0030319644138217	0.309068656060845
2124	10.62	-0.0043216363992542	0.309068656060845
2125	10.625	-0.0030319644138217	0.309068656060845
2126	10.63	-0.0030319644138217	0.309068656060845
2127	10.635	-0.0030319644138217	0.309068656060845
2128	10.64	-0.0030319644138217	0.307778984075412
2129	10.645	-0.0030319644138217	0.309068656060845
2130	10.65	-0.0030319644138217	0.309068656060845
2131	10.655	-0.0043216363992542	0.307778984075412
2132	10.66	-0.0030319644138217	0.309068656060845
2133	10.665	-0.0030319644138217	0.307778984075412
2134	10.67	-0.0030319644138217	0.307778984075412
2135	10.675	-0.0043216363992542	0.307778984075412
2136	10.68	-0.0030319644138217	0.307778984075412
2137	10.685	-0.0030319644138217	0.307778984075412
2138	10.69	-0.0030319644138217	0.307778984075412
2139	10.695	-0.0043216363992542	0.30648931208998
2140	10.7	-0.0043216363992542	0.30648931208998
2141	10.705	-0.0043216363992542	0.30648931208998
2142	10.71	-0.0030319644138217	0.30648931208998
2143	10.715	-0.0043216363992542	0.30648931208998
2144	10.72	-0.0030319644138217	0.30648931208998
2145	10.725	-0.0043216363992542	0.30648931208998
2146	10.73	-0.0043216363992542	0.30648931208998
2147	10.735	-0.0030319644138217	0.30648931208998
2148	10.74	-0.0043216363992542	0.30648931208998
2149	10.745	-0.0043216363992542	0.30648931208998
2150	10.75	-0.0030319644138217	0.305199640104547
2151	10.755	-0.0030319644138217	0.305199640104547
2152	10.76	-0.0030319644138217	0.305199640104547
2153	10.765	-0.0043216363992542	0.305199640104547
2154	10.77	-0.0043216363992542	0.305199640104547
2155	10.775	-0.0043216363992542	0.305199640104547
2156	10.78	-0.0043216363992542	0.305199640104547
2157	10.785	-0.0043216363992542	0.303909968119115
2158	10.79	-0.0030319644138217	0.305199640104547
2159	10.795	-0.0030319644138217	0.303909968119115
2160	10.8	-0.0043216363992542	0.303909968119115
2161	10.805	-0.0030319644138217	0.303909968119115
2162	10.81	-0.0043216363992542	0.303909968119115
2163	10.815	-0.0043216363992542	0.303909968119115
2164	10.82	-0.0030319644138217	0.303909968119115
2165	10.825	-0.0043216363992542	0.303909968119115
2166	10.83	-0.0030319644138217	0.303909968119115
2167	10.835	-0.0030319644138217	0.303909968119115
2168	10.84	-0.0043216363992542	0.302620296133682
2169	10.845	-0.0030319644138217	0.302620296133682
2170	10.85	-0.0043216363992542	0.302620296133682
2171	10.855	-0.0030319644138217	0.302620296133682
2172	10.86	-0.0043216363992542	0.302620296133682
2173	10.865	-0.0043216363992542	0.302620296133682
2174	10.87	-0.0043216363992542	0.302620296133682
2175	10.875	-0.0043216363992542	0.302620296133682
2176	10.88	-0.0030319644138217	0.302620296133682
2177	10.885	-0.0030319644138217	0.30133062414825
2178	10.89	-0.0043216363992542	0.30133062414825
2179	10.895	-0.0043216363992542	0.30133062414825
2180	10.9	-0.0030319644138217	0.30133062414825
2181	10.905	-0.0043216363992542	0.30133062414825
2182	10.91	-0.0030319644138217	0.300040952162817
2183	10.915	-0.0043216363992542	0.300040952162817
2184	10.92	-0.0043216363992542	0.300040952162817
2185	10.925	-0.0043216363992542	0.300040952162817
2186	10.93	-0.0043216363992542	0.300040952162817
2187	10.935	-0.0030319644138217	0.300040952162817
2188	10.94	-0.0043216363992542	0.300040952162817
2189	10.945	-0.0043216363992542	0.300040952162817
2190	10.95	-0.0030319644138217	0.300040952162817
2191	10.955	-0.0030319644138217	0.300040952162817
2192	10.96	-0.0043216363992542	0.298751280177385
2193	10.965	-0.0043216363992542	0.298751280177385
2194	10.97	-0.0043216363992542	0.298751280177385
2195	10.975	-0.0043216363992542	0.298751280177385
2196	10.98	-0.0030319644138217	0.298751280177385
2197	10.985	-0.0043216363992542	0.298751280177385
2198	10.99	-0.0043216363992542	0.297461608191952
2199	10.995	-0.0043216363992542	0.298751280177385
2200	11	-0.0043216363992542	0.298751280177385
2201	11.005	-0.0043216363992542	0.297461608191952
2202	11.01	-0.0043216363992542	0.297461608191952
2203	11.015	-0.0030319644138217	0.297461608191952
2204	11.02	-0.0030319644138217	0.297461608191952
2205	11.025	-0.0043216363992542	0.297461608191952
2206	11.03	-0.0030319644138217	0.297461608191952
2207	11.035	-0.0043216363992542	0.297461608191952
2208	11.04	-0.0043216363992542	0.29617193620652
2209	11.045	-0.0043216363992542	0.29617193620652
2210	11.05	-0.0043216363992542	0.29617193620652
2211	11.055	-0.0043216363992542	0.29617193620652
2212	11.06	-0.0030319644138217	0.29617193620652
2213	11.065	-0.0043216363992542	0.29617193620652
2214	11.07	-0.0043216363992542	0.294882264221087
2215	11.075	-0.0030319644138217	0.294882264221087
2216	11.08	-0.0043216363992542	0.294882264221087
2217	11.085	-0.0030319644138217	0.294882264221087
2218	11.09	-0.0043216363992542	0.294882264221087
2219	11.095	-0.0030319644138217	0.294882264221087
2220	11.1	-0.0043216363992542	0.294882264221087
2221	11.105	-0.0043216363992542	0.293592592235655
2222	11.11	-0.0030319644138217	0.294882264221087
2223	11.115	-0.0030319644138217	0.294882264221087
2224	11.12	-0.0043216363992542	0.293592592235655
2225	11.125	-0.0030319644138217	0.293592592235655
2226	11.13	-0.0030319644138217	0.294882264221087
2227	11.135	-0.0043216363992542	0.293592592235655
2228	11.14	-0.0043216363992542	0.294882264221087
2229	11.145	-0.0043216363992542	0.293592592235655
2230	11.15	-0.0030319644138217	0.293592592235655
2231	11.155	-0.0030319644138217	0.293592592235655
2232	11.16	-0.0030319644138217	0.293592592235655
2233	11.165	-0.0043216363992542	0.293592592235655
2234	11.17	-0.0030319644138217	0.293592592235655
2235	11.175	-0.0030319644138217	0.293592592235655
2236	11.18	-0.0030319644138217	0.292302920250222
2237	11.185	-0.0043216363992542	0.293592592235655
2238	11.19	-0.0030319644138217	0.292302920250222
2239	11.195	-0.0030319644138217	0.292302920250222
2240	11.2	-0.0043216363992542	0.292302920250222
2241	11.205	-0.0030319644138217	0.292302920250222
2242	11.21	-0.0030319644138217	0.292302920250222
2243	11.215	-0.0043216363992542	0.292302920250222
2244	11.22	-0.0043216363992542	0.29101324826479
2245	11.225	-0.0043216363992542	0.292302920250222
2246	11.23	-0.0030319644138217	0.292302920250222
2247	11.235	-0.0030319644138217	0.29101324826479
2248	11.24	-0.0030319644138217	0.29101324826479
2249	11.245	-0.0043216363992542	0.29101324826479
2250	11.25	-0.0043216363992542	0.29101324826479
2251	11.255	-0.0043216363992542	0.29101324826479
2252	11.26	-0.0043216363992542	0.29101324826479
2253	11.265	-0.0043216363992542	0.289723576279357
2254	11.27	-0.0043216363992542	0.289723576279357
2255	11.275	-0.0030319644138217	0.29101324826479
2256	11.28	-0.0043216363992542	0.289723576279357
2257	11.285	-0.0043216363992542	0.289723576279357
2258	11.29	-0.0043216363992542	0.289723576279357
2259	11.295	-0.0043216363992542	0.289723576279357
2260	11.3	-0.0043216363992542	0.289723576279357
2261	11.305	-0.0043216363992542	0.289723576279357
2262	11.31	-0.0030319644138217	0.289723576279357
2263	11.315	-0.0030319644138217	0.288433904293925
2264	11.32	-0.0043216363992542	0.288433904293925
2265	11.325	-0.0043216363992542	0.289723576279357
2266	11.33	-0.0030319644138217	0.289723576279357
2267	11.335	-0.0043216363992542	0.288433904293925
2268	11.34	-0.0030319644138217	0.288433904293925
2269	11.345	-0.0030319644138217	0.288433904293925
2270	11.35	-0.0043216363992542	0.288433904293925
2271	11.355	-0.0030319644138217	0.288433904293925
2272	11.36	-0.0043216363992542	0.288433904293925
2273	11.365	-0.0030319644138217	0.287144232308492
2274	11.37	-0.0043216363992542	0.287144232308492
2275	11.375	-0.0043216363992542	0.287144232308492
2276	11.38	-0.0043216363992542	0.288433904293925
2277	11.385	-0.0043216363992542	0.287144232308492
2278	11.39	-0.0030319644138217	0.287144232308492
2279	11.395	-0.0030319644138217	0.287144232308492
2280	11.4	-0.0030319644138217	0.287144232308492
2281	11.405	-0.0043216363992542	0.287144232308492
2282	11.41	-0.0043216363992542	0.287144232308492
2283	11.415	-0.0030319644138217	0.287144232308492
2284	11.42	-0.0043216363992542	0.28585456032306
2285	11.425	-0.0043216363992542	0.287144232308492
2286	11.43	-0.0043216363992542	0.28585456032306
2287	11.435	-0.0030319644138217	0.28585456032306
2288	11.44	-0.0043216363992542	0.28585456032306
2289	11.445	-0.0043216363992542	0.28585456032306
2290	11.45	-0.0043216363992542	0.28585456032306
2291	11.455	-0.0030319644138217	0.28585456032306
2292	11.46	-0.0043216363992542	0.28585456032306
2293	11.465	-0.0043216363992542	0.284564888337627
2294	11.47	-0.0030319644138217	0.28585456032306
2295	11.475	-0.0030319644138217	0.28585456032306
2296	11.48	-0.0043216363992542	0.284564888337627
2297	11.485	-0.0043216363992542	0.284564888337627
2298	11.49	-0.0043216363992542	0.28585456032306
2299	11.495	-0.0030319644138217	0.284564888337627
2300	11.5	-0.0043216363992542	0.284564888337627
2301	11.505	-0.0030319644138217	0.284564888337627
2302	11.51	-0.0030319644138217	0.284564888337627
2303	11.515	-0.0030319644138217	0.284564888337627
2304	11.52	-0.0043216363992542	0.284564888337627
2305	11.525	-0.0043216363992542	0.284564888337627
2306	11.53	-0.0043216363992542	0.283275216352195
2307	11.535	-0.0043216363992542	0.284564888337627
2308	11.54	-0.0030319644138217	0.283275216352195
2309	11.545	-0.0043216363992542	0.283275216352195
2310	11.55	-0.0043216363992542	0.283275216352195
2311	11.555	-0.0030319644138217	0.283275216352195
2312	11.56	-0.0030319644138217	0.283275216352195
2313	11.565	-0.0030319644138217	0.283275216352195
2314	11.57	-0.0030319644138217	0.283275216352195
2315	11.575	-0.0030319644138217	0.283275216352195
2316	11.58	-0.0043216363992542	0.283275216352195
2317	11.585	-0.0043216363992542	0.281985544366762
2318	11.59	-0.0043216363992542	0.281985544366762
2319	11.595	-0.0030319644138217	0.281985544366762
2320	11.6	-0.0030319644138217	0.281985544366762
2321	11.605	-0.0043216363992542	0.281985544366762
2322	11.61	-0.0043216363992542	0.283275216352195
2323	11.615	-0.0043216363992542	0.281985544366762
2324	11.62	-0.0043216363992542	0.281985544366762
2325	11.625	-0.0030319644138217	0.281985544366762
2326	11.63	-0.0043216363992542	0.281985544366762
2327	11.635	-0.0030319644138217	0.28069587238133
2328	11.64	-0.0030319644138217	0.281985544366762
2329	11.645	-0.0043216363992542	0.28069587238133
2330	11.65	-0.0030319644138217	0.28069587238133
2331	11.655	-0.0043216363992542	0.281985544366762
2332	11.66	-0.0030319644138217	0.28069587238133
2333	11.665	-0.0043216363992542	0.28069587238133
2334	11.67	-0.0043216363992542	0.281985544366762
2335	11.675	-0.0030319644138217	0.28069587238133
2336	11.68	-0.0043216363992542	0.28069587238133
2337	11.685	-0.0043216363992542	0.28069587238133
2338	11.69	-0.0043216363992542	0.28069587238133
2339	11.695	-0.0043216363992542	0.28069587238133
2340	11.7	-0.0030319644138217	0.28069587238133
2341	11.705	-0.0030319644138217	0.279406200395897
2342	11.71	-0.0043216363992542	0.28069587238133
2343	11.715	-0.0043216363992542	0.279406200395897
2344	11.72	-0.0030319644138217	0.279406200395897
2345	11.725	-0.0030319644138217	0.279406200395897
2346	11.73	-0.0030319644138217	0.279406200395897
2347	11.735	-0.0043216363992542	0.278116528410465
2348	11.74	-0.0030319644138217	0.279406200395897
2349	11.745	-0.0043216363992542	0.279406200395897
2350	11.75	-0.0030319644138217	0.279406200395897
2351	11.755	-0.0030319644138217	0.278116528410465
2352	11.76	-0.0043216363992542	0.278116528410465
2353	11.765	-0.0030319644138217	0.278116528410465
2354	11.77	-0.0043216363992542	0.278116528410465
2355	11.775	-0.0043216363992542	0.279406200395897
2356	11.78	-0.0030319644138217	0.279406200395897
2357	11.785	-0.0043216363992542	0.278116528410465
2358	11.79	-0.0043216363992542	0.278116528410465
2359	11.795	-0.0043216363992542	0.278116528410465
2360	11.8	-0.0043216363992542	0.278116528410465
2361	11.805	-0.0043216363992542	0.278116528410465
2362	11.81	-0.0043216363992542	0.278116528410465
2363	11.815	-0.0030319644138217	0.276826856425032
2364	11.82	-0.0043216363992542	0.278116528410465
2365	11.825	-0.0043216363992542	0.276826856425032
2366	11.83	-0.0030319644138217	0.276826856425032
2367	11.835	-0.0030319644138217	0.276826856425032
2368	11.84	-0.0043216363992542	0.276826856425032
2369	11.845	-0.0043216363992542	0.276826856425032
2370	11.85	-0.0030319644138217	0.276826856425032
2371	11.855	-0.0030319644138217	0.276826856425032
2372	11.86	-0.0043216363992542	0.276826856425032
2373	11.865	-0.0030319644138217	0.276826856425032
2374	11.87	-0.0043216363992542	0.2755371844396
2375	11.875	-0.0043216363992542	0.2755371844396
2376	11.88	-0.0043216363992542	0.2755371844396
2377	11.885	-0.0030319644138217	0.2755371844396
2378	11.89	-0.0043216363992542	0.2755371844396
2379	11.895	-0.0043216363992542	0.2755371844396
2380	11.9	-0.0043216363992542	0.2755371844396
2381	11.905	-0.0030319644138217	0.2755371844396
2382	11.91	-0.0030319644138217	0.274247512454167
2383	11.915	-0.0043216363992542	0.274247512454167
2384	11.92	-0.0030319644138217	0.274247512454167
2385	11.925	-0.0030319644138217	0.274247512454167
2386	11.93	-0.0030319644138217	0.274247512454167
2387	11.935	-0.0030319644138217	0.274247512454167
2388	11.94	-0.0043216363992542	0.274247512454167
2389	11.945	-0.0043216363992542	0.274247512454167
2390	11.95	-0.0030319644138217	0.272957840468735
2391	11.955	-0.0030319644138217	0.272957840468735
2392	11.96	-0.0043216363992542	0.272957840468735
2393	11.965	-0.0043216363992542	0.272957840468735
2394	11.97	-0.0030319644138217	0.272957840468735
2395	11.975	-0.0030319644138217	0.272957840468735
2396	11.98	-0.0043216363992542	0.272957840468735
2397	11.985	-0.0043216363992542	0.271668168483302
2398	11.99	-0.0030319644138217	0.271668168483302
2399	11.995	-0.0043216363992542	0.271668168483302
2400	12	-0.0043216363992542	0.271668168483302
2401	12.005	-0.0043216363992542	0.271668168483302
2402	12.01	-0.0043216363992542	0.271668168483302
2403	12.015	-0.0043216363992542	0.271668168483302
2404	12.02	-0.0043216363992542	0.271668168483302
2405	12.025	-0.0043216363992542	0.270378496497869
2406	12.03	-0.0043216363992542	0.270378496497869
2407	12.035	-0.0043216363992542	0.270378496497869
2408	12.04	-0.0030319644138217	0.270378496497869
2409	12.045	-0.0030319644138217	0.270378496497869
2410	12.05	-0.0043216363992542	0.270378496497869
2411	12.055	-0.0030319644138217	0.270378496497869
2412	12.06	-0.0043216363992542	0.269088824512437
2413	12.065	-0.0043216363992542	0.269088824512437
2414	12.07	-0.0043216363992542	0.269088824512437
2415	12.075	-0.0043216363992542	0.269088824512437
2416	12.08	-0.0030319644138217	0.269088824512437
2417	12.085	-0.0043216363992542	0.269088824512437
2418	12.09	-0.0043216363992542	0.269088824512437
2419	12.095	-0.0043216363992542	0.267799152527004
2420	12.1	-0.0030319644138217	0.269088824512437
2421	12.105	-0.0030319644138217	0.269088824512437
2422	12.11	-0.0043216363992542	0.267799152527004
2423	12.115	-0.0030319644138217	0.269088824512437
2424	12.12	-0.0030319644138217	0.267799152527004
2425	12.125	-0.0043216363992542	0.267799152527004
2426	12.13	-0.0043216363992542	0.267799152527004
2427	12.135	-0.0043216363992542	0.266509480541572
2428	12.14	-0.0030319644138217	0.266509480541572
2429	12.145	-0.0030319644138217	0.266509480541572
2430	12.15	-0.0030319644138217	0.266509480541572
2431	12.155	-0.0043216363992542	0.266509480541572
2432	12.16	-0.0030319644138217	0.266509480541572
2433	12.165	-0.0030319644138217	0.266509480541572
2434	12.17	-0.0030319644138217	0.266509480541572
2435	12.175	-0.0030319644138217	0.265219808556139
2436	12.18	-0.0043216363992542	0.266509480541572
2437	12.185	-0.0043216363992542	0.266509480541572
2438	12.19	-0.0030319644138217	0.265219808556139
2439	12.195	-0.0043216363992542	0.265219808556139
2440	12.2	-0.0043216363992542	0.265219808556139
2441	12.205	-0.0030319644138217	0.265219808556139
2442	12.21	-0.0030319644138217	0.265219808556139
2443	12.215	-0.0043216363992542	0.265219808556139
2444	12.22	-0.0030319644138217	0.265219808556139
2445	12.225	-0.0043216363992542	0.265219808556139
2446	12.23	-0.0030319644138217	0.265219808556139
2447	12.235	-0.0043216363992542	0.263930136570707
2448	12.24	-0.0030319644138217	0.263930136570707
2449	12.245	-0.0043216363992542	0.263930136570707
2450	12.25	-0.0043216363992542	0.263930136570707
2451	12.255	-0.0043216363992542	0.263930136570707
2452	12.26	-0.0043216363992542	0.263930136570707
2453	12.265	-0.0030319644138217	0.263930136570707
2454	12.27	-0.0043216363992542	0.263930136570707
2455	12.275	-0.0030319644138217	0.262640464585274
2456	12.28	-0.0043216363992542	0.262640464585274
2457	12.285	-0.0043216363992542	0.262640464585274
2458	12.29	-0.0043216363992542	0.262640464585274
2459	12.295	-0.0030319644138217	0.262640464585274
2460	12.3	-0.0043216363992542	0.262640464585274
2461	12.305	-0.0043216363992542	0.262640464585274
2462	12.31	-0.0030319644138217	0.262640464585274
2463	12.315	-0.0030319644138217	0.262640464585274
2464	12.32	-0.0043216363992542	0.262640464585274
2465	12.325	-0.0030319644138217	0.261350792599842
2466	12.33	-0.0043216363992542	0.261350792599842
2467	12.335	-0.0043216363992542	0.261350792599842
2468	12.34	-0.0030319644138217	0.261350792599842
2469	12.345	-0.0043216363992542	0.261350792599842
2470	12.35	-0.0043216363992542	0.261350792599842
2471	12.355	-0.0043216363992542	0.261350792599842
2472	12.36	-0.0043216363992542	0.261350792599842
2473	12.365	-0.0043216363992542	0.260061120614409
2474	12.37	-0.0043216363992542	0.260061120614409
2475	12.375	-0.0030319644138217	0.260061120614409
2476	12.38	-0.0043216363992542	0.260061120614409
2477	12.385	-0.0043216363992542	0.260061120614409
2478	12.39	-0.0030319644138217	0.260061120614409
2479	12.395	-0.0043216363992542	0.260061120614409
2480	12.4	-0.0043216363992542	0.260061120614409
2481	12.405	-0.0043216363992542	0.260061120614409
2482	12.41	-0.0043216363992542	0.258771448628977
2483	12.415	-0.0043216363992542	0.258771448628977
2484	12.42	-0.0030319644138217	0.258771448628977
2485	12.425	-0.0043216363992542	0.258771448628977
2486	12.43	-0.0043216363992542	0.258771448628977
2487	12.435	-0.0030319644138217	0.258771448628977
2488	12.44	-0.0030319644138217	0.258771448628977
2489	12.445	-0.0043216363992542	0.258771448628977
2490	12.45	-0.0030319644138217	0.258771448628977
2491	12.455	-0.0043216363992542	0.257481776643544
2492	12.46	-0.0043216363992542	0.258771448628977
2493	12.465	-0.0043216363992542	0.257481776643544
2494	12.47	-0.0030319644138217	0.257481776643544
2495	12.475	-0.0043216363992542	0.257481776643544
2496	12.48	-0.0030319644138217	0.257481776643544
2497	12.485	-0.0030319644138217	0.257481776643544
2498	12.49	-0.0043216363992542	0.256192104658112
2499	12.495	-0.0043216363992542	0.257481776643544
2500	12.5	-0.0043216363992542	0.256192104658112
2501	12.505	-0.0043216363992542	0.256192104658112
2502	12.51	-0.0043216363992542	0.257481776643544
2503	12.515	-0.0043216363992542	0.256192104658112
2504	12.52	-0.0030319644138217	0.256192104658112
2505	12.525	-0.0030319644138217	0.256192104658112
2506	12.53	-0.0043216363992542	0.256192104658112
2507	12.535	-0.0043216363992542	0.256192104658112
2508	12.54	-0.0043216363992542	0.254902432672679
2509	12.545	-0.0043216363992542	0.256192104658112
2510	12.55	-0.0043216363992542	0.254902432672679
2511	12.555	-0.0043216363992542	0.254902432672679
2512	12.56	-0.0043216363992542	0.254902432672679
2513	12.565	-0.0043216363992542	0.254902432672679
2514	12.57	-0.0030319644138217	0.254902432672679
2515	12.575	-0.0043216363992542	0.254902432672679
2516	12.58	-0.0043216363992542	0.253612760687247
2517	12.585	-0.0043216363992542	0.254902432672679
2518	12.59	-0.0043216363992542	0.254902432672679
2519	12.595	-0.0043216363992542	0.253612760687247
2520	12.6	-0.0043216363992542	0.254902432672679
2521	12.605	-0.0043216363992542	0.253612760687247
2522	12.61	-0.0043216363992542	0.253612760687247
2523	12.615	-0.0030319644138217	0.253612760687247
2524	12.62	-0.0030319644138217	0.253612760687247
2525	12.625	-0.0030319644138217	0.253612760687247
2526	12.63	-0.0043216363992542	0.253612760687247
2527	12.635	-0.0030319644138217	0.253612760687247
2528	12.64	-0.0043216363992542	0.253612760687247
2529	12.645	-0.0043216363992542	0.252323088701814
2530	12.65	-0.0043216363992542	0.252323088701814
2531	12.655	-0.0030319644138217	0.252323088701814
2532	12.66	-0.0043216363992542	0.252323088701814
2533	12.665	-0.0043216363992542	0.252323088701814
2534	12.67	-0.0030319644138217	0.252323088701814
2535	12.675	-0.0043216363992542	0.252323088701814
2536	12.68	-0.0043216363992542	0.252323088701814
2537	12.685	-0.0030319644138217	0.251033416716382
2538	12.69	-0.0043216363992542	0.252323088701814
2539	12.695	-0.0030319644138217	0.251033416716382
2540	12.7	-0.0043216363992542	0.251033416716382
2541	12.705	-0.0043216363992542	0.251033416716382
2542	12.71	-0.0030319644138217	0.251033416716382
2543	12.715	-0.0030319644138217	0.251033416716382
2544	12.72	-0.0043216363992542	0.251033416716382
2545	12.725	-0.0043216363992542	0.249743744730949
2546	12.73	-0.0043216363992542	0.251033416716382
2547	12.735	-0.0043216363992542	0.251033416716382
2548	12.74	-0.0030319644138217	0.251033416716382
2549	12.745	-0.0043216363992542	0.251033416716382
2550	12.75	-0.0043216363992542	0.249743744730949
2551	12.755	-0.0043216363992542	0.249743744730949
2552	12.76	-0.0043216363992542	0.249743744730949
2553	12.765	-0.0043216363992542	0.249743744730949
2554	12.77	-0.0043216363992542	0.248454072745517
2555	12.775	-0.0030319644138217	0.249743744730949
2556	12.78	-0.0043216363992542	0.248454072745517
2557	12.785	-0.0043216363992542	0.248454072745517
2558	12.79	-0.0030319644138217	0.248454072745517
2559	12.795	-0.0043216363992542	0.248454072745517
2560	12.8	-0.0043216363992542	0.248454072745517
2561	12.805	-0.0030319644138217	0.248454072745517
2562	12.81	-0.0043216363992542	0.248454072745517
2563	12.815	-0.0030319644138217	0.248454072745517
2564	12.82	-0.0043216363992542	0.247164400760084
2565	12.825	-0.0043216363992542	0.248454072745517
2566	12.83	-0.0043216363992542	0.247164400760084
2567	12.835	-0.0043216363992542	0.248454072745517
2568	12.84	-0.0043216363992542	0.247164400760084
2569	12.845	-0.0043216363992542	0.247164400760084
2570	12.85	-0.0030319644138217	0.247164400760084
2571	12.855	-0.0043216363992542	0.247164400760084
2572	12.86	-0.0043216363992542	0.247164400760084
2573	12.865	-0.0030319644138217	0.247164400760084
2574	12.87	-0.0043216363992542	0.247164400760084
2575	12.875	-0.0043216363992542	0.247164400760084
2576	12.88	-0.0043216363992542	0.247164400760084
2577	12.885	-0.0043216363992542	0.245874728774652
2578	12.89	-0.0043216363992542	0.245874728774652
2579	12.895	-0.0043216363992542	0.245874728774652
2580	12.9	-0.0043216363992542	0.245874728774652
2581	12.905	-0.0043216363992542	0.245874728774652
2582	12.91	-0.0043216363992542	0.245874728774652
2583	12.915	-0.0043216363992542	0.245874728774652
2584	12.92	-0.0043216363992542	0.245874728774652
2585	12.925	-0.0030319644138217	0.245874728774652
2586	12.93	-0.0043216363992542	0.244585056789219
2587	12.935	-0.0043216363992542	0.244585056789219
2588	12.94	-0.0043216363992542	0.244585056789219
2589	12.945	-0.0043216363992542	0.244585056789219
2590	12.95	-0.0043216363992542	0.244585056789219
2591	12.955	-0.0043216363992542	0.243295384803787
2592	12.96	-0.0043216363992542	0.243295384803787
2593	12.965	-0.0043216363992542	0.244585056789219
2594	12.97	-0.0043216363992542	0.243295384803787
2595	12.975	-0.0043216363992542	0.244585056789219
2596	12.98	-0.0043216363992542	0.243295384803787
2597	12.985	-0.0043216363992542	0.243295384803787
2598	12.99	-0.0043216363992542	0.243295384803787
2599	12.995	-0.0043216363992542	0.243295384803787
2600	13	-0.0043216363992542	0.243295384803787
2601	13.005	-0.0043216363992542	0.242005712818354
2602	13.01	-0.0043216363992542	0.243295384803787
2603	13.015	-0.0043216363992542	0.242005712818354
2604	13.02	-0.0043216363992542	0.242005712818354
2605	13.025	-0.0043216363992542	0.242005712818354
2606	13.03	-0.0043216363992542	0.242005712818354
2607	13.035	-0.0043216363992542	0.242005712818354
2608	13.04	-0.0043216363992542	0.242005712818354
2609	13.045	-0.0043216363992542	0.242005712818354
2610	13.05	-0.0043216363992542	0.242005712818354
2611	13.055	-0.0043216363992542	0.240716040832922
2612	13.06	-0.0043216363992542	0.240716040832922
2613	13.065	-0.0043216363992542	0.240716040832922
2614	13.07	-0.0043216363992542	0.240716040832922
2615	13.075	-0.0043216363992542	0.240716040832922
2616	13.08	-0.0043216363992542	0.240716040832922
2617	13.085	-0.0043216363992542	0.240716040832922
2618	13.09	-0.0043216363992542	0.240716040832922
2619	13.095	-0.0043216363992542	0.240716040832922
2620	13.1	-0.0043216363992542	0.240716040832922
2621	13.105	-0.0043216363992542	0.239426368847489
2622	13.11	-0.0043216363992542	0.239426368847489
2623	13.115	-0.0043216363992542	0.239426368847489
2624	13.12	-0.0030319644138217	0.239426368847489
2625	13.125	-0.0043216363992542	0.239426368847489
2626	13.13	-0.0043216363992542	0.239426368847489
2627	13.135	-0.0043216363992542	0.239426368847489
2628	13.14	-0.0043216363992542	0.239426368847489
2629	13.145	-0.0043216363992542	0.239426368847489
2630	13.15	-0.0043216363992542	0.239426368847489
2631	13.155	-0.0043216363992542	0.238136696862057
2632	13.16	-0.0043216363992542	0.238136696862057
2633	13.165	-0.0043216363992542	0.238136696862057
2634	13.17	-0.0043216363992542	0.238136696862057
2635	13.175	-0.0043216363992542	0.238136696862057
2636	13.18	-0.0043216363992542	0.238136696862057
2637	13.185	-0.0043216363992542	0.238136696862057
2638	13.19	-0.0043216363992542	0.238136696862057
2639	13.195	-0.0043216363992542	0.236847024876624
2640	13.2	-0.0043216363992542	0.236847024876624
2641	13.205	-0.0043216363992542	0.238136696862057
2642	13.21	-0.0043216363992542	0.236847024876624
2643	13.215	-0.0043216363992542	0.236847024876624
2644	13.22	-0.0043216363992542	0.235557352891192
2645	13.225	-0.0043216363992542	0.236847024876624
2646	13.23	-0.0043216363992542	0.236847024876624
2647	13.235	-0.0043216363992542	0.235557352891192
2648	13.24	-0.0043216363992542	0.235557352891192
2649	13.245	-0.00561130838468671	0.236847024876624
2650	13.25	-0.0043216363992542	0.235557352891192
2651	13.255	-0.0043216363992542	0.236847024876624
2652	13.26	-0.0043216363992542	0.236847024876624
2653	13.265	-0.0043216363992542	0.235557352891192
2654	13.27	-0.0043216363992542	0.235557352891192
2655	13.275	-0.0043216363992542	0.235557352891192
2656	13.28	-0.0043216363992542	0.235557352891192
2657	13.285	-0.0043216363992542	0.235557352891192
2658	13.29	-0.0043216363992542	0.235557352891192
2659	13.295	-0.0043216363992542	0.234267680905759
2660	13.3	-0.0043216363992542	0.234267680905759
2661	13.305	-0.0043216363992542	0.234267680905759
2662	13.31	-0.0043216363992542	0.234267680905759
2663	13.315	-0.0043216363992542	0.234267680905759
2664	13.32	-0.0043216363992542	0.234267680905759
2665	13.325	-0.0043216363992542	0.234267680905759
2666	13.33	-0.0043216363992542	0.234267680905759
2667	13.335	-0.0043216363992542	0.232978008920327
2668	13.34	-0.0043216363992542	0.234267680905759
2669	13.345	-0.0043216363992542	0.232978008920327
2670	13.35	-0.0043216363992542	0.232978008920327
2671	13.355	-0.0043216363992542	0.232978008920327
2672	13.36	-0.0043216363992542	0.232978008920327
2673	13.365	-0.00561130838468671	0.232978008920327
2674	13.37	-0.0043216363992542	0.232978008920327
2675	13.375	-0.00561130838468671	0.231688336934894
2676	13.38	-0.0043216363992542	0.231688336934894
2677	13.385	-0.0043216363992542	0.231688336934894
2678	13.39	-0.0043216363992542	0.231688336934894
2679	13.395	-0.0043216363992542	0.232978008920327
2680	13.4	-0.0043216363992542	0.231688336934894
2681	13.405	-0.00561130838468671	0.231688336934894
2682	13.41	-0.00561130838468671	0.231688336934894
2683	13.415	-0.00561130838468671	0.231688336934894
2684	13.42	-0.0043216363992542	0.231688336934894
2685	13.425	-0.00561130838468671	0.231688336934894
2686	13.43	-0.00561130838468671	0.231688336934894
2687	13.435	-0.00561130838468671	0.231688336934894
2688	13.44	-0.0043216363992542	0.230398664949462
2689	13.445	-0.00561130838468671	0.230398664949462
2690	13.45	-0.00561130838468671	0.230398664949462
2691	13.455	-0.00561130838468671	0.230398664949462
2692	13.46	-0.00561130838468671	0.230398664949462
2693	13.465	-0.00561130838468671	0.230398664949462
2694	13.47	-0.00561130838468671	0.230398664949462
2695	13.475	-0.00561130838468671	0.229108992964029
2696	13.48	-0.00561130838468671	0.229108992964029
2697	13.485	-0.00561130838468671	0.229108992964029
2698	13.49	-0.00561130838468671	0.229108992964029
2699	13.495	-0.0043216363992542	0.229108992964029
2700	13.5	-0.00561130838468671	0.229108992964029
2701	13.505	-0.00561130838468671	0.229108992964029
2702	13.51	-0.00561130838468671	0.227819320978597
2703	13.515	-0.00561130838468671	0.227819320978597
2704	13.52	-0.00561130838468671	0.229108992964029
2705	13.525	-0.00561130838468671	0.227819320978597
2706	13.53	-0.00561130838468671	0.227819320978597
2707	13.535	-0.00561130838468671	0.227819320978597
2708	13.54	-0.00561130838468671	0.227819320978597
2709	13.545	-0.00561130838468671	0.227819320978597
2710	13.55	-0.00561130838468671	0.227819320978597
2711	13.555	-0.00561130838468671	0.227819320978597
2712	13.56	-0.00561130838468671	0.227819320978597
2713	13.565	-0.00561130838468671	0.226529648993164
2714	13.57	-0.00561130838468671	0.226529648993164
2715	13.575	-0.00561130838468671	0.226529648993164
2716	13.58	-0.00561130838468671	0.226529648993164
2717	13.585	-0.00561130838468671	0.226529648993164
2718	13.59	-0.00561130838468671	0.226529648993164
2719	13.595	-0.00561130838468671	0.225239977007732
2720	13.6	-0.0043216363992542	0.226529648993164
2721	13.605	-0.0043216363992542	0.226529648993164
2722	13.61	-0.00561130838468671	0.225239977007732
2723	13.615	-0.00561130838468671	0.226529648993164
2724	13.62	-0.00561130838468671	0.225239977007732
2725	13.625	-0.00561130838468671	0.225239977007732
2726	13.63	-0.00561130838468671	0.225239977007732
2727	13.635	-0.00561130838468671	0.225239977007732
2728	13.64	-0.00561130838468671	0.225239977007732
2729	13.645	-0.00561130838468671	0.225239977007732
2730	13.65	-0.00561130838468671	0.225239977007732
2731	13.655	-0.00561130838468671	0.225239977007732
2732	13.66	-0.00561130838468671	0.223950305022299
2733	13.665	-0.00561130838468671	0.223950305022299
2734	13.67	-0.00690098037011921	0.223950305022299
2735	13.675	-0.00561130838468671	0.223950305022299
2736	13.68	-0.00561130838468671	0.223950305022299
2737	13.685	-0.00561130838468671	0.223950305022299
2738	13.69	-0.00561130838468671	0.222660633036867
2739	13.695	-0.00561130838468671	0.223950305022299
2740	13.7	-0.00561130838468671	0.223950305022299
2741	13.705	-0.00690098037011921	0.223950305022299
2742	13.71	-0.00561130838468671	0.223950305022299
2743	13.715	-0.00561130838468671	0.223950305022299
2744	13.72	-0.00561130838468671	0.222660633036867
2745	13.725	-0.00561130838468671	0.223950305022299
2746	13.73	-0.00561130838468671	0.222660633036867
2747	13.735	-0.00561130838468671	0.222660633036867
2748	13.74	-0.0043216363992542	0.222660633036867
2749	13.745	-0.00561130838468671	0.222660633036867
2750	13.75	-0.00561130838468671	0.222660633036867
2751	13.755	-0.00561130838468671	0.222660633036867
2752	13.76	-0.00561130838468671	0.222660633036867
2753	13.765	-0.00561130838468671	0.222660633036867
2754	13.77	-0.00561130838468671	0.221370961051434
2755	13.775	-0.00561130838468671	0.221370961051434
2756	13.78	-0.0043216363992542	0.221370961051434
2757	13.785	-0.00561130838468671	0.221370961051434
2758	13.79	-0.00561130838468671	0.221370961051434
2759	13.795	-0.0043216363992542	0.221370961051434
2760	13.8	-0.00561130838468671	0.221370961051434
2761	13.805	-0.00561130838468671	0.221370961051434
2762	13.81	-0.00561130838468671	0.221370961051434
2763	13.815	-0.00561130838468671	0.221370961051434
2764	13.82	-0.00561130838468671	0.220081289066002
2765	13.825	-0.00561130838468671	0.221370961051434
2766	13.83	-0.00561130838468671	0.220081289066002
2767	13.835	-0.00561130838468671	0.220081289066002
2768	13.84	-0.00561130838468671	0.220081289066002
2769	13.845	-0.00561130838468671	0.220081289066002
2770	13.85	-0.00561130838468671	0.220081289066002
2771	13.855	-0.00561130838468671	0.218791617080569
2772	13.86	-0.00561130838468671	0.220081289066002
2773	13.865	-0.00561130838468671	0.220081289066002
2774	13.87	-0.0043216363992542	0.218791617080569
2775	13.875	-0.00561130838468671	0.218791617080569
2776	13.88	-0.00561130838468671	0.218791617080569
2777	13.885	-0.00561130838468671	0.218791617080569
2778	13.89	-0.00561130838468671	0.218791617080569
2779	13.895	-0.0043216363992542	0.218791617080569
2780	13.9	-0.00561130838468671	0.218791617080569
2781	13.905	-0.00561130838468671	0.218791617080569
2782	13.91	-0.00561130838468671	0.218791617080569
2783	13.915	-0.00561130838468671	0.218791617080569
2784	13.92	-0.00561130838468671	0.217501945095137
2785	13.925	-0.00561130838468671	0.218791617080569
2786	13.93	-0.0043216363992542	0.218791617080569
2787	13.935	-0.00561130838468671	0.218791617080569
2788	13.94	-0.0043216363992542	0.217501945095137
2789	13.945	-0.00561130838468671	0.217501945095137
2790	13.95	-0.0043216363992542	0.217501945095137
2791	13.955	-0.00561130838468671	0.217501945095137
2792	13.96	-0.00561130838468671	0.217501945095137
2793	13.965	-0.0043216363992542	0.217501945095137
2794	13.97	-0.00561130838468671	0.217501945095137
2795	13.975	-0.00561130838468671	0.216212273109704
2796	13.98	-0.00561130838468671	0.217501945095137
2797	13.985	-0.0043216363992542	0.216212273109704
2798	13.99	-0.0043216363992542	0.217501945095137
2799	13.995	-0.00561130838468671	0.216212273109704
2800	14	-0.00561130838468671	0.216212273109704
2801	14.005	-0.0043216363992542	0.216212273109704
2802	14.01	-0.0043216363992542	0.216212273109704
2803	14.015	-0.0043216363992542	0.216212273109704
2804	14.02	-0.0043216363992542	0.216212273109704
2805	14.025	-0.0043216363992542	0.216212273109704
2806	14.03	-0.00561130838468671	0.216212273109704
2807	14.035	-0.00561130838468671	0.214922601124272
2808	14.04	-0.0043216363992542	0.214922601124272
2809	14.045	-0.00561130838468671	0.216212273109704
2810	14.05	-0.0043216363992542	0.214922601124272
2811	14.055	-0.0043216363992542	0.214922601124272
2812	14.06	-0.0043216363992542	0.214922601124272
2813	14.065	-0.0043216363992542	0.214922601124272
2814	14.07	-0.0043216363992542	0.214922601124272
2815	14.075	-0.0043216363992542	0.214922601124272
2816	14.08	-0.0043216363992542	0.214922601124272
2817	14.085	-0.00561130838468671	0.214922601124272
2818	14.09	-0.0043216363992542	0.213632929138839
2819	14.095	-0.0043216363992542	0.214922601124272
2820	14.1	-0.0043216363992542	0.213632929138839
2821	14.105	-0.0043216363992542	0.214922601124272
2822	14.11	-0.0043216363992542	0.213632929138839
2823	14.115	-0.0043216363992542	0.213632929138839
2824	14.12	-0.0043216363992542	0.214922601124272
2825	14.125	-0.0043216363992542	0.213632929138839
2826	14.13	-0.0043216363992542	0.213632929138839
2827	14.135	-0.0043216363992542	0.213632929138839
2828	14.14	-0.0043216363992542	0.213632929138839
2829	14.145	-0.0043216363992542	0.213632929138839
2830	14.15	-0.0043216363992542	0.213632929138839
2831	14.155	-0.0043216363992542	0.213632929138839
2832	14.16	-0.00561130838468671	0.212343257153407
2833	14.165	-0.0043216363992542	0.212343257153407
2834	14.17	-0.00561130838468671	0.212343257153407
2835	14.175	-0.0043216363992542	0.212343257153407
2836	14.18	-0.0043216363992542	0.212343257153407
2837	14.185	-0.0043216363992542	0.212343257153407
2838	14.19	-0.0043216363992542	0.212343257153407
2839	14.195	-0.0043216363992542	0.212343257153407
2840	14.2	-0.0043216363992542	0.212343257153407
2841	14.205	-0.0043216363992542	0.211053585167974
2842	14.21	-0.0043216363992542	0.212343257153407
2843	14.215	-0.0043216363992542	0.211053585167974
2844	14.22	-0.0030319644138217	0.211053585167974
2845	14.225	-0.0043216363992542	0.211053585167974
2846	14.23	-0.0043216363992542	0.211053585167974
2847	14.235	-0.0043216363992542	0.211053585167974
2848	14.24	-0.0043216363992542	0.211053585167974
2849	14.245	-0.0043216363992542	0.211053585167974
2850	14.25	-0.0043216363992542	0.209763913182542
2851	14.255	-0.0043216363992542	0.209763913182542
2852	14.26	-0.0043216363992542	0.209763913182542
2853	14.265	-0.0043216363992542	0.209763913182542
2854	14.27	-0.0043216363992542	0.209763913182542
2855	14.275	-0.0043216363992542	0.209763913182542
2856	14.28	-0.0043216363992542	0.209763913182542
2857	14.285	-0.0043216363992542	0.208474241197109
2858	14.29	-0.0030319644138217	0.209763913182542
2859	14.295	-0.0043216363992542	0.209763913182542
2860	14.3	-0.0043216363992542	0.209763913182542
2861	14.305	-0.0043216363992542	0.208474241197109
2862	14.31	-0.0043216363992542	0.208474241197109
2863	14.315	-0.0043216363992542	0.208474241197109
2864	14.32	-0.0043216363992542	0.208474241197109
2865	14.325	-0.0043216363992542	0.207184569211677
2866	14.33	-0.0043216363992542	0.208474241197109
2867	14.335	-0.0043216363992542	0.207184569211677
2868	14.34	-0.0043216363992542	0.207184569211677
2869	14.345	-0.0043216363992542	0.207184569211677
2870	14.35	-0.0043216363992542	0.207184569211677
2871	14.355	-0.0043216363992542	0.207184569211677
2872	14.36	-0.0043216363992542	0.207184569211677
2873	14.365	-0.0043216363992542	0.207184569211677
2874	14.37	-0.0043216363992542	0.205894897226244
2875	14.375	-0.0043216363992542	0.207184569211677
2876	14.38	-0.0043216363992542	0.205894897226244
2877	14.385	-0.0043216363992542	0.205894897226244
2878	14.39	-0.0043216363992542	0.205894897226244
2879	14.395	-0.0043216363992542	0.204605225240812
2880	14.4	-0.0043216363992542	0.205894897226244
2881	14.405	-0.0043216363992542	0.204605225240812
2882	14.41	-0.0043216363992542	0.204605225240812
2883	14.415	-0.0043216363992542	0.205894897226244
2884	14.42	-0.0043216363992542	0.204605225240812
2885	14.425	-0.0043216363992542	0.204605225240812
2886	14.43	-0.0043216363992542	0.204605225240812
2887	14.435	-0.0043216363992542	0.204605225240812
2888	14.44	-0.0043216363992542	0.204605225240812
2889	14.445	-0.0043216363992542	0.203315553255379
2890	14.45	-0.0043216363992542	0.203315553255379
2891	14.455	-0.0043216363992542	0.203315553255379
2892	14.46	-0.0043216363992542	0.203315553255379
2893	14.465	-0.0043216363992542	0.203315553255379
2894	14.47	-0.0043216363992542	0.203315553255379
2895	14.475	-0.0043216363992542	0.203315553255379
2896	14.48	-0.0043216363992542	0.203315553255379
2897	14.485	-0.0043216363992542	0.202025881269947
2898	14.49	-0.0043216363992542	0.202025881269947
2899	14.495	-0.0043216363992542	0.202025881269947
2900	14.5	-0.0043216363992542	0.202025881269947
2901	14.505	-0.0043216363992542	0.202025881269947
2902	14.51	-0.0043216363992542	0.202025881269947
2903	14.515	-0.0043216363992542	0.202025881269947
2904	14.52	-0.0043216363992542	0.200736209284514
2905	14.525	-0.0043216363992542	0.200736209284514
2906	14.53	-0.0043216363992542	0.200736209284514
2907	14.535	-0.0043216363992542	0.200736209284514
2908	14.54	-0.0043216363992542	0.200736209284514
2909	14.545	-0.0043216363992542	0.200736209284514
2910	14.55	-0.0043216363992542	0.200736209284514
2911	14.555	-0.0043216363992542	0.200736209284514
2912	14.56	-0.0043216363992542	0.200736209284514
2913	14.565	-0.0043216363992542	0.200736209284514
2914	14.57	-0.0043216363992542	0.199446537299082
2915	14.575	-0.0043216363992542	0.199446537299082
2916	14.58	-0.0043216363992542	0.199446537299082
2917	14.585	-0.0043216363992542	0.199446537299082
2918	14.59	-0.0043216363992542	0.199446537299082
2919	14.595	-0.0043216363992542	0.199446537299082
2920	14.6	-0.00561130838468671	0.199446537299082
2921	14.605	-0.0043216363992542	0.199446537299082
2922	14.61	-0.0043216363992542	0.199446537299082
2923	14.615	-0.0043216363992542	0.199446537299082
2924	14.62	-0.0043216363992542	0.198156865313649
2925	14.625	-0.00561130838468671	0.198156865313649
2926	14.63	-0.0043216363992542	0.198156865313649
2927	14.635	-0.0043216363992542	0.198156865313649
2928	14.64	-0.0043216363992542	0.198156865313649
2929	14.645	-0.0043216363992542	0.198156865313649
2930	14.65	-0.0043216363992542	0.198156865313649
2931	14.655	-0.0043216363992542	0.198156865313649
2932	14.66	-0.0043216363992542	0.196867193328217
2933	14.665	-0.0043216363992542	0.198156865313649
2934	14.67	-0.0043216363992542	0.196867193328217
2935	14.675	-0.0043216363992542	0.196867193328217
2936	14.68	-0.0043216363992542	0.195577521342784
2937	14.685	-0.0043216363992542	0.196867193328217
2938	14.69	-0.0043216363992542	0.195577521342784
2939	14.695	-0.00561130838468671	0.196867193328217
2940	14.7	-0.0043216363992542	0.195577521342784
2941	14.705	-0.0043216363992542	0.195577521342784
2942	14.71	-0.0043216363992542	0.195577521342784
2943	14.715	-0.0043216363992542	0.195577521342784
2944	14.72	-0.0043216363992542	0.195577521342784
2945	14.725	-0.00561130838468671	0.195577521342784
2946	14.73	-0.0043216363992542	0.195577521342784
2947	14.735	-0.0043216363992542	0.195577521342784
2948	14.74	-0.00561130838468671	0.194287849357352
2949	14.745	-0.00561130838468671	0.194287849357352
2950	14.75	-0.0043216363992542	0.194287849357352
2951	14.755	-0.0043216363992542	0.194287849357352
2952	14.76	-0.00561130838468671	0.194287849357352
2953	14.765	-0.0043216363992542	0.194287849357352
2954	14.77	-0.0043216363992542	0.194287849357352
2955	14.775	-0.0043216363992542	0.194287849357352
2956	14.78	-0.0043216363992542	0.192998177371919
2957	14.785	-0.0043216363992542	0.192998177371919
2958	14.79	-0.0043216363992542	0.192998177371919
2959	14.795	-0.0043216363992542	0.192998177371919
2960	14.8	-0.0043216363992542	0.192998177371919
2961	14.805	-0.00561130838468671	0.192998177371919
2962	14.81	-0.0043216363992542	0.192998177371919
2963	14.815	-0.00561130838468671	0.192998177371919
2964	14.82	-0.0043216363992542	0.192998177371919
2965	14.825	-0.0043216363992542	0.192998177371919
2966	14.83	-0.0043216363992542	0.192998177371919
2967	14.835	-0.0043216363992542	0.191708505386487
2968	14.84	-0.0043216363992542	0.192998177371919
2969	14.845	-0.0043216363992542	0.191708505386487
2970	14.85	-0.00561130838468671	0.191708505386487
2971	14.855	-0.0043216363992542	0.191708505386487
2972	14.86	-0.0043216363992542	0.191708505386487
2973	14.865	-0.00561130838468671	0.191708505386487
2974	14.87	-0.0043216363992542	0.191708505386487
2975	14.875	-0.00561130838468671	0.190418833401054
2976	14.88	-0.00561130838468671	0.190418833401054
2977	14.885	-0.00561130838468671	0.190418833401054
2978	14.89	-0.00561130838468671	0.190418833401054
2979	14.895	-0.0043216363992542	0.190418833401054
2980	14.9	-0.0043216363992542	0.190418833401054
2981	14.905	-0.0043216363992542	0.190418833401054
2982	14.91	-0.0043216363992542	0.190418833401054
2983	14.915	-0.0043216363992542	0.190418833401054
2984	14.92	-0.0043216363992542	0.190418833401054
2985	14.925	-0.00561130838468671	0.190418833401054
2986	14.93	-0.00561130838468671	0.190418833401054
2987	14.935	-0.0043216363992542	0.189129161415622
2988	14.94	-0.0043216363992542	0.189129161415622
2989	14.945	-0.00561130838468671	0.189129161415622
2990	14.95	-0.0043216363992542	0.189129161415622
2991	14.955	-0.0043216363992542	0.189129161415622
2992	14.96	-0.0043216363992542	0.189129161415622
2993	14.965	-0.00561130838468671	0.189129161415622
2994	14.97	-0.0043216363992542	0.189129161415622
2995	14.975	-0.0043216363992542	0.189129161415622
2996	14.98	-0.0043216363992542	0.189129161415622
2997	14.985	-0.00561130838468671	0.189129161415622
2998	14.99	-0.0043216363992542	0.187839489430189
2999	14.995	-0.0043216363992542	0.187839489430189
3000	15	-0.0043216363992542	0.187839489430189
3001	15.005	-0.00561130838468671	0.187839489430189
3002	15.01	-0.0043216363992542	0.187839489430189
3003	15.015	-0.00561130838468671	0.187839489430189
3004	15.02	-0.00561130838468671	0.187839489430189
3005	15.025	-0.0043216363992542	0.187839489430189
3006	15.03	-0.0043216363992542	0.187839489430189
3007	15.035	-0.00561130838468671	0.187839489430189
3008	15.04	-0.0043216363992542	0.187839489430189
3009	15.045	-0.00561130838468671	0.187839489430189
3010	15.05	-0.0043216363992542	0.187839489430189
3011	15.055	-0.00561130838468671	0.186549817444757
3012	15.06	-0.0043216363992542	0.186549817444757
3013	15.065	-0.00561130838468671	0.186549817444757
3014	15.07	-0.0043216363992542	0.186549817444757
3015	15.075	-0.0043216363992542	0.186549817444757
3016	15.08	-0.00561130838468671	0.186549817444757
3017	15.085	-0.00561130838468671	0.186549817444757
3018	15.09	-0.0043216363992542	0.186549817444757
3019	15.095	-0.0043216363992542	0.186549817444757
3020	15.1	-0.0043216363992542	0.185260145459324
3021	15.105	-0.0043216363992542	0.185260145459324
3022	15.11	-0.0043216363992542	0.185260145459324
3023	15.115	-0.0043216363992542	0.185260145459324
3024	15.12	-0.00561130838468671	0.185260145459324
3025	15.125	-0.00561130838468671	0.185260145459324
3026	15.13	-0.0043216363992542	0.185260145459324
3027	15.135	-0.0043216363992542	0.185260145459324
3028	15.14	-0.00561130838468671	0.185260145459324
3029	15.145	-0.0043216363992542	0.185260145459324
3030	15.15	-0.0043216363992542	0.183970473473892
3031	15.155	-0.0043216363992542	0.185260145459324
3032	15.16	-0.0043216363992542	0.183970473473892
3033	15.165	-0.00561130838468671	0.185260145459324
3034	15.17	-0.00561130838468671	0.183970473473892
3035	15.175	-0.00561130838468671	0.183970473473892
3036	15.18	-0.00561130838468671	0.183970473473892
3037	15.185	-0.00561130838468671	0.183970473473892
3038	15.19	-0.00561130838468671	0.183970473473892
3039	15.195	-0.0043216363992542	0.182680801488459
3040	15.2	-0.00561130838468671	0.182680801488459
3041	15.205	-0.00561130838468671	0.183970473473892
3042	15.21	-0.00561130838468671	0.182680801488459
3043	15.215	-0.00561130838468671	0.182680801488459
3044	15.22	-0.00561130838468671	0.182680801488459
3045	15.225	-0.00561130838468671	0.182680801488459
3046	15.23	-0.0043216363992542	0.182680801488459
3047	15.235	-0.00561130838468671	0.182680801488459
3048	15.24	-0.0043216363992542	0.181391129503027
3049	15.245	-0.00561130838468671	0.181391129503027
3050	15.25	-0.00561130838468671	0.181391129503027
3051	15.255	-0.00561130838468671	0.181391129503027
3052	15.26	-0.00561130838468671	0.181391129503027
3053	15.265	-0.00561130838468671	0.181391129503027
3054	15.27	-0.00561130838468671	0.181391129503027
3055	15.275	-0.00561130838468671	0.181391129503027
3056	15.28	-0.00561130838468671	0.181391129503027
3057	15.285	-0.00561130838468671	0.181391129503027
3058	15.29	-0.00561130838468671	0.181391129503027
3059	15.295	-0.00561130838468671	0.180101457517594
3060	15.3	-0.00561130838468671	0.180101457517594
3061	15.305	-0.00561130838468671	0.180101457517594
3062	15.31	-0.00690098037011921	0.180101457517594
3063	15.315	-0.00690098037011921	0.180101457517594
3064	15.32	-0.00561130838468671	0.180101457517594
3065	15.325	-0.00561130838468671	0.180101457517594
3066	15.33	-0.00561130838468671	0.178811785532162
3067	15.335	-0.00561130838468671	0.180101457517594
3068	15.34	-0.00561130838468671	0.178811785532162
3069	15.345	-0.00561130838468671	0.178811785532162
3070	15.35	-0.00690098037011921	0.178811785532162
3071	15.355	-0.00561130838468671	0.178811785532162
3072	15.36	-0.00690098037011921	0.178811785532162
3073	15.365	-0.00690098037011921	0.178811785532162
3074	15.37	-0.00690098037011921	0.178811785532162
3075	15.375	-0.00690098037011921	0.178811785532162
3076	15.38	-0.00690098037011921	0.177522113546729
3077	15.385	-0.00561130838468671	0.177522113546729
3078	15.39	-0.00690098037011921	0.178811785532162
3079	15.395	-0.00690098037011921	0.178811785532162
3080	15.4	-0.00690098037011921	0.177522113546729
3081	15.405	-0.00690098037011921	0.178811785532162
3082	15.41	-0.00690098037011921	0.177522113546729
3083	15.415	-0.00690098037011921	0.177522113546729
3084	15.42	-0.00561130838468671	0.177522113546729
3085	15.425	-0.00690098037011921	0.177522113546729
3086	15.43	-0.00690098037011921	0.177522113546729
3087	15.435	-0.00819065235555172	0.176232441561297
3088	15.44	-0.00690098037011921	0.176232441561297
3089	15.445	-0.00690098037011921	0.176232441561297
3090	15.45	-0.00690098037011921	0.176232441561297
3091	15.455	-0.00690098037011921	0.176232441561297
3092	15.46	-0.00690098037011921	0.176232441561297
3093	15.465	-0.00690098037011921	0.176232441561297
3094	15.47	-0.00690098037011921	0.176232441561297
3095	15.475	-0.00819065235555172	0.176232441561297
3096	15.48	-0.00690098037011921	0.176232441561297
3097	15.485	-0.00690098037011921	0.174942769575864
3098	15.49	-0.00690098037011921	0.174942769575864
3099	15.495	-0.00690098037011921	0.174942769575864
3100	15.5	-0.00690098037011921	0.174942769575864
3101	15.505	-0.00690098037011921	0.174942769575864
3102	15.51	-0.00690098037011921	0.174942769575864
3103	15.515	-0.00690098037011921	0.174942769575864
3104	15.52	-0.00690098037011921	0.173653097590432
3105	15.525	-0.00690098037011921	0.173653097590432
3106	15.53	-0.00690098037011921	0.173653097590432
3107	15.535	-0.00690098037011921	0.173653097590432
3108	15.54	-0.00690098037011921	0.174942769575864
3109	15.545	-0.00690098037011921	0.173653097590432
3110	15.55	-0.00690098037011921	0.173653097590432
3111	15.555	-0.00819065235555172	0.173653097590432
3112	15.56	-0.00690098037011921	0.172363425604999
3113	15.565	-0.00690098037011921	0.172363425604999
3114	15.57	-0.00690098037011921	0.173653097590432
3115	15.575	-0.00690098037011921	0.172363425604999
3116	15.58	-0.00561130838468671	0.172363425604999
3117	15.585	-0.00690098037011921	0.172363425604999
3118	15.59	-0.00690098037011921	0.172363425604999
3119	15.595	-0.00690098037011921	0.172363425604999
3120	15.6	-0.00690098037011921	0.172363425604999
3121	15.605	-0.00561130838468671	0.172363425604999
3122	15.61	-0.00690098037011921	0.171073753619567
3123	15.615	-0.00561130838468671	0.172363425604999
3124	15.62	-0.00561130838468671	0.171073753619567
3125	15.625	-0.00690098037011921	0.171073753619567
3126	15.63	-0.00690098037011921	0.171073753619567
3127	15.635	-0.00690098037011921	0.171073753619567
3128	15.64	-0.00690098037011921	0.171073753619567
3129	15.645	-0.00690098037011921	0.171073753619567
3130	15.65	-0.00561130838468671	0.171073753619567
3131	15.655	-0.00690098037011921	0.171073753619567
3132	15.66	-0.00690098037011921	0.171073753619567
3133	15.665	-0.00561130838468671	0.171073753619567
3134	15.67	-0.00561130838468671	0.169784081634134
3135	15.675	-0.00561130838468671	0.171073753619567
3136	15.68	-0.00561130838468671	0.169784081634134
3137	15.685	-0.00561130838468671	0.169784081634134
3138	15.69	-0.00561130838468671	0.169784081634134
3139	15.695	-0.00561130838468671	0.169784081634134
3140	15.7	-0.00561130838468671	0.169784081634134
3141	15.705	-0.00561130838468671	0.168494409648702
3142	15.71	-0.00561130838468671	0.168494409648702
3143	15.715	-0.00561130838468671	0.169784081634134
3144	15.72	-0.00561130838468671	0.168494409648702
3145	15.725	-0.00561130838468671	0.168494409648702
3146	15.73	-0.00561130838468671	0.168494409648702
3147	15.735	-0.00561130838468671	0.168494409648702
3148	15.74	-0.00561130838468671	0.168494409648702
3149	15.745	-0.00561130838468671	0.168494409648702
3150	15.75	-0.00561130838468671	0.168494409648702
3151	15.755	-0.00561130838468671	0.167204737663269
3152	15.76	-0.00561130838468671	0.167204737663269
3153	15.765	-0.0043216363992542	0.167204737663269
3154	15.77	-0.0043216363992542	0.167204737663269
3155	15.775	-0.00561130838468671	0.167204737663269
3156	15.78	-0.00561130838468671	0.167204737663269
3157	15.785	-0.0043216363992542	0.167204737663269
3158	15.79	-0.0043216363992542	0.167204737663269
3159	15.795	-0.00561130838468671	0.167204737663269
3160	15.8	-0.00561130838468671	0.167204737663269
3161	15.805	-0.00561130838468671	0.165915065677837
3162	15.81	-0.00561130838468671	0.167204737663269
3163	15.815	-0.00561130838468671	0.165915065677837
3164	15.82	-0.0043216363992542	0.165915065677837
3165	15.825	-0.0043216363992542	0.165915065677837
3166	15.83	-0.0043216363992542	0.165915065677837
3167	15.835	-0.0043216363992542	0.164625393692404
3168	15.84	-0.0043216363992542	0.165915065677837
3169	15.845	-0.0043216363992542	0.165915065677837
3170	15.85	-0.0043216363992542	0.165915065677837
3171	15.855	-0.0043216363992542	0.164625393692404
3172	15.86	-0.0043216363992542	0.164625393692404
3173	15.865	-0.0043216363992542	0.164625393692404
3174	15.87	-0.0043216363992542	0.165915065677837
3175	15.875	-0.0043216363992542	0.164625393692404
3176	15.88	-0.0043216363992542	0.164625393692404
3177	15.885	-0.0043216363992542	0.164625393692404
3178	15.89	-0.0043216363992542	0.164625393692404
3179	15.895	-0.0030319644138217	0.164625393692404
3180	15.9	-0.0043216363992542	0.164625393692404
3181	15.905	-0.0043216363992542	0.164625393692404
3182	15.91	-0.0043216363992542	0.163335721706972
3183	15.915	-0.0043216363992542	0.163335721706972
3184	15.92	-0.0043216363992542	0.163335721706972
3185	15.925	-0.0043216363992542	0.163335721706972
3186	15.93	-0.0043216363992542	0.163335721706972
3187	15.935	-0.0043216363992542	0.163335721706972
3188	15.94	-0.0043216363992542	0.163335721706972
3189	15.945	-0.0043216363992542	0.163335721706972
3190	15.95	-0.0043216363992542	0.162046049721539
3191	15.955	-0.0043216363992542	0.162046049721539
3192	15.96	-0.0043216363992542	0.162046049721539
3193	15.965	-0.0030319644138217	0.162046049721539
3194	15.97	-0.0030319644138217	0.162046049721539
3195	15.975	-0.0043216363992542	0.162046049721539
3196	15.98	-0.0043216363992542	0.162046049721539
3197	15.985	-0.0043216363992542	0.160756377736107
3198	15.99	-0.0043216363992542	0.160756377736107
3199	15.995	-0.0030319644138217	0.160756377736107
3200	16	-0.0030319644138217	0.160756377736107
3201	16.005	-0.0030319644138217	0.160756377736107
3202	16.01	-0.0043216363992542	0.160756377736107
3203	16.015	-0.0043216363992542	0.160756377736107
3204	16.02	-0.0043216363992542	0.160756377736107
3205	16.025	-0.0043216363992542	0.159466705750674
3206	16.03	-0.0043216363992542	0.159466705750674
3207	16.035	-0.0043216363992542	0.159466705750674
3208	16.04	-0.0043216363992542	0.159466705750674
3209	16.045	-0.0030319644138217	0.159466705750674
3210	16.05	-0.0030319644138217	0.159466705750674
3211	16.055	-0.0030319644138217	0.158177033765242
3212	16.06	-0.0030319644138217	0.159466705750674
3213	16.065	-0.0043216363992542	0.158177033765242
3214	16.07	-0.0043216363992542	0.158177033765242
3215	16.075	-0.0043216363992542	0.159466705750674
3216	16.08	-0.0043216363992542	0.158177033765242
3217	16.085	-0.0030319644138217	0.158177033765242
3218	16.09	-0.0043216363992542	0.158177033765242
3219	16.095	-0.0043216363992542	0.158177033765242
3220	16.1	-0.0043216363992542	0.158177033765242
3221	16.105	-0.0030319644138217	0.156887361779809
3222	16.11	-0.0043216363992542	0.158177033765242
3223	16.115	-0.0043216363992542	0.156887361779809
3224	16.12	-0.0043216363992542	0.156887361779809
3225	16.125	-0.0030319644138217	0.156887361779809
3226	16.13	-0.0043216363992542	0.156887361779809
3227	16.135	-0.0030319644138217	0.156887361779809
3228	16.14	-0.0043216363992542	0.156887361779809
3229	16.145	-0.0043216363992542	0.155597689794376
3230	16.15	-0.0043216363992542	0.155597689794376
3231	16.155	-0.0043216363992542	0.155597689794376
3232	16.16	-0.0043216363992542	0.155597689794376
3233	16.165	-0.0043216363992542	0.156887361779809
3234	16.17	-0.0043216363992542	0.154308017808944
3235	16.175	-0.0043216363992542	0.155597689794376
3236	16.18	-0.0043216363992542	0.155597689794376
3237	16.185	-0.0043216363992542	0.154308017808944
3238	16.19	-0.0043216363992542	0.154308017808944
3239	16.195	-0.0043216363992542	0.154308017808944
3240	16.2	-0.0030319644138217	0.154308017808944
3241	16.205	-0.0043216363992542	0.154308017808944
3242	16.21	-0.0043216363992542	0.154308017808944
3243	16.215	-0.0030319644138217	0.154308017808944
3244	16.22	-0.0043216363992542	0.154308017808944
3245	16.225	-0.0043216363992542	0.154308017808944
3246	16.23	-0.0043216363992542	0.154308017808944
3247	16.235	-0.0043216363992542	0.154308017808944
3248	16.24	-0.0043216363992542	0.153018345823511
3249	16.245	-0.0043216363992542	0.153018345823511
3250	16.25	-0.0043216363992542	0.153018345823511
3251	16.255	-0.0043216363992542	0.151728673838079
3252	16.26	-0.0043216363992542	0.153018345823511
3253	16.265	-0.0043216363992542	0.153018345823511
3254	16.27	-0.0043216363992542	0.153018345823511
3255	16.275	-0.0043216363992542	0.153018345823511
3256	16.28	-0.0043216363992542	0.153018345823511
3257	16.285	-0.0043216363992542	0.153018345823511
3258	16.29	-0.0043216363992542	0.153018345823511
3259	16.295	-0.0043216363992542	0.151728673838079
3260	16.3	-0.0043216363992542	0.151728673838079
3261	16.305	-0.0043216363992542	0.151728673838079
3262	16.31	-0.0030319644138217	0.151728673838079
3263	16.315	-0.0043216363992542	0.151728673838079
3264	16.32	-0.0043216363992542	0.151728673838079
3265	16.325	-0.0043216363992542	0.150439001852646
3266	16.33	-0.0043216363992542	0.150439001852646
3267	16.335	-0.0043216363992542	0.150439001852646
3268	16.34	-0.0043216363992542	0.150439001852646
3269	16.345	-0.0043216363992542	0.150439001852646
3270	16.35	-0.0043216363992542	0.150439001852646
3271	16.355	-0.0043216363992542	0.150439001852646
3272	16.36	-0.0043216363992542	0.150439001852646
3273	16.365	-0.0043216363992542	0.150439001852646
3274	16.37	-0.0043216363992542	0.150439001852646
3275	16.375	-0.0030319644138217	0.149149329867214
3276	16.38	-0.0043216363992542	0.149149329867214
3277	16.385	-0.0043216363992542	0.149149329867214
3278	16.39	-0.0043216363992542	0.149149329867214
3279	16.395	-0.0043216363992542	0.149149329867214
3280	16.4	-0.0043216363992542	0.149149329867214
3281	16.405	-0.0043216363992542	0.149149329867214
3282	16.41	-0.0043216363992542	0.149149329867214
3283	16.415	-0.0030319644138217	0.149149329867214
3284	16.42	-0.0043216363992542	0.149149329867214
3285	16.425	-0.0043216363992542	0.147859657881781
3286	16.43	-0.0043216363992542	0.147859657881781
3287	16.435	-0.0043216363992542	0.147859657881781
3288	16.44	-0.0043216363992542	0.147859657881781
3289	16.445	-0.0043216363992542	0.147859657881781
3290	16.45	-0.0043216363992542	0.147859657881781
3291	16.455	-0.0043216363992542	0.147859657881781
3292	16.46	-0.0043216363992542	0.147859657881781
3293	16.465	-0.0030319644138217	0.147859657881781
3294	16.47	-0.0043216363992542	0.147859657881781
3295	16.475	-0.0043216363992542	0.146569985896349
3296	16.48	-0.0043216363992542	0.146569985896349
3297	16.485	-0.0043216363992542	0.146569985896349
3298	16.49	-0.0043216363992542	0.146569985896349
3299	16.495	-0.0043216363992542	0.146569985896349
3300	16.5	-0.0043216363992542	0.146569985896349
3301	16.505	-0.0043216363992542	0.146569985896349
3302	16.51	-0.0043216363992542	0.146569985896349
3303	16.515	-0.0043216363992542	0.146569985896349
3304	16.52	-0.0043216363992542	0.146569985896349
3305	16.525	-0.0043216363992542	0.146569985896349
3306	16.53	-0.0043216363992542	0.146569985896349
3307	16.535	-0.0043216363992542	0.145280313910916
3308	16.54	-0.0043216363992542	0.145280313910916
3309	16.545	-0.0043216363992542	0.145280313910916
3310	16.55	-0.0043216363992542	0.145280313910916
3311	16.555	-0.0043216363992542	0.145280313910916
3312	16.56	-0.0043216363992542	0.145280313910916
3313	16.565	-0.0043216363992542	0.145280313910916
3314	16.57	-0.0043216363992542	0.145280313910916
3315	16.575	-0.0043216363992542	0.145280313910916
3316	16.58	-0.0043216363992542	0.143990641925484
3317	16.585	-0.0043216363992542	0.143990641925484
3318	16.59	-0.0043216363992542	0.145280313910916
3319	16.595	-0.0043216363992542	0.143990641925484
3320	16.6	-0.0043216363992542	0.143990641925484
3321	16.605	-0.0043216363992542	0.143990641925484
3322	16.61	-0.0043216363992542	0.143990641925484
3323	16.615	-0.0043216363992542	0.143990641925484
3324	16.62	-0.0043216363992542	0.143990641925484
3325	16.625	-0.0043216363992542	0.143990641925484
3326	16.63	-0.0043216363992542	0.143990641925484
3327	16.635	-0.0043216363992542	0.142700969940051
3328	16.64	-0.0043216363992542	0.142700969940051
3329	16.645	-0.0043216363992542	0.142700969940051
3330	16.65	-0.0043216363992542	0.142700969940051
3331	16.655	-0.0043216363992542	0.142700969940051
3332	16.66	-0.0043216363992542	0.141411297954619
3333	16.665	-0.0043216363992542	0.142700969940051
3334	16.67	-0.0043216363992542	0.141411297954619
3335	16.675	-0.0030319644138217	0.141411297954619
3336	16.68	-0.0043216363992542	0.141411297954619
3337	16.685	-0.0043216363992542	0.141411297954619
3338	16.69	-0.0043216363992542	0.141411297954619
3339	16.695	-0.0043216363992542	0.141411297954619
3340	16.7	-0.0043216363992542	0.141411297954619
3341	16.705	-0.0043216363992542	0.141411297954619
3342	16.71	-0.0043216363992542	0.140121625969186
3343	16.715	-0.0043216363992542	0.140121625969186
3344	16.72	-0.0043216363992542	0.140121625969186
3345	16.725	-0.0030319644138217	0.140121625969186
3346	16.73	-0.0043216363992542	0.140121625969186
3347	16.735	-0.0043216363992542	0.140121625969186
3348	16.74	-0.0043216363992542	0.140121625969186
3349	16.745	-0.0043216363992542	0.140121625969186
3350	16.75	-0.0030319644138217	0.140121625969186
3351	16.755	-0.0043216363992542	0.138831953983754
3352	16.76	-0.0043216363992542	0.138831953983754
3353	16.765	-0.0043216363992542	0.138831953983754
3354	16.77	-0.0043216363992542	0.138831953983754
3355	16.775	-0.0043216363992542	0.138831953983754
3356	16.78	-0.0043216363992542	0.138831953983754
3357	16.785	-0.0043216363992542	0.138831953983754
3358	16.79	-0.0043216363992542	0.138831953983754
3359	16.795	-0.0043216363992542	0.138831953983754
3360	16.8	-0.0030319644138217	0.137542281998321
3361	16.805	-0.0043216363992542	0.137542281998321
3362	16.81	-0.0043216363992542	0.137542281998321
3363	16.815	-0.0043216363992542	0.137542281998321
3364	16.82	-0.0043216363992542	0.137542281998321
3365	16.825	-0.0043216363992542	0.137542281998321
3366	16.83	-0.0043216363992542	0.137542281998321
3367	16.835	-0.0043216363992542	0.137542281998321
3368	16.84	-0.0043216363992542	0.136252610012889
3369	16.845	-0.0043216363992542	0.137542281998321
3370	16.85	-0.0043216363992542	0.136252610012889
3371	16.855	-0.0043216363992542	0.137542281998321
3372	16.86	-0.0030319644138217	0.137542281998321
3373	16.865	-0.0043216363992542	0.136252610012889
3374	16.87	-0.0043216363992542	0.136252610012889
3375	16.875	-0.0043216363992542	0.136252610012889
3376	16.88	-0.0030319644138217	0.136252610012889
3377	16.885	-0.0043216363992542	0.136252610012889
3378	16.89	-0.0043216363992542	0.136252610012889
3379	16.895	-0.0043216363992542	0.136252610012889
3380	16.9	-0.0043216363992542	0.136252610012889
3381	16.905	-0.0043216363992542	0.136252610012889
3382	16.91	-0.0043216363992542	0.134962938027456
3383	16.915	-0.0043216363992542	0.134962938027456
3384	16.92	-0.0043216363992542	0.134962938027456
3385	16.925	-0.0043216363992542	0.134962938027456
3386	16.93	-0.0043216363992542	0.134962938027456
3387	16.935	-0.0043216363992542	0.134962938027456
3388	16.94	-0.0043216363992542	0.134962938027456
3389	16.945	-0.0043216363992542	0.134962938027456
3390	16.95	-0.0043216363992542	0.133673266042024
3391	16.955	-0.0043216363992542	0.133673266042024
3392	16.96	-0.0043216363992542	0.134962938027456
3393	16.965	-0.0043216363992542	0.133673266042024
3394	16.97	-0.0043216363992542	0.133673266042024
3395	16.975	-0.0043216363992542	0.133673266042024
3396	16.98	-0.0043216363992542	0.133673266042024
3397	16.985	-0.0043216363992542	0.133673266042024
3398	16.99	-0.0030319644138217	0.133673266042024
3399	16.995	-0.0030319644138217	0.132383594056591
3400	17	-0.0043216363992542	0.132383594056591
3401	17.005	-0.0043216363992542	0.133673266042024
3402	17.01	-0.0043216363992542	0.133673266042024
3403	17.015	-0.0030319644138217	0.132383594056591
3404	17.02	-0.0043216363992542	0.132383594056591
3405	17.025	-0.0030319644138217	0.132383594056591
3406	17.03	-0.0043216363992542	0.132383594056591
3407	17.035	-0.0030319644138217	0.132383594056591
3408	17.04	-0.0043216363992542	0.132383594056591
3409	17.045	-0.0043216363992542	0.131093922071159
3410	17.05	-0.0043216363992542	0.131093922071159
3411	17.055	-0.0043216363992542	0.131093922071159
3412	17.06	-0.0043216363992542	0.131093922071159
3413	17.065	-0.0043216363992542	0.131093922071159
3414	17.07	-0.0043216363992542	0.131093922071159
3415	17.075	-0.0030319644138217	0.131093922071159
3416	17.08	-0.0043216363992542	0.131093922071159
3417	17.085	-0.0043216363992542	0.129804250085726
3418	17.09	-0.0043216363992542	0.131093922071159
3419	17.095	-0.0043216363992542	0.131093922071159
3420	17.1	-0.0030319644138217	0.131093922071159
3421	17.105	-0.0043216363992542	0.129804250085726
3422	17.11	-0.0043216363992542	0.129804250085726
3423	17.115	-0.0043216363992542	0.129804250085726
3424	17.12	-0.0043216363992542	0.129804250085726
3425	17.125	-0.0043216363992542	0.129804250085726
3426	17.13	-0.0030319644138217	0.129804250085726
3427	17.135	-0.0030319644138217	0.129804250085726
3428	17.14	-0.0043216363992542	0.128514578100294
3429	17.145	-0.0043216363992542	0.129804250085726
3430	17.15	-0.0043216363992542	0.128514578100294
3431	17.155	-0.0030319644138217	0.129804250085726
3432	17.16	-0.0043216363992542	0.129804250085726
3433	17.165	-0.0030319644138217	0.128514578100294
3434	17.17	-0.0043216363992542	0.128514578100294
3435	17.175	-0.0043216363992542	0.128514578100294
3436	17.18	-0.0043216363992542	0.128514578100294
3437	17.185	-0.0043216363992542	0.128514578100294
3438	17.19	-0.0030319644138217	0.128514578100294
3439	17.195	-0.0043216363992542	0.127224906114861
3440	17.2	-0.0030319644138217	0.127224906114861
3441	17.205	-0.0030319644138217	0.127224906114861
3442	17.21	-0.0043216363992542	0.127224906114861
3443	17.215	-0.0043216363992542	0.127224906114861
3444	17.22	-0.0043216363992542	0.127224906114861
3445	17.225	-0.0043216363992542	0.127224906114861
3446	17.23	-0.0043216363992542	0.127224906114861
3447	17.235	-0.0030319644138217	0.125935234129429
3448	17.24	-0.0030319644138217	0.125935234129429
3449	17.245	-0.0030319644138217	0.125935234129429
3450	17.25	-0.0030319644138217	0.125935234129429
3451	17.255	-0.0030319644138217	0.125935234129429
3452	17.26	-0.0043216363992542	0.125935234129429
3453	17.265	-0.0043216363992542	0.125935234129429
3454	17.27	-0.0043216363992542	0.125935234129429
3455	17.275	-0.0043216363992542	0.125935234129429
3456	17.28	-0.0030319644138217	0.125935234129429
3457	17.285	-0.0030319644138217	0.125935234129429
3458	17.29	-0.0043216363992542	0.125935234129429
3459	17.295	-0.0030319644138217	0.124645562143996
3460	17.3	-0.0030319644138217	0.124645562143996
3461	17.305	-0.0043216363992542	0.124645562143996
3462	17.31	-0.0043216363992542	0.124645562143996
3463	17.315	-0.0030319644138217	0.124645562143996
3464	17.32	-0.0030319644138217	0.124645562143996
3465	17.325	-0.0030319644138217	0.124645562143996
3466	17.33	-0.0030319644138217	0.123355890158564
3467	17.335	-0.0043216363992542	0.123355890158564
3468	17.34	-0.0030319644138217	0.123355890158564
3469	17.345	-0.0030319644138217	0.123355890158564
3470	17.35	-0.0043216363992542	0.123355890158564
3471	17.355	-0.0043216363992542	0.123355890158564
3472	17.36	-0.0030319644138217	0.123355890158564
3473	17.365	-0.0043216363992542	0.123355890158564
3474	17.37	-0.0030319644138217	0.122066218173131
3475	17.375	-0.0043216363992542	0.122066218173131
3476	17.38	-0.0030319644138217	0.122066218173131
3477	17.385	-0.0043216363992542	0.122066218173131
3478	17.39	-0.0030319644138217	0.122066218173131
3479	17.395	-0.0030319644138217	0.122066218173131
3480	17.4	-0.0043216363992542	0.122066218173131
3481	17.405	-0.0043216363992542	0.120776546187699
3482	17.41	-0.0043216363992542	0.120776546187699
3483	17.415	-0.0043216363992542	0.120776546187699
3484	17.42	-0.0043216363992542	0.122066218173131
3485	17.425	-0.0030319644138217	0.120776546187699
3486	17.43	-0.0043216363992542	0.120776546187699
3487	17.435	-0.0030319644138217	0.120776546187699
3488	17.44	-0.0043216363992542	0.120776546187699
3489	17.445	-0.0043216363992542	0.120776546187699
3490	17.45	-0.0043216363992542	0.120776546187699
3491	17.455	-0.0043216363992542	0.120776546187699
3492	17.46	-0.0043216363992542	0.119486874202266
3493	17.465	-0.0043216363992542	0.119486874202266
3494	17.47	-0.0043216363992542	0.119486874202266
3495	17.475	-0.0043216363992542	0.119486874202266
3496	17.48	-0.0030319644138217	0.119486874202266
3497	17.485	-0.0043216363992542	0.119486874202266
3498	17.49	-0.0043216363992542	0.119486874202266
3499	17.495	-0.0030319644138217	0.118197202216834
3500	17.5	-0.0030319644138217	0.118197202216834
3501	17.505	-0.0030319644138217	0.119486874202266
3502	17.51	-0.0043216363992542	0.118197202216834
3503	17.515	-0.0043216363992542	0.118197202216834
3504	17.52	-0.0043216363992542	0.118197202216834
3505	17.525	-0.0030319644138217	0.118197202216834
3506	17.53	-0.0043216363992542	0.118197202216834
3507	17.535	-0.0043216363992542	0.118197202216834
3508	17.54	-0.0030319644138217	0.118197202216834
3509	17.545	-0.0043216363992542	0.116907530231401
3510	17.55	-0.0043216363992542	0.118197202216834
3511	17.555	-0.0030319644138217	0.118197202216834
3512	17.56	-0.0043216363992542	0.116907530231401
3513	17.565	-0.0030319644138217	0.118197202216834
3514	17.57	-0.0043216363992542	0.116907530231401
3515	17.575	-0.0043216363992542	0.116907530231401
3516	17.58	-0.0043216363992542	0.116907530231401
3517	17.585	-0.0043216363992542	0.116907530231401
3518	17.59	-0.0030319644138217	0.115617858245969
3519	17.595	-0.0043216363992542	0.116907530231401
3520	17.6	-0.0043216363992542	0.115617858245969
3521	17.605	-0.0043216363992542	0.115617858245969
3522	17.61	-0.0043216363992542	0.115617858245969
3523	17.615	-0.0030319644138217	0.115617858245969
3524	17.62	-0.0043216363992542	0.114328186260536
3525	17.625	-0.0043216363992542	0.115617858245969
3526	17.63	-0.0043216363992542	0.114328186260536
3527	17.635	-0.0030319644138217	0.114328186260536
3528	17.64	-0.0043216363992542	0.114328186260536
3529	17.645	-0.0043216363992542	0.114328186260536
3530	17.65	-0.0043216363992542	0.114328186260536
3531	17.655	-0.0043216363992542	0.114328186260536
3532	17.66	-0.0030319644138217	0.114328186260536
3533	17.665	-0.0043216363992542	0.114328186260536
3534	17.67	-0.0043216363992542	0.114328186260536
3535	17.675	-0.0043216363992542	0.114328186260536
3536	17.68	-0.0030319644138217	0.113038514275104
3537	17.685	-0.0043216363992542	0.114328186260536
3538	17.69	-0.0043216363992542	0.113038514275104
3539	17.695	-0.0043216363992542	0.113038514275104
3540	17.7	-0.0043216363992542	0.113038514275104
3541	17.705	-0.0043216363992542	0.113038514275104
3542	17.71	-0.0030319644138217	0.113038514275104
3543	17.715	-0.0043216363992542	0.111748842289671
3544	17.72	-0.0043216363992542	0.111748842289671
3545	17.725	-0.0030319644138217	0.111748842289671
3546	17.73	-0.0030319644138217	0.111748842289671
3547	17.735	-0.0030319644138217	0.111748842289671
3548	17.74	-0.0030319644138217	0.111748842289671
3549	17.745	-0.0043216363992542	0.111748842289671
3550	17.75	-0.0043216363992542	0.111748842289671
3551	17.755	-0.0043216363992542	0.110459170304239
3552	17.76	-0.0043216363992542	0.110459170304239
3553	17.765	-0.0030319644138217	0.110459170304239
3554	17.77	-0.0043216363992542	0.110459170304239
3555	17.775	-0.0043216363992542	0.110459170304239
3556	17.78	-0.0030319644138217	0.110459170304239
3557	17.785	-0.0043216363992542	0.110459170304239
3558	17.79	-0.0043216363992542	0.110459170304239
3559	17.795	-0.0043216363992542	0.110459170304239
3560	17.8	-0.0043216363992542	0.110459170304239
3561	17.805	-0.0030319644138217	0.109169498318806
3562	17.81	-0.0030319644138217	0.110459170304239
3563	17.815	-0.0030319644138217	0.109169498318806
3564	17.82	-0.0043216363992542	0.109169498318806
3565	17.825	-0.0043216363992542	0.109169498318806
3566	17.83	-0.0043216363992542	0.109169498318806
3567	17.835	-0.0043216363992542	0.109169498318806
3568	17.84	-0.0043216363992542	0.107879826333374
3569	17.845	-0.0030319644138217	0.109169498318806
3570	17.85	-0.0043216363992542	0.109169498318806
3571	17.855	-0.0043216363992542	0.107879826333374
3572	17.86	-0.0043216363992542	0.107879826333374
3573	17.865	-0.0043216363992542	0.109169498318806
3574	17.87	-0.0030319644138217	0.107879826333374
3575	17.875	-0.0043216363992542	0.107879826333374
3576	17.88	-0.0043216363992542	0.107879826333374
3577	17.885	-0.0043216363992542	0.107879826333374
3578	17.89	-0.0043216363992542	0.107879826333374
3579	17.895	-0.0030319644138217	0.107879826333374
3580	17.9	-0.0043216363992542	0.106590154347941
3581	17.905	-0.0030319644138217	0.106590154347941
3582	17.91	-0.0043216363992542	0.107879826333374
3583	17.915	-0.0043216363992542	0.106590154347941
3584	17.92	-0.0043216363992542	0.106590154347941
3585	17.925	-0.0043216363992542	0.106590154347941
3586	17.93	-0.0043216363992542	0.105300482362509
3587	17.935	-0.0043216363992542	0.106590154347941
3588	17.94	-0.0030319644138217	0.105300482362509
3589	17.945	-0.0043216363992542	0.106590154347941
3590	17.95	-0.0030319644138217	0.105300482362509
3591	17.955	-0.0030319644138217	0.105300482362509
3592	17.96	-0.0043216363992542	0.105300482362509
3593	17.965	-0.0030319644138217	0.105300482362509
3594	17.97	-0.0043216363992542	0.105300482362509
3595	17.975	-0.0030319644138217	0.105300482362509
3596	17.98	-0.0030319644138217	0.105300482362509
3597	17.985	-0.0043216363992542	0.105300482362509
3598	17.99	-0.0043216363992542	0.105300482362509
3599	17.995	-0.0030319644138217	0.104010810377076
3600	18	-0.0043216363992542	0.104010810377076
3601	18.005	-0.0030319644138217	0.104010810377076
3602	18.01	-0.0043216363992542	0.104010810377076
3603	18.015	-0.0043216363992542	0.104010810377076
3604	18.02	-0.0043216363992542	0.104010810377076
3605	18.025	-0.0030319644138217	0.104010810377076
3606	18.03	-0.0043216363992542	0.102721138391644
3607	18.035	-0.0043216363992542	0.104010810377076
3608	18.04	-0.0043216363992542	0.102721138391644
3609	18.045	-0.0030319644138217	0.104010810377076
3610	18.05	-0.0043216363992542	0.102721138391644
3611	18.055	-0.0030319644138217	0.102721138391644
3612	18.06	-0.0043216363992542	0.104010810377076
3613	18.065	-0.0043216363992542	0.102721138391644
3614	18.07	-0.0043216363992542	0.102721138391644
3615	18.075	-0.0043216363992542	0.102721138391644
3616	18.08	-0.0043216363992542	0.101431466406211
3617	18.085	-0.0043216363992542	0.102721138391644
3618	18.09	-0.0043216363992542	0.101431466406211
3619	18.095	-0.0030319644138217	0.101431466406211
3620	18.1	-0.0043216363992542	0.101431466406211
3621	18.105	-0.0043216363992542	0.101431466406211
3622	18.11	-0.0030319644138217	0.102721138391644
3623	18.115	-0.0043216363992542	0.101431466406211
3624	18.12	-0.0043216363992542	0.101431466406211
3625	18.125	-0.0043216363992542	0.101431466406211
3626	18.13	-0.0043216363992542	0.101431466406211
3627	18.135	-0.0030319644138217	0.101431466406211
3628	18.14	-0.0030319644138217	0.101431466406211
3629	18.145	-0.0043216363992542	0.100141794420779
3630	18.15	-0.0043216363992542	0.100141794420779
3631	18.155	-0.0043216363992542	0.100141794420779
3632	18.16	-0.0043216363992542	0.100141794420779
3633	18.165	-0.0043216363992542	0.100141794420779
3634	18.17	-0.0043216363992542	0.0988521224353462
3635	18.175	-0.0043216363992542	0.100141794420779
3636	18.18	-0.0043216363992542	0.0988521224353462
3637	18.185	-0.0043216363992542	0.0988521224353462
3638	18.19	-0.0043216363992542	0.0988521224353462
3639	18.195	-0.0043216363992542	0.0988521224353462
3640	18.2	-0.0043216363992542	0.0988521224353462
3641	18.205	-0.0043216363992542	0.0988521224353462
3642	18.21	-0.0043216363992542	0.0988521224353462
3643	18.215	-0.0043216363992542	0.0988521224353462
3644	18.22	-0.0043216363992542	0.0988521224353462
3645	18.225	-0.0043216363992542	0.0988521224353462
3646	18.23	-0.0043216363992542	0.0975624504499137
3647	18.235	-0.0043216363992542	0.0975624504499137
3648	18.24	-0.0043216363992542	0.0975624504499137
3649	18.245	-0.0043216363992542	0.0975624504499137
3650	18.25	-0.0043216363992542	0.0975624504499137
3651	18.255	-0.0030319644138217	0.0962727784644812
3652	18.26	-0.0043216363992542	0.0975624504499137
3653	18.265	-0.0043216363992542	0.0975624504499137
3654	18.27	-0.0043216363992542	0.0962727784644812
3655	18.275	-0.0043216363992542	0.0962727784644812
3656	18.28	-0.0043216363992542	0.0975624504499137
3657	18.285	-0.0043216363992542	0.0962727784644812
3658	18.29	-0.0043216363992542	0.0962727784644812
3659	18.295	-0.00561130838468671	0.0962727784644812
3660	18.3	-0.0043216363992542	0.0962727784644812
3661	18.305	-0.0043216363992542	0.0962727784644812
3662	18.31	-0.00561130838468671	0.0962727784644812
3663	18.315	-0.0043216363992542	0.0962727784644812
3664	18.32	-0.0043216363992542	0.0949831064790487
3665	18.325	-0.0043216363992542	0.0949831064790487
3666	18.33	-0.00561130838468671	0.0949831064790487
3667	18.335	-0.0043216363992542	0.0949831064790487
3668	18.34	-0.0043216363992542	0.0949831064790487
3669	18.345	-0.00561130838468671	0.0936934344936162
3670	18.35	-0.00561130838468671	0.0949831064790487
3671	18.355	-0.0043216363992542	0.0949831064790487
3672	18.36	-0.00561130838468671	0.0936934344936162
3673	18.365	-0.00561130838468671	0.0936934344936162
3674	18.37	-0.0043216363992542	0.0936934344936162
3675	18.375	-0.0043216363992542	0.0949831064790487
3676	18.38	-0.0043216363992542	0.0936934344936162
3677	18.385	-0.0043216363992542	0.0936934344936162
3678	18.39	-0.0043216363992542	0.0936934344936162
3679	18.395	-0.0043216363992542	0.0936934344936162
3680	18.4	-0.00561130838468671	0.0936934344936162
3681	18.405	-0.0043216363992542	0.0936934344936162
3682	18.41	-0.00561130838468671	0.0924037625081837
3683	18.415	-0.0043216363992542	0.0924037625081837
3684	18.42	-0.0043216363992542	0.0924037625081837
3685	18.425	-0.00561130838468671	0.0924037625081837
3686	18.43	-0.00561130838468671	0.0924037625081837
3687	18.435	-0.00561130838468671	0.0924037625081837
3688	18.44	-0.0043216363992542	0.0924037625081837
3689	18.445	-0.00561130838468671	0.0924037625081837
3690	18.45	-0.00561130838468671	0.0924037625081837
3691	18.455	-0.00561130838468671	0.0924037625081837
3692	18.46	-0.00561130838468671	0.0911140905227512
3693	18.465	-0.00561130838468671	0.0924037625081837
3694	18.47	-0.00561130838468671	0.0911140905227512
3695	18.475	-0.00561130838468671	0.0911140905227512
3696	18.48	-0.0043216363992542	0.0911140905227512
3697	18.485	-0.00561130838468671	0.0911140905227512
3698	18.49	-0.00561130838468671	0.0911140905227512
3699	18.495	-0.00561130838468671	0.0911140905227512
3700	18.5	-0.00561130838468671	0.0911140905227512
3701	18.505	-0.00561130838468671	0.0911140905227512
3702	18.51	-0.00561130838468671	0.0911140905227512
3703	18.515	-0.00561130838468671	0.0911140905227512
3704	18.52	-0.00561130838468671	0.0898244185373187
3705	18.525	-0.00561130838468671	0.0898244185373187
3706	18.53	-0.00561130838468671	0.0911140905227512
3707	18.535	-0.00561130838468671	0.0898244185373187
3708	18.54	-0.00561130838468671	0.0898244185373187
3709	18.545	-0.00561130838468671	0.0898244185373187
3710	18.55	-0.00561130838468671	0.0898244185373187
3711	18.555	-0.00561130838468671	0.0898244185373187
3712	18.56	-0.00561130838468671	0.0898244185373187
3713	18.565	-0.00561130838468671	0.0898244185373187
3714	18.57	-0.00561130838468671	0.0898244185373187
3715	18.575	-0.00561130838468671	0.0885347465518862
3716	18.58	-0.00561130838468671	0.0885347465518862
3717	18.585	-0.00561130838468671	0.0885347465518862
3718	18.59	-0.00561130838468671	0.0885347465518862
3719	18.595	-0.00690098037011921	0.0885347465518862
3720	18.6	-0.00561130838468671	0.0885347465518862
3721	18.605	-0.00561130838468671	0.0885347465518862
3722	18.61	-0.00690098037011921	0.0885347465518862
3723	18.615	-0.00690098037011921	0.0885347465518862
3724	18.62	-0.00690098037011921	0.0885347465518862
3725	18.625	-0.00561130838468671	0.0872450745664537
3726	18.63	-0.00690098037011921	0.0872450745664537
3727	18.635	-0.00561130838468671	0.0872450745664537
3728	18.64	-0.00690098037011921	0.0872450745664537
3729	18.645	-0.00690098037011921	0.0872450745664537
3730	18.65	-0.00690098037011921	0.0872450745664537
3731	18.655	-0.00819065235555172	0.0872450745664537
3732	18.66	-0.00690098037011921	0.0872450745664537
3733	18.665	-0.00690098037011921	0.0859554025810212
3734	18.67	-0.00819065235555172	0.0872450745664537
3735	18.675	-0.00690098037011921	0.0872450745664537
3736	18.68	-0.00690098037011921	0.0859554025810212
3737	18.685	-0.00819065235555172	0.0859554025810212
3738	18.69	-0.00819065235555172	0.0859554025810212
3739	18.695	-0.00819065235555172	0.0859554025810212
3740	18.7	-0.00948032434098423	0.0859554025810212
3741	18.705	-0.00819065235555172	0.0859554025810212
3742	18.71	-0.00819065235555172	0.0859554025810212
3743	18.715	-0.00948032434098423	0.0859554025810212
3744	18.72	-0.00948032434098423	0.0859554025810212
3745	18.725	-0.00948032434098423	0.0846657305955887
3746	18.73	-0.00948032434098423	0.0846657305955887
3747	18.735	-0.0107699963264167	0.0859554025810212
3748	18.74	-0.00948032434098423	0.0846657305955887
3749	18.745	-0.00948032434098423	0.0859554025810212
3750	18.75	-0.00948032434098423	0.0846657305955887
3751	18.755	-0.00948032434098423	0.0846657305955887
3752	18.76	-0.00948032434098423	0.0846657305955887
3753	18.765	-0.00948032434098423	0.0833760586101562
3754	18.77	-0.00948032434098423	0.0833760586101562
3755	18.775	-0.00948032434098423	0.0846657305955887
3756	18.78	-0.0107699963264167	0.0846657305955887
3757	18.785	-0.00948032434098423	0.0833760586101562
3758	18.79	-0.0107699963264167	0.0846657305955887
3759	18.795	-0.0107699963264167	0.0833760586101562
3760	18.8	-0.0107699963264167	0.0833760586101562
3761	18.805	-0.0120596683118492	0.0833760586101562
3762	18.81	-0.0120596683118492	0.0833760586101562
3763	18.815	-0.0120596683118492	0.0833760586101562
3764	18.82	-0.0107699963264167	0.0833760586101562
3765	18.825	-0.0120596683118492	0.0820863866247237
3766	18.83	-0.0133493402972817	0.0833760586101562
3767	18.835	-0.0133493402972817	0.0820863866247237
3768	18.84	-0.0120596683118492	0.0820863866247237
3769	18.845	-0.0133493402972817	0.0820863866247237
3770	18.85	-0.0133493402972817	0.0820863866247237
3771	18.855	-0.0133493402972817	0.0820863866247237
3772	18.86	-0.0120596683118492	0.0820863866247237
3773	18.865	-0.0133493402972817	0.0820863866247237
3774	18.87	-0.0133493402972817	0.0820863866247237
3775	18.875	-0.0146390122827142	0.0807967146392912
3776	18.88	-0.0146390122827142	0.0807967146392912
3777	18.885	-0.0146390122827142	0.0820863866247237
3778	18.89	-0.0146390122827142	0.0807967146392912
3779	18.895	-0.0133493402972817	0.0807967146392912
3780	18.9	-0.0146390122827142	0.0807967146392912
3781	18.905	-0.0146390122827142	0.0807967146392912
3782	18.91	-0.0146390122827142	0.0807967146392912
3783	18.915	-0.0133493402972817	0.0807967146392912
3784	18.92	-0.0146390122827142	0.0807967146392912
3785	18.925	-0.0146390122827142	0.0807967146392912
3786	18.93	-0.0146390122827142	0.0795070426538587
3787	18.935	-0.0146390122827142	0.0807967146392912
3788	18.94	-0.0146390122827142	0.0807967146392912
3789	18.945	-0.0146390122827142	0.0795070426538587
3790	18.95	-0.0146390122827142	0.0795070426538587
3791	18.955	-0.0146390122827142	0.0795070426538587
3792	18.96	-0.0146390122827142	0.0795070426538587
3793	18.965	-0.0146390122827142	0.0795070426538587
3794	18.97	-0.0159286842681468	0.0795070426538587
3795	18.975	-0.0159286842681468	0.0795070426538587
3796	18.98	-0.0159286842681468	0.0795070426538587
3797	18.985	-0.0172183562535793	0.0795070426538587
3798	18.99	-0.0159286842681468	0.0782173706684262
3799	18.995	-0.0172183562535793	0.0782173706684262
3800	19	-0.0159286842681468	0.0782173706684262
3801	19.005	-0.0159286842681468	0.0782173706684262
3802	19.01	-0.0159286842681468	0.0782173706684262
3803	19.015	-0.0159286842681468	0.0782173706684262
3804	19.02	-0.0146390122827142	0.0782173706684262
3805	19.025	-0.0159286842681468	0.0782173706684262
3806	19.03	-0.0159286842681468	0.0769276986829937
3807	19.035	-0.0159286842681468	0.0769276986829937
3808	19.04	-0.0146390122827142	0.0769276986829937
3809	19.045	-0.0146390122827142	0.0769276986829937
3810	19.05	-0.0159286842681468	0.0769276986829937
3811	19.055	-0.0146390122827142	0.0769276986829937
3812	19.06	-0.0146390122827142	0.0756380266975611
3813	19.065	-0.0159286842681468	0.0769276986829937
3814	19.07	-0.0146390122827142	0.0769276986829937
3815	19.075	-0.0146390122827142	0.0756380266975611
3816	19.08	-0.0146390122827142	0.0756380266975611
3817	19.085	-0.0159286842681468	0.0756380266975611
3818	19.09	-0.0133493402972817	0.0756380266975611
3819	19.095	-0.0159286842681468	0.0756380266975611
3820	19.1	-0.0146390122827142	0.0756380266975611
3821	19.105	-0.0146390122827142	0.0756380266975611
3822	19.11	-0.0133493402972817	0.0743483547121286
3823	19.115	-0.0133493402972817	0.0743483547121286
3824	19.12	-0.0133493402972817	0.0743483547121286
3825	19.125	-0.0146390122827142	0.0743483547121286
3826	19.13	-0.0120596683118492	0.0756380266975611
3827	19.135	-0.0120596683118492	0.0743483547121286
3828	19.14	-0.0133493402972817	0.0743483547121286
3829	19.145	-0.0120596683118492	0.0743483547121286
3830	19.15	-0.0133493402972817	0.0743483547121286
3831	19.155	-0.0120596683118492	0.0743483547121286
3832	19.16	-0.0107699963264167	0.0730586827266961
3833	19.165	-0.00948032434098423	0.0730586827266961
3834	19.17	-0.0120596683118492	0.0730586827266961
3835	19.175	-0.0107699963264167	0.0730586827266961
3836	19.18	-0.0107699963264167	0.0730586827266961
3837	19.185	-0.0107699963264167	0.0730586827266961
3838	19.19	-0.00948032434098423	0.0730586827266961
3839	19.195	-0.00948032434098423	0.0717690107412636
3840	19.2	-0.0107699963264167	0.0730586827266961
3841	19.205	-0.00948032434098423	0.0717690107412636
3842	19.21	-0.00948032434098423	0.0717690107412636
3843	19.215	-0.00819065235555172	0.0717690107412636
3844	19.22	-0.00819065235555172	0.0717690107412636
3845	19.225	-0.00948032434098423	0.0717690107412636
3846	19.23	-0.00819065235555172	0.0717690107412636
3847	19.235	-0.00819065235555172	0.0717690107412636
3848	19.24	-0.00819065235555172	0.0704793387558311
3849	19.245	-0.00690098037011921	0.0717690107412636
3850	19.25	-0.00819065235555172	0.0704793387558311
3851	19.255	-0.00690098037011921	0.0704793387558311
3852	19.26	-0.00690098037011921	0.0704793387558311
3853	19.265	-0.00690098037011921	0.0704793387558311
3854	19.27	-0.00690098037011921	0.0704793387558311
3855	19.275	-0.00690098037011921	0.0704793387558311
3856	19.28	-0.00561130838468671	0.0691896667703986
3857	19.285	-0.00561130838468671	0.0691896667703986
3858	19.29	-0.00561130838468671	0.0691896667703986
3859	19.295	-0.00561130838468671	0.0691896667703986
3860	19.3	-0.0043216363992542	0.0691896667703986
3861	19.305	-0.00561130838468671	0.0691896667703986
3862	19.31	-0.0043216363992542	0.0691896667703986
3863	19.315	-0.0043216363992542	0.0691896667703986
3864	19.32	-0.00561130838468671	0.0678999947849661
3865	19.325	-0.0043216363992542	0.0678999947849661
3866	19.33	-0.00561130838468671	0.0678999947849661
3867	19.335	-0.0043216363992542	0.0678999947849661
3868	19.34	-0.0043216363992542	0.0678999947849661
3869	19.345	-0.0030319644138217	0.0666103227995336
3870	19.35	-0.0043216363992542	0.0678999947849661
3871	19.355	-0.0043216363992542	0.0666103227995336
3872	19.36	-0.0030319644138217	0.0666103227995336
3873	19.365	-0.0043216363992542	0.0666103227995336
3874	19.37	-0.0043216363992542	0.0666103227995336
3875	19.375	-0.0043216363992542	0.0666103227995336
3876	19.38	-0.0043216363992542	0.0666103227995336
3877	19.385	-0.0043216363992542	0.0653206508141011
3878	19.39	-0.0043216363992542	0.0653206508141011
3879	19.395	-0.0043216363992542	0.0653206508141011
3880	19.4	-0.0043216363992542	0.0653206508141011
3881	19.405	-0.0043216363992542	0.0653206508141011
3882	19.41	-0.0043216363992542	0.0653206508141011
3883	19.415	-0.0043216363992542	0.0653206508141011
3884	19.42	-0.0043216363992542	0.0640309788286686
3885	19.425	-0.0043216363992542	0.0653206508141011
3886	19.43	-0.0043216363992542	0.0640309788286686
3887	19.435	-0.0043216363992542	0.0640309788286686
3888	19.44	-0.0043216363992542	0.0640309788286686
3889	19.445	-0.0043216363992542	0.0640309788286686
3890	19.45	-0.0043216363992542	0.0640309788286686
3891	19.455	-0.0043216363992542	0.0627413068432361
3892	19.46	-0.0043216363992542	0.0627413068432361
3893	19.465	-0.0043216363992542	0.0627413068432361
3894	19.47	-0.0043216363992542	0.0627413068432361
3895	19.475	-0.0043216363992542	0.0627413068432361
3896	19.48	-0.0043216363992542	0.0614516348578036
3897	19.485	-0.0043216363992542	0.0627413068432361
3898	19.49	-0.0043216363992542	0.0627413068432361
3899	19.495	-0.0043216363992542	0.0614516348578036
3900	19.5	-0.00561130838468671	0.0614516348578036
3901	19.505	-0.0043216363992542	0.0614516348578036
3902	19.51	-0.0043216363992542	0.0614516348578036
3903	19.515	-0.0043216363992542	0.0601619628723711
3904	19.52	-0.0043216363992542	0.0614516348578036
3905	19.525	-0.0043216363992542	0.0601619628723711
3906	19.53	-0.0043216363992542	0.0601619628723711
3907	19.535	-0.0043216363992542	0.0601619628723711
3908	19.54	-0.0043216363992542	0.0601619628723711
3909	19.545	-0.00561130838468671	0.0601619628723711
3910	19.55	-0.0043216363992542	0.0601619628723711
3911	19.555	-0.0043216363992542	0.0601619628723711
3912	19.56	-0.0043216363992542	0.0601619628723711
3913	19.565	-0.0043216363992542	0.0588722908869386
3914	19.57	-0.00561130838468671	0.0601619628723711
3915	19.575	-0.0043216363992542	0.0588722908869386
3916	19.58	-0.00561130838468671	0.0588722908869386
3917	19.585	-0.0043216363992542	0.0588722908869386
3918	19.59	-0.0043216363992542	0.0588722908869386
3919	19.595	-0.0043216363992542	0.0575826189015061
3920	19.6	-0.0043216363992542	0.0575826189015061
3921	19.605	-0.00561130838468671	0.0588722908869386
3922	19.61	-0.0043216363992542	0.0575826189015061
3923	19.615	-0.0043216363992542	0.0575826189015061
3924	19.62	-0.00561130838468671	0.0575826189015061
3925	19.625	-0.0043216363992542	0.0575826189015061
3926	19.63	-0.0043216363992542	0.0575826189015061
3927	19.635	-0.0043216363992542	0.0575826189015061
3928	19.64	-0.00561130838468671	0.0575826189015061
3929	19.645	-0.0043216363992542	0.0575826189015061
3930	19.65	-0.00561130838468671	0.0562929469160736
3931	19.655	-0.00561130838468671	0.0562929469160736
3932	19.66	-0.0043216363992542	0.0562929469160736
3933	19.665	-0.0043216363992542	0.0562929469160736
3934	19.67	-0.00561130838468671	0.0562929469160736
3935	19.675	-0.00561130838468671	0.0562929469160736
3936	19.68	-0.00561130838468671	0.0562929469160736
3937	19.685	-0.0043216363992542	0.0562929469160736
3938	19.69	-0.0043216363992542	0.0562929469160736
3939	19.695	-0.0043216363992542	0.0550032749306411
3940	19.7	-0.00561130838468671	0.0550032749306411
3941	19.705	-0.00561130838468671	0.0550032749306411
3942	19.71	-0.00561130838468671	0.0550032749306411
3943	19.715	-0.0043216363992542	0.0550032749306411
3944	19.72	-0.00561130838468671	0.0550032749306411
3945	19.725	-0.00561130838468671	0.0550032749306411
3946	19.73	-0.00561130838468671	0.0537136029452085
3947	19.735	-0.00561130838468671	0.0537136029452085
3948	19.74	-0.00561130838468671	0.0537136029452085
3949	19.745	-0.00561130838468671	0.0537136029452085
3950	19.75	-0.00561130838468671	0.0537136029452085
3951	19.755	-0.00561130838468671	0.0537136029452085
3952	19.76	-0.00561130838468671	0.0537136029452085
3953	19.765	-0.00561130838468671	0.052423930959776
3954	19.77	-0.00561130838468671	0.0537136029452085
3955	19.775	-0.00561130838468671	0.052423930959776
3956	19.78	-0.00690098037011921	0.052423930959776
3957	19.785	-0.00561130838468671	0.052423930959776
3958	19.79	-0.00561130838468671	0.052423930959776
3959	19.795	-0.00690098037011921	0.052423930959776
3960	19.8	-0.00561130838468671	0.052423930959776
3961	19.805	-0.00561130838468671	0.0511342589743435
3962	19.81	-0.00561130838468671	0.0511342589743435
3963	19.815	-0.00690098037011921	0.0511342589743435
3964	19.82	-0.00561130838468671	0.0511342589743435
3965	19.825	-0.00690098037011921	0.0511342589743435
3966	19.83	-0.00690098037011921	0.0511342589743435
3967	19.835	-0.00561130838468671	0.0511342589743435
3968	19.84	-0.00561130838468671	0.0511342589743435
3969	19.845	-0.00690098037011921	0.049844586988911
3970	19.85	-0.00690098037011921	0.0511342589743435
3971	19.855	-0.00690098037011921	0.049844586988911
3972	19.86	-0.00690098037011921	0.049844586988911
3973	19.865	-0.00690098037011921	0.049844586988911
3974	19.87	-0.00690098037011921	0.049844586988911
3975	19.875	-0.00690098037011921	0.0485549150034785
3976	19.88	-0.00819065235555172	0.049844586988911
3977	19.885	-0.00819065235555172	0.049844586988911
3978	19.89	-0.00690098037011921	0.0485549150034785
3979	19.895	-0.00819065235555172	0.0485549150034785
3980	19.9	-0.00819065235555172	0.0485549150034785
3981	19.905	-0.00819065235555172	0.0485549150034785
3982	19.91	-0.00819065235555172	0.0485549150034785
3983	19.915	-0.00819065235555172	0.047265243018046
3984	19.92	-0.00819065235555172	0.0485549150034785
3985	19.925	-0.00819065235555172	0.047265243018046
3986	19.93	-0.00819065235555172	0.047265243018046
3987	19.935	-0.00819065235555172	0.047265243018046
3988	19.94	-0.00819065235555172	0.047265243018046
3989	19.945	-0.00819065235555172	0.047265243018046
3990	19.95	-0.00819065235555172	0.047265243018046
3991	19.955	-0.00819065235555172	0.047265243018046
3992	19.96	-0.00819065235555172	0.047265243018046
3993	19.965	-0.00819065235555172	0.0459755710326135
3994	19.97	-0.00819065235555172	0.0459755710326135
3995	19.975	-0.00819065235555172	0.0459755710326135
3996	19.98	-0.00690098037011921	0.0459755710326135
3997	19.985	-0.00819065235555172	0.0459755710326135
3998	19.99	-0.00819065235555172	0.0459755710326135
3999	19.995	-0.00819065235555172	0.0459755710326135
4000	20	-0.00819065235555172	0.0459755710326135
4001	20.005	-0.00819065235555172	0.0459755710326135
4002	20.01	-0.00819065235555172	0.0459755710326135
4003	20.015	-0.00819065235555172	0.044685899047181
4004	20.02	-0.00819065235555172	0.044685899047181
4005	20.025	-0.00948032434098423	0.044685899047181
4006	20.03	-0.00948032434098423	0.044685899047181
4007	20.035	-0.00948032434098423	0.044685899047181
4008	20.04	-0.00819065235555172	0.044685899047181
4009	20.045	-0.00819065235555172	0.044685899047181
4010	20.05	-0.00819065235555172	0.044685899047181
4011	20.055	-0.00819065235555172	0.044685899047181
4012	20.06	-0.00819065235555172	0.044685899047181
4013	20.065	-0.00819065235555172	0.0433962270617485
4014	20.07	-0.00819065235555172	0.044685899047181
4015	20.075	-0.00819065235555172	0.0433962270617485
4016	20.08	-0.00819065235555172	0.0433962270617485
4017	20.085	-0.00948032434098423	0.0433962270617485
4018	20.09	-0.00948032434098423	0.0433962270617485
4019	20.095	-0.00948032434098423	0.0433962270617485
4020	20.1	-0.00819065235555172	0.0433962270617485
4021	20.105	-0.00948032434098423	0.0433962270617485
4022	20.11	-0.00948032434098423	0.0433962270617485
4023	20.115	-0.00948032434098423	0.042106555076316
4024	20.12	-0.00948032434098423	0.042106555076316
4025	20.125	-0.00948032434098423	0.0433962270617485
4026	20.13	-0.00948032434098423	0.042106555076316
4027	20.135	-0.00948032434098423	0.042106555076316
4028	20.14	-0.00948032434098423	0.042106555076316
4029	20.145	-0.00948032434098423	0.042106555076316
4030	20.15	-0.00948032434098423	0.042106555076316
4031	20.155	-0.0107699963264167	0.042106555076316
4032	20.16	-0.00948032434098423	0.042106555076316
4033	20.165	-0.0107699963264167	0.042106555076316
4034	20.17	-0.00948032434098423	0.042106555076316
4035	20.175	-0.0107699963264167	0.0408168830908835
4036	20.18	-0.0107699963264167	0.042106555076316
4037	20.185	-0.00948032434098423	0.0408168830908835
4038	20.19	-0.0107699963264167	0.0408168830908835
4039	20.195	-0.0107699963264167	0.0408168830908835
4040	20.2	-0.0107699963264167	0.042106555076316
4041	20.205	-0.0107699963264167	0.0408168830908835
4042	20.21	-0.0107699963264167	0.0408168830908835
4043	20.215	-0.0107699963264167	0.0408168830908835
4044	20.22	-0.0107699963264167	0.0408168830908835
4045	20.225	-0.0120596683118492	0.0408168830908835
4046	20.23	-0.0120596683118492	0.039527211105451
4047	20.235	-0.0133493402972817	0.039527211105451
4048	20.24	-0.0133493402972817	0.039527211105451
4049	20.245	-0.0120596683118492	0.039527211105451
4050	20.25	-0.0133493402972817	0.039527211105451
4051	20.255	-0.0120596683118492	0.0408168830908835
4052	20.26	-0.0133493402972817	0.039527211105451
4053	20.265	-0.0133493402972817	0.039527211105451
4054	20.27	-0.0133493402972817	0.039527211105451
4055	20.275	-0.0146390122827142	0.039527211105451
4056	20.28	-0.0146390122827142	0.039527211105451
4057	20.285	-0.0146390122827142	0.0382375391200185
4058	20.29	-0.0133493402972817	0.0382375391200185
4059	20.295	-0.0146390122827142	0.0382375391200185
4060	20.3	-0.0159286842681468	0.0382375391200185
4061	20.305	-0.0159286842681468	0.0382375391200185
4062	20.31	-0.0146390122827142	0.0382375391200185
4063	20.315	-0.0159286842681468	0.0382375391200185
4064	20.32	-0.0159286842681468	0.0382375391200185
4065	20.325	-0.0146390122827142	0.0382375391200185
4066	20.33	-0.0146390122827142	0.0382375391200185
4067	20.335	-0.0159286842681468	0.0382375391200185
4068	20.34	-0.0159286842681468	0.036947867134586
4069	20.345	-0.0146390122827142	0.036947867134586
4070	20.35	-0.0172183562535793	0.036947867134586
4071	20.355	-0.0159286842681468	0.036947867134586
4072	20.36	-0.0159286842681468	0.036947867134586
4073	20.365	-0.0159286842681468	0.036947867134586
4074	20.37	-0.0172183562535793	0.036947867134586
4075	20.375	-0.0172183562535793	0.0356581951491535
4076	20.38	-0.0172183562535793	0.036947867134586
4077	20.385	-0.0172183562535793	0.0356581951491535
4078	20.39	-0.0185080282390118	0.036947867134586
4079	20.395	-0.0185080282390118	0.0356581951491535
4080	20.4	-0.0185080282390118	0.0356581951491535
4081	20.405	-0.0185080282390118	0.0356581951491535
4082	20.41	-0.0197977002244443	0.0356581951491535
4083	20.415	-0.0197977002244443	0.0356581951491535
4084	20.42	-0.0210873722098768	0.0356581951491535
4085	20.425	-0.0210873722098768	0.0356581951491535
4086	20.43	-0.0223770441953093	0.0356581951491535
4087	20.435	-0.0210873722098768	0.034368523163721
4088	20.44	-0.0210873722098768	0.0356581951491535
4089	20.445	-0.0223770441953093	0.0356581951491535
4090	20.45	-0.0236667161807418	0.034368523163721
4091	20.455	-0.0223770441953093	0.034368523163721
4092	20.46	-0.0223770441953093	0.034368523163721
4093	20.465	-0.0223770441953093	0.034368523163721
4094	20.47	-0.0223770441953093	0.034368523163721
4095	20.475	-0.0210873722098768	0.034368523163721
4096	20.48	-0.0223770441953093	0.034368523163721
4097	20.485	-0.0223770441953093	0.0330788511782885
4098	20.49	-0.0249563881661743	0.034368523163721
4099	20.495	-0.0236667161807418	0.0330788511782885
4100	20.5	-0.0223770441953093	0.0330788511782885
4101	20.505	-0.0249563881661743	0.0330788511782885
4102	20.51	-0.0249563881661743	0.0330788511782885
4103	20.515	-0.0249563881661743	0.0330788511782885
4104	20.52	-0.0262460601516068	0.0330788511782885
4105	20.525	-0.0262460601516068	0.0330788511782885
4106	20.53	-0.0288254041224718	0.0330788511782885
4107	20.535	-0.0275357321370393	0.0330788511782885
4108	20.54	-0.0314047480933368	0.0330788511782885
4109	20.545	-0.0314047480933368	0.031789179192856
4110	20.55	-0.0326944200787693	0.031789179192856
4111	20.555	-0.0326944200787693	0.031789179192856
4112	20.56	-0.0326944200787693	0.031789179192856
4113	20.565	-0.0339840920642018	0.031789179192856
4114	20.57	-0.0352737640496343	0.031789179192856
4115	20.575	-0.0352737640496343	0.031789179192856
4116	20.58	-0.0352737640496343	0.031789179192856
4117	20.585	-0.0365634360350668	0.031789179192856
4118	20.59	-0.0378531080204993	0.0304995072074234
4119	20.595	-0.0352737640496343	0.0304995072074234
4120	20.6	-0.0352737640496343	0.0304995072074234
4121	20.605	-0.0378531080204993	0.031789179192856
4122	20.61	-0.0404324519913644	0.0304995072074234
4123	20.615	-0.0378531080204993	0.0304995072074234
4124	20.62	-0.0404324519913644	0.0304995072074234
4125	20.625	-0.0391427800059319	0.0304995072074234
4126	20.63	-0.0404324519913644	0.0304995072074234
4127	20.635	-0.0430117959622294	0.0292098352219909
4128	20.64	-0.0430117959622294	0.0292098352219909
4129	20.645	-0.0417221239767969	0.0292098352219909
4130	20.65	-0.0443014679476619	0.0292098352219909
4131	20.655	-0.0443014679476619	0.0292098352219909
4132	20.66	-0.0455911399330944	0.0292098352219909
4133	20.665	-0.0481704839039594	0.0292098352219909
4134	20.67	-0.0494601558893919	0.0292098352219909
4135	20.675	-0.0494601558893919	0.0292098352219909
4136	20.68	-0.0507498278748244	0.0292098352219909
4137	20.685	-0.0520394998602569	0.0292098352219909
4138	20.69	-0.0507498278748244	0.0279201632365584
4139	20.695	-0.0533291718456894	0.0279201632365584
4140	20.7	-0.0520394998602569	0.0279201632365584
4141	20.705	-0.0533291718456894	0.0279201632365584
4142	20.71	-0.0533291718456894	0.0279201632365584
4143	20.715	-0.0520394998602569	0.0279201632365584
4144	20.72	-0.0559085158165544	0.0279201632365584
4145	20.725	-0.0546188438311219	0.0279201632365584
4146	20.73	-0.0546188438311219	0.0279201632365584
4147	20.735	-0.0546188438311219	0.0266304912511259
4148	20.74	-0.0546188438311219	0.0266304912511259
4149	20.745	-0.0546188438311219	0.0266304912511259
4150	20.75	-0.0559085158165544	0.0266304912511259
4151	20.755	-0.0559085158165544	0.0266304912511259
4152	20.76	-0.0559085158165544	0.0253408192656934
4153	20.765	-0.0533291718456894	0.0253408192656934
4154	20.77	-0.0546188438311219	0.0253408192656934
4155	20.775	-0.0546188438311219	0.0266304912511259
4156	20.78	-0.0546188438311219	0.0253408192656934
4157	20.785	-0.0559085158165544	0.0253408192656934
4158	20.79	-0.0546188438311219	0.0253408192656934
4159	20.795	-0.0533291718456894	0.0253408192656934
4160	20.8	-0.0559085158165544	0.0253408192656934
4161	20.805	-0.0533291718456894	0.0253408192656934
4162	20.81	-0.0546188438311219	0.0240511472802609
4163	20.815	-0.0520394998602569	0.0240511472802609
4164	20.82	-0.0507498278748244	0.0240511472802609
4165	20.825	-0.0507498278748244	0.0240511472802609
4166	20.83	-0.0494601558893919	0.0240511472802609
4167	20.835	-0.0494601558893919	0.0240511472802609
4168	20.84	-0.0481704839039594	0.0240511472802609
4169	20.845	-0.0481704839039594	0.0240511472802609
4170	20.85	-0.0481704839039594	0.0240511472802609
4171	20.855	-0.0443014679476619	0.0227614752948284
4172	20.86	-0.0455911399330944	0.0227614752948284
4173	20.865	-0.0443014679476619	0.0227614752948284
4174	20.87	-0.0455911399330944	0.0227614752948284
4175	20.875	-0.0443014679476619	0.0227614752948284
4176	20.88	-0.0430117959622294	0.0227614752948284
4177	20.885	-0.0430117959622294	0.0227614752948284
4178	20.89	-0.0417221239767969	0.0227614752948284
4179	20.895	-0.0391427800059319	0.0227614752948284
4180	20.9	-0.0404324519913644	0.0214718033093959
4181	20.905	-0.0404324519913644	0.0214718033093959
4182	20.91	-0.0391427800059319	0.0214718033093959
4183	20.915	-0.0365634360350668	0.0214718033093959
4184	20.92	-0.0339840920642018	0.0214718033093959
4185	20.925	-0.0352737640496343	0.0214718033093959
4186	20.93	-0.0339840920642018	0.0214718033093959
4187	20.935	-0.0314047480933368	0.0214718033093959
4188	20.94	-0.0314047480933368	0.0201821313239634
4189	20.945	-0.0275357321370393	0.0214718033093959
4190	20.95	-0.0262460601516068	0.0214718033093959
4191	20.955	-0.0249563881661743	0.0201821313239634
4192	20.96	-0.0249563881661743	0.0201821313239634
4193	20.965	-0.0236667161807418	0.0201821313239634
4194	20.97	-0.0210873722098768	0.0201821313239634
4195	20.975	-0.0210873722098768	0.0201821313239634
4196	20.98	-0.0197977002244443	0.0188924593385309
4197	20.985	-0.0197977002244443	0.0201821313239634
4198	20.99	-0.0197977002244443	0.0188924593385309
4199	20.995	-0.0185080282390118	0.0188924593385309
4200	21	-0.0185080282390118	0.0188924593385309
4201	21.005	-0.0172183562535793	0.0188924593385309
4202	21.01	-0.0172183562535793	0.0188924593385309
4203	21.015	-0.0172183562535793	0.0188924593385309
4204	21.02	-0.0159286842681468	0.0188924593385309
4205	21.025	-0.0159286842681468	0.0188924593385309
4206	21.03	-0.0159286842681468	0.0176027873530984
4207	21.035	-0.0159286842681468	0.0176027873530984
4208	21.04	-0.0146390122827142	0.0176027873530984
4209	21.045	-0.0146390122827142	0.0176027873530984
4210	21.05	-0.0133493402972817	0.0176027873530984
4211	21.055	-0.0146390122827142	0.0163131153676659
4212	21.06	-0.0133493402972817	0.0176027873530984
4213	21.065	-0.0120596683118492	0.0163131153676659
4214	21.07	-0.0107699963264167	0.0163131153676659
4215	21.075	-0.0107699963264167	0.0163131153676659
4216	21.08	-0.00948032434098423	0.0163131153676659
4217	21.085	-0.00819065235555172	0.0163131153676659
4218	21.09	-0.00819065235555172	0.0163131153676659
4219	21.095	-0.00819065235555172	0.0163131153676659
4220	21.1	-0.00690098037011921	0.0163131153676659
4221	21.105	-0.00690098037011921	0.0163131153676659
4222	21.11	-0.00561130838468671	0.0150234433822334
4223	21.115	-0.00690098037011921	0.0150234433822334
4224	21.12	-0.00561130838468671	0.0150234433822334
4225	21.125	-0.0043216363992542	0.0150234433822334
4226	21.13	-0.0043216363992542	0.0150234433822334
4227	21.135	-0.0043216363992542	0.0137337713968009
4228	21.14	-0.0043216363992542	0.0137337713968009
4229	21.145	-0.00561130838468671	0.0137337713968009
4230	21.15	-0.0043216363992542	0.0137337713968009
4231	21.155	-0.0043216363992542	0.0137337713968009
4232	21.16	-0.0043216363992542	0.0137337713968009
4233	21.165	-0.00561130838468671	0.0137337713968009
4234	21.17	-0.0043216363992542	0.0137337713968009
4235	21.175	-0.0043216363992542	0.0124440994113684
4236	21.18	-0.0043216363992542	0.0124440994113684
4237	21.185	-0.0043216363992542	0.0124440994113684
4238	21.19	-0.0043216363992542	0.0124440994113684
4239	21.195	-0.00561130838468671	0.0124440994113684
4240	21.2	-0.00561130838468671	0.0124440994113684
4241	21.205	-0.00561130838468671	0.0124440994113684
4242	21.21	-0.00561130838468671	0.0124440994113684
4243	21.215	-0.00561130838468671	0.0111544274259359
4244	21.22	-0.00561130838468671	0.0124440994113684
4245	21.225	-0.00561130838468671	0.0111544274259359
4246	21.23	-0.00561130838468671	0.0111544274259359
4247	21.235	-0.00561130838468671	0.0111544274259359
4248	21.24	-0.00561130838468671	0.0111544274259359
4249	21.245	-0.00561130838468671	0.0111544274259359
4250	21.25	-0.00561130838468671	0.0111544274259359
4251	21.255	-0.00690098037011921	0.0111544274259359
4252	21.26	-0.00561130838468671	0.0111544274259359
4253	21.265	-0.00690098037011921	0.00986475544050336
4254	21.27	-0.00690098037011921	0.00986475544050336
4255	21.275	-0.00690098037011921	0.00986475544050336
4256	21.28	-0.00690098037011921	0.00986475544050336
4257	21.285	-0.00690098037011921	0.00986475544050336
4258	21.29	-0.00690098037011921	0.00986475544050336
4259	21.295	-0.00690098037011921	0.00857508345507085
4260	21.3	-0.00690098037011921	0.00857508345507085
4261	21.305	-0.00561130838468671	0.00857508345507085
4262	21.31	-0.00690098037011921	0.00986475544050336
4263	21.315	-0.00690098037011921	0.00986475544050336
4264	21.32	-0.00690098037011921	0.00857508345507085
4265	21.325	-0.00690098037011921	0.00857508345507085
4266	21.33	-0.00690098037011921	0.00857508345507085
4267	21.335	-0.00690098037011921	0.00857508345507085
4268	21.34	-0.00690098037011921	0.00857508345507085
4269	21.345	-0.00690098037011921	0.00728541146963835
4270	21.35	-0.00690098037011921	0.00728541146963835
4271	21.355	-0.00690098037011921	0.00728541146963835
4272	21.36	-0.00690098037011921	0.00728541146963835
4273	21.365	-0.00690098037011921	0.00728541146963835
4274	21.37	-0.00690098037011921	0.00728541146963835
4275	21.375	-0.00819065235555172	0.00728541146963835
4276	21.38	-0.00690098037011921	0.00728541146963835
4277	21.385	-0.00690098037011921	0.00728541146963835
4278	21.39	-0.00690098037011921	0.00599573948420584
4279	21.395	-0.00690098037011921	0.00599573948420584
4280	21.4	-0.00690098037011921	0.00599573948420584
4281	21.405	-0.00690098037011921	0.00599573948420584
4282	21.41	-0.00690098037011921	0.00599573948420584
4283	21.415	-0.00819065235555172	0.00599573948420584
4284	21.42	-0.00690098037011921	0.00599573948420584
4285	21.425	-0.00690098037011921	0.00470606749877334
4286	21.43	-0.00690098037011921	0.00470606749877334
4287	21.435	-0.00690098037011921	0.00470606749877334
4288	21.44	-0.00690098037011921	0.00470606749877334
4289	21.445	-0.00690098037011921	0.00470606749877334
4290	21.45	-0.00690098037011921	0.00470606749877334
4291	21.455	-0.00690098037011921	0.00341639551334083
4292	21.46	-0.00690098037011921	0.00470606749877334
4293	21.465	-0.00690098037011921	0.00470606749877334
4294	21.47	-0.00819065235555172	0.00470606749877334
4295	21.475	-0.00819065235555172	0.00470606749877334
4296	21.48	-0.00819065235555172	0.00341639551334083
4297	21.485	-0.00690098037011921	0.00341639551334083
4298	21.49	-0.00690098037011921	0.00341639551334083
4299	21.495	-0.00690098037011921	0.00341639551334083
4300	21.5	-0.00819065235555172	0.00341639551334083
4301	21.505	-0.00819065235555172	0.00212672352790833
4302	21.51	-0.00819065235555172	0.00212672352790833
4303	21.515	-0.00819065235555172	0.00212672352790833
4304	21.52	-0.00819065235555172	0.00341639551334083
4305	21.525	-0.00819065235555172	0.00212672352790833
4306	21.53	-0.00819065235555172	0.00212672352790833
4307	21.535	-0.00819065235555172	0.00212672352790833
4308	21.54	-0.00819065235555172	0.00212672352790833
4309	21.545	-0.00948032434098423	0.00212672352790833
4310	21.55	-0.00948032434098423	0.00212672352790833
4311	21.555	-0.00948032434098423	0.00083705154247582
4312	21.56	-0.00948032434098423	0.00212672352790833
4313	21.565	-0.00948032434098423	0.00083705154247582
4314	21.57	-0.0107699963264167	0.00083705154247582
4315	21.575	-0.00948032434098423	0.00083705154247582
4316	21.58	-0.00948032434098423	0.00083705154247582
4317	21.585	-0.0107699963264167	0.00083705154247582
4318	21.59	-0.0107699963264167	0.00083705154247582
4319	21.595	-0.0107699963264167	0.00083705154247582
4320	21.6	-0.0107699963264167	-0.000452620442956686
4321	21.605	-0.0107699963264167	-0.000452620442956686
4322	21.61	-0.0120596683118492	-0.000452620442956686
4323	21.615	-0.0120596683118492	-0.000452620442956686
4324	21.62	-0.0120596683118492	-0.000452620442956686
4325	21.625	-0.0120596683118492	-0.000452620442956686
4326	21.63	-0.0120596683118492	-0.000452620442956686
4327	21.635	-0.0120596683118492	-0.000452620442956686
4328	21.64	-0.0120596683118492	-0.000452620442956686
4329	21.645	-0.0133493402972817	-0.000452620442956686
4330	21.65	-0.0133493402972817	-0.00174229242838919
4331	21.655	-0.0133493402972817	-0.00174229242838919
4332	21.66	-0.0133493402972817	-0.00174229242838919
4333	21.665	-0.0133493402972817	-0.00174229242838919
4334	21.67	-0.0133493402972817	-0.0030319644138217
4335	21.675	-0.0146390122827142	-0.00174229242838919
4336	21.68	-0.0133493402972817	-0.00174229242838919
4337	21.685	-0.0146390122827142	-0.00174229242838919
4338	21.69	-0.0146390122827142	-0.00174229242838919
4339	21.695	-0.0133493402972817	-0.0030319644138217
4340	21.7	-0.0146390122827142	-0.0030319644138217
4341	21.705	-0.0133493402972817	-0.0030319644138217
4342	21.71	-0.0146390122827142	-0.00174229242838919
4343	21.715	-0.0159286842681468	-0.0030319644138217
4344	21.72	-0.0159286842681468	-0.0030319644138217
4345	21.725	-0.0146390122827142	-0.0030319644138217
4346	21.73	-0.0159286842681468	-0.0030319644138217
4347	21.735	-0.0159286842681468	-0.0030319644138217
4348	21.74	-0.0159286842681468	-0.0043216363992542
4349	21.745	-0.0159286842681468	-0.0043216363992542
4350	21.75	-0.0159286842681468	-0.0043216363992542
4351	21.755	-0.0172183562535793	-0.0030319644138217
4352	21.76	-0.0159286842681468	-0.0043216363992542
4353	21.765	-0.0172183562535793	-0.0043216363992542
4354	21.77	-0.0172183562535793	-0.0043216363992542
4355	21.775	-0.0172183562535793	-0.0043216363992542
4356	21.78	-0.0172183562535793	-0.0043216363992542
4357	21.785	-0.0172183562535793	-0.0043216363992542
4358	21.79	-0.0172183562535793	-0.00561130838468671
4359	21.795	-0.0185080282390118	-0.00561130838468671
4360	21.8	-0.0197977002244443	-0.00561130838468671
4361	21.805	-0.0172183562535793	-0.00561130838468671
4362	21.81	-0.0172183562535793	-0.00561130838468671
4363	21.815	-0.0185080282390118	-0.00561130838468671
4364	21.82	-0.0185080282390118	-0.00561130838468671
4365	21.825	-0.0185080282390118	-0.00561130838468671
4366	21.83	-0.0197977002244443	-0.00690098037011921
4367	21.835	-0.0197977002244443	-0.00690098037011921
4368	21.84	-0.0185080282390118	-0.00561130838468671
4369	21.845	-0.0197977002244443	-0.00690098037011921
4370	21.85	-0.0197977002244443	-0.00690098037011921
4371	21.855	-0.0197977002244443	-0.00690098037011921
4372	21.86	-0.0197977002244443	-0.00690098037011921
4373	21.865	-0.0210873722098768	-0.00690098037011921
4374	21.87	-0.0210873722098768	-0.00690098037011921
4375	21.875	-0.0210873722098768	-0.00819065235555172
4376	21.88	-0.0210873722098768	-0.00690098037011921
4377	21.885	-0.0210873722098768	-0.00819065235555172
4378	21.89	-0.0236667161807418	-0.00819065235555172
4379	21.895	-0.0210873722098768	-0.00819065235555172
4380	21.9	-0.0223770441953093	-0.00690098037011921
4381	21.905	-0.0223770441953093	-0.00819065235555172
4382	21.91	-0.0223770441953093	-0.00819065235555172
4383	21.915	-0.0210873722098768	-0.00819065235555172
4384	21.92	-0.0236667161807418	-0.00819065235555172
4385	21.925	-0.0210873722098768	-0.00948032434098423
4386	21.93	-0.0236667161807418	-0.00948032434098423
4387	21.935	-0.0223770441953093	-0.00948032434098423
4388	21.94	-0.0223770441953093	-0.00948032434098423
4389	21.945	-0.0223770441953093	-0.00948032434098423
4390	21.95	-0.0236667161807418	-0.00948032434098423
4391	21.955	-0.0236667161807418	-0.00948032434098423
4392	21.96	-0.0236667161807418	-0.00948032434098423
4393	21.965	-0.0236667161807418	-0.00948032434098423
4394	21.97	-0.0236667161807418	-0.00948032434098423
4395	21.975	-0.0223770441953093	-0.00948032434098423
4396	21.98	-0.0262460601516068	-0.0107699963264167
4397	21.985	-0.0249563881661743	-0.0107699963264167
4398	21.99	-0.0249563881661743	-0.0107699963264167
4399	21.995	-0.0262460601516068	-0.0107699963264167
4400	22	-0.0262460601516068	-0.0107699963264167
4401	22.005	-0.0262460601516068	-0.0107699963264167
4402	22.01	-0.0275357321370393	-0.0107699963264167
4403	22.015	-0.0275357321370393	-0.0107699963264167
4404	22.02	-0.0275357321370393	-0.0107699963264167
4405	22.025	-0.0288254041224718	-0.0107699963264167
4406	22.03	-0.0275357321370393	-0.0107699963264167
4407	22.035	-0.0275357321370393	-0.0120596683118492
4408	22.04	-0.0275357321370393	-0.0107699963264167
4409	22.045	-0.0275357321370393	-0.0120596683118492
4410	22.05	-0.0275357321370393	-0.0120596683118492
4411	22.055	-0.0301150761079043	-0.0120596683118492
4412	22.06	-0.0288254041224718	-0.0120596683118492
4413	22.065	-0.0301150761079043	-0.0120596683118492
4414	22.07	-0.0301150761079043	-0.0120596683118492
4415	22.075	-0.0301150761079043	-0.0120596683118492
4416	22.08	-0.0288254041224718	-0.0120596683118492
4417	22.085	-0.0288254041224718	-0.0133493402972817
4418	22.09	-0.0314047480933368	-0.0133493402972817
4419	22.095	-0.0314047480933368	-0.0133493402972817
4420	22.1	-0.0314047480933368	-0.0133493402972817
4421	22.105	-0.0314047480933368	-0.0133493402972817
4422	22.11	-0.0326944200787693	-0.0133493402972817
4423	22.115	-0.0326944200787693	-0.0133493402972817
4424	22.12	-0.0339840920642018	-0.0133493402972817
4425	22.125	-0.0352737640496343	-0.0133493402972817
4426	22.13	-0.0352737640496343	-0.0133493402972817
4427	22.135	-0.0365634360350668	-0.0146390122827142
4428	22.14	-0.0378531080204993	-0.0146390122827142
4429	22.145	-0.0378531080204993	-0.0146390122827142
4430	22.15	-0.0378531080204993	-0.0146390122827142
4431	22.155	-0.0404324519913644	-0.0146390122827142
4432	22.16	-0.0404324519913644	-0.0146390122827142
4433	22.165	-0.0391427800059319	-0.0146390122827142
4434	22.17	-0.0417221239767969	-0.0146390122827142
4435	22.175	-0.0417221239767969	-0.0146390122827142
4436	22.18	-0.0443014679476619	-0.0146390122827142
4437	22.185	-0.0443014679476619	-0.0146390122827142
4438	22.19	-0.0443014679476619	-0.0159286842681468
4439	22.195	-0.0430117959622294	-0.0159286842681468
4440	22.2	-0.0443014679476619	-0.0159286842681468
4441	22.205	-0.0430117959622294	-0.0146390122827142
4442	22.21	-0.0430117959622294	-0.0159286842681468
4443	22.215	-0.0468808119185269	-0.0159286842681468
4444	22.22	-0.0468808119185269	-0.0159286842681468
4445	22.225	-0.0455911399330944	-0.0159286842681468
4446	22.23	-0.0468808119185269	-0.0159286842681468
4447	22.235	-0.0494601558893919	-0.0159286842681468
4448	22.24	-0.0494601558893919	-0.0159286842681468
4449	22.245	-0.0507498278748244	-0.0159286842681468
4450	22.25	-0.0520394998602569	-0.0172183562535793
4451	22.255	-0.0533291718456894	-0.0172183562535793
4452	22.26	-0.0520394998602569	-0.0159286842681468
4453	22.265	-0.0533291718456894	-0.0159286842681468
4454	22.27	-0.0546188438311219	-0.0172183562535793
4455	22.275	-0.0559085158165544	-0.0172183562535793
4456	22.28	-0.0559085158165544	-0.0172183562535793
4457	22.285	-0.0597775317728519	-0.0172183562535793
4458	22.29	-0.0597775317728519	-0.0172183562535793
4459	22.295	-0.0559085158165544	-0.0172183562535793
4460	22.3	-0.0610672037582844	-0.0172183562535793
4461	22.305	-0.0610672037582844	-0.0172183562535793
4462	22.31	-0.062356875743717	-0.0185080282390118
4463	22.315	-0.0610672037582844	-0.0172183562535793
4464	22.32	-0.062356875743717	-0.0185080282390118
4465	22.325	-0.0610672037582844	-0.0172183562535793
4466	22.33	-0.062356875743717	-0.0185080282390118
4467	22.335	-0.062356875743717	-0.0185080282390118
4468	22.34	-0.062356875743717	-0.0185080282390118
4469	22.345	-0.0636465477291495	-0.0185080282390118
4470	22.35	-0.062356875743717	-0.0185080282390118
4471	22.355	-0.0636465477291495	-0.0185080282390118
4472	22.36	-0.064936219714582	-0.0185080282390118
4473	22.365	-0.064936219714582	-0.0185080282390118
4474	22.37	-0.0662258917000145	-0.0185080282390118
4475	22.375	-0.067515563685447	-0.0185080282390118
4476	22.38	-0.0688052356708795	-0.0185080282390118
4477	22.385	-0.0688052356708795	-0.0185080282390118
4478	22.39	-0.0688052356708795	-0.0185080282390118
4479	22.395	-0.0688052356708795	-0.0197977002244443
4480	22.4	-0.0688052356708795	-0.0197977002244443
4481	22.405	-0.0713845796417445	-0.0197977002244443
4482	22.41	-0.0713845796417445	-0.0197977002244443
4483	22.415	-0.072674251627177	-0.0197977002244443
4484	22.42	-0.0739639236126095	-0.0197977002244443
4485	22.425	-0.075253595598042	-0.0197977002244443
4486	22.43	-0.075253595598042	-0.0197977002244443
4487	22.435	-0.075253595598042	-0.0197977002244443
4488	22.44	-0.077832939568907	-0.0197977002244443
4489	22.445	-0.077832939568907	-0.0197977002244443
4490	22.45	-0.0765432675834745	-0.0197977002244443
4491	22.455	-0.075253595598042	-0.0197977002244443
4492	22.46	-0.075253595598042	-0.0210873722098768
4493	22.465	-0.075253595598042	-0.0210873722098768
4494	22.47	-0.0765432675834745	-0.0210873722098768
4495	22.475	-0.0765432675834745	-0.0210873722098768
4496	22.48	-0.0765432675834745	-0.0210873722098768
4497	22.485	-0.077832939568907	-0.0210873722098768
4498	22.49	-0.077832939568907	-0.0210873722098768
4499	22.495	-0.075253595598042	-0.0210873722098768
4500	22.5	-0.077832939568907	-0.0210873722098768
4501	22.505	-0.0791226115543395	-0.0210873722098768
4502	22.51	-0.077832939568907	-0.0223770441953093
4503	22.515	-0.077832939568907	-0.0223770441953093
4504	22.52	-0.0791226115543395	-0.0210873722098768
4505	22.525	-0.077832939568907	-0.0223770441953093
4506	22.53	-0.077832939568907	-0.0223770441953093
4507	22.535	-0.077832939568907	-0.0223770441953093
4508	22.54	-0.0791226115543395	-0.0210873722098768
4509	22.545	-0.0791226115543395	-0.0223770441953093
4510	22.55	-0.077832939568907	-0.0223770441953093
4511	22.555	-0.077832939568907	-0.0223770441953093
4512	22.56	-0.075253595598042	-0.0223770441953093
4513	22.565	-0.0765432675834745	-0.0223770441953093
4514	22.57	-0.075253595598042	-0.0223770441953093
4515	22.575	-0.075253595598042	-0.0223770441953093
4516	22.58	-0.0765432675834745	-0.0236667161807418
4517	22.585	-0.075253595598042	-0.0236667161807418
4518	22.59	-0.0739639236126095	-0.0236667161807418
4519	22.595	-0.0739639236126095	-0.0236667161807418
4520	22.6	-0.0739639236126095	-0.0236667161807418
4521	22.605	-0.0739639236126095	-0.0236667161807418
4522	22.61	-0.0739639236126095	-0.0236667161807418
4523	22.615	-0.072674251627177	-0.0236667161807418
4524	22.62	-0.0713845796417445	-0.0236667161807418
4525	22.625	-0.072674251627177	-0.0236667161807418
4526	22.63	-0.072674251627177	-0.0236667161807418
4527	22.635	-0.072674251627177	-0.0236667161807418
4528	22.64	-0.072674251627177	-0.0236667161807418
4529	22.645	-0.0688052356708795	-0.0236667161807418
4530	22.65	-0.0688052356708795	-0.0236667161807418
4531	22.655	-0.070094907656312	-0.0249563881661743
4532	22.66	-0.064936219714582	-0.0249563881661743
4533	22.665	-0.064936219714582	-0.0249563881661743
4534	22.67	-0.064936219714582	-0.0249563881661743
4535	22.675	-0.064936219714582	-0.0249563881661743
4536	22.68	-0.0636465477291495	-0.0249563881661743
4537	22.685	-0.062356875743717	-0.0262460601516068
4538	22.69	-0.062356875743717	-0.0249563881661743
4539	22.695	-0.062356875743717	-0.0262460601516068
4540	22.7	-0.0610672037582844	-0.0262460601516068
4541	22.705	-0.0584878597874194	-0.0249563881661743
4542	22.71	-0.0559085158165544	-0.0262460601516068
4543	22.715	-0.0546188438311219	-0.0262460601516068
4544	22.72	-0.0520394998602569	-0.0262460601516068
4545	22.725	-0.0520394998602569	-0.0262460601516068
4546	22.73	-0.0507498278748244	-0.0262460601516068
4547	22.735	-0.0507498278748244	-0.0262460601516068
4548	22.74	-0.0494601558893919	-0.0262460601516068
4549	22.745	-0.0494601558893919	-0.0262460601516068
4550	22.75	-0.0468808119185269	-0.0262460601516068
4551	22.755	-0.0468808119185269	-0.0262460601516068
4552	22.76	-0.0468808119185269	-0.0275357321370393
4553	22.765	-0.0455911399330944	-0.0275357321370393
4554	22.77	-0.0455911399330944	-0.0275357321370393
4555	22.775	-0.0443014679476619	-0.0275357321370393
4556	22.78	-0.0430117959622294	-0.0275357321370393
4557	22.785	-0.0417221239767969	-0.0275357321370393
4558	22.79	-0.0404324519913644	-0.0275357321370393
4559	22.795	-0.0404324519913644	-0.0275357321370393
4560	22.8	-0.0404324519913644	-0.0275357321370393
4561	22.805	-0.0378531080204993	-0.0275357321370393
4562	22.81	-0.0391427800059319	-0.0275357321370393
4563	22.815	-0.0391427800059319	-0.0288254041224718
4564	22.82	-0.0378531080204993	-0.0288254041224718
4565	22.825	-0.0352737640496343	-0.0275357321370393
4566	22.83	-0.0352737640496343	-0.0288254041224718
4567	22.835	-0.0339840920642018	-0.0288254041224718
4568	22.84	-0.0352737640496343	-0.0288254041224718
4569	22.845	-0.0326944200787693	-0.0288254041224718
4570	22.85	-0.0326944200787693	-0.0288254041224718
4571	22.855	-0.0314047480933368	-0.0288254041224718
4572	22.86	-0.0314047480933368	-0.0301150761079043
4573	22.865	-0.0314047480933368	-0.0301150761079043
4574	22.87	-0.0301150761079043	-0.0301150761079043
4575	22.875	-0.0301150761079043	-0.0301150761079043
4576	22.88	-0.0275357321370393	-0.0301150761079043
4577	22.885	-0.0275357321370393	-0.0301150761079043
4578	22.89	-0.0288254041224718	-0.0301150761079043
4579	22.895	-0.0275357321370393	-0.0301150761079043
4580	22.9	-0.0275357321370393	-0.0301150761079043
4581	22.905	-0.0249563881661743	-0.0314047480933368
4582	22.91	-0.0262460601516068	-0.0301150761079043
4583	22.915	-0.0249563881661743	-0.0301150761079043
4584	22.92	-0.0236667161807418	-0.0314047480933368
4585	22.925	-0.0236667161807418	-0.0301150761079043
4586	22.93	-0.0223770441953093	-0.0301150761079043
4587	22.935	-0.0210873722098768	-0.0314047480933368
4588	22.94	-0.0197977002244443	-0.0314047480933368
4589	22.945	-0.0197977002244443	-0.0314047480933368
4590	22.95	-0.0185080282390118	-0.0314047480933368
4591	22.955	-0.0172183562535793	-0.0314047480933368
4592	22.96	-0.0159286842681468	-0.0326944200787693
4593	22.965	-0.0159286842681468	-0.0326944200787693
4594	22.97	-0.0146390122827142	-0.0326944200787693
4595	22.975	-0.0120596683118492	-0.0326944200787693
4596	22.98	-0.0133493402972817	-0.0326944200787693
4597	22.985	-0.0120596683118492	-0.0326944200787693
4598	22.99	-0.0107699963264167	-0.0326944200787693
4599	22.995	-0.0107699963264167	-0.0326944200787693
4600	23	-0.00819065235555172	-0.0326944200787693
4601	23.005	-0.00819065235555172	-0.0339840920642018
4602	23.01	-0.00819065235555172	-0.0339840920642018
4603	23.015	-0.00819065235555172	-0.0339840920642018
4604	23.02	-0.00690098037011921	-0.0339840920642018
4605	23.025	-0.00690098037011921	-0.0339840920642018
4606	23.03	-0.00690098037011921	-0.0339840920642018
4607	23.035	-0.00561130838468671	-0.0339840920642018
4608	23.04	-0.00561130838468671	-0.0339840920642018
4609	23.045	-0.00561130838468671	-0.0339840920642018
4610	23.05	-0.0043216363992542	-0.0352737640496343
4611	23.055	-0.0043216363992542	-0.0352737640496343
4612	23.06	-0.0043216363992542	-0.0352737640496343
4613	23.065	-0.0043216363992542	-0.0352737640496343
4614	23.07	-0.00561130838468671	-0.0365634360350668
4615	23.075	-0.00561130838468671	-0.0352737640496343
4616	23.08	-0.0043216363992542	-0.0352737640496343
4617	23.085	-0.0043216363992542	-0.0365634360350668
4618	23.09	-0.0043216363992542	-0.0365634360350668
4619	23.095	-0.0043216363992542	-0.0365634360350668
4620	23.1	-0.00561130838468671	-0.0365634360350668
4621	23.105	-0.0043216363992542	-0.0365634360350668
4622	23.11	-0.0043216363992542	-0.0365634360350668
4623	23.115	-0.0043216363992542	-0.0365634360350668
4624	23.12	-0.00561130838468671	-0.0378531080204993
4625	23.125	-0.0043216363992542	-0.0365634360350668
4626	23.13	-0.0043216363992542	-0.0378531080204993
4627	23.135	-0.0043216363992542	-0.0378531080204993
4628	23.14	-0.0043216363992542	-0.0378531080204993
4629	23.145	-0.0043216363992542	-0.0378531080204993
4630	23.15	-0.00561130838468671	-0.0378531080204993
4631	23.155	-0.00561130838468671	-0.0378531080204993
4632	23.16	-0.00561130838468671	-0.0378531080204993
4633	23.165	-0.00561130838468671	-0.0391427800059319
4634	23.17	-0.00561130838468671	-0.0391427800059319
4635	23.175	-0.00561130838468671	-0.0391427800059319
4636	23.18	-0.00561130838468671	-0.0391427800059319
4637	23.185	-0.00561130838468671	-0.0391427800059319
4638	23.19	-0.00561130838468671	-0.0391427800059319
4639	23.195	-0.00561130838468671	-0.0391427800059319
4640	23.2	-0.00690098037011921	-0.0391427800059319
4641	23.205	-0.00561130838468671	-0.0404324519913644
4642	23.21	-0.00561130838468671	-0.0404324519913644
4643	23.215	-0.00561130838468671	-0.0404324519913644
4644	23.22	-0.00561130838468671	-0.0404324519913644
4645	23.225	-0.00561130838468671	-0.0404324519913644
4646	23.23	-0.00561130838468671	-0.0404324519913644
4647	23.235	-0.00561130838468671	-0.0404324519913644
4648	23.24	-0.00690098037011921	-0.0417221239767969
4649	23.245	-0.00561130838468671	-0.0404324519913644
4650	23.25	-0.00690098037011921	-0.0417221239767969
4651	23.255	-0.00690098037011921	-0.0404324519913644
4652	23.26	-0.00561130838468671	-0.0417221239767969
4653	23.265	-0.00561130838468671	-0.0417221239767969
4654	23.27	-0.00690098037011921	-0.0417221239767969
4655	23.275	-0.00690098037011921	-0.0417221239767969
4656	23.28	-0.00690098037011921	-0.0417221239767969
4657	23.285	-0.00690098037011921	-0.0417221239767969
4658	23.29	-0.00690098037011921	-0.0417221239767969
4659	23.295	-0.00690098037011921	-0.0430117959622294
4660	23.3	-0.00690098037011921	-0.0430117959622294
4661	23.305	-0.00690098037011921	-0.0430117959622294
4662	23.31	-0.00690098037011921	-0.0430117959622294
4663	23.315	-0.00690098037011921	-0.0430117959622294
4664	23.32	-0.00690098037011921	-0.0443014679476619
4665	23.325	-0.00690098037011921	-0.0430117959622294
4666	23.33	-0.00690098037011921	-0.0443014679476619
4667	23.335	-0.00690098037011921	-0.0430117959622294
4668	23.34	-0.00690098037011921	-0.0443014679476619
4669	23.345	-0.00690098037011921	-0.0443014679476619
4670	23.35	-0.00690098037011921	-0.0443014679476619
4671	23.355	-0.00690098037011921	-0.0443014679476619
4672	23.36	-0.00690098037011921	-0.0443014679476619
4673	23.365	-0.00690098037011921	-0.0443014679476619
4674	23.37	-0.00690098037011921	-0.0443014679476619
4675	23.375	-0.00819065235555172	-0.0443014679476619
4676	23.38	-0.00690098037011921	-0.0443014679476619
4677	23.385	-0.00819065235555172	-0.0455911399330944
4678	23.39	-0.00690098037011921	-0.0455911399330944
4679	23.395	-0.00819065235555172	-0.0455911399330944
4680	23.4	-0.00690098037011921	-0.0455911399330944
4681	23.405	-0.00690098037011921	-0.0443014679476619
4682	23.41	-0.00690098037011921	-0.0455911399330944
4683	23.415	-0.00690098037011921	-0.0455911399330944
4684	23.42	-0.00690098037011921	-0.0455911399330944
4685	23.425	-0.00690098037011921	-0.0455911399330944
4686	23.43	-0.00690098037011921	-0.0468808119185269
4687	23.435	-0.00690098037011921	-0.0468808119185269
4688	23.44	-0.00819065235555172	-0.0468808119185269
4689	23.445	-0.00690098037011921	-0.0468808119185269
4690	23.45	-0.00690098037011921	-0.0468808119185269
4691	23.455	-0.00690098037011921	-0.0468808119185269
4692	23.46	-0.00690098037011921	-0.0468808119185269
4693	23.465	-0.00690098037011921	-0.0468808119185269
4694	23.47	-0.00690098037011921	-0.0481704839039594
4695	23.475	-0.00690098037011921	-0.0481704839039594
4696	23.48	-0.00819065235555172	-0.0481704839039594
4697	23.485	-0.00690098037011921	-0.0468808119185269
4698	23.49	-0.00819065235555172	-0.0481704839039594
4699	23.495	-0.00690098037011921	-0.0481704839039594
4700	23.5	-0.00690098037011921	-0.0481704839039594
4701	23.505	-0.00819065235555172	-0.0481704839039594
4702	23.51	-0.00819065235555172	-0.0481704839039594
4703	23.515	-0.00690098037011921	-0.0481704839039594
4704	23.52	-0.00690098037011921	-0.0481704839039594
4705	23.525	-0.00690098037011921	-0.0494601558893919
4706	23.53	-0.00819065235555172	-0.0494601558893919
4707	23.535	-0.00690098037011921	-0.0494601558893919
4708	23.54	-0.00819065235555172	-0.0494601558893919
4709	23.545	-0.00819065235555172	-0.0494601558893919
4710	23.55	-0.00819065235555172	-0.0494601558893919
4711	23.555	-0.00690098037011921	-0.0494601558893919
4712	23.56	-0.00690098037011921	-0.0494601558893919
4713	23.565	-0.00819065235555172	-0.0494601558893919
4714	23.57	-0.00819065235555172	-0.0494601558893919
4715	23.575	-0.00819065235555172	-0.0494601558893919
4716	23.58	-0.00690098037011921	-0.0507498278748244
4717	23.585	-0.00690098037011921	-0.0507498278748244
4718	23.59	-0.00690098037011921	-0.0507498278748244
4719	23.595	-0.00819065235555172	-0.0507498278748244
4720	23.6	-0.00819065235555172	-0.0507498278748244
4721	23.605	-0.00819065235555172	-0.0507498278748244
4722	23.61	-0.00819065235555172	-0.0507498278748244
4723	23.615	-0.00819065235555172	-0.0507498278748244
4724	23.62	-0.00819065235555172	-0.0507498278748244
4725	23.625	-0.00819065235555172	-0.0507498278748244
4726	23.63	-0.00819065235555172	-0.0520394998602569
4727	23.635	-0.00819065235555172	-0.0507498278748244
4728	23.64	-0.00819065235555172	-0.0520394998602569
4729	23.645	-0.00948032434098423	-0.0520394998602569
4730	23.65	-0.00819065235555172	-0.0520394998602569
4731	23.655	-0.00948032434098423	-0.0520394998602569
4732	23.66	-0.00948032434098423	-0.0520394998602569
4733	23.665	-0.00948032434098423	-0.0520394998602569
4734	23.67	-0.00948032434098423	-0.0520394998602569
4735	23.675	-0.00948032434098423	-0.0533291718456894
4736	23.68	-0.00948032434098423	-0.0533291718456894
4737	23.685	-0.00948032434098423	-0.0533291718456894
4738	23.69	-0.0107699963264167	-0.0533291718456894
4739	23.695	-0.00948032434098423	-0.0533291718456894
4740	23.7	-0.00948032434098423	-0.0533291718456894
4741	23.705	-0.00948032434098423	-0.0533291718456894
4742	23.71	-0.00948032434098423	-0.0533291718456894
4743	23.715	-0.0107699963264167	-0.0533291718456894
4744	23.72	-0.00948032434098423	-0.0533291718456894
4745	23.725	-0.00948032434098423	-0.0533291718456894
4746	23.73	-0.0107699963264167	-0.0546188438311219
4747	23.735	-0.0107699963264167	-0.0533291718456894
4748	23.74	-0.0107699963264167	-0.0546188438311219
4749	23.745	-0.00948032434098423	-0.0546188438311219
4750	23.75	-0.0107699963264167	-0.0546188438311219
4751	23.755	-0.0107699963264167	-0.0546188438311219
4752	23.76	-0.0107699963264167	-0.0546188438311219
4753	23.765	-0.0107699963264167	-0.0546188438311219
4754	23.77	-0.0107699963264167	-0.0546188438311219
4755	23.775	-0.0107699963264167	-0.0546188438311219
4756	23.78	-0.0107699963264167	-0.0559085158165544
4757	23.785	-0.0107699963264167	-0.0559085158165544
4758	23.79	-0.0107699963264167	-0.0559085158165544
4759	23.795	-0.0107699963264167	-0.0546188438311219
4760	23.8	-0.0107699963264167	-0.0559085158165544
4761	23.805	-0.0120596683118492	-0.0559085158165544
4762	23.81	-0.0120596683118492	-0.0559085158165544
4763	23.815	-0.0120596683118492	-0.0559085158165544
4764	23.82	-0.0107699963264167	-0.0559085158165544
4765	23.825	-0.0120596683118492	-0.0559085158165544
4766	23.83	-0.0133493402972817	-0.0559085158165544
4767	23.835	-0.0120596683118492	-0.0559085158165544
4768	23.84	-0.0120596683118492	-0.0559085158165544
4769	23.845	-0.0120596683118492	-0.0571981878019869
4770	23.85	-0.0120596683118492	-0.0571981878019869
4771	23.855	-0.0120596683118492	-0.0571981878019869
4772	23.86	-0.0133493402972817	-0.0571981878019869
4773	23.865	-0.0120596683118492	-0.0571981878019869
4774	23.87	-0.0120596683118492	-0.0571981878019869
4775	23.875	-0.0133493402972817	-0.0571981878019869
4776	23.88	-0.0133493402972817	-0.0571981878019869
4777	23.885	-0.0120596683118492	-0.0584878597874194
4778	23.89	-0.0133493402972817	-0.0584878597874194
4779	23.895	-0.0133493402972817	-0.0584878597874194
4780	23.9	-0.0133493402972817	-0.0584878597874194
4781	23.905	-0.0133493402972817	-0.0571981878019869
4782	23.91	-0.0133493402972817	-0.0571981878019869
4783	23.915	-0.0133493402972817	-0.0584878597874194
4784	23.92	-0.0133493402972817	-0.0584878597874194
4785	23.925	-0.0133493402972817	-0.0584878597874194
4786	23.93	-0.0133493402972817	-0.0584878597874194
4787	23.935	-0.0146390122827142	-0.0597775317728519
4788	23.94	-0.0146390122827142	-0.0584878597874194
4789	23.945	-0.0133493402972817	-0.0584878597874194
4790	23.95	-0.0146390122827142	-0.0584878597874194
4791	23.955	-0.0146390122827142	-0.0597775317728519
4792	23.96	-0.0146390122827142	-0.0584878597874194
4793	23.965	-0.0146390122827142	-0.0597775317728519
4794	23.97	-0.0146390122827142	-0.0597775317728519
4795	23.975	-0.0146390122827142	-0.0597775317728519
4796	23.98	-0.0146390122827142	-0.0597775317728519
4797	23.985	-0.0146390122827142	-0.0597775317728519
4798	23.99	-0.0159286842681468	-0.0597775317728519
4799	23.995	-0.0146390122827142	-0.0597775317728519
4800	24	-0.0146390122827142	-0.0597775317728519
4801	24.005	-0.0133493402972817	-0.0610672037582844
4802	24.01	-0.0146390122827142	-0.0597775317728519
4803	24.015	-0.0146390122827142	-0.0610672037582844
4804	24.02	-0.0159286842681468	-0.0597775317728519
4805	24.025	-0.0146390122827142	-0.0610672037582844
4806	24.03	-0.0146390122827142	-0.0610672037582844
4807	24.035	-0.0146390122827142	-0.0610672037582844
4808	24.04	-0.0146390122827142	-0.0610672037582844
4809	24.045	-0.0146390122827142	-0.0610672037582844
4810	24.05	-0.0146390122827142	-0.0610672037582844
4811	24.055	-0.0146390122827142	-0.0610672037582844
4812	24.06	-0.0159286842681468	-0.0610672037582844
4813	24.065	-0.0172183562535793	-0.062356875743717
4814	24.07	-0.0159286842681468	-0.0610672037582844
4815	24.075	-0.0159286842681468	-0.0610672037582844
4816	24.08	-0.0159286842681468	-0.0610672037582844
4817	24.085	-0.0146390122827142	-0.062356875743717
4818	24.09	-0.0146390122827142	-0.062356875743717
4819	24.095	-0.0146390122827142	-0.062356875743717
4820	24.1	-0.0146390122827142	-0.0610672037582844
4821	24.105	-0.0146390122827142	-0.0610672037582844
4822	24.11	-0.0159286842681468	-0.062356875743717
4823	24.115	-0.0146390122827142	-0.0610672037582844
4824	24.12	-0.0159286842681468	-0.062356875743717
4825	24.125	-0.0159286842681468	-0.062356875743717
4826	24.13	-0.0159286842681468	-0.062356875743717
4827	24.135	-0.0146390122827142	-0.062356875743717
4828	24.14	-0.0159286842681468	-0.0636465477291495
4829	24.145	-0.0159286842681468	-0.062356875743717
4830	24.15	-0.0159286842681468	-0.0636465477291495
4831	24.155	-0.0159286842681468	-0.0636465477291495
4832	24.16	-0.0159286842681468	-0.062356875743717
4833	24.165	-0.0172183562535793	-0.062356875743717
4834	24.17	-0.0159286842681468	-0.0636465477291495
4835	24.175	-0.0159286842681468	-0.0636465477291495
4836	24.18	-0.0172183562535793	-0.0636465477291495
4837	24.185	-0.0172183562535793	-0.0636465477291495
4838	24.19	-0.0172183562535793	-0.0636465477291495
4839	24.195	-0.0172183562535793	-0.0636465477291495
4840	24.2	-0.0172183562535793	-0.0636465477291495
4841	24.205	-0.0172183562535793	-0.0636465477291495
4842	24.21	-0.0185080282390118	-0.064936219714582
4843	24.215	-0.0185080282390118	-0.0636465477291495
4844	24.22	-0.0185080282390118	-0.0636465477291495
4845	24.225	-0.0197977002244443	-0.064936219714582
4846	24.23	-0.0185080282390118	-0.0636465477291495
4847	24.235	-0.0197977002244443	-0.0636465477291495
4848	24.24	-0.0197977002244443	-0.064936219714582
4849	24.245	-0.0197977002244443	-0.064936219714582
4850	24.25	-0.0185080282390118	-0.064936219714582
4851	24.255	-0.0185080282390118	-0.064936219714582
4852	24.26	-0.0185080282390118	-0.0662258917000145
4853	24.265	-0.0197977002244443	-0.064936219714582
4854	24.27	-0.0185080282390118	-0.064936219714582
4855	24.275	-0.0197977002244443	-0.0662258917000145
4856	24.28	-0.0197977002244443	-0.0662258917000145
4857	24.285	-0.0185080282390118	-0.0662258917000145
4858	24.29	-0.0197977002244443	-0.0662258917000145
4859	24.295	-0.0197977002244443	-0.064936219714582
4860	24.3	-0.0185080282390118	-0.064936219714582
4861	24.305	-0.0197977002244443	-0.0662258917000145
4862	24.31	-0.0197977002244443	-0.0662258917000145
4863	24.315	-0.0197977002244443	-0.0662258917000145
4864	24.32	-0.0210873722098768	-0.0662258917000145
4865	24.325	-0.0210873722098768	-0.067515563685447
4866	24.33	-0.0210873722098768	-0.0662258917000145
4867	24.335	-0.0223770441953093	-0.0662258917000145
4868	24.34	-0.0197977002244443	-0.067515563685447
4869	24.345	-0.0223770441953093	-0.067515563685447
4870	24.35	-0.0223770441953093	-0.067515563685447
4871	24.355	-0.0223770441953093	-0.067515563685447
4872	24.36	-0.0236667161807418	-0.067515563685447
4873	24.365	-0.0236667161807418	-0.067515563685447
4874	24.37	-0.0236667161807418	-0.0662258917000145
4875	24.375	-0.0262460601516068	-0.067515563685447
4876	24.38	-0.0249563881661743	-0.067515563685447
4877	24.385	-0.0249563881661743	-0.067515563685447
4878	24.39	-0.0262460601516068	-0.067515563685447
4879	24.395	-0.0262460601516068	-0.067515563685447
4880	24.4	-0.0262460601516068	-0.067515563685447
4881	24.405	-0.0262460601516068	-0.067515563685447
4882	24.41	-0.0262460601516068	-0.0688052356708795
4883	24.415	-0.0262460601516068	-0.0688052356708795
4884	24.42	-0.0262460601516068	-0.067515563685447
4885	24.425	-0.0262460601516068	-0.0688052356708795
4886	24.43	-0.0275357321370393	-0.0688052356708795
4887	24.435	-0.0262460601516068	-0.0688052356708795
4888	24.44	-0.0288254041224718	-0.0688052356708795
4889	24.445	-0.0275357321370393	-0.0688052356708795
4890	24.45	-0.0275357321370393	-0.0688052356708795
4891	24.455	-0.0288254041224718	-0.0688052356708795
4892	24.46	-0.0301150761079043	-0.0688052356708795
4893	24.465	-0.0301150761079043	-0.0688052356708795
4894	24.47	-0.0288254041224718	-0.0688052356708795
4895	24.475	-0.0314047480933368	-0.0688052356708795
4896	24.48	-0.0314047480933368	-0.070094907656312
4897	24.485	-0.0314047480933368	-0.0688052356708795
4898	24.49	-0.0326944200787693	-0.070094907656312
4899	24.495	-0.0339840920642018	-0.070094907656312
4900	24.5	-0.0339840920642018	-0.070094907656312
4901	24.505	-0.0352737640496343	-0.070094907656312
4902	24.51	-0.0339840920642018	-0.070094907656312
4903	24.515	-0.0352737640496343	-0.0713845796417445
4904	24.52	-0.0352737640496343	-0.070094907656312
4905	24.525	-0.0365634360350668	-0.070094907656312
4906	24.53	-0.0365634360350668	-0.070094907656312
4907	24.535	-0.0391427800059319	-0.070094907656312
4908	24.54	-0.0365634360350668	-0.070094907656312
4909	24.545	-0.0378531080204993	-0.0713845796417445
4910	24.55	-0.0391427800059319	-0.0713845796417445
4911	24.555	-0.0404324519913644	-0.0713845796417445
4912	24.56	-0.0404324519913644	-0.0713845796417445
4913	24.565	-0.0391427800059319	-0.0713845796417445
4914	24.57	-0.0404324519913644	-0.0713845796417445
4915	24.575	-0.0404324519913644	-0.0713845796417445
4916	24.58	-0.0404324519913644	-0.0713845796417445
4917	24.585	-0.0417221239767969	-0.0713845796417445
4918	24.59	-0.0417221239767969	-0.0713845796417445
4919	24.595	-0.0417221239767969	-0.0713845796417445
4920	24.6	-0.0430117959622294	-0.072674251627177
4921	24.605	-0.0443014679476619	-0.0713845796417445
4922	24.61	-0.0443014679476619	-0.072674251627177
4923	24.615	-0.0468808119185269	-0.072674251627177
4924	24.62	-0.0455911399330944	-0.072674251627177
4925	24.625	-0.0468808119185269	-0.072674251627177
4926	24.63	-0.0481704839039594	-0.072674251627177
4927	24.635	-0.0455911399330944	-0.072674251627177
4928	24.64	-0.0494601558893919	-0.072674251627177
4929	24.645	-0.0481704839039594	-0.072674251627177
4930	24.65	-0.0494601558893919	-0.0713845796417445
4931	24.655	-0.0507498278748244	-0.0739639236126095
4932	24.66	-0.0494601558893919	-0.0739639236126095
4933	24.665	-0.0494601558893919	-0.072674251627177
4934	24.67	-0.0507498278748244	-0.072674251627177
4935	24.675	-0.0507498278748244	-0.0739639236126095
4936	24.68	-0.0520394998602569	-0.0739639236126095
4937	24.685	-0.0507498278748244	-0.0739639236126095
4938	24.69	-0.0507498278748244	-0.0739639236126095
4939	24.695	-0.0533291718456894	-0.0739639236126095
4940	24.7	-0.0520394998602569	-0.0739639236126095
4941	24.705	-0.0520394998602569	-0.0739639236126095
4942	24.71	-0.0520394998602569	-0.075253595598042
4943	24.715	-0.0533291718456894	-0.0739639236126095
4944	24.72	-0.0546188438311219	-0.0739639236126095
4945	24.725	-0.0533291718456894	-0.0739639236126095
4946	24.73	-0.0546188438311219	-0.075253595598042
4947	24.735	-0.0520394998602569	-0.075253595598042
4948	24.74	-0.0520394998602569	-0.075253595598042
4949	24.745	-0.0520394998602569	-0.075253595598042
4950	24.75	-0.0533291718456894	-0.075253595598042
4951	24.755	-0.0533291718456894	-0.075253595598042
4952	24.76	-0.0533291718456894	-0.075253595598042
4953	24.765	-0.0533291718456894	-0.075253595598042
4954	24.77	-0.0520394998602569	-0.075253595598042
4955	24.775	-0.0533291718456894	-0.075253595598042
4956	24.78	-0.0533291718456894	-0.0765432675834745
4957	24.785	-0.0520394998602569	-0.0765432675834745
4958	24.79	-0.0520394998602569	-0.0765432675834745
4959	24.795	-0.0520394998602569	-0.075253595598042
4960	24.8	-0.0507498278748244	-0.0765432675834745
4961	24.805	-0.0507498278748244	-0.0765432675834745
4962	24.81	-0.0507498278748244	-0.0765432675834745
4963	24.815	-0.0507498278748244	-0.0765432675834745
4964	24.82	-0.0520394998602569	-0.0765432675834745
4965	24.825	-0.0520394998602569	-0.0765432675834745
4966	24.83	-0.0507498278748244	-0.0765432675834745
4967	24.835	-0.0494601558893919	-0.0765432675834745
4968	24.84	-0.0494601558893919	-0.0765432675834745
4969	24.845	-0.0481704839039594	-0.077832939568907
4970	24.85	-0.0494601558893919	-0.077832939568907
4971	24.855	-0.0455911399330944	-0.077832939568907
4972	24.86	-0.0481704839039594	-0.077832939568907
4973	24.865	-0.0443014679476619	-0.077832939568907
4974	24.87	-0.0468808119185269	-0.077832939568907
4975	24.875	-0.0468808119185269	-0.077832939568907
4976	24.88	-0.0443014679476619	-0.077832939568907
4977	24.885	-0.0443014679476619	-0.077832939568907
4978	24.89	-0.0443014679476619	-0.077832939568907
4979	24.895	-0.0443014679476619	-0.077832939568907
4980	24.9	-0.0417221239767969	-0.077832939568907
4981	24.905	-0.0430117959622294	-0.0791226115543395
4982	24.91	-0.0430117959622294	-0.0791226115543395
4983	24.915	-0.0404324519913644	-0.0791226115543395
4984	24.92	-0.0404324519913644	-0.077832939568907
4985	24.925	-0.0404324519913644	-0.0791226115543395
4986	24.93	-0.0391427800059319	-0.0791226115543395
4987	24.935	-0.0404324519913644	-0.0791226115543395
4988	24.94	-0.0391427800059319	-0.0791226115543395
4989	24.945	-0.0391427800059319	-0.0791226115543395
4990	24.95	-0.0378531080204993	-0.0791226115543395
4991	24.955	-0.0378531080204993	-0.0791226115543395
4992	24.96	-0.0391427800059319	-0.0791226115543395
4993	24.965	-0.0352737640496343	-0.080412283539772
4994	24.97	-0.0352737640496343	-0.080412283539772
4995	24.975	-0.0352737640496343	-0.080412283539772
4996	24.98	-0.0352737640496343	-0.080412283539772
4997	24.985	-0.0365634360350668	-0.080412283539772
4998	24.99	-0.0339840920642018	-0.080412283539772
4999	24.995	-0.0339840920642018	-0.080412283539772
5000	25	-0.0326944200787693	-0.080412283539772
5001	25.005	-0.0326944200787693	-0.080412283539772
5002	25.01	-0.0314047480933368	-0.080412283539772
5003	25.015	-0.0314047480933368	-0.080412283539772
5004	25.02	-0.0314047480933368	-0.080412283539772
5005	25.025	-0.0301150761079043	-0.0817019555252045
5006	25.03	-0.0301150761079043	-0.080412283539772
5007	25.035	-0.0288254041224718	-0.0817019555252045
5008	25.04	-0.0275357321370393	-0.0817019555252045
5009	25.045	-0.0275357321370393	-0.0817019555252045
5010	25.05	-0.0275357321370393	-0.0817019555252045
5011	25.055	-0.0275357321370393	-0.0817019555252045
5012	25.06	-0.0275357321370393	-0.0817019555252045
5013	25.065	-0.0249563881661743	-0.0817019555252045
5014	25.07	-0.0262460601516068	-0.0817019555252045
5015	25.075	-0.0249563881661743	-0.0817019555252045
5016	25.08	-0.0249563881661743	-0.0817019555252045
5017	25.085	-0.0223770441953093	-0.082991627510637
5018	25.09	-0.0236667161807418	-0.082991627510637
5019	25.095	-0.0210873722098768	-0.082991627510637
5020	25.1	-0.0223770441953093	-0.082991627510637
5021	25.105	-0.0223770441953093	-0.082991627510637
5022	25.11	-0.0223770441953093	-0.0817019555252045
5023	25.115	-0.0197977002244443	-0.082991627510637
5024	25.12	-0.0210873722098768	-0.082991627510637
5025	25.125	-0.0210873722098768	-0.082991627510637
5026	25.13	-0.0185080282390118	-0.082991627510637
5027	25.135	-0.0185080282390118	-0.082991627510637
5028	25.14	-0.0197977002244443	-0.082991627510637
5029	25.145	-0.0185080282390118	-0.082991627510637
5030	25.15	-0.0185080282390118	-0.082991627510637
5031	25.155	-0.0185080282390118	-0.0842812994960696
5032	25.16	-0.0172183562535793	-0.0842812994960696
5033	25.165	-0.0172183562535793	-0.0842812994960696
5034	25.17	-0.0185080282390118	-0.082991627510637
5035	25.175	-0.0172183562535793	-0.0842812994960696
5036	25.18	-0.0159286842681468	-0.0842812994960696
5037	25.185	-0.0159286842681468	-0.0842812994960696
5038	25.19	-0.0159286842681468	-0.0842812994960696
5039	25.195	-0.0159286842681468	-0.0842812994960696
5040	25.2	-0.0159286842681468	-0.0842812994960696
5041	25.205	-0.0159286842681468	-0.0842812994960696
5042	25.21	-0.0159286842681468	-0.0842812994960696
5043	25.215	-0.0159286842681468	-0.0842812994960696
5044	25.22	-0.0159286842681468	-0.0842812994960696
5045	25.225	-0.0146390122827142	-0.0855709714815021
5046	25.23	-0.0146390122827142	-0.0855709714815021
5047	25.235	-0.0159286842681468	-0.0855709714815021
5048	25.24	-0.0146390122827142	-0.0855709714815021
5049	25.245	-0.0146390122827142	-0.0855709714815021
5050	25.25	-0.0146390122827142	-0.0855709714815021
5051	25.255	-0.0146390122827142	-0.0855709714815021
5052	25.26	-0.0133493402972817	-0.0855709714815021
5053	25.265	-0.0146390122827142	-0.0855709714815021
5054	25.27	-0.0146390122827142	-0.0855709714815021
5055	25.275	-0.0133493402972817	-0.0855709714815021
5056	25.28	-0.0133493402972817	-0.0855709714815021
5057	25.285	-0.0133493402972817	-0.0855709714815021
5058	25.29	-0.0133493402972817	-0.0855709714815021
5059	25.295	-0.0133493402972817	-0.0855709714815021
5060	25.3	-0.0120596683118492	-0.0855709714815021
5061	25.305	-0.0133493402972817	-0.0855709714815021
5062	25.31	-0.0133493402972817	-0.0868606434669346
5063	25.315	-0.0120596683118492	-0.0855709714815021
5064	25.32	-0.0120596683118492	-0.0855709714815021
5065	25.325	-0.0107699963264167	-0.0868606434669346
5066	25.33	-0.00948032434098423	-0.0868606434669346
5067	25.335	-0.00948032434098423	-0.0855709714815021
5068	25.34	-0.00948032434098423	-0.0868606434669346
5069	25.345	-0.00948032434098423	-0.0868606434669346
5070	25.35	-0.00948032434098423	-0.0868606434669346
5071	25.355	-0.00948032434098423	-0.0868606434669346
5072	25.36	-0.00819065235555172	-0.0868606434669346
5073	25.365	-0.00819065235555172	-0.0868606434669346
5074	25.37	-0.00819065235555172	-0.0868606434669346
5075	25.375	-0.00690098037011921	-0.0868606434669346
5076	25.38	-0.00690098037011921	-0.0868606434669346
5077	25.385	-0.00819065235555172	-0.0881503154523671
5078	25.39	-0.00690098037011921	-0.0881503154523671
5079	25.395	-0.00819065235555172	-0.0881503154523671
5080	25.4	-0.00690098037011921	-0.0881503154523671
5081	25.405	-0.00690098037011921	-0.0881503154523671
5082	25.41	-0.00561130838468671	-0.0881503154523671
5083	25.415	-0.00561130838468671	-0.0881503154523671
5084	25.42	-0.00561130838468671	-0.0881503154523671
5085	25.425	-0.00561130838468671	-0.0881503154523671
5086	25.43	-0.00561130838468671	-0.0881503154523671
5087	25.435	-0.00561130838468671	-0.0881503154523671
5088	25.44	-0.00561130838468671	-0.0881503154523671
5089	25.445	-0.00561130838468671	-0.0894399874377996
5090	25.45	-0.0043216363992542	-0.0881503154523671
5091	25.455	-0.0043216363992542	-0.0881503154523671
5092	25.46	-0.0043216363992542	-0.0881503154523671
5093	25.465	-0.00561130838468671	-0.0881503154523671
5094	25.47	-0.0043216363992542	-0.0881503154523671
5095	25.475	-0.0043216363992542	-0.0894399874377996
5096	25.48	-0.0043216363992542	-0.0894399874377996
5097	25.485	-0.0043216363992542	-0.0881503154523671
5098	25.49	-0.0043216363992542	-0.0881503154523671
5099	25.495	-0.0043216363992542	-0.0894399874377996
5100	25.5	-0.0043216363992542	-0.0894399874377996
5101	25.505	-0.0043216363992542	-0.0894399874377996
5102	25.51	-0.0043216363992542	-0.0894399874377996
5103	25.515	-0.0043216363992542	-0.0894399874377996
5104	25.52	-0.0043216363992542	-0.0894399874377996
5105	25.525	-0.0043216363992542	-0.0894399874377996
5106	25.53	-0.0043216363992542	-0.0894399874377996
5107	25.535	-0.0043216363992542	-0.0907296594232321
5108	25.54	-0.0043216363992542	-0.0894399874377996
5109	25.545	-0.0043216363992542	-0.0907296594232321
5110	25.55	-0.0043216363992542	-0.0894399874377996
5111	25.555	-0.0043216363992542	-0.0894399874377996
5112	25.56	-0.0043216363992542	-0.0907296594232321
5113	25.565	-0.0043216363992542	-0.0894399874377996
5114	25.57	-0.0043216363992542	-0.0907296594232321
5115	25.575	-0.0043216363992542	-0.0894399874377996
5116	25.58	-0.0043216363992542	-0.0894399874377996
5117	25.585	-0.0043216363992542	-0.0907296594232321
5118	25.59	-0.0043216363992542	-0.0907296594232321
5119	25.595	-0.0043216363992542	-0.0907296594232321
5120	25.6	-0.0043216363992542	-0.0907296594232321
5121	25.605	-0.0043216363992542	-0.0907296594232321
5122	25.61	-0.0030319644138217	-0.0907296594232321
5123	25.615	-0.0043216363992542	-0.0907296594232321
5124	25.62	-0.0043216363992542	-0.0907296594232321
5125	25.625	-0.0043216363992542	-0.0907296594232321
5126	25.63	-0.0043216363992542	-0.0920193314086646
5127	25.635	-0.0043216363992542	-0.0920193314086646
5128	25.64	-0.0043216363992542	-0.0920193314086646
5129	25.645	-0.0043216363992542	-0.0920193314086646
5130	25.65	-0.0043216363992542	-0.0920193314086646
5131	25.655	-0.00561130838468671	-0.0920193314086646
5132	25.66	-0.0043216363992542	-0.0920193314086646
5133	25.665	-0.0043216363992542	-0.0920193314086646
5134	25.67	-0.0043216363992542	-0.0920193314086646
5135	25.675	-0.0043216363992542	-0.0920193314086646
5136	25.68	-0.00561130838468671	-0.0920193314086646
5137	25.685	-0.0043216363992542	-0.0920193314086646
5138	25.69	-0.0043216363992542	-0.0920193314086646
5139	25.695	-0.00561130838468671	-0.0920193314086646
5140	25.7	-0.00561130838468671	-0.0933090033940971
5141	25.705	-0.00561130838468671	-0.0920193314086646
5142	25.71	-0.00561130838468671	-0.0933090033940971
5143	25.715	-0.0043216363992542	-0.0920193314086646
5144	25.72	-0.0043216363992542	-0.0920193314086646
5145	25.725	-0.0043216363992542	-0.0933090033940971
5146	25.73	-0.00561130838468671	-0.0933090033940971
5147	25.735	-0.0043216363992542	-0.0933090033940971
5148	25.74	-0.0043216363992542	-0.0933090033940971
5149	25.745	-0.00561130838468671	-0.0933090033940971
5150	25.75	-0.0043216363992542	-0.0933090033940971
5151	25.755	-0.00561130838468671	-0.0933090033940971
5152	25.76	-0.0043216363992542	-0.0933090033940971
5153	25.765	-0.00561130838468671	-0.0933090033940971
5154	25.77	-0.0043216363992542	-0.0933090033940971
5155	25.775	-0.0043216363992542	-0.0933090033940971
5156	25.78	-0.0043216363992542	-0.0945986753795296
5157	25.785	-0.0043216363992542	-0.0945986753795296
5158	25.79	-0.0043216363992542	-0.0933090033940971
5159	25.795	-0.00561130838468671	-0.0933090033940971
5160	25.8	-0.00561130838468671	-0.0933090033940971
5161	25.805	-0.00561130838468671	-0.0945986753795296
5162	25.81	-0.00561130838468671	-0.0945986753795296
5163	25.815	-0.0043216363992542	-0.0945986753795296
5164	25.82	-0.00561130838468671	-0.0945986753795296
5165	25.825	-0.00561130838468671	-0.0945986753795296
5166	25.83	-0.00561130838468671	-0.0945986753795296
5167	25.835	-0.00561130838468671	-0.0945986753795296
5168	25.84	-0.00561130838468671	-0.0945986753795296
5169	25.845	-0.00561130838468671	-0.0945986753795296
5170	25.85	-0.00561130838468671	-0.0945986753795296
5171	25.855	-0.00561130838468671	-0.0945986753795296
5172	25.86	-0.0043216363992542	-0.0945986753795296
5173	25.865	-0.00561130838468671	-0.0958883473649621
5174	25.87	-0.00561130838468671	-0.0958883473649621
5175	25.875	-0.00561130838468671	-0.0945986753795296
5176	25.88	-0.0043216363992542	-0.0945986753795296
5177	25.885	-0.00561130838468671	-0.0945986753795296
5178	25.89	-0.00561130838468671	-0.0958883473649621
5179	25.895	-0.00561130838468671	-0.0958883473649621
5180	25.9	-0.00561130838468671	-0.0958883473649621
5181	25.905	-0.00561130838468671	-0.0958883473649621
5182	25.91	-0.00561130838468671	-0.0958883473649621
5183	25.915	-0.00561130838468671	-0.0958883473649621
5184	25.92	-0.00561130838468671	-0.0958883473649621
5185	25.925	-0.00561130838468671	-0.0958883473649621
5186	25.93	-0.00561130838468671	-0.0958883473649621
5187	25.935	-0.00561130838468671	-0.0958883473649621
5188	25.94	-0.00561130838468671	-0.0958883473649621
5189	25.945	-0.0043216363992542	-0.0958883473649621
5190	25.95	-0.00561130838468671	-0.0971780193503946
5191	25.955	-0.00561130838468671	-0.0958883473649621
5192	25.96	-0.00561130838468671	-0.0971780193503946
5193	25.965	-0.00561130838468671	-0.0971780193503946
5194	25.97	-0.00561130838468671	-0.0971780193503946
5195	25.975	-0.00561130838468671	-0.0971780193503946
5196	25.98	-0.00561130838468671	-0.0971780193503946
5197	25.985	-0.0043216363992542	-0.0971780193503946
5198	25.99	-0.00561130838468671	-0.0984676913358271
5199	25.995	-0.00561130838468671	-0.0971780193503946
5200	26	-0.00561130838468671	-0.0971780193503946
5201	26.005	-0.00561130838468671	-0.0971780193503946
5202	26.01	-0.00561130838468671	-0.0984676913358271
5203	26.015	-0.0043216363992542	-0.0971780193503946
5204	26.02	-0.00561130838468671	-0.0971780193503946
5205	26.025	-0.00561130838468671	-0.0984676913358271
5206	26.03	-0.00561130838468671	-0.0984676913358271
5207	26.035	-0.00561130838468671	-0.0984676913358271
5208	26.04	-0.00561130838468671	-0.0984676913358271
5209	26.045	-0.00561130838468671	-0.0984676913358271
5210	26.05	-0.00561130838468671	-0.0984676913358271
5211	26.055	-0.00561130838468671	-0.0984676913358271
5212	26.06	-0.0043216363992542	-0.0984676913358271
5213	26.065	-0.00561130838468671	-0.0984676913358271
5214	26.07	-0.00561130838468671	-0.0984676913358271
5215	26.075	-0.00561130838468671	-0.0984676913358271
5216	26.08	-0.00561130838468671	-0.0984676913358271
5217	26.085	-0.00561130838468671	-0.0984676913358271
5218	26.09	-0.00561130838468671	-0.0997573633212596
5219	26.095	-0.00561130838468671	-0.0997573633212596
5220	26.1	-0.00561130838468671	-0.0997573633212596
5221	26.105	-0.00561130838468671	-0.101047035306692
5222	26.11	-0.00561130838468671	-0.0997573633212596
5223	26.115	-0.00561130838468671	-0.0997573633212596
5224	26.12	-0.00561130838468671	-0.0997573633212596
5225	26.125	-0.00561130838468671	-0.0997573633212596
5226	26.13	-0.00561130838468671	-0.0997573633212596
5227	26.135	-0.00561130838468671	-0.0997573633212596
5228	26.14	-0.00561130838468671	-0.0997573633212596
5229	26.145	-0.00561130838468671	-0.101047035306692
5230	26.15	-0.00561130838468671	-0.0997573633212596
5231	26.155	-0.00561130838468671	-0.0997573633212596
5232	26.16	-0.00561130838468671	-0.0997573633212596
5233	26.165	-0.00561130838468671	-0.101047035306692
5234	26.17	-0.00561130838468671	-0.101047035306692
5235	26.175	-0.00561130838468671	-0.101047035306692
5236	26.18	-0.00561130838468671	-0.101047035306692
5237	26.185	-0.00561130838468671	-0.101047035306692
5238	26.19	-0.00561130838468671	-0.101047035306692
5239	26.195	-0.00690098037011921	-0.101047035306692
5240	26.2	-0.00561130838468671	-0.101047035306692
5241	26.205	-0.00690098037011921	-0.101047035306692
5242	26.21	-0.00561130838468671	-0.101047035306692
5243	26.215	-0.00561130838468671	-0.101047035306692
5244	26.22	-0.00690098037011921	-0.102336707292125
5245	26.225	-0.00561130838468671	-0.102336707292125
5246	26.23	-0.00690098037011921	-0.101047035306692
5247	26.235	-0.00690098037011921	-0.101047035306692
5248	26.24	-0.00561130838468671	-0.101047035306692
5249	26.245	-0.00690098037011921	-0.102336707292125
5250	26.25	-0.00690098037011921	-0.102336707292125
5251	26.255	-0.00690098037011921	-0.102336707292125
5252	26.26	-0.00690098037011921	-0.102336707292125
5253	26.265	-0.00561130838468671	-0.102336707292125
5254	26.27	-0.00561130838468671	-0.102336707292125
5255	26.275	-0.00690098037011921	-0.102336707292125
5256	26.28	-0.00690098037011921	-0.102336707292125
5257	26.285	-0.00690098037011921	-0.102336707292125
5258	26.29	-0.00690098037011921	-0.103626379277557
5259	26.295	-0.00690098037011921	-0.103626379277557
5260	26.3	-0.00690098037011921	-0.103626379277557
5261	26.305	-0.00561130838468671	-0.103626379277557
5262	26.31	-0.00690098037011921	-0.103626379277557
5263	26.315	-0.00690098037011921	-0.103626379277557
5264	26.32	-0.00690098037011921	-0.103626379277557
5265	26.325	-0.00690098037011921	-0.103626379277557
5266	26.33	-0.00690098037011921	-0.103626379277557
5267	26.335	-0.00819065235555172	-0.103626379277557
5268	26.34	-0.00690098037011921	-0.10491605126299
5269	26.345	-0.00690098037011921	-0.103626379277557
5270	26.35	-0.00690098037011921	-0.10491605126299
5271	26.355	-0.00690098037011921	-0.103626379277557
5272	26.36	-0.00690098037011921	-0.10491605126299
5273	26.365	-0.00819065235555172	-0.10491605126299
5274	26.37	-0.00690098037011921	-0.10491605126299
5275	26.375	-0.00819065235555172	-0.10491605126299
5276	26.38	-0.00690098037011921	-0.10491605126299
5277	26.385	-0.00819065235555172	-0.10491605126299
5278	26.39	-0.00690098037011921	-0.10491605126299
5279	26.395	-0.00690098037011921	-0.106205723248422
5280	26.4	-0.00690098037011921	-0.10491605126299
5281	26.405	-0.00690098037011921	-0.10491605126299
5282	26.41	-0.00690098037011921	-0.10491605126299
5283	26.415	-0.00819065235555172	-0.106205723248422
5284	26.42	-0.00690098037011921	-0.106205723248422
5285	26.425	-0.00690098037011921	-0.106205723248422
5286	26.43	-0.00690098037011921	-0.106205723248422
5287	26.435	-0.00819065235555172	-0.106205723248422
5288	26.44	-0.00690098037011921	-0.106205723248422
5289	26.445	-0.00690098037011921	-0.106205723248422
5290	26.45	-0.00690098037011921	-0.106205723248422
5291	26.455	-0.00690098037011921	-0.106205723248422
5292	26.46	-0.00690098037011921	-0.106205723248422
5293	26.465	-0.00690098037011921	-0.107495395233855
5294	26.47	-0.00819065235555172	-0.107495395233855
5295	26.475	-0.00690098037011921	-0.107495395233855
5296	26.48	-0.00690098037011921	-0.107495395233855
5297	26.485	-0.00690098037011921	-0.107495395233855
5298	26.49	-0.00819065235555172	-0.107495395233855
5299	26.495	-0.00690098037011921	-0.106205723248422
5300	26.5	-0.00690098037011921	-0.107495395233855
5301	26.505	-0.00690098037011921	-0.107495395233855
5302	26.51	-0.00690098037011921	-0.107495395233855
5303	26.515	-0.00690098037011921	-0.107495395233855
5304	26.52	-0.00690098037011921	-0.107495395233855
5305	26.525	-0.00690098037011921	-0.107495395233855
5306	26.53	-0.00690098037011921	-0.108785067219287
5307	26.535	-0.00819065235555172	-0.107495395233855
5308	26.54	-0.00690098037011921	-0.107495395233855
5309	26.545	-0.00690098037011921	-0.108785067219287
5310	26.55	-0.00690098037011921	-0.108785067219287
5311	26.555	-0.00690098037011921	-0.108785067219287
5312	26.56	-0.00690098037011921	-0.108785067219287
5313	26.565	-0.00690098037011921	-0.108785067219287
5314	26.57	-0.00690098037011921	-0.108785067219287
5315	26.575	-0.00819065235555172	-0.108785067219287
5316	26.58	-0.00690098037011921	-0.108785067219287
5317	26.585	-0.00690098037011921	-0.108785067219287
5318	26.59	-0.00690098037011921	-0.108785067219287
5319	26.595	-0.00819065235555172	-0.11007473920472
5320	26.6	-0.00690098037011921	-0.108785067219287
5321	26.605	-0.00819065235555172	-0.11007473920472
5322	26.61	-0.00819065235555172	-0.108785067219287
5323	26.615	-0.00690098037011921	-0.11007473920472
5324	26.62	-0.00819065235555172	-0.11007473920472
5325	26.625	-0.00819065235555172	-0.11007473920472
5326	26.63	-0.00690098037011921	-0.11007473920472
5327	26.635	-0.00819065235555172	-0.11007473920472
5328	26.64	-0.00819065235555172	-0.11007473920472
5329	26.645	-0.00690098037011921	-0.11007473920472
5330	26.65	-0.00819065235555172	-0.11007473920472
5331	26.655	-0.00948032434098423	-0.11007473920472
5332	26.66	-0.00819065235555172	-0.11007473920472
5333	26.665	-0.00819065235555172	-0.11007473920472
5334	26.67	-0.00819065235555172	-0.111364411190152
5335	26.675	-0.00819065235555172	-0.11007473920472
5336	26.68	-0.00690098037011921	-0.111364411190152
5337	26.685	-0.00690098037011921	-0.111364411190152
5338	26.69	-0.00690098037011921	-0.111364411190152
5339	26.695	-0.00819065235555172	-0.111364411190152
5340	26.7	-0.00819065235555172	-0.111364411190152
5341	26.705	-0.00819065235555172	-0.111364411190152
5342	26.71	-0.00819065235555172	-0.111364411190152
5343	26.715	-0.00819065235555172	-0.111364411190152
5344	26.72	-0.00819065235555172	-0.111364411190152
5345	26.725	-0.00819065235555172	-0.111364411190152
5346	26.73	-0.00819065235555172	-0.111364411190152
5347	26.735	-0.00819065235555172	-0.111364411190152
5348	26.74	-0.00819065235555172	-0.111364411190152
5349	26.745	-0.00819065235555172	-0.112654083175585
5350	26.75	-0.00819065235555172	-0.112654083175585
5351	26.755	-0.00948032434098423	-0.112654083175585
5352	26.76	-0.00819065235555172	-0.112654083175585
5353	26.765	-0.00819065235555172	-0.112654083175585
5354	26.77	-0.00819065235555172	-0.112654083175585
5355	26.775	-0.00819065235555172	-0.112654083175585
5356	26.78	-0.00948032434098423	-0.112654083175585
5357	26.785	-0.00819065235555172	-0.112654083175585
5358	26.79	-0.00819065235555172	-0.112654083175585
5359	26.795	-0.00819065235555172	-0.112654083175585
5360	26.8	-0.00948032434098423	-0.112654083175585
5361	26.805	-0.00948032434098423	-0.112654083175585
5362	26.81	-0.00948032434098423	-0.112654083175585
5363	26.815	-0.00948032434098423	-0.112654083175585
5364	26.82	-0.00948032434098423	-0.113943755161017
5365	26.825	-0.00948032434098423	-0.113943755161017
5366	26.83	-0.0107699963264167	-0.113943755161017
5367	26.835	-0.00948032434098423	-0.113943755161017
5368	26.84	-0.00948032434098423	-0.113943755161017
5369	26.845	-0.00948032434098423	-0.113943755161017
5370	26.85	-0.00948032434098423	-0.113943755161017
5371	26.855	-0.00948032434098423	-0.113943755161017
5372	26.86	-0.0107699963264167	-0.11523342714645
5373	26.865	-0.00948032434098423	-0.11523342714645
5374	26.87	-0.00948032434098423	-0.113943755161017
5375	26.875	-0.0107699963264167	-0.11523342714645
5376	26.88	-0.0107699963264167	-0.11523342714645
5377	26.885	-0.0107699963264167	-0.11523342714645
5378	26.89	-0.0107699963264167	-0.11523342714645
5379	26.895	-0.0120596683118492	-0.11523342714645
5380	26.9	-0.0107699963264167	-0.11523342714645
5381	26.905	-0.0107699963264167	-0.11523342714645
5382	26.91	-0.0107699963264167	-0.11523342714645
5383	26.915	-0.0120596683118492	-0.11523342714645
5384	26.92	-0.0107699963264167	-0.11523342714645
5385	26.925	-0.0107699963264167	-0.116523099131882
5386	26.93	-0.0120596683118492	-0.116523099131882
5387	26.935	-0.0120596683118492	-0.116523099131882
5388	26.94	-0.0120596683118492	-0.116523099131882
5389	26.945	-0.0133493402972817	-0.116523099131882
5390	26.95	-0.0120596683118492	-0.116523099131882
5391	26.955	-0.0120596683118492	-0.116523099131882
5392	26.96	-0.0120596683118492	-0.116523099131882
5393	26.965	-0.0133493402972817	-0.116523099131882
5394	26.97	-0.0133493402972817	-0.116523099131882
5395	26.975	-0.0133493402972817	-0.117812771117315
5396	26.98	-0.0133493402972817	-0.117812771117315
5397	26.985	-0.0120596683118492	-0.117812771117315
5398	26.99	-0.0120596683118492	-0.117812771117315
5399	26.995	-0.0133493402972817	-0.117812771117315
5400	27	-0.0133493402972817	-0.117812771117315
5401	27.005	-0.0133493402972817	-0.117812771117315
5402	27.01	-0.0146390122827142	-0.116523099131882
5403	27.015	-0.0133493402972817	-0.117812771117315
5404	27.02	-0.0133493402972817	-0.117812771117315
5405	27.025	-0.0133493402972817	-0.117812771117315
5406	27.03	-0.0133493402972817	-0.117812771117315
5407	27.035	-0.0133493402972817	-0.117812771117315
5408	27.04	-0.0146390122827142	-0.117812771117315
5409	27.045	-0.0146390122827142	-0.119102443102747
5410	27.05	-0.0146390122827142	-0.119102443102747
5411	27.055	-0.0146390122827142	-0.119102443102747
5412	27.06	-0.0146390122827142	-0.119102443102747
5413	27.065	-0.0133493402972817	-0.119102443102747
5414	27.07	-0.0159286842681468	-0.119102443102747
5415	27.075	-0.0146390122827142	-0.119102443102747
5416	27.08	-0.0146390122827142	-0.119102443102747
5417	27.085	-0.0146390122827142	-0.119102443102747
5418	27.09	-0.0146390122827142	-0.12039211508818
5419	27.095	-0.0146390122827142	-0.12039211508818
5420	27.1	-0.0146390122827142	-0.12039211508818
5421	27.105	-0.0146390122827142	-0.119102443102747
5422	27.11	-0.0146390122827142	-0.12039211508818
5423	27.115	-0.0146390122827142	-0.12039211508818
5424	27.12	-0.0146390122827142	-0.12039211508818
5425	27.125	-0.0146390122827142	-0.12039211508818
5426	27.13	-0.0146390122827142	-0.12039211508818
5427	27.135	-0.0146390122827142	-0.12039211508818
5428	27.14	-0.0146390122827142	-0.12039211508818
5429	27.145	-0.0146390122827142	-0.12039211508818
5430	27.15	-0.0146390122827142	-0.12039211508818
5431	27.155	-0.0146390122827142	-0.12039211508818
5432	27.16	-0.0159286842681468	-0.12039211508818
5433	27.165	-0.0146390122827142	-0.121681787073612
5434	27.17	-0.0146390122827142	-0.121681787073612
5435	27.175	-0.0146390122827142	-0.121681787073612
5436	27.18	-0.0146390122827142	-0.121681787073612
5437	27.185	-0.0146390122827142	-0.121681787073612
5438	27.19	-0.0146390122827142	-0.121681787073612
5439	27.195	-0.0146390122827142	-0.121681787073612
5440	27.2	-0.0146390122827142	-0.121681787073612
5441	27.205	-0.0159286842681468	-0.121681787073612
5442	27.21	-0.0146390122827142	-0.121681787073612
5443	27.215	-0.0146390122827142	-0.121681787073612
5444	27.22	-0.0146390122827142	-0.122971459059045
5445	27.225	-0.0146390122827142	-0.122971459059045
5446	27.23	-0.0146390122827142	-0.122971459059045
5447	27.235	-0.0133493402972817	-0.122971459059045
5448	27.24	-0.0146390122827142	-0.122971459059045
5449	27.245	-0.0146390122827142	-0.122971459059045
5450	27.25	-0.0133493402972817	-0.122971459059045
5451	27.255	-0.0146390122827142	-0.122971459059045
5452	27.26	-0.0146390122827142	-0.124261131044477
5453	27.265	-0.0146390122827142	-0.122971459059045
5454	27.27	-0.0133493402972817	-0.122971459059045
5455	27.275	-0.0146390122827142	-0.124261131044477
5456	27.28	-0.0146390122827142	-0.124261131044477
5457	27.285	-0.0133493402972817	-0.124261131044477
5458	27.29	-0.0133493402972817	-0.124261131044477
5459	27.295	-0.0146390122827142	-0.124261131044477
5460	27.3	-0.0146390122827142	-0.124261131044477
5461	27.305	-0.0133493402972817	-0.124261131044477
5462	27.31	-0.0133493402972817	-0.124261131044477
5463	27.315	-0.0133493402972817	-0.124261131044477
5464	27.32	-0.0133493402972817	-0.124261131044477
5465	27.325	-0.0133493402972817	-0.124261131044477
5466	27.33	-0.0133493402972817	-0.124261131044477
5467	27.335	-0.0133493402972817	-0.124261131044477
5468	27.34	-0.0107699963264167	-0.12555080302991
5469	27.345	-0.0120596683118492	-0.12555080302991
5470	27.35	-0.0133493402972817	-0.124261131044477
5471	27.355	-0.0120596683118492	-0.12555080302991
5472	27.36	-0.0120596683118492	-0.12555080302991
5473	27.365	-0.0120596683118492	-0.12555080302991
5474	27.37	-0.0120596683118492	-0.12555080302991
5475	27.375	-0.0120596683118492	-0.12555080302991
5476	27.38	-0.0120596683118492	-0.12555080302991
5477	27.385	-0.0107699963264167	-0.12555080302991
5478	27.39	-0.0107699963264167	-0.12555080302991
5479	27.395	-0.0120596683118492	-0.12555080302991
5480	27.4	-0.0120596683118492	-0.12555080302991
5481	27.405	-0.0120596683118492	-0.12555080302991
5482	27.41	-0.0107699963264167	-0.12555080302991
5483	27.415	-0.0107699963264167	-0.12555080302991
5484	27.42	-0.0107699963264167	-0.126840475015342
5485	27.425	-0.0107699963264167	-0.126840475015342
5486	27.43	-0.0107699963264167	-0.126840475015342
5487	27.435	-0.0107699963264167	-0.126840475015342
5488	27.44	-0.0107699963264167	-0.126840475015342
5489	27.445	-0.00948032434098423	-0.126840475015342
5490	27.45	-0.0107699963264167	-0.126840475015342
5491	27.455	-0.0107699963264167	-0.126840475015342
5492	27.46	-0.00948032434098423	-0.126840475015342
5493	27.465	-0.00948032434098423	-0.126840475015342
5494	27.47	-0.00948032434098423	-0.126840475015342
5495	27.475	-0.00948032434098423	-0.128130147000775
5496	27.48	-0.00948032434098423	-0.126840475015342
5497	27.485	-0.00948032434098423	-0.126840475015342
5498	27.49	-0.00948032434098423	-0.128130147000775
5499	27.495	-0.00948032434098423	-0.126840475015342
5500	27.5	-0.00948032434098423	-0.128130147000775
5501	27.505	-0.00819065235555172	-0.128130147000775
5502	27.51	-0.00948032434098423	-0.128130147000775
5503	27.515	-0.00948032434098423	-0.128130147000775
5504	27.52	-0.00819065235555172	-0.128130147000775
5505	27.525	-0.00819065235555172	-0.128130147000775
5506	27.53	-0.00948032434098423	-0.129419818986207
5507	27.535	-0.00819065235555172	-0.129419818986207
5508	27.54	-0.00819065235555172	-0.129419818986207
5509	27.545	-0.00819065235555172	-0.128130147000775
5510	27.55	-0.00819065235555172	-0.129419818986207
5511	27.555	-0.00819065235555172	-0.128130147000775
5512	27.56	-0.00819065235555172	-0.129419818986207
5513	27.565	-0.00690098037011921	-0.129419818986207
5514	27.57	-0.00819065235555172	-0.128130147000775
5515	27.575	-0.00819065235555172	-0.129419818986207
5516	27.58	-0.00819065235555172	-0.128130147000775
5517	27.585	-0.00819065235555172	-0.129419818986207
5518	27.59	-0.00690098037011921	-0.129419818986207
5519	27.595	-0.00690098037011921	-0.129419818986207
5520	27.6	-0.00690098037011921	-0.129419818986207
5521	27.605	-0.00690098037011921	-0.129419818986207
5522	27.61	-0.00690098037011921	-0.129419818986207
5523	27.615	-0.00690098037011921	-0.129419818986207
5524	27.62	-0.00690098037011921	-0.129419818986207
5525	27.625	-0.00690098037011921	-0.129419818986207
5526	27.63	-0.00690098037011921	-0.129419818986207
5527	27.635	-0.00690098037011921	-0.129419818986207
5528	27.64	-0.00561130838468671	-0.129419818986207
5529	27.645	-0.00690098037011921	-0.13070949097164
5530	27.65	-0.00690098037011921	-0.13070949097164
5531	27.655	-0.00690098037011921	-0.13070949097164
5532	27.66	-0.00690098037011921	-0.129419818986207
5533	27.665	-0.00561130838468671	-0.129419818986207
5534	27.67	-0.00690098037011921	-0.13070949097164
5535	27.675	-0.00561130838468671	-0.13070949097164
5536	27.68	-0.00561130838468671	-0.13070949097164
5537	27.685	-0.00561130838468671	-0.13070949097164
5538	27.69	-0.00690098037011921	-0.13070949097164
5539	27.695	-0.00690098037011921	-0.13070949097164
5540	27.7	-0.00561130838468671	-0.13070949097164
5541	27.705	-0.00561130838468671	-0.13070949097164
5542	27.71	-0.00561130838468671	-0.13070949097164
5543	27.715	-0.00561130838468671	-0.13070949097164
5544	27.72	-0.00690098037011921	-0.13070949097164
5545	27.725	-0.00561130838468671	-0.13070949097164
5546	27.73	-0.00561130838468671	-0.13070949097164
5547	27.735	-0.00561130838468671	-0.13070949097164
5548	27.74	-0.00561130838468671	-0.131999162957072
5549	27.745	-0.00561130838468671	-0.13070949097164
5550	27.75	-0.00561130838468671	-0.131999162957072
5551	27.755	-0.00561130838468671	-0.13070949097164
5552	27.76	-0.00561130838468671	-0.131999162957072
5553	27.765	-0.00561130838468671	-0.131999162957072
5554	27.77	-0.0043216363992542	-0.131999162957072
5555	27.775	-0.00561130838468671	-0.13070949097164
5556	27.78	-0.0043216363992542	-0.131999162957072
5557	27.785	-0.0043216363992542	-0.131999162957072
5558	27.79	-0.0043216363992542	-0.131999162957072
5559	27.795	-0.00561130838468671	-0.131999162957072
5560	27.8	-0.0043216363992542	-0.131999162957072
5561	27.805	-0.0043216363992542	-0.131999162957072
5562	27.81	-0.0043216363992542	-0.131999162957072
5563	27.815	-0.0043216363992542	-0.131999162957072
5564	27.82	-0.0043216363992542	-0.133288834942505
5565	27.825	-0.0043216363992542	-0.131999162957072
5566	27.83	-0.0043216363992542	-0.133288834942505
5567	27.835	-0.00561130838468671	-0.133288834942505
5568	27.84	-0.0043216363992542	-0.133288834942505
5569	27.845	-0.0043216363992542	-0.133288834942505
5570	27.85	-0.0043216363992542	-0.133288834942505
5571	27.855	-0.0043216363992542	-0.133288834942505
5572	27.86	-0.0043216363992542	-0.133288834942505
5573	27.865	-0.0043216363992542	-0.133288834942505
5574	27.87	-0.0043216363992542	-0.133288834942505
5575	27.875	-0.0043216363992542	-0.133288834942505
5576	27.88	-0.0043216363992542	-0.133288834942505
5577	27.885	-0.0043216363992542	-0.133288834942505
5578	27.89	-0.0043216363992542	-0.134578506927937
5579	27.895	-0.0043216363992542	-0.134578506927937
5580	27.9	-0.0043216363992542	-0.134578506927937
5581	27.905	-0.0043216363992542	-0.134578506927937
5582	27.91	-0.0043216363992542	-0.134578506927937
5583	27.915	-0.0043216363992542	-0.134578506927937
5584	27.92	-0.0030319644138217	-0.134578506927937
5585	27.925	-0.0043216363992542	-0.134578506927937
5586	27.93	-0.0043216363992542	-0.134578506927937
5587	27.935	-0.0043216363992542	-0.134578506927937
5588	27.94	-0.0043216363992542	-0.134578506927937
5589	27.945	-0.0043216363992542	-0.134578506927937
5590	27.95	-0.0043216363992542	-0.13586817891337
5591	27.955	-0.0030319644138217	-0.134578506927937
5592	27.96	-0.0043216363992542	-0.134578506927937
5593	27.965	-0.0043216363992542	-0.13586817891337
5594	27.97	-0.0043216363992542	-0.13586817891337
5595	27.975	-0.0043216363992542	-0.134578506927937
5596	27.98	-0.0043216363992542	-0.13586817891337
5597	27.985	-0.0043216363992542	-0.13586817891337
5598	27.99	-0.0030319644138217	-0.13586817891337
5599	27.995	-0.0043216363992542	-0.13586817891337
5600	28	-0.0030319644138217	-0.13586817891337
5601	28.005	-0.0030319644138217	-0.137157850898802
5602	28.01	-0.0030319644138217	-0.13586817891337
5603	28.015	-0.0043216363992542	-0.137157850898802
5604	28.02	-0.0043216363992542	-0.137157850898802
5605	28.025	-0.0043216363992542	-0.13586817891337
5606	28.03	-0.0043216363992542	-0.137157850898802
5607	28.035	-0.0043216363992542	-0.137157850898802
5608	28.04	-0.0043216363992542	-0.137157850898802
5609	28.045	-0.0043216363992542	-0.137157850898802
5610	28.05	-0.0030319644138217	-0.137157850898802
5611	28.055	-0.0043216363992542	-0.137157850898802
5612	28.06	-0.0043216363992542	-0.137157850898802
5613	28.065	-0.0030319644138217	-0.137157850898802
5614	28.07	-0.0043216363992542	-0.137157850898802
5615	28.075	-0.0043216363992542	-0.137157850898802
5616	28.08	-0.0030319644138217	-0.137157850898802
5617	28.085	-0.0030319644138217	-0.137157850898802
5618	28.09	-0.0043216363992542	-0.138447522884235
5619	28.095	-0.0043216363992542	-0.137157850898802
5620	28.1	-0.0030319644138217	-0.138447522884235
5621	28.105	-0.0043216363992542	-0.138447522884235
5622	28.11	-0.0043216363992542	-0.138447522884235
5623	28.115	-0.0030319644138217	-0.138447522884235
5624	28.12	-0.0043216363992542	-0.138447522884235
5625	28.125	-0.0043216363992542	-0.138447522884235
5626	28.13	-0.0030319644138217	-0.138447522884235
5627	28.135	-0.0043216363992542	-0.138447522884235
5628	28.14	-0.0030319644138217	-0.138447522884235
5629	28.145	-0.0030319644138217	-0.138447522884235
5630	28.15	-0.0043216363992542	-0.138447522884235
5631	28.155	-0.0043216363992542	-0.138447522884235
5632	28.16	-0.0043216363992542	-0.139737194869667
5633	28.165	-0.0030319644138217	-0.138447522884235
5634	28.17	-0.0030319644138217	-0.138447522884235
5635	28.175	-0.0043216363992542	-0.139737194869667
5636	28.18	-0.0043216363992542	-0.139737194869667
5637	28.185	-0.0030319644138217	-0.138447522884235
5638	28.19	-0.0043216363992542	-0.139737194869667
5639	28.195	-0.0030319644138217	-0.139737194869667
5640	28.2	-0.0030319644138217	-0.139737194869667
5641	28.205	-0.0043216363992542	-0.139737194869667
5642	28.21	-0.0043216363992542	-0.138447522884235
5643	28.215	-0.0043216363992542	-0.139737194869667
5644	28.22	-0.0043216363992542	-0.139737194869667
5645	28.225	-0.0043216363992542	-0.139737194869667
5646	28.23	-0.0043216363992542	-0.139737194869667
5647	28.235	-0.0043216363992542	-0.139737194869667
5648	28.24	-0.0043216363992542	-0.139737194869667
5649	28.245	-0.0043216363992542	-0.139737194869667
5650	28.25	-0.0043216363992542	-0.1410268668551
5651	28.255	-0.0043216363992542	-0.1410268668551
5652	28.26	-0.0043216363992542	-0.139737194869667
5653	28.265	-0.0043216363992542	-0.139737194869667
5654	28.27	-0.0043216363992542	-0.1410268668551
5655	28.275	-0.0043216363992542	-0.139737194869667
5656	28.28	-0.0043216363992542	-0.1410268668551
5657	28.285	-0.0043216363992542	-0.1410268668551
5658	28.29	-0.0043216363992542	-0.1410268668551
5659	28.295	-0.0043216363992542	-0.1410268668551
5660	28.3	-0.0043216363992542	-0.1410268668551
5661	28.305	-0.0043216363992542	-0.1410268668551
5662	28.31	-0.0043216363992542	-0.1410268668551
5663	28.315	-0.0043216363992542	-0.1410268668551
5664	28.32	-0.0030319644138217	-0.1410268668551
5665	28.325	-0.0030319644138217	-0.1410268668551
5666	28.33	-0.0043216363992542	-0.1410268668551
5667	28.335	-0.0043216363992542	-0.1410268668551
5668	28.34	-0.0043216363992542	-0.1410268668551
5669	28.345	-0.0043216363992542	-0.142316538840532
5670	28.35	-0.0043216363992542	-0.142316538840532
5671	28.355	-0.0043216363992542	-0.142316538840532
5672	28.36	-0.0043216363992542	-0.1410268668551
5673	28.365	-0.0030319644138217	-0.1410268668551
5674	28.37	-0.0043216363992542	-0.142316538840532
5675	28.375	-0.0043216363992542	-0.142316538840532
5676	28.38	-0.0043216363992542	-0.1410268668551
5677	28.385	-0.0043216363992542	-0.142316538840532
5678	28.39	-0.0043216363992542	-0.142316538840532
5679	28.395	-0.0043216363992542	-0.142316538840532
5680	28.4	-0.0030319644138217	-0.142316538840532
5681	28.405	-0.0043216363992542	-0.142316538840532
5682	28.41	-0.0043216363992542	-0.142316538840532
5683	28.415	-0.0043216363992542	-0.143606210825965
5684	28.42	-0.0043216363992542	-0.142316538840532
5685	28.425	-0.0043216363992542	-0.143606210825965
5686	28.43	-0.0043216363992542	-0.143606210825965
5687	28.435	-0.0043216363992542	-0.143606210825965
5688	28.44	-0.0043216363992542	-0.143606210825965
5689	28.445	-0.0043216363992542	-0.143606210825965
5690	28.45	-0.0043216363992542	-0.143606210825965
5691	28.455	-0.0043216363992542	-0.143606210825965
5692	28.46	-0.0043216363992542	-0.143606210825965
5693	28.465	-0.0043216363992542	-0.144895882811397
5694	28.47	-0.0030319644138217	-0.144895882811397
5695	28.475	-0.0043216363992542	-0.144895882811397
5696	28.48	-0.0030319644138217	-0.144895882811397
5697	28.485	-0.0043216363992542	-0.144895882811397
5698	28.49	-0.0043216363992542	-0.144895882811397
5699	28.495	-0.0030319644138217	-0.144895882811397
5700	28.5	-0.0043216363992542	-0.144895882811397
5701	28.505	-0.0043216363992542	-0.144895882811397
5702	28.51	-0.0043216363992542	-0.144895882811397
5703	28.515	-0.0043216363992542	-0.144895882811397
5704	28.52	-0.0043216363992542	-0.144895882811397
5705	28.525	-0.0043216363992542	-0.144895882811397
5706	28.53	-0.0043216363992542	-0.144895882811397
5707	28.535	-0.0043216363992542	-0.14618555479683
5708	28.54	-0.0043216363992542	-0.14618555479683
5709	28.545	-0.0030319644138217	-0.14618555479683
5710	28.55	-0.0043216363992542	-0.14618555479683
5711	28.555	-0.0043216363992542	-0.14618555479683
5712	28.56	-0.0043216363992542	-0.14618555479683
5713	28.565	-0.0043216363992542	-0.14618555479683
5714	28.57	-0.0043216363992542	-0.14618555479683
5715	28.575	-0.0043216363992542	-0.14618555479683
5716	28.58	-0.0043216363992542	-0.14618555479683
5717	28.585	-0.0030319644138217	-0.14618555479683
5718	28.59	-0.0043216363992542	-0.147475226782262
5719	28.595	-0.0043216363992542	-0.14618555479683
5720	28.6	-0.0043216363992542	-0.14618555479683
5721	28.605	-0.0043216363992542	-0.147475226782262
5722	28.61	-0.0043216363992542	-0.147475226782262
5723	28.615	-0.0043216363992542	-0.147475226782262
5724	28.62	-0.0043216363992542	-0.147475226782262
5725	28.625	-0.0030319644138217	-0.147475226782262
5726	28.63	-0.0043216363992542	-0.147475226782262
5727	28.635	-0.0043216363992542	-0.147475226782262
5728	28.64	-0.0043216363992542	-0.147475226782262
5729	28.645	-0.0030319644138217	-0.148764898767695
5730	28.65	-0.0043216363992542	-0.147475226782262
5731	28.655	-0.0043216363992542	-0.147475226782262
5732	28.66	-0.0043216363992542	-0.148764898767695
5733	28.665	-0.0043216363992542	-0.148764898767695
5734	28.67	-0.0043216363992542	-0.148764898767695
5735	28.675	-0.0043216363992542	-0.148764898767695
5736	28.68	-0.0043216363992542	-0.148764898767695
5737	28.685	-0.0043216363992542	-0.148764898767695
5738	28.69	-0.0043216363992542	-0.148764898767695
5739	28.695	-0.0043216363992542	-0.150054570753127
5740	28.7	-0.0043216363992542	-0.148764898767695
5741	28.705	-0.0030319644138217	-0.148764898767695
5742	28.71	-0.0043216363992542	-0.148764898767695
5743	28.715	-0.0043216363992542	-0.148764898767695
5744	28.72	-0.0043216363992542	-0.148764898767695
5745	28.725	-0.0043216363992542	-0.148764898767695
5746	28.73	-0.0043216363992542	-0.150054570753127
5747	28.735	-0.0043216363992542	-0.150054570753127
5748	28.74	-0.0030319644138217	-0.150054570753127
5749	28.745	-0.0043216363992542	-0.150054570753127
5750	28.75	-0.0043216363992542	-0.150054570753127
5751	28.755	-0.0043216363992542	-0.150054570753127
5752	28.76	-0.0043216363992542	-0.150054570753127
5753	28.765	-0.0043216363992542	-0.150054570753127
5754	28.77	-0.0030319644138217	-0.150054570753127
5755	28.775	-0.0030319644138217	-0.15134424273856
5756	28.78	-0.0030319644138217	-0.150054570753127
5757	28.785	-0.0043216363992542	-0.150054570753127
5758	28.79	-0.0043216363992542	-0.15134424273856
5759	28.795	-0.0043216363992542	-0.15134424273856
5760	28.8	-0.0043216363992542	-0.15134424273856
5761	28.805	-0.0030319644138217	-0.15134424273856
5762	28.81	-0.0043216363992542	-0.15134424273856
5763	28.815	-0.0043216363992542	-0.15134424273856
5764	28.82	-0.0030319644138217	-0.15134424273856
5765	28.825	-0.0043216363992542	-0.15134424273856
5766	28.83	-0.0043216363992542	-0.15134424273856
5767	28.835	-0.0043216363992542	-0.15134424273856
5768	28.84	-0.0043216363992542	-0.15134424273856
5769	28.845	-0.0043216363992542	-0.15134424273856
5770	28.85	-0.0043216363992542	-0.152633914723992
5771	28.855	-0.0043216363992542	-0.15134424273856
5772	28.86	-0.0043216363992542	-0.152633914723992
5773	28.865	-0.0043216363992542	-0.15134424273856
5774	28.87	-0.0043216363992542	-0.152633914723992
5775	28.875	-0.0043216363992542	-0.152633914723992
5776	28.88	-0.0030319644138217	-0.152633914723992
5777	28.885	-0.0043216363992542	-0.152633914723992
5778	28.89	-0.0043216363992542	-0.152633914723992
5779	28.895	-0.0043216363992542	-0.152633914723992
5780	28.9	-0.0043216363992542	-0.152633914723992
5781	28.905	-0.0043216363992542	-0.15134424273856
5782	28.91	-0.0043216363992542	-0.152633914723992
5783	28.915	-0.0043216363992542	-0.152633914723992
5784	28.92	-0.0043216363992542	-0.152633914723992
5785	28.925	-0.0043216363992542	-0.152633914723992
5786	28.93	-0.0043216363992542	-0.152633914723992
5787	28.935	-0.0043216363992542	-0.152633914723992
5788	28.94	-0.0043216363992542	-0.153923586709425
5789	28.945	-0.0043216363992542	-0.153923586709425
5790	28.95	-0.0043216363992542	-0.152633914723992
5791	28.955	-0.0043216363992542	-0.152633914723992
5792	28.96	-0.0043216363992542	-0.153923586709425
5793	28.965	-0.0043216363992542	-0.153923586709425
5794	28.97	-0.0043216363992542	-0.153923586709425
5795	28.975	-0.0030319644138217	-0.153923586709425
5796	28.98	-0.0043216363992542	-0.153923586709425
5797	28.985	-0.0043216363992542	-0.152633914723992
5798	28.99	-0.0030319644138217	-0.153923586709425
5799	28.995	-0.0043216363992542	-0.153923586709425
5800	29	-0.0043216363992542	-0.153923586709425
5801	29.005	-0.0030319644138217	-0.153923586709425
5802	29.01	-0.0043216363992542	-0.153923586709425
5803	29.015	-0.0030319644138217	-0.155213258694857
5804	29.02	-0.0043216363992542	-0.153923586709425
5805	29.025	-0.0043216363992542	-0.155213258694857
5806	29.03	-0.0043216363992542	-0.155213258694857
5807	29.035	-0.0043216363992542	-0.155213258694857
5808	29.04	-0.0030319644138217	-0.155213258694857
5809	29.045	-0.0043216363992542	-0.155213258694857
5810	29.05	-0.0043216363992542	-0.153923586709425
5811	29.055	-0.0043216363992542	-0.155213258694857
5812	29.06	-0.0043216363992542	-0.155213258694857
5813	29.065	-0.0030319644138217	-0.155213258694857
5814	29.07	-0.0043216363992542	-0.155213258694857
5815	29.075	-0.0043216363992542	-0.155213258694857
5816	29.08	-0.0043216363992542	-0.155213258694857
5817	29.085	-0.0043216363992542	-0.15650293068029
5818	29.09	-0.0043216363992542	-0.155213258694857
5819	29.095	-0.0043216363992542	-0.155213258694857
5820	29.1	-0.0043216363992542	-0.155213258694857
5821	29.105	-0.0043216363992542	-0.15650293068029
5822	29.11	-0.0043216363992542	-0.15650293068029
5823	29.115	-0.0030319644138217	-0.15650293068029
5824	29.12	-0.0043216363992542	-0.15650293068029
5825	29.125	-0.0030319644138217	-0.15650293068029
5826	29.13	-0.0030319644138217	-0.15650293068029
5827	29.135	-0.0043216363992542	-0.157792602665722
5828	29.14	-0.0043216363992542	-0.15650293068029
5829	29.145	-0.0030319644138217	-0.15650293068029
5830	29.15	-0.0043216363992542	-0.15650293068029
5831	29.155	-0.0043216363992542	-0.157792602665722
5832	29.16	-0.0043216363992542	-0.157792602665722
5833	29.165	-0.0030319644138217	-0.157792602665722
5834	29.17	-0.0043216363992542	-0.157792602665722
5835	29.175	-0.0043216363992542	-0.157792602665722
5836	29.18	-0.0043216363992542	-0.157792602665722
5837	29.185	-0.0043216363992542	-0.15650293068029
5838	29.19	-0.0030319644138217	-0.157792602665722
5839	29.195	-0.0030319644138217	-0.157792602665722
5840	29.2	-0.0030319644138217	-0.157792602665722
5841	29.205	-0.0030319644138217	-0.157792602665722
5842	29.21	-0.0043216363992542	-0.159082274651155
5843	29.215	-0.0030319644138217	-0.157792602665722
5844	29.22	-0.0043216363992542	-0.157792602665722
5845	29.225	-0.0030319644138217	-0.157792602665722
5846	29.23	-0.0030319644138217	-0.159082274651155
5847	29.235	-0.0043216363992542	-0.157792602665722
5848	29.24	-0.0030319644138217	-0.157792602665722
5849	29.245	-0.0043216363992542	-0.159082274651155
5850	29.25	-0.0030319644138217	-0.159082274651155
5851	29.255	-0.0043216363992542	-0.159082274651155
5852	29.26	-0.0043216363992542	-0.159082274651155
5853	29.265	-0.0043216363992542	-0.159082274651155
5854	29.27	-0.0030319644138217	-0.159082274651155
5855	29.275	-0.0030319644138217	-0.159082274651155
5856	29.28	-0.0030319644138217	-0.159082274651155
5857	29.285	-0.0043216363992542	-0.160371946636587
5858	29.29	-0.0043216363992542	-0.159082274651155
5859	29.295	-0.0043216363992542	-0.160371946636587
5860	29.3	-0.0030319644138217	-0.160371946636587
5861	29.305	-0.0043216363992542	-0.160371946636587
5862	29.31	-0.0043216363992542	-0.160371946636587
5863	29.315	-0.0043216363992542	-0.160371946636587
5864	29.32	-0.0030319644138217	-0.160371946636587
5865	29.325	-0.0030319644138217	-0.160371946636587
5866	29.33	-0.0030319644138217	-0.160371946636587
5867	29.335	-0.0043216363992542	-0.160371946636587
5868	29.34	-0.0030319644138217	-0.160371946636587
5869	29.345	-0.0043216363992542	-0.16166161862202
5870	29.35	-0.0030319644138217	-0.16166161862202
5871	29.355	-0.0030319644138217	-0.16166161862202
5872	29.36	-0.0030319644138217	-0.16166161862202
5873	29.365	-0.0043216363992542	-0.16166161862202
5874	29.37	-0.0030319644138217	-0.16166161862202
5875	29.375	-0.0043216363992542	-0.16166161862202
5876	29.38	-0.0043216363992542	-0.16166161862202
5877	29.385	-0.0030319644138217	-0.16166161862202
5878	29.39	-0.0043216363992542	-0.16166161862202
5879	29.395	-0.0043216363992542	-0.16166161862202
5880	29.4	-0.0043216363992542	-0.16166161862202
5881	29.405	-0.0043216363992542	-0.162951290607452
5882	29.41	-0.0043216363992542	-0.162951290607452
5883	29.415	-0.0043216363992542	-0.162951290607452
5884	29.42	-0.0043216363992542	-0.162951290607452
5885	29.425	-0.0043216363992542	-0.162951290607452
5886	29.43	-0.0043216363992542	-0.162951290607452
5887	29.435	-0.0030319644138217	-0.162951290607452
5888	29.44	-0.0043216363992542	-0.162951290607452
5889	29.445	-0.0043216363992542	-0.162951290607452
5890	29.45	-0.0043216363992542	-0.162951290607452
5891	29.455	-0.0043216363992542	-0.162951290607452
5892	29.46	-0.0030319644138217	-0.164240962592885
5893	29.465	-0.0043216363992542	-0.162951290607452
5894	29.47	-0.0030319644138217	-0.164240962592885
5895	29.475	-0.0043216363992542	-0.164240962592885
5896	29.48	-0.0030319644138217	-0.164240962592885
5897	29.485	-0.0043216363992542	-0.164240962592885
5898	29.49	-0.0043216363992542	-0.164240962592885
5899	29.495	-0.0030319644138217	-0.164240962592885
5900	29.5	-0.0043216363992542	-0.164240962592885
5901	29.505	-0.0030319644138217	-0.164240962592885
5902	29.51	-0.0043216363992542	-0.165530634578317
5903	29.515	-0.0043216363992542	-0.164240962592885
5904	29.52	-0.0043216363992542	-0.164240962592885
5905	29.525	-0.0043216363992542	-0.165530634578317
5906	29.53	-0.0043216363992542	-0.165530634578317
5907	29.535	-0.0030319644138217	-0.165530634578317
5908	29.54	-0.0043216363992542	-0.165530634578317
5909	29.545	-0.0043216363992542	-0.165530634578317
5910	29.55	-0.0043216363992542	-0.165530634578317
5911	29.555	-0.0043216363992542	-0.165530634578317
5912	29.56	-0.0043216363992542	-0.16682030656375
5913	29.565	-0.0030319644138217	-0.165530634578317
5914	29.57	-0.0030319644138217	-0.165530634578317
5915	29.575	-0.0043216363992542	-0.165530634578317
5916	29.58	-0.0030319644138217	-0.165530634578317
5917	29.585	-0.0043216363992542	-0.16682030656375
5918	29.59	-0.0043216363992542	-0.16682030656375
5919	29.595	-0.0043216363992542	-0.165530634578317
5920	29.6	-0.0043216363992542	-0.16682030656375
5921	29.605	-0.0043216363992542	-0.16682030656375
5922	29.61	-0.0043216363992542	-0.16682030656375
5923	29.615	-0.0043216363992542	-0.16682030656375
5924	29.62	-0.0030319644138217	-0.16682030656375
5925	29.625	-0.0043216363992542	-0.16682030656375
5926	29.63	-0.0043216363992542	-0.168109978549182
5927	29.635	-0.0043216363992542	-0.168109978549182
5928	29.64	-0.0030319644138217	-0.168109978549182
5929	29.645	-0.0043216363992542	-0.168109978549182
5930	29.65	-0.0043216363992542	-0.168109978549182
5931	29.655	-0.0030319644138217	-0.168109978549182
5932	29.66	-0.0043216363992542	-0.168109978549182
5933	29.665	-0.0030319644138217	-0.168109978549182
5934	29.67	-0.0043216363992542	-0.168109978549182
5935	29.675	-0.0043216363992542	-0.168109978549182
5936	29.68	-0.0030319644138217	-0.169399650534615
5937	29.685	-0.0043216363992542	-0.168109978549182
5938	29.69	-0.0043216363992542	-0.168109978549182
5939	29.695	-0.0043216363992542	-0.169399650534615
5940	29.7	-0.0043216363992542	-0.169399650534615
5941	29.705	-0.0030319644138217	-0.169399650534615
5942	29.71	-0.0043216363992542	-0.169399650534615
5943	29.715	-0.0043216363992542	-0.169399650534615
5944	29.72	-0.0043216363992542	-0.169399650534615
5945	29.725	-0.0043216363992542	-0.169399650534615
5946	29.73	-0.0043216363992542	-0.170689322520047
5947	29.735	-0.0043216363992542	-0.170689322520047
5948	29.74	-0.0043216363992542	-0.169399650534615
5949	29.745	-0.0043216363992542	-0.169399650534615
5950	29.75	-0.0043216363992542	-0.169399650534615
5951	29.755	-0.0043216363992542	-0.170689322520047
5952	29.76	-0.0043216363992542	-0.169399650534615
5953	29.765	-0.0043216363992542	-0.170689322520047
5954	29.77	-0.0043216363992542	-0.170689322520047
5955	29.775	-0.0043216363992542	-0.170689322520047
5956	29.78	-0.0043216363992542	-0.170689322520047
5957	29.785	-0.0043216363992542	-0.170689322520047
5958	29.79	-0.0043216363992542	-0.170689322520047
5959	29.795	-0.0030319644138217	-0.170689322520047
5960	29.8	-0.0030319644138217	-0.17197899450548
5961	29.805	-0.0043216363992542	-0.17197899450548
5962	29.81	-0.0030319644138217	-0.17197899450548
5963	29.815	-0.0043216363992542	-0.17197899450548
5964	29.82	-0.0030319644138217	-0.17197899450548
5965	29.825	-0.0043216363992542	-0.17197899450548
5966	29.83	-0.0043216363992542	-0.17197899450548
5967	29.835	-0.0043216363992542	-0.17197899450548
5968	29.84	-0.0030319644138217	-0.17197899450548
5969	29.845	-0.0030319644138217	-0.173268666490912
5970	29.85	-0.0043216363992542	-0.173268666490912
5971	29.855	-0.0043216363992542	-0.173268666490912
5972	29.86	-0.0030319644138217	-0.173268666490912
5973	29.865	-0.0043216363992542	-0.173268666490912
5974	29.87	-0.0030319644138217	-0.173268666490912
5975	29.875	-0.0043216363992542	-0.173268666490912
5976	29.88	-0.0043216363992542	-0.173268666490912
5977	29.885	-0.0043216363992542	-0.174558338476345
5978	29.89	-0.0030319644138217	-0.173268666490912
5979	29.895	-0.0030319644138217	-0.174558338476345
5980	29.9	-0.0043216363992542	-0.174558338476345
5981	29.905	-0.0030319644138217	-0.174558338476345
5982	29.91	-0.0043216363992542	-0.174558338476345
5983	29.915	-0.0030319644138217	-0.174558338476345
5984	29.92	-0.0030319644138217	-0.174558338476345
5985	29.925	-0.0030319644138217	-0.174558338476345
5986	29.93	-0.0030319644138217	-0.174558338476345
5987	29.935	-0.0043216363992542	-0.174558338476345
5988	29.94	-0.0030319644138217	-0.174558338476345
5989	29.945	-0.0043216363992542	-0.175848010461777
5990	29.95	-0.0043216363992542	-0.175848010461777
5991	29.955	-0.0043216363992542	-0.175848010461777
5992	29.96	-0.0043216363992542	-0.175848010461777
5993	29.965	-0.0043216363992542	-0.175848010461777
5994	29.97	-0.0043216363992542	-0.175848010461777
5995	29.975	-0.0043216363992542	-0.175848010461777
5996	29.98	-0.0043216363992542	-0.17713768244721
5997	29.985	-0.0043216363992542	-0.175848010461777
5998	29.99	-0.0030319644138217	-0.175848010461777
5999	29.995	-0.0043216363992542	-0.175848010461777
6000	30	-0.0030319644138217	-0.175848010461777
6001	30.005	-0.0043216363992542	-0.17713768244721
6002	30.01	-0.0043216363992542	-0.175848010461777
6003	30.015	-0.0043216363992542	-0.17713768244721
6004	30.02	-0.0030319644138217	-0.17713768244721
6005	30.025	-0.0043216363992542	-0.17713768244721
6006	30.03	-0.0030319644138217	-0.17713768244721
6007	30.035	-0.0030319644138217	-0.17713768244721
6008	30.04	-0.0043216363992542	-0.17713768244721
6009	30.045	-0.0043216363992542	-0.17713768244721
6010	30.05	-0.0030319644138217	-0.17713768244721
6011	30.055	-0.0043216363992542	-0.17713768244721
6012	30.06	-0.0043216363992542	-0.178427354432642
6013	30.065	-0.0043216363992542	-0.178427354432642
6014	30.07	-0.0043216363992542	-0.178427354432642
6015	30.075	-0.0043216363992542	-0.178427354432642
6016	30.08	-0.0043216363992542	-0.178427354432642
6017	30.085	-0.0043216363992542	-0.178427354432642
6018	30.09	-0.0030319644138217	-0.178427354432642
6019	30.095	-0.0043216363992542	-0.178427354432642
6020	30.1	-0.0043216363992542	-0.178427354432642
6021	30.105	-0.0030319644138217	-0.178427354432642
6022	30.11	-0.0043216363992542	-0.178427354432642
6023	30.115	-0.0030319644138217	-0.178427354432642
6024	30.12	-0.0043216363992542	-0.178427354432642
6025	30.125	-0.0043216363992542	-0.179717026418075
6026	30.13	-0.0030319644138217	-0.179717026418075
6027	30.135	-0.0043216363992542	-0.178427354432642
6028	30.14	-0.0043216363992542	-0.179717026418075
6029	30.145	-0.0043216363992542	-0.179717026418075
6030	30.15	-0.0043216363992542	-0.179717026418075
6031	30.155	-0.0043216363992542	-0.179717026418075
6032	30.16	-0.0043216363992542	-0.179717026418075
6033	30.165	-0.0043216363992542	-0.179717026418075
6034	30.17	-0.0030319644138217	-0.179717026418075
6035	30.175	-0.0043216363992542	-0.179717026418075
6036	30.18	-0.0043216363992542	-0.179717026418075
6037	30.185	-0.0043216363992542	-0.179717026418075
6038	30.19	-0.0043216363992542	-0.179717026418075
6039	30.195	-0.0043216363992542	-0.179717026418075
6040	30.2	-0.0030319644138217	-0.181006698403507
6041	30.205	-0.0030319644138217	-0.181006698403507
6042	30.21	-0.0043216363992542	-0.179717026418075
6043	30.215	-0.0030319644138217	-0.181006698403507
6044	30.22	-0.0030319644138217	-0.181006698403507
6045	30.225	-0.0043216363992542	-0.179717026418075
6046	30.23	-0.0043216363992542	-0.181006698403507
6047	30.235	-0.0043216363992542	-0.181006698403507
6048	30.24	-0.0043216363992542	-0.181006698403507
6049	30.245	-0.0043216363992542	-0.181006698403507
6050	30.25	-0.0030319644138217	-0.181006698403507
6051	30.255	-0.0030319644138217	-0.181006698403507
6052	30.26	-0.0043216363992542	-0.181006698403507
6053	30.265	-0.0043216363992542	-0.181006698403507
6054	30.27	-0.0043216363992542	-0.181006698403507
6055	30.275	-0.0043216363992542	-0.181006698403507
6056	30.28	-0.0043216363992542	-0.18229637038894
6057	30.285	-0.0030319644138217	-0.181006698403507
6058	30.29	-0.0043216363992542	-0.18229637038894
6059	30.295	-0.0043216363992542	-0.18229637038894
6060	30.3	-0.0030319644138217	-0.18229637038894
6061	30.305	-0.0043216363992542	-0.18229637038894
6062	30.31	-0.0043216363992542	-0.18229637038894
6063	30.315	-0.0043216363992542	-0.18229637038894
6064	30.32	-0.0030319644138217	-0.181006698403507
6065	30.325	-0.0030319644138217	-0.18229637038894
6066	30.33	-0.0043216363992542	-0.18229637038894
6067	30.335	-0.0043216363992542	-0.18229637038894
6068	30.34	-0.0043216363992542	-0.18229637038894
6069	30.345	-0.0043216363992542	-0.18229637038894
6070	30.35	-0.0043216363992542	-0.18229637038894
6071	30.355	-0.0043216363992542	-0.18229637038894
6072	30.36	-0.0043216363992542	-0.18229637038894
6073	30.365	-0.0030319644138217	-0.18229637038894
6074	30.37	-0.0043216363992542	-0.183586042374372
6075	30.375	-0.0043216363992542	-0.18229637038894
6076	30.38	-0.0043216363992542	-0.183586042374372
6077	30.385	-0.0043216363992542	-0.18229637038894
6078	30.39	-0.0030319644138217	-0.18229637038894
6079	30.395	-0.0030319644138217	-0.18229637038894
6080	30.4	-0.0043216363992542	-0.183586042374372
6081	30.405	-0.0043216363992542	-0.183586042374372
6082	30.41	-0.0043216363992542	-0.183586042374372
6083	30.415	-0.0043216363992542	-0.183586042374372
6084	30.42	-0.0043216363992542	-0.183586042374372
6085	30.425	-0.0030319644138217	-0.184875714359805
6086	30.43	-0.0043216363992542	-0.183586042374372
6087	30.435	-0.0030319644138217	-0.183586042374372
6088	30.44	-0.0030319644138217	-0.183586042374372
6089	30.445	-0.0043216363992542	-0.184875714359805
6090	30.45	-0.0043216363992542	-0.184875714359805
6091	30.455	-0.0043216363992542	-0.184875714359805
6092	30.46	-0.0043216363992542	-0.184875714359805
6093	30.465	-0.0043216363992542	-0.184875714359805
6094	30.47	-0.0043216363992542	-0.184875714359805
6095	30.475	-0.0030319644138217	-0.184875714359805
6096	30.48	-0.0043216363992542	-0.184875714359805
6097	30.485	-0.0043216363992542	-0.184875714359805
6098	30.49	-0.0043216363992542	-0.184875714359805
6099	30.495	-0.0043216363992542	-0.184875714359805
6100	30.5	-0.0043216363992542	-0.184875714359805
6101	30.505	-0.0043216363992542	-0.184875714359805
6102	30.51	-0.0043216363992542	-0.184875714359805
6103	30.515	-0.0043216363992542	-0.184875714359805
6104	30.52	-0.0043216363992542	-0.184875714359805
6105	30.525	-0.0043216363992542	-0.184875714359805
6106	30.53	-0.0030319644138217	-0.184875714359805
6107	30.535	-0.0043216363992542	-0.186165386345237
6108	30.54	-0.0043216363992542	-0.184875714359805
6109	30.545	-0.0043216363992542	-0.186165386345237
6110	30.55	-0.0043216363992542	-0.186165386345237
6111	30.555	-0.0043216363992542	-0.186165386345237
6112	30.56	-0.0043216363992542	-0.186165386345237
6113	30.565	-0.0043216363992542	-0.186165386345237
6114	30.57	-0.0043216363992542	-0.186165386345237
6115	30.575	-0.0043216363992542	-0.186165386345237
6116	30.58	-0.0030319644138217	-0.186165386345237
6117	30.585	-0.0043216363992542	-0.186165386345237
6118	30.59	-0.0043216363992542	-0.186165386345237
6119	30.595	-0.0043216363992542	-0.186165386345237
6120	30.6	-0.0043216363992542	-0.186165386345237
6121	30.605	-0.0043216363992542	-0.186165386345237
6122	30.61	-0.0043216363992542	-0.186165386345237
6123	30.615	-0.0043216363992542	-0.186165386345237
6124	30.62	-0.0043216363992542	-0.18745505833067
6125	30.625	-0.0043216363992542	-0.186165386345237
6126	30.63	-0.0043216363992542	-0.186165386345237
6127	30.635	-0.0043216363992542	-0.18745505833067
6128	30.64	-0.0043216363992542	-0.18745505833067
6129	30.645	-0.0043216363992542	-0.18745505833067
6130	30.65	-0.0043216363992542	-0.18745505833067
6131	30.655	-0.0043216363992542	-0.18745505833067
6132	30.66	-0.0043216363992542	-0.18745505833067
6133	30.665	-0.0043216363992542	-0.18745505833067
6134	30.67	-0.0030319644138217	-0.18745505833067
6135	30.675	-0.0043216363992542	-0.18745505833067
6136	30.68	-0.0030319644138217	-0.188744730316103
6137	30.685	-0.0030319644138217	-0.18745505833067
6138	30.69	-0.0030319644138217	-0.188744730316103
6139	30.695	-0.0043216363992542	-0.188744730316103
6140	30.7	-0.0043216363992542	-0.18745505833067
6141	30.705	-0.0043216363992542	-0.188744730316103
6142	30.71	-0.0043216363992542	-0.188744730316103
6143	30.715	-0.0043216363992542	-0.188744730316103
6144	30.72	-0.0043216363992542	-0.188744730316103
6145	30.725	-0.0043216363992542	-0.188744730316103
6146	30.73	-0.0030319644138217	-0.188744730316103
6147	30.735	-0.0030319644138217	-0.188744730316103
6148	30.74	-0.0043216363992542	-0.188744730316103
6149	30.745	-0.0030319644138217	-0.188744730316103
6150	30.75	-0.0043216363992542	-0.190034402301535
6151	30.755	-0.0043216363992542	-0.190034402301535
6152	30.76	-0.0043216363992542	-0.190034402301535
6153	30.765	-0.0043216363992542	-0.190034402301535
6154	30.77	-0.0043216363992542	-0.190034402301535
6155	30.775	-0.0043216363992542	-0.190034402301535
6156	30.78	-0.0043216363992542	-0.190034402301535
6157	30.785	-0.0030319644138217	-0.190034402301535
6158	30.79	-0.0043216363992542	-0.190034402301535
6159	30.795	-0.0043216363992542	-0.190034402301535
6160	30.8	-0.0030319644138217	-0.191324074286968
6161	30.805	-0.0043216363992542	-0.190034402301535
6162	30.81	-0.0043216363992542	-0.191324074286968
6163	30.815	-0.0043216363992542	-0.190034402301535
6164	30.82	-0.0030319644138217	-0.191324074286968
6165	30.825	-0.0043216363992542	-0.191324074286968
6166	30.83	-0.0043216363992542	-0.191324074286968
6167	30.835	-0.0043216363992542	-0.191324074286968
6168	30.84	-0.0043216363992542	-0.191324074286968
6169	30.845	-0.0043216363992542	-0.191324074286968
6170	30.85	-0.0043216363992542	-0.191324074286968
6171	30.855	-0.0030319644138217	-0.191324074286968
6172	30.86	-0.0043216363992542	-0.1926137462724
6173	30.865	-0.0030319644138217	-0.1926137462724
6174	30.87	-0.0043216363992542	-0.1926137462724
6175	30.875	-0.0043216363992542	-0.1926137462724
6176	30.88	-0.0043216363992542	-0.1926137462724
6177	30.885	-0.0043216363992542	-0.1926137462724
6178	30.89	-0.0030319644138217	-0.1926137462724
6179	30.895	-0.0043216363992542	-0.1926137462724
6180	30.9	-0.0043216363992542	-0.1926137462724
6181	30.905	-0.0043216363992542	-0.1926137462724
6182	30.91	-0.0030319644138217	-0.1926137462724
6183	30.915	-0.0043216363992542	-0.193903418257833
6184	30.92	-0.0030319644138217	-0.193903418257833
6185	30.925	-0.0043216363992542	-0.193903418257833
6186	30.93	-0.0043216363992542	-0.193903418257833
6187	30.935	-0.0043216363992542	-0.193903418257833
6188	30.94	-0.0043216363992542	-0.193903418257833
6189	30.945	-0.0043216363992542	-0.193903418257833
6190	30.95	-0.0030319644138217	-0.193903418257833
6191	30.955	-0.0043216363992542	-0.195193090243265
6192	30.96	-0.0030319644138217	-0.195193090243265
6193	30.965	-0.0043216363992542	-0.195193090243265
6194	30.97	-0.0043216363992542	-0.193903418257833
6195	30.975	-0.0043216363992542	-0.193903418257833
6196	30.98	-0.0043216363992542	-0.195193090243265
6197	30.985	-0.0030319644138217	-0.195193090243265
6198	30.99	-0.0043216363992542	-0.195193090243265
6199	30.995	-0.0043216363992542	-0.195193090243265
6200	31	-0.0043216363992542	-0.195193090243265
6201	31.005	-0.0043216363992542	-0.195193090243265
6202	31.01	-0.0043216363992542	-0.195193090243265
6203	31.015	-0.0030319644138217	-0.195193090243265
6204	31.02	-0.0043216363992542	-0.195193090243265
6205	31.025	-0.0043216363992542	-0.196482762228698
6206	31.03	-0.0043216363992542	-0.196482762228698
6207	31.035	-0.0043216363992542	-0.196482762228698
6208	31.04	-0.0043216363992542	-0.196482762228698
6209	31.045	-0.0030319644138217	-0.196482762228698
6210	31.05	-0.0030319644138217	-0.196482762228698
6211	31.055	-0.0043216363992542	-0.196482762228698
6212	31.06	-0.0043216363992542	-0.196482762228698
6213	31.065	-0.0043216363992542	-0.196482762228698
6214	31.07	-0.0043216363992542	-0.19777243421413
6215	31.075	-0.0043216363992542	-0.19777243421413
6216	31.08	-0.0043216363992542	-0.196482762228698
6217	31.085	-0.0030319644138217	-0.19777243421413
6218	31.09	-0.0043216363992542	-0.19777243421413
6219	31.095	-0.0043216363992542	-0.19777243421413
6220	31.1	-0.0043216363992542	-0.19777243421413
6221	31.105	-0.0043216363992542	-0.19777243421413
6222	31.11	-0.0043216363992542	-0.19777243421413
6223	31.115	-0.0043216363992542	-0.19777243421413
6224	31.12	-0.0043216363992542	-0.19777243421413
6225	31.125	-0.0043216363992542	-0.19777243421413
6226	31.13	-0.0043216363992542	-0.199062106199563
6227	31.135	-0.0043216363992542	-0.19777243421413
6228	31.14	-0.0043216363992542	-0.199062106199563
6229	31.145	-0.0043216363992542	-0.19777243421413
6230	31.15	-0.0043216363992542	-0.199062106199563
6231	31.155	-0.0043216363992542	-0.199062106199563
6232	31.16	-0.0043216363992542	-0.199062106199563
6233	31.165	-0.0043216363992542	-0.199062106199563
6234	31.17	-0.0043216363992542	-0.199062106199563
6235	31.175	-0.0043216363992542	-0.199062106199563
6236	31.18	-0.0043216363992542	-0.200351778184995
6237	31.185	-0.0043216363992542	-0.200351778184995
6238	31.19	-0.0043216363992542	-0.200351778184995
6239	31.195	-0.0043216363992542	-0.200351778184995
6240	31.2	-0.0043216363992542	-0.200351778184995
6241	31.205	-0.0043216363992542	-0.200351778184995
6242	31.21	-0.00561130838468671	-0.200351778184995
6243	31.215	-0.0043216363992542	-0.200351778184995
6244	31.22	-0.0043216363992542	-0.200351778184995
6245	31.225	-0.0043216363992542	-0.200351778184995
6246	31.23	-0.0043216363992542	-0.201641450170428
6247	31.235	-0.0043216363992542	-0.200351778184995
6248	31.24	-0.0043216363992542	-0.200351778184995
6249	31.245	-0.0043216363992542	-0.200351778184995
6250	31.25	-0.0043216363992542	-0.201641450170428
6251	31.255	-0.0043216363992542	-0.201641450170428
6252	31.26	-0.0043216363992542	-0.201641450170428
6253	31.265	-0.0043216363992542	-0.201641450170428
6254	31.27	-0.0043216363992542	-0.201641450170428
6255	31.275	-0.0043216363992542	-0.201641450170428
6256	31.28	-0.0043216363992542	-0.201641450170428
6257	31.285	-0.0043216363992542	-0.20293112215586
6258	31.29	-0.0043216363992542	-0.20293112215586
6259	31.295	-0.00561130838468671	-0.20293112215586
6260	31.3	-0.0043216363992542	-0.20293112215586
6261	31.305	-0.0043216363992542	-0.20293112215586
6262	31.31	-0.0043216363992542	-0.20293112215586
6263	31.315	-0.0043216363992542	-0.20293112215586
6264	31.32	-0.0043216363992542	-0.20293112215586
6265	31.325	-0.0043216363992542	-0.20293112215586
6266	31.33	-0.0043216363992542	-0.20293112215586
6267	31.335	-0.0043216363992542	-0.20293112215586
6268	31.34	-0.00561130838468671	-0.20293112215586
6269	31.345	-0.0043216363992542	-0.204220794141293
6270	31.35	-0.0043216363992542	-0.204220794141293
6271	31.355	-0.0043216363992542	-0.204220794141293
6272	31.36	-0.00561130838468671	-0.204220794141293
6273	31.365	-0.00561130838468671	-0.204220794141293
6274	31.37	-0.00561130838468671	-0.204220794141293
6275	31.375	-0.00561130838468671	-0.204220794141293
6276	31.38	-0.0043216363992542	-0.205510466126725
6277	31.385	-0.0043216363992542	-0.205510466126725
6278	31.39	-0.0043216363992542	-0.204220794141293
6279	31.395	-0.0043216363992542	-0.205510466126725
6280	31.4	-0.00561130838468671	-0.205510466126725
6281	31.405	-0.00561130838468671	-0.205510466126725
6282	31.41	-0.0043216363992542	-0.205510466126725
6283	31.415	-0.0043216363992542	-0.205510466126725
6284	31.42	-0.0043216363992542	-0.206800138112158
6285	31.425	-0.0043216363992542	-0.206800138112158
6286	31.43	-0.00561130838468671	-0.205510466126725
6287	31.435	-0.00561130838468671	-0.206800138112158
6288	31.44	-0.00561130838468671	-0.206800138112158
6289	31.445	-0.00561130838468671	-0.206800138112158
6290	31.45	-0.00561130838468671	-0.206800138112158
6291	31.455	-0.00561130838468671	-0.206800138112158
6292	31.46	-0.0043216363992542	-0.206800138112158
6293	31.465	-0.00561130838468671	-0.206800138112158
6294	31.47	-0.00561130838468671	-0.20808981009759
6295	31.475	-0.00561130838468671	-0.206800138112158
6296	31.48	-0.00561130838468671	-0.20808981009759
6297	31.485	-0.00561130838468671	-0.20808981009759
6298	31.49	-0.00561130838468671	-0.20808981009759
6299	31.495	-0.00561130838468671	-0.20808981009759
6300	31.5	-0.00561130838468671	-0.20808981009759
6301	31.505	-0.00561130838468671	-0.20808981009759
6302	31.51	-0.00690098037011921	-0.20808981009759
6303	31.515	-0.00561130838468671	-0.209379482083023
6304	31.52	-0.00561130838468671	-0.20808981009759
6305	31.525	-0.00561130838468671	-0.20808981009759
6306	31.53	-0.00561130838468671	-0.209379482083023
6307	31.535	-0.00561130838468671	-0.209379482083023
6308	31.54	-0.00561130838468671	-0.209379482083023
6309	31.545	-0.00561130838468671	-0.209379482083023
6310	31.55	-0.00561130838468671	-0.209379482083023
6311	31.555	-0.00561130838468671	-0.209379482083023
6312	31.56	-0.00561130838468671	-0.209379482083023
6313	31.565	-0.00561130838468671	-0.209379482083023
6314	31.57	-0.00561130838468671	-0.209379482083023
6315	31.575	-0.00561130838468671	-0.209379482083023
6316	31.58	-0.00561130838468671	-0.210669154068455
6317	31.585	-0.00561130838468671	-0.209379482083023
6318	31.59	-0.00561130838468671	-0.210669154068455
6319	31.595	-0.00561130838468671	-0.210669154068455
6320	31.6	-0.00561130838468671	-0.210669154068455
6321	31.605	-0.00561130838468671	-0.210669154068455
6322	31.61	-0.00561130838468671	-0.210669154068455
6323	31.615	-0.00561130838468671	-0.210669154068455
6324	31.62	-0.00561130838468671	-0.210669154068455
6325	31.625	-0.00561130838468671	-0.210669154068455
6326	31.63	-0.00561130838468671	-0.210669154068455
6327	31.635	-0.00561130838468671	-0.210669154068455
6328	31.64	-0.00561130838468671	-0.210669154068455
6329	31.645	-0.00690098037011921	-0.210669154068455
6330	31.65	-0.00561130838468671	-0.211958826053888
6331	31.655	-0.00561130838468671	-0.211958826053888
6332	31.66	-0.00690098037011921	-0.211958826053888
6333	31.665	-0.00690098037011921	-0.211958826053888
6334	31.67	-0.00561130838468671	-0.211958826053888
6335	31.675	-0.00561130838468671	-0.211958826053888
6336	31.68	-0.00561130838468671	-0.211958826053888
6337	31.685	-0.00561130838468671	-0.21324849803932
6338	31.69	-0.00561130838468671	-0.211958826053888
6339	31.695	-0.00561130838468671	-0.211958826053888
6340	31.7	-0.00690098037011921	-0.21324849803932
6341	31.705	-0.00561130838468671	-0.21324849803932
6342	31.71	-0.00690098037011921	-0.211958826053888
6343	31.715	-0.00690098037011921	-0.211958826053888
6344	31.72	-0.00690098037011921	-0.21324849803932
6345	31.725	-0.00561130838468671	-0.21324849803932
6346	31.73	-0.00561130838468671	-0.21324849803932
6347	31.735	-0.00561130838468671	-0.21324849803932
6348	31.74	-0.00690098037011921	-0.21324849803932
6349	31.745	-0.00690098037011921	-0.21324849803932
6350	31.75	-0.00561130838468671	-0.21324849803932
6351	31.755	-0.00690098037011921	-0.214538170024753
6352	31.76	-0.00561130838468671	-0.21324849803932
6353	31.765	-0.00690098037011921	-0.21324849803932
6354	31.77	-0.00690098037011921	-0.214538170024753
6355	31.775	-0.00690098037011921	-0.214538170024753
6356	31.78	-0.00690098037011921	-0.21324849803932
6357	31.785	-0.00561130838468671	-0.214538170024753
6358	31.79	-0.00690098037011921	-0.214538170024753
6359	31.795	-0.00690098037011921	-0.214538170024753
6360	31.8	-0.00690098037011921	-0.214538170024753
6361	31.805	-0.00690098037011921	-0.214538170024753
6362	31.81	-0.00690098037011921	-0.214538170024753
6363	31.815	-0.00690098037011921	-0.214538170024753
6364	31.82	-0.00690098037011921	-0.215827842010185
6365	31.825	-0.00690098037011921	-0.214538170024753
6366	31.83	-0.00690098037011921	-0.214538170024753
6367	31.835	-0.00690098037011921	-0.214538170024753
6368	31.84	-0.00690098037011921	-0.215827842010185
6369	31.845	-0.00690098037011921	-0.214538170024753
6370	31.85	-0.00690098037011921	-0.215827842010185
6371	31.855	-0.00690098037011921	-0.214538170024753
6372	31.86	-0.00690098037011921	-0.215827842010185
6373	31.865	-0.00690098037011921	-0.214538170024753
6374	31.87	-0.00690098037011921	-0.215827842010185
6375	31.875	-0.00690098037011921	-0.215827842010185
6376	31.88	-0.00690098037011921	-0.215827842010185
6377	31.885	-0.00690098037011921	-0.215827842010185
6378	31.89	-0.00690098037011921	-0.215827842010185
6379	31.895	-0.00819065235555172	-0.215827842010185
6380	31.9	-0.00819065235555172	-0.215827842010185
6381	31.905	-0.00690098037011921	-0.217117513995618
6382	31.91	-0.00690098037011921	-0.217117513995618
6383	31.915	-0.00690098037011921	-0.217117513995618
6384	31.92	-0.00690098037011921	-0.217117513995618
6385	31.925	-0.00690098037011921	-0.217117513995618
6386	31.93	-0.00690098037011921	-0.217117513995618
6387	31.935	-0.00690098037011921	-0.217117513995618
6388	31.94	-0.00690098037011921	-0.217117513995618
6389	31.945	-0.00690098037011921	-0.217117513995618
6390	31.95	-0.00690098037011921	-0.21840718598105
6391	31.955	-0.00819065235555172	-0.21840718598105
6392	31.96	-0.00690098037011921	-0.217117513995618
6393	31.965	-0.00690098037011921	-0.217117513995618
6394	31.97	-0.00690098037011921	-0.217117513995618
6395	31.975	-0.00690098037011921	-0.217117513995618
6396	31.98	-0.00690098037011921	-0.21840718598105
6397	31.985	-0.00690098037011921	-0.21840718598105
6398	31.99	-0.00690098037011921	-0.21840718598105
6399	31.995	-0.00690098037011921	-0.21840718598105
6400	32	-0.00690098037011921	-0.21840718598105
6401	32.005	-0.00690098037011921	-0.21840718598105
6402	32.01	-0.00690098037011921	-0.21840718598105
6403	32.015	-0.00690098037011921	-0.219696857966483
6404	32.02	-0.00690098037011921	-0.219696857966483
6405	32.025	-0.00690098037011921	-0.219696857966483
6406	32.03	-0.00690098037011921	-0.219696857966483
6407	32.035	-0.00690098037011921	-0.21840718598105
6408	32.04	-0.00690098037011921	-0.219696857966483
6409	32.045	-0.00690098037011921	-0.219696857966483
6410	32.05	-0.00690098037011921	-0.219696857966483
6411	32.055	-0.00690098037011921	-0.219696857966483
6412	32.06	-0.00690098037011921	-0.219696857966483
6413	32.065	-0.00690098037011921	-0.219696857966483
6414	32.07	-0.00561130838468671	-0.219696857966483
6415	32.075	-0.00690098037011921	-0.219696857966483
6416	32.08	-0.00690098037011921	-0.220986529951915
6417	32.085	-0.00561130838468671	-0.219696857966483
6418	32.09	-0.00561130838468671	-0.220986529951915
6419	32.095	-0.00690098037011921	-0.220986529951915
6420	32.1	-0.00690098037011921	-0.220986529951915
6421	32.105	-0.00690098037011921	-0.220986529951915
6422	32.11	-0.00690098037011921	-0.220986529951915
6423	32.115	-0.00561130838468671	-0.220986529951915
6424	32.12	-0.00561130838468671	-0.220986529951915
6425	32.125	-0.00561130838468671	-0.220986529951915
6426	32.13	-0.00561130838468671	-0.222276201937348
6427	32.135	-0.00561130838468671	-0.220986529951915
6428	32.14	-0.00561130838468671	-0.222276201937348
6429	32.145	-0.00561130838468671	-0.222276201937348
6430	32.15	-0.00561130838468671	-0.222276201937348
6431	32.155	-0.00561130838468671	-0.222276201937348
6432	32.16	-0.00561130838468671	-0.222276201937348
6433	32.165	-0.00561130838468671	-0.22356587392278
6434	32.17	-0.00561130838468671	-0.222276201937348
6435	32.175	-0.00561130838468671	-0.222276201937348
6436	32.18	-0.00561130838468671	-0.222276201937348
6437	32.185	-0.00561130838468671	-0.222276201937348
6438	32.19	-0.00561130838468671	-0.22356587392278
6439	32.195	-0.0043216363992542	-0.22356587392278
6440	32.2	-0.0043216363992542	-0.22356587392278
6441	32.205	-0.0043216363992542	-0.22356587392278
6442	32.21	-0.00561130838468671	-0.224855545908213
6443	32.215	-0.00561130838468671	-0.224855545908213
6444	32.22	-0.0043216363992542	-0.224855545908213
6445	32.225	-0.00561130838468671	-0.22356587392278
6446	32.23	-0.00561130838468671	-0.224855545908213
6447	32.235	-0.0043216363992542	-0.224855545908213
6448	32.24	-0.0043216363992542	-0.224855545908213
6449	32.245	-0.0043216363992542	-0.224855545908213
6450	32.25	-0.0043216363992542	-0.224855545908213
6451	32.255	-0.0043216363992542	-0.224855545908213
6452	32.26	-0.0043216363992542	-0.224855545908213
6453	32.265	-0.0043216363992542	-0.224855545908213
6454	32.27	-0.0043216363992542	-0.224855545908213
6455	32.275	-0.0043216363992542	-0.226145217893645
6456	32.28	-0.0043216363992542	-0.226145217893645
6457	32.285	-0.0043216363992542	-0.226145217893645
6458	32.29	-0.0043216363992542	-0.226145217893645
6459	32.295	-0.0043216363992542	-0.226145217893645
6460	32.3	-0.0043216363992542	-0.226145217893645
6461	32.305	-0.0043216363992542	-0.226145217893645
6462	32.31	-0.0043216363992542	-0.227434889879078
6463	32.315	-0.0043216363992542	-0.227434889879078
6464	32.32	-0.0043216363992542	-0.227434889879078
6465	32.325	-0.0043216363992542	-0.227434889879078
6466	32.33	-0.0043216363992542	-0.227434889879078
6467	32.335	-0.0043216363992542	-0.227434889879078
6468	32.34	-0.0043216363992542	-0.227434889879078
6469	32.345	-0.0043216363992542	-0.227434889879078
6470	32.35	-0.0043216363992542	-0.227434889879078
6471	32.355	-0.0043216363992542	-0.227434889879078
6472	32.36	-0.0030319644138217	-0.227434889879078
6473	32.365	-0.0043216363992542	-0.22872456186451
6474	32.37	-0.0030319644138217	-0.22872456186451
6475	32.375	-0.0043216363992542	-0.22872456186451
6476	32.38	-0.0043216363992542	-0.22872456186451
6477	32.385	-0.0030319644138217	-0.22872456186451
6478	32.39	-0.0043216363992542	-0.22872456186451
6479	32.395	-0.0043216363992542	-0.22872456186451
6480	32.4	-0.0043216363992542	-0.22872456186451
6481	32.405	-0.0030319644138217	-0.22872456186451
6482	32.41	-0.0043216363992542	-0.22872456186451
6483	32.415	-0.0043216363992542	-0.230014233849943
6484	32.42	-0.0043216363992542	-0.22872456186451
6485	32.425	-0.0030319644138217	-0.230014233849943
6486	32.43	-0.0043216363992542	-0.230014233849943
6487	32.435	-0.0043216363992542	-0.230014233849943
6488	32.44	-0.0043216363992542	-0.230014233849943
6489	32.445	-0.0030319644138217	-0.230014233849943
6490	32.45	-0.0043216363992542	-0.230014233849943
6491	32.455	-0.0043216363992542	-0.230014233849943
6492	32.46	-0.0030319644138217	-0.230014233849943
6493	32.465	-0.0030319644138217	-0.230014233849943
6494	32.47	-0.0043216363992542	-0.230014233849943
6495	32.475	-0.0030319644138217	-0.230014233849943
6496	32.48	-0.0043216363992542	-0.231303905835375
6497	32.485	-0.0030319644138217	-0.230014233849943
6498	32.49	-0.0030319644138217	-0.231303905835375
6499	32.495	-0.0043216363992542	-0.231303905835375
6500	32.5	-0.0043216363992542	-0.231303905835375
6501	32.505	-0.0043216363992542	-0.231303905835375
6502	32.51	-0.0043216363992542	-0.231303905835375
6503	32.515	-0.0043216363992542	-0.231303905835375
6504	32.52	-0.0043216363992542	-0.231303905835375
6505	32.525	-0.0030319644138217	-0.232593577820808
6506	32.53	-0.0043216363992542	-0.231303905835375
6507	32.535	-0.0030319644138217	-0.231303905835375
6508	32.54	-0.0043216363992542	-0.231303905835375
6509	32.545	-0.0030319644138217	-0.231303905835375
6510	32.55	-0.0043216363992542	-0.232593577820808
6511	32.555	-0.0043216363992542	-0.232593577820808
6512	32.56	-0.0030319644138217	-0.232593577820808
6513	32.565	-0.0030319644138217	-0.231303905835375
6514	32.57	-0.0043216363992542	-0.232593577820808
6515	32.575	-0.0043216363992542	-0.232593577820808
6516	32.58	-0.0043216363992542	-0.232593577820808
6517	32.585	-0.0030319644138217	-0.232593577820808
6518	32.59	-0.0043216363992542	-0.232593577820808
6519	32.595	-0.0030319644138217	-0.232593577820808
6520	32.6	-0.0043216363992542	-0.232593577820808
6521	32.605	-0.0043216363992542	-0.23388324980624
6522	32.61	-0.0030319644138217	-0.23388324980624
6523	32.615	-0.0030319644138217	-0.232593577820808
6524	32.62	-0.0043216363992542	-0.232593577820808
6525	32.625	-0.0030319644138217	-0.23388324980624
6526	32.63	-0.0043216363992542	-0.23388324980624
6527	32.635	-0.0043216363992542	-0.23388324980624
6528	32.64	-0.0043216363992542	-0.232593577820808
6529	32.645	-0.0043216363992542	-0.23388324980624
6530	32.65	-0.0043216363992542	-0.23388324980624
6531	32.655	-0.0043216363992542	-0.23388324980624
6532	32.66	-0.0043216363992542	-0.23388324980624
6533	32.665	-0.0043216363992542	-0.23388324980624
6534	32.67	-0.0043216363992542	-0.23388324980624
6535	32.675	-0.0043216363992542	-0.23388324980624
6536	32.68	-0.0043216363992542	-0.23388324980624
6537	32.685	-0.0043216363992542	-0.23388324980624
6538	32.69	-0.0043216363992542	-0.23388324980624
6539	32.695	-0.0043216363992542	-0.23388324980624
6540	32.7	-0.0043216363992542	-0.23388324980624
6541	32.705	-0.0043216363992542	-0.23388324980624
6542	32.71	-0.0043216363992542	-0.23388324980624
6543	32.715	-0.0043216363992542	-0.235172921791673
6544	32.72	-0.0043216363992542	-0.23388324980624
6545	32.725	-0.0043216363992542	-0.23388324980624
6546	32.73	-0.0030319644138217	-0.235172921791673
6547	32.735	-0.0043216363992542	-0.235172921791673
6548	32.74	-0.0043216363992542	-0.235172921791673
6549	32.745	-0.0043216363992542	-0.235172921791673
6550	32.75	-0.0043216363992542	-0.235172921791673
6551	32.755	-0.0030319644138217	-0.235172921791673
6552	32.76	-0.0043216363992542	-0.235172921791673
6553	32.765	-0.0043216363992542	-0.235172921791673
6554	32.77	-0.0030319644138217	-0.235172921791673
6555	32.775	-0.0030319644138217	-0.235172921791673
6556	32.78	-0.0043216363992542	-0.236462593777105
6557	32.785	-0.0043216363992542	-0.236462593777105
6558	32.79	-0.0043216363992542	-0.235172921791673
6559	32.795	-0.0043216363992542	-0.236462593777105
6560	32.8	-0.0030319644138217	-0.236462593777105
6561	32.805	-0.0030319644138217	-0.236462593777105
6562	32.81	-0.0043216363992542	-0.236462593777105
6563	32.815	-0.0030319644138217	-0.236462593777105
6564	32.82	-0.0043216363992542	-0.236462593777105
6565	32.825	-0.0043216363992542	-0.236462593777105
6566	32.83	-0.0043216363992542	-0.236462593777105
6567	32.835	-0.0043216363992542	-0.236462593777105
6568	32.84	-0.0043216363992542	-0.236462593777105
6569	32.845	-0.0043216363992542	-0.236462593777105
6570	32.85	-0.0043216363992542	-0.236462593777105
6571	32.855	-0.0043216363992542	-0.236462593777105
6572	32.86	-0.0043216363992542	-0.237752265762538
6573	32.865	-0.0043216363992542	-0.236462593777105
6574	32.87	-0.0043216363992542	-0.237752265762538
6575	32.875	-0.0043216363992542	-0.236462593777105
6576	32.88	-0.0043216363992542	-0.237752265762538
6577	32.885	-0.0043216363992542	-0.237752265762538
6578	32.89	-0.0043216363992542	-0.237752265762538
6579	32.895	-0.0043216363992542	-0.237752265762538
6580	32.9	-0.0043216363992542	-0.237752265762538
6581	32.905	-0.0043216363992542	-0.237752265762538
6582	32.91	-0.0043216363992542	-0.237752265762538
6583	32.915	-0.0043216363992542	-0.237752265762538
6584	32.92	-0.0043216363992542	-0.237752265762538
6585	32.925	-0.0043216363992542	-0.237752265762538
6586	32.93	-0.0043216363992542	-0.237752265762538
6587	32.935	-0.0043216363992542	-0.237752265762538
6588	32.94	-0.0043216363992542	-0.237752265762538
6589	32.945	-0.0043216363992542	-0.237752265762538
6590	32.95	-0.0043216363992542	-0.23904193774797
6591	32.955	-0.0043216363992542	-0.23904193774797
6592	32.96	-0.0043216363992542	-0.23904193774797
6593	32.965	-0.0043216363992542	-0.23904193774797
6594	32.97	-0.0043216363992542	-0.23904193774797
6595	32.975	-0.0030319644138217	-0.240331609733403
6596	32.98	-0.0043216363992542	-0.23904193774797
6597	32.985	-0.0043216363992542	-0.23904193774797
6598	32.99	-0.0043216363992542	-0.23904193774797
6599	32.995	-0.0030319644138217	-0.23904193774797
6600	33	-0.0043216363992542	-0.23904193774797
6601	33.005	-0.0043216363992542	-0.23904193774797
6602	33.01	-0.0043216363992542	-0.240331609733403
6603	33.015	-0.0043216363992542	-0.240331609733403
6604	33.02	-0.0043216363992542	-0.240331609733403
6605	33.025	-0.0043216363992542	-0.240331609733403
6606	33.03	-0.0043216363992542	-0.240331609733403
6607	33.035	-0.0043216363992542	-0.240331609733403
6608	33.04	-0.0043216363992542	-0.240331609733403
6609	33.045	-0.0043216363992542	-0.240331609733403
6610	33.05	-0.0030319644138217	-0.240331609733403
6611	33.055	-0.0043216363992542	-0.241621281718835
6612	33.06	-0.0043216363992542	-0.241621281718835
6613	33.065	-0.0043216363992542	-0.241621281718835
6614	33.07	-0.0043216363992542	-0.241621281718835
6615	33.075	-0.0043216363992542	-0.241621281718835
6616	33.08	-0.0030319644138217	-0.240331609733403
6617	33.085	-0.0043216363992542	-0.241621281718835
6618	33.09	-0.0043216363992542	-0.241621281718835
6619	33.095	-0.0043216363992542	-0.241621281718835
6620	33.1	-0.0043216363992542	-0.241621281718835
6621	33.105	-0.0043216363992542	-0.241621281718835
6622	33.11	-0.0043216363992542	-0.241621281718835
6623	33.115	-0.0043216363992542	-0.242910953704268
6624	33.12	-0.0043216363992542	-0.242910953704268
6625	33.125	-0.0043216363992542	-0.242910953704268
6626	33.13	-0.0043216363992542	-0.242910953704268
6627	33.135	-0.0043216363992542	-0.242910953704268
6628	33.14	-0.0043216363992542	-0.242910953704268
6629	33.145	-0.0043216363992542	-0.242910953704268
6630	33.15	-0.0043216363992542	-0.242910953704268
6631	33.155	-0.0043216363992542	-0.2442006256897
6632	33.16	-0.0043216363992542	-0.242910953704268
6633	33.165	-0.0043216363992542	-0.242910953704268
6634	33.17	-0.0043216363992542	-0.2442006256897
6635	33.175	-0.0043216363992542	-0.2442006256897
6636	33.18	-0.0043216363992542	-0.2442006256897
6637	33.185	-0.0043216363992542	-0.2442006256897
6638	33.19	-0.0043216363992542	-0.2442006256897
6639	33.195	-0.0043216363992542	-0.2442006256897
6640	33.2	-0.0043216363992542	-0.2442006256897
6641	33.205	-0.0043216363992542	-0.2442006256897
6642	33.21	-0.0043216363992542	-0.2442006256897
6643	33.215	-0.0043216363992542	-0.245490297675133
6644	33.22	-0.0043216363992542	-0.2442006256897
6645	33.225	-0.0043216363992542	-0.245490297675133
6646	33.23	-0.0043216363992542	-0.245490297675133
6647	33.235	-0.0043216363992542	-0.245490297675133
6648	33.24	-0.0043216363992542	-0.245490297675133
6649	33.245	-0.0043216363992542	-0.245490297675133
6650	33.25	-0.0043216363992542	-0.245490297675133
6651	33.255	-0.0043216363992542	-0.246779969660565
6652	33.26	-0.0043216363992542	-0.245490297675133
6653	33.265	-0.0030319644138217	-0.246779969660565
6654	33.27	-0.0043216363992542	-0.246779969660565
6655	33.275	-0.0043216363992542	-0.246779969660565
6656	33.28	-0.0043216363992542	-0.246779969660565
6657	33.285	-0.0043216363992542	-0.246779969660565
6658	33.29	-0.0043216363992542	-0.246779969660565
6659	33.295	-0.0043216363992542	-0.246779969660565
6660	33.3	-0.0043216363992542	-0.246779969660565
6661	33.305	-0.0043216363992542	-0.248069641645998
6662	33.31	-0.0043216363992542	-0.248069641645998
6663	33.315	-0.0043216363992542	-0.248069641645998
6664	33.32	-0.0043216363992542	-0.248069641645998
6665	33.325	-0.0043216363992542	-0.248069641645998
6666	33.33	-0.0043216363992542	-0.248069641645998
6667	33.335	-0.0043216363992542	-0.248069641645998
6668	33.34	-0.0043216363992542	-0.248069641645998
6669	33.345	-0.0043216363992542	-0.24935931363143
6670	33.35	-0.0043216363992542	-0.248069641645998
6671	33.355	-0.0043216363992542	-0.248069641645998
6672	33.36	-0.0043216363992542	-0.24935931363143
6673	33.365	-0.0043216363992542	-0.24935931363143
6674	33.37	-0.0043216363992542	-0.248069641645998
6675	33.375	-0.0043216363992542	-0.24935931363143
6676	33.38	-0.0043216363992542	-0.24935931363143
6677	33.385	-0.0043216363992542	-0.24935931363143
6678	33.39	-0.0043216363992542	-0.24935931363143
6679	33.395	-0.0043216363992542	-0.250648985616863
6680	33.4	-0.0043216363992542	-0.24935931363143
6681	33.405	-0.0043216363992542	-0.24935931363143
6682	33.41	-0.0043216363992542	-0.24935931363143
6683	33.415	-0.0043216363992542	-0.24935931363143
6684	33.42	-0.0043216363992542	-0.250648985616863
6685	33.425	-0.0043216363992542	-0.24935931363143
6686	33.43	-0.0043216363992542	-0.250648985616863
6687	33.435	-0.0043216363992542	-0.250648985616863
6688	33.44	-0.0043216363992542	-0.250648985616863
6689	33.445	-0.0043216363992542	-0.250648985616863
6690	33.45	-0.0043216363992542	-0.250648985616863
6691	33.455	-0.0043216363992542	-0.250648985616863
6692	33.46	-0.0043216363992542	-0.251938657602295
6693	33.465	-0.0043216363992542	-0.250648985616863
6694	33.47	-0.0043216363992542	-0.251938657602295
6695	33.475	-0.0043216363992542	-0.251938657602295
6696	33.48	-0.00561130838468671	-0.250648985616863
6697	33.485	-0.00561130838468671	-0.251938657602295
6698	33.49	-0.0043216363992542	-0.251938657602295
6699	33.495	-0.0043216363992542	-0.251938657602295
6700	33.5	-0.0043216363992542	-0.251938657602295
6701	33.505	-0.0043216363992542	-0.251938657602295
6702	33.51	-0.0043216363992542	-0.251938657602295
6703	33.515	-0.0043216363992542	-0.251938657602295
6704	33.52	-0.0043216363992542	-0.253228329587728
6705	33.525	-0.0043216363992542	-0.253228329587728
6706	33.53	-0.0043216363992542	-0.253228329587728
6707	33.535	-0.0043216363992542	-0.253228329587728
6708	33.54	-0.0043216363992542	-0.253228329587728
6709	33.545	-0.0043216363992542	-0.253228329587728
6710	33.55	-0.0043216363992542	-0.253228329587728
6711	33.555	-0.0043216363992542	-0.253228329587728
6712	33.56	-0.0043216363992542	-0.253228329587728
6713	33.565	-0.0043216363992542	-0.25451800157316
6714	33.57	-0.0043216363992542	-0.25451800157316
6715	33.575	-0.0043216363992542	-0.25451800157316
6716	33.58	-0.00561130838468671	-0.25451800157316
6717	33.585	-0.0043216363992542	-0.25451800157316
6718	33.59	-0.0043216363992542	-0.25451800157316
6719	33.595	-0.0043216363992542	-0.25451800157316
6720	33.6	-0.0043216363992542	-0.25451800157316
6721	33.605	-0.0043216363992542	-0.25451800157316
6722	33.61	-0.0043216363992542	-0.255807673558593
6723	33.615	-0.0043216363992542	-0.255807673558593
6724	33.62	-0.0043216363992542	-0.255807673558593
6725	33.625	-0.0043216363992542	-0.255807673558593
6726	33.63	-0.0043216363992542	-0.255807673558593
6727	33.635	-0.0043216363992542	-0.255807673558593
6728	33.64	-0.0043216363992542	-0.25451800157316
6729	33.645	-0.0043216363992542	-0.255807673558593
6730	33.65	-0.00561130838468671	-0.255807673558593
6731	33.655	-0.0043216363992542	-0.255807673558593
6732	33.66	-0.00561130838468671	-0.255807673558593
6733	33.665	-0.0043216363992542	-0.257097345544025
6734	33.67	-0.0043216363992542	-0.257097345544025
6735	33.675	-0.0043216363992542	-0.257097345544025
6736	33.68	-0.0043216363992542	-0.257097345544025
6737	33.685	-0.00561130838468671	-0.257097345544025
6738	33.69	-0.0043216363992542	-0.257097345544025
6739	33.695	-0.00561130838468671	-0.257097345544025
6740	33.7	-0.00561130838468671	-0.258387017529458
6741	33.705	-0.0043216363992542	-0.257097345544025
6742	33.71	-0.0043216363992542	-0.257097345544025
6743	33.715	-0.0043216363992542	-0.257097345544025
6744	33.72	-0.00561130838468671	-0.258387017529458
6745	33.725	-0.00561130838468671	-0.258387017529458
6746	33.73	-0.00561130838468671	-0.258387017529458
6747	33.735	-0.00561130838468671	-0.258387017529458
6748	33.74	-0.00561130838468671	-0.258387017529458
6749	33.745	-0.00561130838468671	-0.25967668951489
6750	33.75	-0.00561130838468671	-0.258387017529458
6751	33.755	-0.00561130838468671	-0.258387017529458
6752	33.76	-0.00561130838468671	-0.258387017529458
6753	33.765	-0.00561130838468671	-0.25967668951489
6754	33.77	-0.00561130838468671	-0.258387017529458
6755	33.775	-0.0043216363992542	-0.25967668951489
6756	33.78	-0.00561130838468671	-0.25967668951489
6757	33.785	-0.00561130838468671	-0.25967668951489
6758	33.79	-0.0043216363992542	-0.25967668951489
6759	33.795	-0.0043216363992542	-0.25967668951489
6760	33.8	-0.00561130838468671	-0.25967668951489
6761	33.805	-0.00561130838468671	-0.260966361500323
6762	33.81	-0.00561130838468671	-0.25967668951489
6763	33.815	-0.00561130838468671	-0.25967668951489
6764	33.82	-0.00561130838468671	-0.260966361500323
6765	33.825	-0.00561130838468671	-0.260966361500323
6766	33.83	-0.00561130838468671	-0.260966361500323
6767	33.835	-0.00561130838468671	-0.260966361500323
6768	33.84	-0.00561130838468671	-0.260966361500323
6769	33.845	-0.00561130838468671	-0.260966361500323
6770	33.85	-0.00690098037011921	-0.260966361500323
6771	33.855	-0.00561130838468671	-0.260966361500323
6772	33.86	-0.00561130838468671	-0.260966361500323
6773	33.865	-0.00561130838468671	-0.260966361500323
6774	33.87	-0.00561130838468671	-0.262256033485755
6775	33.875	-0.00561130838468671	-0.262256033485755
6776	33.88	-0.00561130838468671	-0.262256033485755
6777	33.885	-0.00561130838468671	-0.262256033485755
6778	33.89	-0.00561130838468671	-0.262256033485755
6779	33.895	-0.0043216363992542	-0.262256033485755
6780	33.9	-0.00561130838468671	-0.262256033485755
6781	33.905	-0.00561130838468671	-0.262256033485755
6782	33.91	-0.00561130838468671	-0.263545705471188
6783	33.915	-0.00561130838468671	-0.262256033485755
6784	33.92	-0.00561130838468671	-0.263545705471188
6785	33.925	-0.00561130838468671	-0.263545705471188
6786	33.93	-0.00561130838468671	-0.263545705471188
6787	33.935	-0.00561130838468671	-0.263545705471188
6788	33.94	-0.00561130838468671	-0.263545705471188
6789	33.945	-0.0043216363992542	-0.263545705471188
6790	33.95	-0.00561130838468671	-0.263545705471188
6791	33.955	-0.00561130838468671	-0.26483537745662
6792	33.96	-0.00561130838468671	-0.26483537745662
6793	33.965	-0.00561130838468671	-0.26483537745662
6794	33.97	-0.00561130838468671	-0.26483537745662
6795	33.975	-0.00561130838468671	-0.26483537745662
6796	33.98	-0.0043216363992542	-0.26483537745662
6797	33.985	-0.00561130838468671	-0.26483537745662
6798	33.99	-0.00561130838468671	-0.26483537745662
6799	33.995	-0.0043216363992542	-0.266125049442053
6800	34	-0.00561130838468671	-0.266125049442053
6801	34.005	-0.0043216363992542	-0.266125049442053
6802	34.01	-0.0043216363992542	-0.26483537745662
6803	34.015	-0.00561130838468671	-0.266125049442053
6804	34.02	-0.0043216363992542	-0.266125049442053
6805	34.025	-0.0043216363992542	-0.266125049442053
6806	34.03	-0.00561130838468671	-0.266125049442053
6807	34.035	-0.0043216363992542	-0.267414721427485
6808	34.04	-0.0043216363992542	-0.267414721427485
6809	34.045	-0.0043216363992542	-0.267414721427485
6810	34.05	-0.0043216363992542	-0.267414721427485
6811	34.055	-0.0043216363992542	-0.267414721427485
6812	34.06	-0.00561130838468671	-0.267414721427485
6813	34.065	-0.0043216363992542	-0.267414721427485
6814	34.07	-0.00561130838468671	-0.267414721427485
6815	34.075	-0.0043216363992542	-0.267414721427485
6816	34.08	-0.0043216363992542	-0.267414721427485
6817	34.085	-0.0043216363992542	-0.267414721427485
6818	34.09	-0.0043216363992542	-0.268704393412918
6819	34.095	-0.0043216363992542	-0.268704393412918
6820	34.1	-0.0043216363992542	-0.268704393412918
6821	34.105	-0.0043216363992542	-0.268704393412918
6822	34.11	-0.0043216363992542	-0.26999406539835
6823	34.115	-0.0043216363992542	-0.268704393412918
6824	34.12	-0.0043216363992542	-0.268704393412918
6825	34.125	-0.0043216363992542	-0.268704393412918
6826	34.13	-0.0043216363992542	-0.26999406539835
6827	34.135	-0.0043216363992542	-0.268704393412918
6828	34.14	-0.0043216363992542	-0.26999406539835
6829	34.145	-0.0043216363992542	-0.26999406539835
6830	34.15	-0.0043216363992542	-0.26999406539835
6831	34.155	-0.0043216363992542	-0.26999406539835
6832	34.16	-0.0043216363992542	-0.26999406539835
6833	34.165	-0.0043216363992542	-0.26999406539835
6834	34.17	-0.0043216363992542	-0.26999406539835
6835	34.175	-0.0043216363992542	-0.26999406539835
6836	34.18	-0.0043216363992542	-0.271283737383783
6837	34.185	-0.0043216363992542	-0.271283737383783
6838	34.19	-0.0043216363992542	-0.271283737383783
6839	34.195	-0.0043216363992542	-0.271283737383783
6840	34.2	-0.0043216363992542	-0.271283737383783
6841	34.205	-0.0043216363992542	-0.271283737383783
6842	34.21	-0.0043216363992542	-0.271283737383783
6843	34.215	-0.0043216363992542	-0.271283737383783
6844	34.22	-0.0043216363992542	-0.272573409369215
6845	34.225	-0.0043216363992542	-0.272573409369215
6846	34.23	-0.0043216363992542	-0.272573409369215
6847	34.235	-0.0043216363992542	-0.272573409369215
6848	34.24	-0.0043216363992542	-0.272573409369215
6849	34.245	-0.0043216363992542	-0.272573409369215
6850	34.25	-0.0043216363992542	-0.272573409369215
6851	34.255	-0.0043216363992542	-0.273863081354648
6852	34.26	-0.0043216363992542	-0.273863081354648
6853	34.265	-0.0043216363992542	-0.273863081354648
6854	34.27	-0.0043216363992542	-0.273863081354648
6855	34.275	-0.0043216363992542	-0.273863081354648
6856	34.28	-0.0043216363992542	-0.273863081354648
6857	34.285	-0.0030319644138217	-0.273863081354648
6858	34.29	-0.0030319644138217	-0.273863081354648
6859	34.295	-0.0043216363992542	-0.273863081354648
6860	34.3	-0.0043216363992542	-0.273863081354648
6861	34.305	-0.0043216363992542	-0.273863081354648
6862	34.31	-0.0043216363992542	-0.27515275334008
6863	34.315	-0.0043216363992542	-0.273863081354648
6864	34.32	-0.0030319644138217	-0.27515275334008
6865	34.325	-0.0043216363992542	-0.273863081354648
6866	34.33	-0.0043216363992542	-0.27515275334008
6867	34.335	-0.0043216363992542	-0.27515275334008
6868	34.34	-0.0043216363992542	-0.27515275334008
6869	34.345	-0.0043216363992542	-0.27515275334008
6870	34.35	-0.0043216363992542	-0.27515275334008
6871	34.355	-0.0030319644138217	-0.27515275334008
6872	34.36	-0.0030319644138217	-0.27515275334008
6873	34.365	-0.0030319644138217	-0.276442425325513
6874	34.37	-0.0043216363992542	-0.27515275334008
6875	34.375	-0.0043216363992542	-0.276442425325513
6876	34.38	-0.0030319644138217	-0.276442425325513
6877	34.385	-0.0030319644138217	-0.276442425325513
6878	34.39	-0.0030319644138217	-0.276442425325513
6879	34.395	-0.0043216363992542	-0.276442425325513
6880	34.4	-0.0043216363992542	-0.276442425325513
6881	34.405	-0.0043216363992542	-0.277732097310945
6882	34.41	-0.0030319644138217	-0.276442425325513
6883	34.415	-0.0043216363992542	-0.276442425325513
6884	34.42	-0.0043216363992542	-0.276442425325513
6885	34.425	-0.0043216363992542	-0.277732097310945
6886	34.43	-0.0043216363992542	-0.276442425325513
6887	34.435	-0.0043216363992542	-0.276442425325513
6888	34.44	-0.0043216363992542	-0.277732097310945
6889	34.445	-0.0030319644138217	-0.277732097310945
6890	34.45	-0.0043216363992542	-0.277732097310945
6891	34.455	-0.0043216363992542	-0.277732097310945
6892	34.46	-0.0043216363992542	-0.277732097310945
6893	34.465	-0.0043216363992542	-0.277732097310945
6894	34.47	-0.0043216363992542	-0.279021769296378
6895	34.475	-0.0043216363992542	-0.277732097310945
6896	34.48	-0.0030319644138217	-0.277732097310945
6897	34.485	-0.0043216363992542	-0.279021769296378
6898	34.49	-0.0030319644138217	-0.279021769296378
6899	34.495	-0.0030319644138217	-0.279021769296378
6900	34.5	-0.0043216363992542	-0.279021769296378
6901	34.505	-0.0030319644138217	-0.277732097310945
6902	34.51	-0.0043216363992542	-0.279021769296378
6903	34.515	-0.0043216363992542	-0.279021769296378
6904	34.52	-0.0043216363992542	-0.279021769296378
6905	34.525	-0.0030319644138217	-0.279021769296378
6906	34.53	-0.0043216363992542	-0.28031144128181
6907	34.535	-0.0030319644138217	-0.279021769296378
6908	34.54	-0.0043216363992542	-0.279021769296378
6909	34.545	-0.0030319644138217	-0.28031144128181
6910	34.55	-0.0043216363992542	-0.28031144128181
6911	34.555	-0.0043216363992542	-0.28031144128181
6912	34.56	-0.0043216363992542	-0.28031144128181
6913	34.565	-0.0043216363992542	-0.28031144128181
6914	34.57	-0.0043216363992542	-0.28031144128181
6915	34.575	-0.0030319644138217	-0.28031144128181
6916	34.58	-0.0043216363992542	-0.28031144128181
6917	34.585	-0.0043216363992542	-0.28031144128181
6918	34.59	-0.0043216363992542	-0.28031144128181
6919	34.595	-0.0043216363992542	-0.28031144128181
6920	34.6	-0.0043216363992542	-0.28031144128181
6921	34.605	-0.0030319644138217	-0.28031144128181
6922	34.61	-0.0030319644138217	-0.28031144128181
6923	34.615	-0.0043216363992542	-0.28031144128181
6924	34.62	-0.0043216363992542	-0.281601113267243
6925	34.625	-0.0030319644138217	-0.28031144128181
6926	34.63	-0.0043216363992542	-0.281601113267243
6927	34.635	-0.0043216363992542	-0.281601113267243
6928	34.64	-0.0043216363992542	-0.281601113267243
6929	34.645	-0.0043216363992542	-0.281601113267243
6930	34.65	-0.0030319644138217	-0.281601113267243
6931	34.655	-0.0043216363992542	-0.281601113267243
6932	34.66	-0.0043216363992542	-0.281601113267243
6933	34.665	-0.0030319644138217	-0.281601113267243
6934	34.67	-0.0043216363992542	-0.281601113267243
6935	34.675	-0.0030319644138217	-0.281601113267243
6936	34.68	-0.0043216363992542	-0.281601113267243
6937	34.685	-0.0043216363992542	-0.281601113267243
6938	34.69	-0.0043216363992542	-0.282890785252675
6939	34.695	-0.0043216363992542	-0.282890785252675
6940	34.7	-0.0043216363992542	-0.282890785252675
6941	34.705	-0.0043216363992542	-0.282890785252675
6942	34.71	-0.0043216363992542	-0.281601113267243
6943	34.715	-0.0043216363992542	-0.282890785252675
6944	34.72	-0.0043216363992542	-0.282890785252675
6945	34.725	-0.0030319644138217	-0.282890785252675
6946	34.73	-0.0030319644138217	-0.282890785252675
6947	34.735	-0.0030319644138217	-0.282890785252675
6948	34.74	-0.0030319644138217	-0.282890785252675
6949	34.745	-0.0030319644138217	-0.282890785252675
6950	34.75	-0.0043216363992542	-0.282890785252675
6951	34.755	-0.0043216363992542	-0.282890785252675
6952	34.76	-0.0043216363992542	-0.282890785252675
6953	34.765	-0.0043216363992542	-0.282890785252675
6954	34.77	-0.0043216363992542	-0.284180457238108
6955	34.775	-0.0043216363992542	-0.282890785252675
6956	34.78	-0.0043216363992542	-0.282890785252675
6957	34.785	-0.0030319644138217	-0.284180457238108
6958	34.79	-0.0030319644138217	-0.282890785252675
6959	34.795	-0.0043216363992542	-0.282890785252675
6960	34.8	-0.0030319644138217	-0.284180457238108
6961	34.805	-0.0043216363992542	-0.284180457238108
6962	34.81	-0.0030319644138217	-0.284180457238108
6963	34.815	-0.0030319644138217	-0.284180457238108
6964	34.82	-0.0043216363992542	-0.282890785252675
6965	34.825	-0.0043216363992542	-0.284180457238108
6966	34.83	-0.0043216363992542	-0.282890785252675
6967	34.835	-0.0043216363992542	-0.284180457238108
6968	34.84	-0.0043216363992542	-0.284180457238108
6969	34.845	-0.0043216363992542	-0.284180457238108
6970	34.85	-0.0043216363992542	-0.284180457238108
6971	34.855	-0.0030319644138217	-0.284180457238108
6972	34.86	-0.0043216363992542	-0.284180457238108
6973	34.865	-0.0030319644138217	-0.284180457238108
6974	34.87	-0.0030319644138217	-0.284180457238108
6975	34.875	-0.0043216363992542	-0.284180457238108
6976	34.88	-0.0043216363992542	-0.284180457238108
6977	34.885	-0.0030319644138217	-0.284180457238108
6978	34.89	-0.0043216363992542	-0.284180457238108
6979	34.895	-0.0043216363992542	-0.284180457238108
6980	34.9	-0.0043216363992542	-0.284180457238108
6981	34.905	-0.0030319644138217	-0.284180457238108
6982	34.91	-0.0030319644138217	-0.284180457238108
6983	34.915	-0.0030319644138217	-0.284180457238108
6984	34.92	-0.0043216363992542	-0.28547012922354
6985	34.925	-0.0030319644138217	-0.28547012922354
6986	34.93	-0.0043216363992542	-0.28547012922354
6987	34.935	-0.0030319644138217	-0.28547012922354
6988	34.94	-0.0043216363992542	-0.284180457238108
6989	34.945	-0.0043216363992542	-0.28547012922354
6990	34.95	-0.0030319644138217	-0.28547012922354
6991	34.955	-0.0043216363992542	-0.28547012922354
6992	34.96	-0.0043216363992542	-0.28547012922354
6993	34.965	-0.0043216363992542	-0.28547012922354
6994	34.97	-0.0043216363992542	-0.28547012922354
6995	34.975	-0.0043216363992542	-0.28547012922354
6996	34.98	-0.0043216363992542	-0.28547012922354
6997	34.985	-0.0030319644138217	-0.286759801208973
6998	34.99	-0.0030319644138217	-0.28547012922354
6999	34.995	-0.0043216363992542	-0.28547012922354
7000	35	-0.0043216363992542	-0.28547012922354
7001	35.005	-0.0043216363992542	-0.28547012922354
7002	35.01	-0.0043216363992542	-0.28547012922354
7003	35.015	-0.0030319644138217	-0.28547012922354
7004	35.02	-0.0043216363992542	-0.286759801208973
7005	35.025	-0.0043216363992542	-0.286759801208973
7006	35.03	-0.0030319644138217	-0.286759801208973
7007	35.035	-0.0030319644138217	-0.286759801208973
7008	35.04	-0.0030319644138217	-0.286759801208973
7009	35.045	-0.0030319644138217	-0.286759801208973
7010	35.05	-0.0043216363992542	-0.286759801208973
7011	35.055	-0.0043216363992542	-0.286759801208973
7012	35.06	-0.0043216363992542	-0.288049473194405
7013	35.065	-0.0030319644138217	-0.286759801208973
7014	35.07	-0.0030319644138217	-0.286759801208973
7015	35.075	-0.0043216363992542	-0.286759801208973
7016	35.08	-0.0030319644138217	-0.286759801208973
7017	35.085	-0.0043216363992542	-0.286759801208973
7018	35.09	-0.0043216363992542	-0.286759801208973
7019	35.095	-0.0030319644138217	-0.286759801208973
7020	35.1	-0.0030319644138217	-0.286759801208973
7021	35.105	-0.0030319644138217	-0.288049473194405
7022	35.11	-0.0043216363992542	-0.286759801208973
7023	35.115	-0.0030319644138217	-0.286759801208973
7024	35.12	-0.0043216363992542	-0.286759801208973
7025	35.125	-0.0043216363992542	-0.286759801208973
7026	35.13	-0.0043216363992542	-0.286759801208973
7027	35.135	-0.0043216363992542	-0.288049473194405
7028	35.14	-0.0043216363992542	-0.286759801208973
7029	35.145	-0.0043216363992542	-0.288049473194405
7030	35.15	-0.0030319644138217	-0.286759801208973
7031	35.155	-0.0030319644138217	-0.286759801208973
7032	35.16	-0.0030319644138217	-0.286759801208973
7033	35.165	-0.0043216363992542	-0.286759801208973
7034	35.17	-0.0043216363992542	-0.288049473194405
7035	35.175	-0.0043216363992542	-0.286759801208973
7036	35.18	-0.0030319644138217	-0.288049473194405
7037	35.185	-0.0030319644138217	-0.288049473194405
7038	35.19	-0.0030319644138217	-0.288049473194405
7039	35.195	-0.0043216363992542	-0.288049473194405
7040	35.2	-0.0043216363992542	-0.288049473194405
7041	35.205	-0.0043216363992542	-0.288049473194405
7042	35.21	-0.0030319644138217	-0.288049473194405
7043	35.215	-0.0043216363992542	-0.288049473194405
7044	35.22	-0.0043216363992542	-0.288049473194405
7045	35.225	-0.0043216363992542	-0.288049473194405
7046	35.23	-0.0043216363992542	-0.289339145179838
7047	35.235	-0.0043216363992542	-0.288049473194405
7048	35.24	-0.0043216363992542	-0.288049473194405
7049	35.245	-0.0043216363992542	-0.288049473194405
7050	35.25	-0.0043216363992542	-0.288049473194405
7051	35.255	-0.0043216363992542	-0.288049473194405
7052	35.26	-0.0043216363992542	-0.288049473194405
7053	35.265	-0.0030319644138217	-0.288049473194405
7054	35.27	-0.0030319644138217	-0.288049473194405
7055	35.275	-0.0043216363992542	-0.289339145179838
7056	35.28	-0.0030319644138217	-0.289339145179838
7057	35.285	-0.0043216363992542	-0.289339145179838
7058	35.29	-0.0043216363992542	-0.289339145179838
7059	35.295	-0.0043216363992542	-0.289339145179838
7060	35.3	-0.0043216363992542	-0.288049473194405
7061	35.305	-0.0043216363992542	-0.289339145179838
7062	35.31	-0.0030319644138217	-0.289339145179838
7063	35.315	-0.0043216363992542	-0.289339145179838
7064	35.32	-0.0043216363992542	-0.289339145179838
7065	35.325	-0.0043216363992542	-0.289339145179838
7066	35.33	-0.0043216363992542	-0.289339145179838
7067	35.335	-0.0043216363992542	-0.289339145179838
7068	35.34	-0.0030319644138217	-0.289339145179838
7069	35.345	-0.0043216363992542	-0.289339145179838
7070	35.35	-0.0043216363992542	-0.289339145179838
7071	35.355	-0.0043216363992542	-0.289339145179838
7072	35.36	-0.0043216363992542	-0.289339145179838
7073	35.365	-0.0043216363992542	-0.289339145179838
7074	35.37	-0.0043216363992542	-0.29062881716527
7075	35.375	-0.0043216363992542	-0.29062881716527
7076	35.38	-0.0043216363992542	-0.29062881716527
7077	35.385	-0.0043216363992542	-0.289339145179838
7078	35.39	-0.0043216363992542	-0.289339145179838
7079	35.395	-0.0043216363992542	-0.289339145179838
7080	35.4	-0.0043216363992542	-0.29062881716527
7081	35.405	-0.0043216363992542	-0.29062881716527
7082	35.41	-0.0030319644138217	-0.29062881716527
7083	35.415	-0.0043216363992542	-0.29062881716527
7084	35.42	-0.0043216363992542	-0.29062881716527
7085	35.425	-0.0030319644138217	-0.29062881716527
7086	35.43	-0.0043216363992542	-0.29062881716527
7087	35.435	-0.0043216363992542	-0.29062881716527
7088	35.44	-0.0043216363992542	-0.29062881716527
7089	35.445	-0.0043216363992542	-0.29062881716527
7090	35.45	-0.0043216363992542	-0.29062881716527
7091	35.455	-0.0043216363992542	-0.29062881716527
7092	35.46	-0.0043216363992542	-0.29062881716527
7093	35.465	-0.0030319644138217	-0.29062881716527
7094	35.47	-0.0030319644138217	-0.291918489150703
7095	35.475	-0.0043216363992542	-0.291918489150703
7096	35.48	-0.0043216363992542	-0.291918489150703
7097	35.485	-0.0043216363992542	-0.291918489150703
7098	35.49	-0.0043216363992542	-0.291918489150703
7099	35.495	-0.0030319644138217	-0.29062881716527
7100	35.5	-0.0043216363992542	-0.291918489150703
7101	35.505	-0.0030319644138217	-0.29062881716527
7102	35.51	-0.0043216363992542	-0.291918489150703
7103	35.515	-0.0043216363992542	-0.291918489150703
7104	35.52	-0.0030319644138217	-0.291918489150703
7105	35.525	-0.0030319644138217	-0.291918489150703
7106	35.53	-0.0030319644138217	-0.291918489150703
7107	35.535	-0.0043216363992542	-0.291918489150703
7108	35.54	-0.0043216363992542	-0.291918489150703
7109	35.545	-0.0043216363992542	-0.291918489150703
7110	35.55	-0.0043216363992542	-0.291918489150703
7111	35.555	-0.0043216363992542	-0.291918489150703
7112	35.56	-0.0043216363992542	-0.291918489150703
7113	35.565	-0.0043216363992542	-0.291918489150703
7114	35.57	-0.0043216363992542	-0.291918489150703
7115	35.575	-0.0030319644138217	-0.291918489150703
7116	35.58	-0.0030319644138217	-0.293208161136135
7117	35.585	-0.0043216363992542	-0.293208161136135
7118	35.59	-0.0043216363992542	-0.293208161136135
7119	35.595	-0.0030319644138217	-0.293208161136135
7120	35.6	-0.0030319644138217	-0.293208161136135
7121	35.605	-0.0043216363992542	-0.291918489150703
7122	35.61	-0.0043216363992542	-0.293208161136135
7123	35.615	-0.0043216363992542	-0.293208161136135
7124	35.62	-0.0043216363992542	-0.293208161136135
7125	35.625	-0.0030319644138217	-0.293208161136135
7126	35.63	-0.0043216363992542	-0.293208161136135
7127	35.635	-0.0043216363992542	-0.293208161136135
7128	35.64	-0.0043216363992542	-0.293208161136135
7129	35.645	-0.0043216363992542	-0.293208161136135
7130	35.65	-0.0030319644138217	-0.293208161136135
7131	35.655	-0.0043216363992542	-0.293208161136135
7132	35.66	-0.0043216363992542	-0.293208161136135
7133	35.665	-0.0030319644138217	-0.293208161136135
7134	35.67	-0.0043216363992542	-0.294497833121568
7135	35.675	-0.0043216363992542	-0.294497833121568
7136	35.68	-0.0030319644138217	-0.293208161136135
7137	35.685	-0.0043216363992542	-0.293208161136135
7138	35.69	-0.0043216363992542	-0.293208161136135
7139	35.695	-0.0043216363992542	-0.294497833121568
7140	35.7	-0.0043216363992542	-0.294497833121568
7141	35.705	-0.0043216363992542	-0.294497833121568
7142	35.71	-0.0030319644138217	-0.294497833121568
7143	35.715	-0.0043216363992542	-0.294497833121568
7144	35.72	-0.0030319644138217	-0.294497833121568
7145	35.725	-0.0043216363992542	-0.294497833121568
7146	35.73	-0.0043216363992542	-0.294497833121568
7147	35.735	-0.0043216363992542	-0.294497833121568
7148	35.74	-0.0043216363992542	-0.294497833121568
7149	35.745	-0.0043216363992542	-0.294497833121568
7150	35.75	-0.0043216363992542	-0.295787505107
7151	35.755	-0.0043216363992542	-0.294497833121568
7152	35.76	-0.0043216363992542	-0.295787505107
7153	35.765	-0.0043216363992542	-0.295787505107
7154	35.77	-0.0030319644138217	-0.295787505107
7155	35.775	-0.0043216363992542	-0.295787505107
7156	35.78	-0.0043216363992542	-0.295787505107
7157	35.785	-0.0043216363992542	-0.295787505107
7158	35.79	-0.0043216363992542	-0.295787505107
7159	35.795	-0.0030319644138217	-0.295787505107
7160	35.8	-0.0043216363992542	-0.295787505107
7161	35.805	-0.0030319644138217	-0.295787505107
7162	35.81	-0.0043216363992542	-0.295787505107
7163	35.815	-0.0043216363992542	-0.295787505107
7164	35.82	-0.0043216363992542	-0.295787505107
7165	35.825	-0.0043216363992542	-0.295787505107
7166	35.83	-0.0043216363992542	-0.295787505107
7167	35.835	-0.0043216363992542	-0.297077177092433
7168	35.84	-0.0043216363992542	-0.295787505107
7169	35.845	-0.0043216363992542	-0.297077177092433
7170	35.85	-0.0043216363992542	-0.295787505107
7171	35.855	-0.0043216363992542	-0.297077177092433
7172	35.86	-0.0043216363992542	-0.295787505107
7173	35.865	-0.0030319644138217	-0.297077177092433
7174	35.87	-0.0043216363992542	-0.295787505107
7175	35.875	-0.0043216363992542	-0.297077177092433
7176	35.88	-0.0043216363992542	-0.297077177092433
7177	35.885	-0.0043216363992542	-0.297077177092433
7178	35.89	-0.0030319644138217	-0.295787505107
7179	35.895	-0.0043216363992542	-0.297077177092433
7180	35.9	-0.0030319644138217	-0.297077177092433
7181	35.905	-0.0043216363992542	-0.297077177092433
7182	35.91	-0.0030319644138217	-0.297077177092433
7183	35.915	-0.0043216363992542	-0.297077177092433
7184	35.92	-0.0043216363992542	-0.297077177092433
7185	35.925	-0.0043216363992542	-0.297077177092433
7186	35.93	-0.0043216363992542	-0.297077177092433
7187	35.935	-0.0043216363992542	-0.297077177092433
7188	35.94	-0.0043216363992542	-0.298366849077865
7189	35.945	-0.0043216363992542	-0.298366849077865
7190	35.95	-0.0030319644138217	-0.298366849077865
7191	35.955	-0.0043216363992542	-0.298366849077865
7192	35.96	-0.0043216363992542	-0.298366849077865
7193	35.965	-0.0043216363992542	-0.298366849077865
7194	35.97	-0.0030319644138217	-0.297077177092433
7195	35.975	-0.0043216363992542	-0.298366849077865
7196	35.98	-0.0043216363992542	-0.298366849077865
7197	35.985	-0.0043216363992542	-0.298366849077865
7198	35.99	-0.0043216363992542	-0.298366849077865
7199	35.995	-0.0043216363992542	-0.298366849077865
7200	36	-0.0043216363992542	-0.298366849077865
7201	36.005	-0.0043216363992542	-0.298366849077865
7202	36.01	-0.0043216363992542	-0.298366849077865
7203	36.015	-0.0030319644138217	-0.298366849077865
7204	36.02	-0.0043216363992542	-0.298366849077865
7205	36.025	-0.0043216363992542	-0.298366849077865
7206	36.03	-0.0043216363992542	-0.298366849077865
7207	36.035	-0.0043216363992542	-0.298366849077865
7208	36.04	-0.0043216363992542	-0.298366849077865
7209	36.045	-0.0030319644138217	-0.298366849077865
7210	36.05	-0.0043216363992542	-0.298366849077865
7211	36.055	-0.0030319644138217	-0.299656521063298
7212	36.06	-0.0043216363992542	-0.298366849077865
7213	36.065	-0.0030319644138217	-0.299656521063298
7214	36.07	-0.0043216363992542	-0.298366849077865
7215	36.075	-0.0043216363992542	-0.298366849077865
7216	36.08	-0.0043216363992542	-0.298366849077865
7217	36.085	-0.0030319644138217	-0.298366849077865
7218	36.09	-0.0030319644138217	-0.299656521063298
7219	36.095	-0.0043216363992542	-0.298366849077865
7220	36.1	-0.0030319644138217	-0.298366849077865
7221	36.105	-0.0043216363992542	-0.298366849077865
7222	36.11	-0.0043216363992542	-0.299656521063298
7223	36.115	-0.0043216363992542	-0.299656521063298
7224	36.12	-0.0030319644138217	-0.299656521063298
7225	36.125	-0.0043216363992542	-0.299656521063298
7226	36.13	-0.0043216363992542	-0.299656521063298
7227	36.135	-0.0030319644138217	-0.299656521063298
7228	36.14	-0.0043216363992542	-0.299656521063298
7229	36.145	-0.0043216363992542	-0.299656521063298
7230	36.15	-0.0043216363992542	-0.299656521063298
7231	36.155	-0.0043216363992542	-0.299656521063298
7232	36.16	-0.0043216363992542	-0.299656521063298
7233	36.165	-0.0043216363992542	-0.30094619304873
7234	36.17	-0.0043216363992542	-0.30094619304873
7235	36.175	-0.0043216363992542	-0.299656521063298
7236	36.18	-0.0030319644138217	-0.30094619304873
7237	36.185	-0.0030319644138217	-0.299656521063298
7238	36.19	-0.0043216363992542	-0.30094619304873
7239	36.195	-0.0043216363992542	-0.299656521063298
7240	36.2	-0.0030319644138217	-0.30094619304873
7241	36.205	-0.0043216363992542	-0.299656521063298
7242	36.21	-0.0030319644138217	-0.30094619304873
7243	36.215	-0.0030319644138217	-0.30094619304873
7244	36.22	-0.0043216363992542	-0.299656521063298
7245	36.225	-0.0030319644138217	-0.30094619304873
7246	36.23	-0.0043216363992542	-0.299656521063298
7247	36.235	-0.0043216363992542	-0.299656521063298
7248	36.24	-0.0043216363992542	-0.30094619304873
7249	36.245	-0.0030319644138217	-0.299656521063298
7250	36.25	-0.0030319644138217	-0.30094619304873
7251	36.255	-0.0043216363992542	-0.30094619304873
7252	36.26	-0.0043216363992542	-0.30094619304873
7253	36.265	-0.0043216363992542	-0.30094619304873
7254	36.27	-0.0043216363992542	-0.30094619304873
7255	36.275	-0.0043216363992542	-0.30094619304873
7256	36.28	-0.0043216363992542	-0.30094619304873
7257	36.285	-0.0043216363992542	-0.30094619304873
7258	36.29	-0.0043216363992542	-0.30094619304873
7259	36.295	-0.0043216363992542	-0.30094619304873
7260	36.3	-0.0043216363992542	-0.30094619304873
7261	36.305	-0.0043216363992542	-0.30094619304873
7262	36.31	-0.0043216363992542	-0.30094619304873
7263	36.315	-0.0043216363992542	-0.30094619304873
7264	36.32	-0.0030319644138217	-0.30094619304873
7265	36.325	-0.0043216363992542	-0.30094619304873
7266	36.33	-0.0030319644138217	-0.30094619304873
7267	36.335	-0.0043216363992542	-0.30094619304873
7268	36.34	-0.0043216363992542	-0.30094619304873
7269	36.345	-0.0043216363992542	-0.30094619304873
7270	36.35	-0.0043216363992542	-0.30094619304873
7271	36.355	-0.0030319644138217	-0.30094619304873
7272	36.36	-0.0043216363992542	-0.30094619304873
7273	36.365	-0.0043216363992542	-0.30094619304873
7274	36.37	-0.0043216363992542	-0.30094619304873
7275	36.375	-0.0043216363992542	-0.30094619304873
7276	36.38	-0.0043216363992542	-0.30094619304873
7277	36.385	-0.0043216363992542	-0.30094619304873
7278	36.39	-0.0030319644138217	-0.302235865034163
7279	36.395	-0.0030319644138217	-0.30094619304873
7280	36.4	-0.0030319644138217	-0.302235865034163
7281	36.405	-0.0043216363992542	-0.302235865034163
7282	36.41	-0.0043216363992542	-0.30094619304873
7283	36.415	-0.0043216363992542	-0.30094619304873
7284	36.42	-0.0043216363992542	-0.30094619304873
7285	36.425	-0.0043216363992542	-0.30094619304873
7286	36.43	-0.0043216363992542	-0.30094619304873
7287	36.435	-0.0043216363992542	-0.30094619304873
7288	36.44	-0.0043216363992542	-0.30094619304873
7289	36.445	-0.0043216363992542	-0.302235865034163
7290	36.45	-0.0043216363992542	-0.30094619304873
7291	36.455	-0.0030319644138217	-0.302235865034163
7292	36.46	-0.0030319644138217	-0.30094619304873
7293	36.465	-0.0030319644138217	-0.30094619304873
7294	36.47	-0.0043216363992542	-0.30094619304873
7295	36.475	-0.0043216363992542	-0.30094619304873
7296	36.48	-0.0043216363992542	-0.30094619304873
7297	36.485	-0.0043216363992542	-0.30094619304873
7298	36.49	-0.0043216363992542	-0.30094619304873
7299	36.495	-0.0043216363992542	-0.30094619304873
7300	36.5	-0.0043216363992542	-0.302235865034163
7301	36.505	-0.0043216363992542	-0.302235865034163
7302	36.51	-0.0043216363992542	-0.30094619304873
7303	36.515	-0.0043216363992542	-0.30094619304873
7304	36.52	-0.0043216363992542	-0.302235865034163
7305	36.525	-0.0043216363992542	-0.302235865034163
7306	36.53	-0.0043216363992542	-0.302235865034163
7307	36.535	-0.0043216363992542	-0.302235865034163
7308	36.54	-0.0043216363992542	-0.30094619304873
7309	36.545	-0.0030319644138217	-0.30094619304873
7310	36.55	-0.0030319644138217	-0.302235865034163
7311	36.555	-0.0030319644138217	-0.30094619304873
7312	36.56	-0.0043216363992542	-0.302235865034163
7313	36.565	-0.0030319644138217	-0.302235865034163
7314	36.57	-0.0043216363992542	-0.302235865034163
7315	36.575	-0.0043216363992542	-0.302235865034163
7316	36.58	-0.0043216363992542	-0.302235865034163
7317	36.585	-0.0043216363992542	-0.302235865034163
7318	36.59	-0.0043216363992542	-0.302235865034163
7319	36.595	-0.0043216363992542	-0.302235865034163
7320	36.6	-0.0043216363992542	-0.30094619304873
7321	36.605	-0.0043216363992542	-0.302235865034163
7322	36.61	-0.0043216363992542	-0.302235865034163
7323	36.615	-0.0043216363992542	-0.302235865034163
7324	36.62	-0.0043216363992542	-0.302235865034163
7325	36.625	-0.0030319644138217	-0.302235865034163
7326	36.63	-0.0043216363992542	-0.30094619304873
7327	36.635	-0.0043216363992542	-0.302235865034163
7328	36.64	-0.0043216363992542	-0.302235865034163
7329	36.645	-0.0043216363992542	-0.302235865034163
7330	36.65	-0.0043216363992542	-0.302235865034163
7331	36.655	-0.0043216363992542	-0.302235865034163
7332	36.66	-0.0030319644138217	-0.302235865034163
7333	36.665	-0.0043216363992542	-0.302235865034163
7334	36.67	-0.0043216363992542	-0.302235865034163
7335	36.675	-0.0043216363992542	-0.302235865034163
7336	36.68	-0.0043216363992542	-0.302235865034163
7337	36.685	-0.0030319644138217	-0.302235865034163
7338	36.69	-0.0030319644138217	-0.302235865034163
7339	36.695	-0.0043216363992542	-0.302235865034163
7340	36.7	-0.0030319644138217	-0.302235865034163
7341	36.705	-0.0043216363992542	-0.302235865034163
7342	36.71	-0.0043216363992542	-0.302235865034163
7343	36.715	-0.0043216363992542	-0.302235865034163
7344	36.72	-0.0043216363992542	-0.302235865034163
7345	36.725	-0.0030319644138217	-0.302235865034163
7346	36.73	-0.0043216363992542	-0.302235865034163
7347	36.735	-0.0043216363992542	-0.302235865034163
7348	36.74	-0.0043216363992542	-0.302235865034163
7349	36.745	-0.0043216363992542	-0.302235865034163
7350	36.75	-0.0043216363992542	-0.302235865034163
7351	36.755	-0.0043216363992542	-0.302235865034163
7352	36.76	-0.0043216363992542	-0.302235865034163
7353	36.765	-0.0043216363992542	-0.302235865034163
7354	36.77	-0.0043216363992542	-0.302235865034163
7355	36.775	-0.0043216363992542	-0.302235865034163
7356	36.78	-0.0043216363992542	-0.302235865034163
7357	36.785	-0.0043216363992542	-0.302235865034163
7358	36.79	-0.0043216363992542	-0.302235865034163
7359	36.795	-0.0043216363992542	-0.302235865034163
7360	36.8	-0.0043216363992542	-0.302235865034163
7361	36.805	-0.0043216363992542	-0.302235865034163
7362	36.81	-0.0030319644138217	-0.302235865034163
7363	36.815	-0.0043216363992542	-0.303525537019596
7364	36.82	-0.0043216363992542	-0.302235865034163
7365	36.825	-0.0043216363992542	-0.303525537019596
7366	36.83	-0.0043216363992542	-0.303525537019596
7367	36.835	-0.0043216363992542	-0.302235865034163
7368	36.84	-0.0043216363992542	-0.302235865034163
7369	36.845	-0.0030319644138217	-0.303525537019596
7370	36.85	-0.0043216363992542	-0.303525537019596
7371	36.855	-0.0043216363992542	-0.302235865034163
7372	36.86	-0.0043216363992542	-0.302235865034163
7373	36.865	-0.0043216363992542	-0.303525537019596
7374	36.87	-0.0043216363992542	-0.302235865034163
7375	36.875	-0.0043216363992542	-0.302235865034163
7376	36.88	-0.0030319644138217	-0.302235865034163
7377	36.885	-0.0043216363992542	-0.303525537019596
7378	36.89	-0.0043216363992542	-0.303525537019596
7379	36.895	-0.0030319644138217	-0.302235865034163
7380	36.9	-0.0030319644138217	-0.303525537019596
7381	36.905	-0.0030319644138217	-0.302235865034163
7382	36.91	-0.0043216363992542	-0.302235865034163
7383	36.915	-0.0030319644138217	-0.303525537019596
7384	36.92	-0.0030319644138217	-0.302235865034163
7385	36.925	-0.0043216363992542	-0.302235865034163
7386	36.93	-0.0043216363992542	-0.303525537019596
7387	36.935	-0.0030319644138217	-0.302235865034163
7388	36.94	-0.0030319644138217	-0.303525537019596
7389	36.945	-0.0043216363992542	-0.302235865034163
7390	36.95	-0.0043216363992542	-0.302235865034163
7391	36.955	-0.0043216363992542	-0.303525537019596
7392	36.96	-0.0030319644138217	-0.302235865034163
7393	36.965	-0.0043216363992542	-0.303525537019596
7394	36.97	-0.0043216363992542	-0.302235865034163
7395	36.975	-0.0043216363992542	-0.302235865034163
7396	36.98	-0.0043216363992542	-0.303525537019596
7397	36.985	-0.0030319644138217	-0.303525537019596
7398	36.99	-0.0043216363992542	-0.302235865034163
7399	36.995	-0.0043216363992542	-0.302235865034163
7400	37	-0.0043216363992542	-0.302235865034163
7401	37.005	-0.0030319644138217	-0.302235865034163
7402	37.01	-0.0043216363992542	-0.303525537019596
7403	37.015	-0.0030319644138217	-0.302235865034163
7404	37.02	-0.0043216363992542	-0.303525537019596
7405	37.025	-0.0043216363992542	-0.303525537019596
7406	37.03	-0.0043216363992542	-0.302235865034163
7407	37.035	-0.0043216363992542	-0.303525537019596
7408	37.04	-0.0030319644138217	-0.302235865034163
7409	37.045	-0.0043216363992542	-0.302235865034163
7410	37.05	-0.0043216363992542	-0.303525537019596
7411	37.055	-0.0043216363992542	-0.303525537019596
7412	37.06	-0.0030319644138217	-0.303525537019596
7413	37.065	-0.0030319644138217	-0.303525537019596
7414	37.07	-0.0043216363992542	-0.303525537019596
7415	37.075	-0.0030319644138217	-0.302235865034163
7416	37.08	-0.0030319644138217	-0.303525537019596
7417	37.085	-0.0043216363992542	-0.303525537019596
7418	37.09	-0.0043216363992542	-0.303525537019596
7419	37.095	-0.0043216363992542	-0.303525537019596
7420	37.1	-0.0043216363992542	-0.303525537019596
7421	37.105	-0.0043216363992542	-0.303525537019596
7422	37.11	-0.0043216363992542	-0.302235865034163
7423	37.115	-0.0043216363992542	-0.303525537019596
7424	37.12	-0.0043216363992542	-0.302235865034163
7425	37.125	-0.0030319644138217	-0.303525537019596
7426	37.13	-0.0030319644138217	-0.302235865034163
7427	37.135	-0.0030319644138217	-0.303525537019596
7428	37.14	-0.0043216363992542	-0.303525537019596
7429	37.145	-0.0030319644138217	-0.303525537019596
7430	37.15	-0.0043216363992542	-0.302235865034163
7431	37.155	-0.0043216363992542	-0.303525537019596
7432	37.16	-0.0043216363992542	-0.303525537019596
7433	37.165	-0.0043216363992542	-0.302235865034163
7434	37.17	-0.0043216363992542	-0.303525537019596
7435	37.175	-0.0043216363992542	-0.303525537019596
7436	37.18	-0.0043216363992542	-0.303525537019596
7437	37.185	-0.0043216363992542	-0.302235865034163
7438	37.19	-0.0043216363992542	-0.303525537019596
7439	37.195	-0.0043216363992542	-0.303525537019596
7440	37.2	-0.0043216363992542	-0.303525537019596
7441	37.205	-0.0030319644138217	-0.303525537019596
7442	37.21	-0.0043216363992542	-0.303525537019596
7443	37.215	-0.0043216363992542	-0.303525537019596
7444	37.22	-0.0043216363992542	-0.302235865034163
7445	37.225	-0.0043216363992542	-0.303525537019596
7446	37.23	-0.0043216363992542	-0.303525537019596
7447	37.235	-0.0030319644138217	-0.303525537019596
7448	37.24	-0.0043216363992542	-0.303525537019596
7449	37.245	-0.0043216363992542	-0.302235865034163
7450	37.25	-0.0043216363992542	-0.303525537019596
7451	37.255	-0.0030319644138217	-0.303525537019596
7452	37.26	-0.0043216363992542	-0.303525537019596
7453	37.265	-0.0043216363992542	-0.303525537019596
7454	37.27	-0.0030319644138217	-0.303525537019596
7455	37.275	-0.0043216363992542	-0.303525537019596
7456	37.28	-0.0030319644138217	-0.303525537019596
7457	37.285	-0.0043216363992542	-0.303525537019596
7458	37.29	-0.0043216363992542	-0.303525537019596
7459	37.295	-0.0043216363992542	-0.303525537019596
7460	37.3	-0.0043216363992542	-0.303525537019596
7461	37.305	-0.0030319644138217	-0.303525537019596
7462	37.31	-0.0030319644138217	-0.303525537019596
7463	37.315	-0.0043216363992542	-0.303525537019596
7464	37.32	-0.0043216363992542	-0.303525537019596
7465	37.325	-0.0043216363992542	-0.303525537019596
7466	37.33	-0.0043216363992542	-0.303525537019596
7467	37.335	-0.0043216363992542	-0.303525537019596
7468	37.34	-0.0043216363992542	-0.303525537019596
7469	37.345	-0.0030319644138217	-0.303525537019596
7470	37.35	-0.0043216363992542	-0.303525537019596
7471	37.355	-0.0043216363992542	-0.303525537019596
7472	37.36	-0.0043216363992542	-0.303525537019596
7473	37.365	-0.0043216363992542	-0.303525537019596
7474	37.37	-0.0043216363992542	-0.303525537019596
7475	37.375	-0.0030319644138217	-0.303525537019596
7476	37.38	-0.0043216363992542	-0.303525537019596
7477	37.385	-0.0043216363992542	-0.302235865034163
7478	37.39	-0.0043216363992542	-0.303525537019596
7479	37.395	-0.0043216363992542	-0.303525537019596
7480	37.4	-0.0043216363992542	-0.303525537019596
7481	37.405	-0.0043216363992542	-0.303525537019596
7482	37.41	-0.0043216363992542	-0.303525537019596
7483	37.415	-0.0043216363992542	-0.303525537019596
7484	37.42	-0.0030319644138217	-0.303525537019596
7485	37.425	-0.0043216363992542	-0.303525537019596
7486	37.43	-0.0043216363992542	-0.303525537019596
7487	37.435	-0.0043216363992542	-0.303525537019596
7488	37.44	-0.0043216363992542	-0.303525537019596
7489	37.445	-0.0043216363992542	-0.303525537019596
7490	37.45	-0.0043216363992542	-0.303525537019596
7491	37.455	-0.0043216363992542	-0.303525537019596
7492	37.46	-0.0043216363992542	-0.303525537019596
7493	37.465	-0.0043216363992542	-0.303525537019596
7494	37.47	-0.0043216363992542	-0.303525537019596
7495	37.475	-0.0043216363992542	-0.303525537019596
7496	37.48	-0.0030319644138217	-0.303525537019596
7497	37.485	-0.0043216363992542	-0.303525537019596
7498	37.49	-0.0043216363992542	-0.303525537019596
7499	37.495	-0.0030319644138217	-0.303525537019596
7500	37.5	-0.0043216363992542	-0.303525537019596
7501	37.505	-0.0043216363992542	-0.303525537019596
7502	37.51	-0.0043216363992542	-0.303525537019596
7503	37.515	-0.0030319644138217	-0.303525537019596
7504	37.52	-0.0043216363992542	-0.303525537019596
7505	37.525	-0.0030319644138217	-0.303525537019596
7506	37.53	-0.0043216363992542	-0.303525537019596
7507	37.535	-0.0043216363992542	-0.303525537019596
7508	37.54	-0.0043216363992542	-0.303525537019596
7509	37.545	-0.0030319644138217	-0.303525537019596
7510	37.55	-0.0043216363992542	-0.303525537019596
7511	37.555	-0.0043216363992542	-0.303525537019596
7512	37.56	-0.0030319644138217	-0.303525537019596
7513	37.565	-0.0043216363992542	-0.303525537019596
7514	37.57	-0.0043216363992542	-0.303525537019596
7515	37.575	-0.0043216363992542	-0.303525537019596
7516	37.58	-0.0043216363992542	-0.302235865034163
7517	37.585	-0.0043216363992542	-0.303525537019596
7518	37.59	-0.0030319644138217	-0.303525537019596
7519	37.595	-0.0043216363992542	-0.302235865034163
7520	37.6	-0.0043216363992542	-0.303525537019596
7521	37.605	-0.0043216363992542	-0.303525537019596
7522	37.61	-0.0043216363992542	-0.303525537019596
7523	37.615	-0.0043216363992542	-0.303525537019596
7524	37.62	-0.0030319644138217	-0.303525537019596
7525	37.625	-0.0030319644138217	-0.303525537019596
7526	37.63	-0.0043216363992542	-0.303525537019596
7527	37.635	-0.0043216363992542	-0.303525537019596
7528	37.64	-0.0043216363992542	-0.303525537019596
7529	37.645	-0.0043216363992542	-0.303525537019596
7530	37.65	-0.0030319644138217	-0.303525537019596
7531	37.655	-0.0043216363992542	-0.303525537019596
7532	37.66	-0.0043216363992542	-0.303525537019596
7533	37.665	-0.0043216363992542	-0.303525537019596
7534	37.67	-0.0030319644138217	-0.303525537019596
7535	37.675	-0.0043216363992542	-0.303525537019596
7536	37.68	-0.0043216363992542	-0.303525537019596
7537	37.685	-0.0043216363992542	-0.303525537019596
7538	37.69	-0.0030319644138217	-0.303525537019596
7539	37.695	-0.0043216363992542	-0.304815209005028
7540	37.7	-0.0030319644138217	-0.303525537019596
7541	37.705	-0.0043216363992542	-0.303525537019596
7542	37.71	-0.0043216363992542	-0.303525537019596
7543	37.715	-0.0043216363992542	-0.303525537019596
7544	37.72	-0.0043216363992542	-0.303525537019596
7545	37.725	-0.0043216363992542	-0.303525537019596
7546	37.73	-0.0043216363992542	-0.303525537019596
7547	37.735	-0.0043216363992542	-0.303525537019596
7548	37.74	-0.0043216363992542	-0.303525537019596
7549	37.745	-0.0030319644138217	-0.303525537019596
7550	37.75	-0.0030319644138217	-0.303525537019596
7551	37.755	-0.0043216363992542	-0.303525537019596
7552	37.76	-0.0030319644138217	-0.303525537019596
7553	37.765	-0.0030319644138217	-0.303525537019596
7554	37.77	-0.0030319644138217	-0.303525537019596
7555	37.775	-0.0043216363992542	-0.303525537019596
7556	37.78	-0.0043216363992542	-0.303525537019596
7557	37.785	-0.0030319644138217	-0.303525537019596
7558	37.79	-0.0043216363992542	-0.303525537019596
7559	37.795	-0.0043216363992542	-0.303525537019596
7560	37.8	-0.0043216363992542	-0.303525537019596
7561	37.805	-0.0030319644138217	-0.303525537019596
7562	37.81	-0.0043216363992542	-0.303525537019596
7563	37.815	-0.0043216363992542	-0.303525537019596
7564	37.82	-0.0030319644138217	-0.303525537019596
7565	37.825	-0.0043216363992542	-0.303525537019596
7566	37.83	-0.0030319644138217	-0.303525537019596
7567	37.835	-0.0030319644138217	-0.303525537019596
7568	37.84	-0.0030319644138217	-0.303525537019596
7569	37.845	-0.0043216363992542	-0.303525537019596
7570	37.85	-0.0043216363992542	-0.303525537019596
7571	37.855	-0.0043216363992542	-0.303525537019596
7572	37.86	-0.0030319644138217	-0.303525537019596
7573	37.865	-0.0043216363992542	-0.303525537019596
7574	37.87	-0.0043216363992542	-0.303525537019596
7575	37.875	-0.0043216363992542	-0.303525537019596
7576	37.88	-0.0043216363992542	-0.303525537019596
7577	37.885	-0.0030319644138217	-0.303525537019596
7578	37.89	-0.0043216363992542	-0.303525537019596
7579	37.895	-0.0043216363992542	-0.303525537019596
7580	37.9	-0.0043216363992542	-0.303525537019596
7581	37.905	-0.0043216363992542	-0.303525537019596
7582	37.91	-0.0043216363992542	-0.303525537019596
7583	37.915	-0.0043216363992542	-0.303525537019596
7584	37.92	-0.0030319644138217	-0.303525537019596
7585	37.925	-0.0030319644138217	-0.303525537019596
7586	37.93	-0.0043216363992542	-0.303525537019596
7587	37.935	-0.0030319644138217	-0.303525537019596
7588	37.94	-0.0043216363992542	-0.303525537019596
7589	37.945	-0.0030319644138217	-0.303525537019596
7590	37.95	-0.0043216363992542	-0.303525537019596
7591	37.955	-0.0043216363992542	-0.303525537019596
7592	37.96	-0.0043216363992542	-0.303525537019596
7593	37.965	-0.0030319644138217	-0.303525537019596
7594	37.97	-0.0030319644138217	-0.303525537019596
7595	37.975	-0.0030319644138217	-0.303525537019596
7596	37.98	-0.0043216363992542	-0.303525537019596
7597	37.985	-0.0043216363992542	-0.303525537019596
7598	37.99	-0.0030319644138217	-0.303525537019596
7599	37.995	-0.0030319644138217	-0.303525537019596
7600	38	-0.0043216363992542	-0.303525537019596
7601	38.005	-0.0030319644138217	-0.303525537019596
7602	38.01	-0.0043216363992542	-0.303525537019596
7603	38.015	-0.0043216363992542	-0.303525537019596
7604	38.02	-0.0030319644138217	-0.303525537019596
7605	38.025	-0.0043216363992542	-0.303525537019596
7606	38.03	-0.0043216363992542	-0.303525537019596
7607	38.035	-0.0043216363992542	-0.303525537019596
7608	38.04	-0.0043216363992542	-0.303525537019596
7609	38.045	-0.0043216363992542	-0.302235865034163
7610	38.05	-0.0043216363992542	-0.303525537019596
7611	38.055	-0.0043216363992542	-0.303525537019596
7612	38.06	-0.0030319644138217	-0.303525537019596
7613	38.065	-0.0043216363992542	-0.303525537019596
7614	38.07	-0.0043216363992542	-0.303525537019596
7615	38.075	-0.0043216363992542	-0.303525537019596
7616	38.08	-0.0043216363992542	-0.303525537019596
7617	38.085	-0.0043216363992542	-0.303525537019596
7618	38.09	-0.0043216363992542	-0.302235865034163
7619	38.095	-0.0043216363992542	-0.303525537019596
7620	38.1	-0.0043216363992542	-0.302235865034163
7621	38.105	-0.0043216363992542	-0.303525537019596
7622	38.11	-0.0030319644138217	-0.302235865034163
7623	38.115	-0.0030319644138217	-0.303525537019596
7624	38.12	-0.0030319644138217	-0.303525537019596
7625	38.125	-0.0030319644138217	-0.303525537019596
7626	38.13	-0.0043216363992542	-0.302235865034163
7627	38.135	-0.0030319644138217	-0.303525537019596
7628	38.14	-0.0043216363992542	-0.303525537019596
7629	38.145	-0.0043216363992542	-0.303525537019596
7630	38.15	-0.0043216363992542	-0.303525537019596
7631	38.155	-0.0043216363992542	-0.303525537019596
7632	38.16	-0.0043216363992542	-0.303525537019596
7633	38.165	-0.0043216363992542	-0.303525537019596
7634	38.17	-0.0043216363992542	-0.303525537019596
7635	38.175	-0.0043216363992542	-0.303525537019596
7636	38.18	-0.0030319644138217	-0.303525537019596
7637	38.185	-0.0030319644138217	-0.302235865034163
7638	38.19	-0.0043216363992542	-0.302235865034163
7639	38.195	-0.0043216363992542	-0.303525537019596
7640	38.2	-0.0043216363992542	-0.302235865034163
7641	38.205	-0.0043216363992542	-0.303525537019596
7642	38.21	-0.0043216363992542	-0.303525537019596
7643	38.215	-0.0043216363992542	-0.303525537019596
7644	38.22	-0.0043216363992542	-0.303525537019596
7645	38.225	-0.0043216363992542	-0.303525537019596
7646	38.23	-0.0030319644138217	-0.303525537019596
7647	38.235	-0.0043216363992542	-0.303525537019596
7648	38.24	-0.0030319644138217	-0.303525537019596
7649	38.245	-0.0043216363992542	-0.303525537019596
7650	38.25	-0.0043216363992542	-0.303525537019596
7651	38.255	-0.0043216363992542	-0.303525537019596
7652	38.26	-0.0043216363992542	-0.303525537019596
7653	38.265	-0.0043216363992542	-0.302235865034163
7654	38.27	-0.0043216363992542	-0.303525537019596
7655	38.275	-0.0043216363992542	-0.303525537019596
7656	38.28	-0.0030319644138217	-0.303525537019596
7657	38.285	-0.0043216363992542	-0.303525537019596
7658	38.29	-0.0043216363992542	-0.303525537019596
7659	38.295	-0.0043216363992542	-0.303525537019596
7660	38.3	-0.0030319644138217	-0.302235865034163
7661	38.305	-0.0030319644138217	-0.303525537019596
7662	38.31	-0.0043216363992542	-0.303525537019596
7663	38.315	-0.0030319644138217	-0.303525537019596
7664	38.32	-0.0043216363992542	-0.303525537019596
7665	38.325	-0.0030319644138217	-0.303525537019596
7666	38.33	-0.0030319644138217	-0.303525537019596
7667	38.335	-0.0043216363992542	-0.303525537019596
7668	38.34	-0.0030319644138217	-0.302235865034163
7669	38.345	-0.0043216363992542	-0.303525537019596
7670	38.35	-0.0043216363992542	-0.303525537019596
7671	38.355	-0.0043216363992542	-0.303525537019596
7672	38.36	-0.0043216363992542	-0.303525537019596
7673	38.365	-0.0043216363992542	-0.302235865034163
7674	38.37	-0.0030319644138217	-0.303525537019596
7675	38.375	-0.0030319644138217	-0.303525537019596
7676	38.38	-0.0043216363992542	-0.303525537019596
7677	38.385	-0.0030319644138217	-0.303525537019596
7678	38.39	-0.0043216363992542	-0.303525537019596
7679	38.395	-0.0043216363992542	-0.303525537019596
7680	38.4	-0.0043216363992542	-0.303525537019596
7681	38.405	-0.0043216363992542	-0.302235865034163
7682	38.41	-0.0043216363992542	-0.303525537019596
7683	38.415	-0.0043216363992542	-0.303525537019596
7684	38.42	-0.0043216363992542	-0.303525537019596
7685	38.425	-0.0043216363992542	-0.303525537019596
7686	38.43	-0.0043216363992542	-0.303525537019596
7687	38.435	-0.0030319644138217	-0.302235865034163
7688	38.44	-0.0043216363992542	-0.303525537019596
7689	38.445	-0.0043216363992542	-0.303525537019596
7690	38.45	-0.0043216363992542	-0.303525537019596
7691	38.455	-0.0043216363992542	-0.303525537019596
7692	38.46	-0.0030319644138217	-0.303525537019596
7693	38.465	-0.0030319644138217	-0.303525537019596
7694	38.47	-0.0030319644138217	-0.303525537019596
7695	38.475	-0.0043216363992542	-0.303525537019596
7696	38.48	-0.0030319644138217	-0.303525537019596
7697	38.485	-0.0043216363992542	-0.303525537019596
7698	38.49	-0.0030319644138217	-0.302235865034163
7699	38.495	-0.0043216363992542	-0.303525537019596
7700	38.5	-0.0043216363992542	-0.303525537019596
7701	38.505	-0.0043216363992542	-0.303525537019596
7702	38.51	-0.0043216363992542	-0.303525537019596
7703	38.515	-0.0043216363992542	-0.302235865034163
7704	38.52	-0.0043216363992542	-0.303525537019596
7705	38.525	-0.0043216363992542	-0.303525537019596
7706	38.53	-0.0030319644138217	-0.303525537019596
7707	38.535	-0.0043216363992542	-0.302235865034163
7708	38.54	-0.0043216363992542	-0.302235865034163
7709	38.545	-0.0043216363992542	-0.303525537019596
7710	38.55	-0.0043216363992542	-0.303525537019596
7711	38.555	-0.0043216363992542	-0.303525537019596
7712	38.56	-0.0043216363992542	-0.303525537019596
7713	38.565	-0.0043216363992542	-0.303525537019596
7714	38.57	-0.0043216363992542	-0.303525537019596
7715	38.575	-0.0043216363992542	-0.303525537019596
7716	38.58	-0.0043216363992542	-0.302235865034163
7717	38.585	-0.0043216363992542	-0.303525537019596
7718	38.59	-0.0043216363992542	-0.303525537019596
7719	38.595	-0.0043216363992542	-0.303525537019596
7720	38.6	-0.0043216363992542	-0.303525537019596
7721	38.605	-0.0030319644138217	-0.303525537019596
7722	38.61	-0.0030319644138217	-0.303525537019596
7723	38.615	-0.0030319644138217	-0.302235865034163
7724	38.62	-0.0043216363992542	-0.303525537019596
7725	38.625	-0.0043216363992542	-0.302235865034163
7726	38.63	-0.0043216363992542	-0.303525537019596
7727	38.635	-0.0043216363992542	-0.302235865034163
7728	38.64	-0.0043216363992542	-0.303525537019596
7729	38.645	-0.0043216363992542	-0.302235865034163
7730	38.65	-0.0043216363992542	-0.303525537019596
7731	38.655	-0.0030319644138217	-0.303525537019596
7732	38.66	-0.0043216363992542	-0.303525537019596
7733	38.665	-0.0030319644138217	-0.303525537019596
7734	38.67	-0.0043216363992542	-0.302235865034163
7735	38.675	-0.0043216363992542	-0.303525537019596
7736	38.68	-0.0043216363992542	-0.303525537019596
7737	38.685	-0.0030319644138217	-0.302235865034163
7738	38.69	-0.0030319644138217	-0.302235865034163
7739	38.695	-0.0043216363992542	-0.302235865034163
7740	38.7	-0.0043216363992542	-0.303525537019596
7741	38.705	-0.0043216363992542	-0.303525537019596
7742	38.71	-0.0030319644138217	-0.303525537019596
7743	38.715	-0.0043216363992542	-0.302235865034163
7744	38.72	-0.0030319644138217	-0.303525537019596
7745	38.725	-0.0043216363992542	-0.303525537019596
7746	38.73	-0.0043216363992542	-0.303525537019596
7747	38.735	-0.0043216363992542	-0.303525537019596
7748	38.74	-0.0043216363992542	-0.303525537019596
7749	38.745	-0.0043216363992542	-0.302235865034163
7750	38.75	-0.0030319644138217	-0.302235865034163
7751	38.755	-0.0043216363992542	-0.303525537019596
7752	38.76	-0.0043216363992542	-0.303525537019596
7753	38.765	-0.0043216363992542	-0.303525537019596
7754	38.77	-0.0043216363992542	-0.303525537019596
7755	38.775	-0.0043216363992542	-0.303525537019596
7756	38.78	-0.0043216363992542	-0.303525537019596
7757	38.785	-0.0043216363992542	-0.303525537019596
7758	38.79	-0.0043216363992542	-0.303525537019596
7759	38.795	-0.0030319644138217	-0.303525537019596
7760	38.8	-0.0030319644138217	-0.303525537019596
7761	38.805	-0.0043216363992542	-0.302235865034163
7762	38.81	-0.0043216363992542	-0.303525537019596
7763	38.815	-0.0043216363992542	-0.303525537019596
7764	38.82	-0.0043216363992542	-0.303525537019596
7765	38.825	-0.0043216363992542	-0.303525537019596
7766	38.83	-0.0030319644138217	-0.303525537019596
7767	38.835	-0.0043216363992542	-0.303525537019596
7768	38.84	-0.0030319644138217	-0.303525537019596
7769	38.845	-0.0043216363992542	-0.303525537019596
7770	38.85	-0.0043216363992542	-0.303525537019596
7771	38.855	-0.0043216363992542	-0.303525537019596
7772	38.86	-0.0030319644138217	-0.303525537019596
7773	38.865	-0.0043216363992542	-0.303525537019596
7774	38.87	-0.0043216363992542	-0.303525537019596
7775	38.875	-0.0043216363992542	-0.303525537019596
7776	38.88	-0.0030319644138217	-0.303525537019596
7777	38.885	-0.0043216363992542	-0.303525537019596
7778	38.89	-0.0043216363992542	-0.303525537019596
7779	38.895	-0.0043216363992542	-0.303525537019596
7780	38.9	-0.0043216363992542	-0.303525537019596
7781	38.905	-0.0043216363992542	-0.303525537019596
7782	38.91	-0.0043216363992542	-0.303525537019596
7783	38.915	-0.0043216363992542	-0.303525537019596
7784	38.92	-0.0043216363992542	-0.303525537019596
7785	38.925	-0.0030319644138217	-0.303525537019596
7786	38.93	-0.0043216363992542	-0.303525537019596
7787	38.935	-0.0030319644138217	-0.303525537019596
7788	38.94	-0.0030319644138217	-0.303525537019596
7789	38.945	-0.0043216363992542	-0.302235865034163
7790	38.95	-0.0043216363992542	-0.302235865034163
7791	38.955	-0.0043216363992542	-0.303525537019596
7792	38.96	-0.0043216363992542	-0.303525537019596
7793	38.965	-0.0030319644138217	-0.303525537019596
7794	38.97	-0.0043216363992542	-0.302235865034163
7795	38.975	-0.0043216363992542	-0.303525537019596
7796	38.98	-0.0043216363992542	-0.303525537019596
7797	38.985	-0.0043216363992542	-0.302235865034163
7798	38.99	-0.0030319644138217	-0.303525537019596
7799	38.995	-0.0043216363992542	-0.303525537019596
7800	39	-0.0043216363992542	-0.303525537019596
7801	39.005	-0.0043216363992542	-0.303525537019596
7802	39.01	-0.0043216363992542	-0.303525537019596
7803	39.015	-0.0043216363992542	-0.303525537019596
7804	39.02	-0.0030319644138217	-0.302235865034163
7805	39.025	-0.0043216363992542	-0.303525537019596
7806	39.03	-0.0030319644138217	-0.303525537019596
7807	39.035	-0.0043216363992542	-0.303525537019596
7808	39.04	-0.0043216363992542	-0.303525537019596
7809	39.045	-0.0043216363992542	-0.303525537019596
7810	39.05	-0.0043216363992542	-0.303525537019596
7811	39.055	-0.0043216363992542	-0.303525537019596
7812	39.06	-0.0043216363992542	-0.303525537019596
7813	39.065	-0.0043216363992542	-0.303525537019596
7814	39.07	-0.0043216363992542	-0.303525537019596
7815	39.075	-0.0043216363992542	-0.303525537019596
7816	39.08	-0.0030319644138217	-0.303525537019596
7817	39.085	-0.0043216363992542	-0.303525537019596
7818	39.09	-0.0043216363992542	-0.303525537019596
7819	39.095	-0.0043216363992542	-0.303525537019596
7820	39.1	-0.0043216363992542	-0.303525537019596
7821	39.105	-0.0030319644138217	-0.303525537019596
7822	39.11	-0.0043216363992542	-0.303525537019596
7823	39.115	-0.0043216363992542	-0.303525537019596
7824	39.12	-0.0043216363992542	-0.302235865034163
7825	39.125	-0.0043216363992542	-0.303525537019596
7826	39.13	-0.0043216363992542	-0.303525537019596
7827	39.135	-0.0043216363992542	-0.303525537019596
7828	39.14	-0.0043216363992542	-0.303525537019596
7829	39.145	-0.0043216363992542	-0.303525537019596
7830	39.15	-0.0043216363992542	-0.303525537019596
7831	39.155	-0.0030319644138217	-0.303525537019596
7832	39.16	-0.0043216363992542	-0.303525537019596
7833	39.165	-0.0043216363992542	-0.303525537019596
7834	39.17	-0.0043216363992542	-0.303525537019596
7835	39.175	-0.0043216363992542	-0.303525537019596
7836	39.18	-0.0043216363992542	-0.303525537019596
7837	39.185	-0.0043216363992542	-0.303525537019596
7838	39.19	-0.0030319644138217	-0.303525537019596
7839	39.195	-0.0043216363992542	-0.303525537019596
7840	39.2	-0.0030319644138217	-0.303525537019596
7841	39.205	-0.0043216363992542	-0.303525537019596
7842	39.21	-0.0030319644138217	-0.303525537019596
7843	39.215	-0.0043216363992542	-0.303525537019596
7844	39.22	-0.0030319644138217	-0.303525537019596
7845	39.225	-0.0043216363992542	-0.303525537019596
7846	39.23	-0.0043216363992542	-0.303525537019596
7847	39.235	-0.0043216363992542	-0.302235865034163
7848	39.24	-0.0043216363992542	-0.303525537019596
7849	39.245	-0.0030319644138217	-0.303525537019596
7850	39.25	-0.0043216363992542	-0.303525537019596
7851	39.255	-0.0043216363992542	-0.302235865034163
7852	39.26	-0.0043216363992542	-0.302235865034163
7853	39.265	-0.0030319644138217	-0.303525537019596
7854	39.27	-0.0043216363992542	-0.303525537019596
7855	39.275	-0.0043216363992542	-0.303525537019596
7856	39.28	-0.0043216363992542	-0.303525537019596
7857	39.285	-0.0043216363992542	-0.303525537019596
7858	39.29	-0.0043216363992542	-0.303525537019596
7859	39.295	-0.0030319644138217	-0.303525537019596
7860	39.3	-0.0043216363992542	-0.303525537019596
7861	39.305	-0.0030319644138217	-0.303525537019596
7862	39.31	-0.0043216363992542	-0.303525537019596
7863	39.315	-0.0043216363992542	-0.303525537019596
7864	39.32	-0.0043216363992542	-0.303525537019596
7865	39.325	-0.0030319644138217	-0.303525537019596
7866	39.33	-0.0043216363992542	-0.303525537019596
7867	39.335	-0.0043216363992542	-0.303525537019596
7868	39.34	-0.0043216363992542	-0.303525537019596
7869	39.345	-0.0030319644138217	-0.303525537019596
7870	39.35	-0.0043216363992542	-0.303525537019596
7871	39.355	-0.0043216363992542	-0.303525537019596
7872	39.36	-0.0030319644138217	-0.303525537019596
7873	39.365	-0.0043216363992542	-0.303525537019596
7874	39.37	-0.0043216363992542	-0.303525537019596
7875	39.375	-0.0043216363992542	-0.303525537019596
7876	39.38	-0.0043216363992542	-0.303525537019596
7877	39.385	-0.0043216363992542	-0.303525537019596
7878	39.39	-0.0043216363992542	-0.303525537019596
7879	39.395	-0.0043216363992542	-0.303525537019596
7880	39.4	-0.0030319644138217	-0.303525537019596
7881	39.405	-0.0030319644138217	-0.303525537019596
7882	39.41	-0.0030319644138217	-0.303525537019596
7883	39.415	-0.0043216363992542	-0.303525537019596
7884	39.42	-0.0030319644138217	-0.303525537019596
7885	39.425	-0.0043216363992542	-0.303525537019596
7886	39.43	-0.0043216363992542	-0.303525537019596
7887	39.435	-0.0043216363992542	-0.303525537019596
7888	39.44	-0.0043216363992542	-0.303525537019596
7889	39.445	-0.0043216363992542	-0.303525537019596
7890	39.45	-0.0043216363992542	-0.303525537019596
7891	39.455	-0.0043216363992542	-0.303525537019596
7892	39.46	-0.0043216363992542	-0.303525537019596
7893	39.465	-0.0043216363992542	-0.303525537019596
7894	39.47	-0.0043216363992542	-0.303525537019596
7895	39.475	-0.0043216363992542	-0.303525537019596
7896	39.48	-0.0043216363992542	-0.303525537019596
7897	39.485	-0.0043216363992542	-0.303525537019596
7898	39.49	-0.0043216363992542	-0.303525537019596
7899	39.495	-0.0043216363992542	-0.303525537019596
7900	39.5	-0.0043216363992542	-0.303525537019596
7901	39.505	-0.0043216363992542	-0.303525537019596
7902	39.51	-0.0043216363992542	-0.303525537019596
7903	39.515	-0.0043216363992542	-0.303525537019596
7904	39.52	-0.0043216363992542	-0.303525537019596
7905	39.525	-0.0043216363992542	-0.303525537019596
7906	39.53	-0.0043216363992542	-0.303525537019596
7907	39.535	-0.0043216363992542	-0.303525537019596
7908	39.54	-0.0043216363992542	-0.303525537019596
7909	39.545	-0.0043216363992542	-0.303525537019596
7910	39.55	-0.0043216363992542	-0.303525537019596
7911	39.555	-0.0043216363992542	-0.303525537019596
7912	39.56	-0.0043216363992542	-0.303525537019596
7913	39.565	-0.0043216363992542	-0.302235865034163
7914	39.57	-0.0043216363992542	-0.303525537019596
7915	39.575	-0.0043216363992542	-0.303525537019596
7916	39.58	-0.0043216363992542	-0.303525537019596
7917	39.585	-0.0043216363992542	-0.303525537019596
7918	39.59	-0.0043216363992542	-0.303525537019596
7919	39.595	-0.0043216363992542	-0.303525537019596
7920	39.6	-0.0043216363992542	-0.303525537019596
7921	39.605	-0.0043216363992542	-0.302235865034163
7922	39.61	-0.0043216363992542	-0.303525537019596
7923	39.615	-0.0043216363992542	-0.303525537019596
7924	39.62	-0.0043216363992542	-0.302235865034163
7925	39.625	-0.0043216363992542	-0.303525537019596
7926	39.63	-0.0043216363992542	-0.302235865034163
7927	39.635	-0.0030319644138217	-0.303525537019596
7928	39.64	-0.0043216363992542	-0.303525537019596
7929	39.645	-0.0030319644138217	-0.303525537019596
7930	39.65	-0.0043216363992542	-0.303525537019596
7931	39.655	-0.0043216363992542	-0.303525537019596
7932	39.66	-0.0043216363992542	-0.303525537019596
7933	39.665	-0.0030319644138217	-0.303525537019596
7934	39.67	-0.0043216363992542	-0.303525537019596
7935	39.675	-0.0043216363992542	-0.302235865034163
7936	39.68	-0.0030319644138217	-0.303525537019596
7937	39.685	-0.0043216363992542	-0.303525537019596
7938	39.69	-0.0043216363992542	-0.303525537019596
7939	39.695	-0.0043216363992542	-0.303525537019596
7940	39.7	-0.0043216363992542	-0.303525537019596
7941	39.705	-0.0030319644138217	-0.303525537019596
7942	39.71	-0.0043216363992542	-0.303525537019596
7943	39.715	-0.0043216363992542	-0.303525537019596
7944	39.72	-0.0030319644138217	-0.302235865034163
7945	39.725	-0.0043216363992542	-0.303525537019596
7946	39.73	-0.0043216363992542	-0.303525537019596
7947	39.735	-0.0043216363992542	-0.303525537019596
7948	39.74	-0.0043216363992542	-0.303525537019596
7949	39.745	-0.0030319644138217	-0.303525537019596
7950	39.75	-0.0043216363992542	-0.303525537019596
7951	39.755	-0.0043216363992542	-0.303525537019596
7952	39.76	-0.0030319644138217	-0.303525537019596
7953	39.765	-0.0043216363992542	-0.303525537019596
7954	39.77	-0.0043216363992542	-0.303525537019596
7955	39.775	-0.0043216363992542	-0.303525537019596
7956	39.78	-0.0030319644138217	-0.303525537019596
7957	39.785	-0.0043216363992542	-0.303525537019596
7958	39.79	-0.0043216363992542	-0.303525537019596
7959	39.795	-0.0043216363992542	-0.303525537019596
7960	39.8	-0.0043216363992542	-0.303525537019596
7961	39.805	-0.0043216363992542	-0.303525537019596
7962	39.81	-0.0043216363992542	-0.303525537019596
7963	39.815	-0.0043216363992542	-0.302235865034163
7964	39.82	-0.0043216363992542	-0.303525537019596
7965	39.825	-0.0043216363992542	-0.303525537019596
7966	39.83	-0.0043216363992542	-0.303525537019596
7967	39.835	-0.0043216363992542	-0.303525537019596
7968	39.84	-0.0030319644138217	-0.303525537019596
7969	39.845	-0.0030319644138217	-0.303525537019596
7970	39.85	-0.0043216363992542	-0.303525537019596
7971	39.855	-0.0043216363992542	-0.303525537019596
7972	39.86	-0.0043216363992542	-0.303525537019596
7973	39.865	-0.0030319644138217	-0.303525537019596
7974	39.87	-0.0043216363992542	-0.302235865034163
7975	39.875	-0.0043216363992542	-0.303525537019596
7976	39.88	-0.0043216363992542	-0.303525537019596
7977	39.885	-0.0043216363992542	-0.302235865034163
7978	39.89	-0.0043216363992542	-0.303525537019596
7979	39.895	-0.0043216363992542	-0.303525537019596
7980	39.9	-0.0043216363992542	-0.303525537019596
7981	39.905	-0.0043216363992542	-0.303525537019596
7982	39.91	-0.0030319644138217	-0.303525537019596
7983	39.915	-0.0043216363992542	-0.303525537019596
7984	39.92	-0.0043216363992542	-0.303525537019596
7985	39.925	-0.0043216363992542	-0.303525537019596
7986	39.93	-0.0043216363992542	-0.303525537019596
7987	39.935	-0.0043216363992542	-0.303525537019596
7988	39.94	-0.0043216363992542	-0.303525537019596
7989	39.945	-0.0043216363992542	-0.303525537019596
7990	39.95	-0.0043216363992542	-0.303525537019596
7991	39.955	-0.0043216363992542	-0.303525537019596
7992	39.96	-0.0043216363992542	-0.302235865034163
7993	39.965	-0.0043216363992542	-0.303525537019596
7994	39.97	-0.0030319644138217	-0.303525537019596
7995	39.975	-0.0043216363992542	-0.303525537019596
7996	39.98	-0.0043216363992542	-0.303525537019596
7997	39.985	-0.0043216363992542	-0.302235865034163
7998	39.99	-0.0043216363992542	-0.303525537019596
7999	39.995	-0.0043216363992542	-0.303525537019596
8000	40	-0.0043216363992542	-0.303525537019596
8001	40.005	-0.0030319644138217	-0.303525537019596
8002	40.01	-0.0043216363992542	-0.303525537019596
8003	40.015	-0.0043216363992542	-0.303525537019596
8004	40.02	-0.0030319644138217	-0.303525537019596
8005	40.025	-0.0043216363992542	-0.303525537019596
8006	40.03	-0.0043216363992542	-0.303525537019596
8007	40.035	-0.0043216363992542	-0.303525537019596
8008	40.04	-0.0043216363992542	-0.303525537019596
8009	40.045	-0.0043216363992542	-0.302235865034163
8010	40.05	-0.0043216363992542	-0.303525537019596
8011	40.055	-0.0043216363992542	-0.303525537019596
8012	40.06	-0.0043216363992542	-0.303525537019596
8013	40.065	-0.0043216363992542	-0.303525537019596
8014	40.07	-0.0043216363992542	-0.303525537019596
8015	40.075	-0.0043216363992542	-0.303525537019596
8016	40.08	-0.0043216363992542	-0.303525537019596
8017	40.085	-0.0043216363992542	-0.303525537019596
8018	40.09	-0.0043216363992542	-0.303525537019596
8019	40.095	-0.0043216363992542	-0.303525537019596
8020	40.1	-0.0043216363992542	-0.303525537019596
8021	40.105	-0.0030319644138217	-0.303525537019596
8022	40.11	-0.0043216363992542	-0.303525537019596
8023	40.115	-0.0043216363992542	-0.303525537019596
8024	40.12	-0.0043216363992542	-0.303525537019596
8025	40.125	-0.0030319644138217	-0.303525537019596
8026	40.13	-0.0043216363992542	-0.303525537019596
8027	40.135	-0.0030319644138217	-0.303525537019596
8028	40.14	-0.0043216363992542	-0.303525537019596
8029	40.145	-0.0043216363992542	-0.303525537019596
8030	40.15	-0.0043216363992542	-0.303525537019596
8031	40.155	-0.0043216363992542	-0.303525537019596
8032	40.16	-0.0030319644138217	-0.303525537019596
8033	40.165	-0.0043216363992542	-0.303525537019596
8034	40.17	-0.0030319644138217	-0.303525537019596
8035	40.175	-0.0043216363992542	-0.303525537019596
8036	40.18	-0.0043216363992542	-0.303525537019596
8037	40.185	-0.0030319644138217	-0.303525537019596
8038	40.19	-0.0030319644138217	-0.303525537019596
8039	40.195	-0.0030319644138217	-0.303525537019596
8040	40.2	-0.0030319644138217	-0.303525537019596
8041	40.205	-0.0030319644138217	-0.303525537019596
8042	40.21	-0.0030319644138217	-0.303525537019596
8043	40.215	-0.0030319644138217	-0.303525537019596
8044	40.22	-0.0043216363992542	-0.303525537019596
8045	40.225	-0.0043216363992542	-0.303525537019596
8046	40.23	-0.0043216363992542	-0.303525537019596
8047	40.235	-0.0030319644138217	-0.303525537019596
8048	40.24	-0.0043216363992542	-0.303525537019596
8049	40.245	-0.0043216363992542	-0.303525537019596
8050	40.25	-0.0043216363992542	-0.303525537019596
8051	40.255	-0.0043216363992542	-0.303525537019596
8052	40.26	-0.0030319644138217	-0.303525537019596
8053	40.265	-0.0030319644138217	-0.303525537019596
8054	40.27	-0.0043216363992542	-0.303525537019596
8055	40.275	-0.0043216363992542	-0.303525537019596
8056	40.28	-0.0030319644138217	-0.303525537019596
8057	40.285	-0.0030319644138217	-0.303525537019596
8058	40.29	-0.0043216363992542	-0.303525537019596
8059	40.295	-0.0043216363992542	-0.303525537019596
8060	40.3	-0.0030319644138217	-0.303525537019596
8061	40.305	-0.0030319644138217	-0.303525537019596
8062	40.31	-0.0043216363992542	-0.303525537019596
8063	40.315	-0.0043216363992542	-0.303525537019596
8064	40.32	-0.0043216363992542	-0.303525537019596
8065	40.325	-0.0043216363992542	-0.303525537019596
8066	40.33	-0.0043216363992542	-0.303525537019596
8067	40.335	-0.0043216363992542	-0.303525537019596
8068	40.34	-0.0043216363992542	-0.303525537019596
8069	40.345	-0.0043216363992542	-0.303525537019596
8070	40.35	-0.0030319644138217	-0.303525537019596
8071	40.355	-0.0043216363992542	-0.303525537019596
8072	40.36	-0.0043216363992542	-0.303525537019596
8073	40.365	-0.0043216363992542	-0.303525537019596
8074	40.37	-0.0043216363992542	-0.303525537019596
8075	40.375	-0.0043216363992542	-0.302235865034163
8076	40.38	-0.0043216363992542	-0.303525537019596
8077	40.385	-0.0043216363992542	-0.303525537019596
8078	40.39	-0.0043216363992542	-0.303525537019596
8079	40.395	-0.0043216363992542	-0.303525537019596
8080	40.4	-0.0043216363992542	-0.303525537019596
8081	40.405	-0.0030319644138217	-0.302235865034163
8082	40.41	-0.0043216363992542	-0.303525537019596
8083	40.415	-0.0043216363992542	-0.303525537019596
8084	40.42	-0.0043216363992542	-0.303525537019596
8085	40.425	-0.0030319644138217	-0.303525537019596
8086	40.43	-0.0043216363992542	-0.303525537019596
8087	40.435	-0.0043216363992542	-0.303525537019596
8088	40.44	-0.0043216363992542	-0.303525537019596
8089	40.445	-0.0043216363992542	-0.303525537019596
8090	40.45	-0.0043216363992542	-0.303525537019596
8091	40.455	-0.0043216363992542	-0.302235865034163
8092	40.46	-0.0030319644138217	-0.303525537019596
8093	40.465	-0.0043216363992542	-0.303525537019596
8094	40.47	-0.0043216363992542	-0.303525537019596
8095	40.475	-0.0043216363992542	-0.303525537019596
8096	40.48	-0.0043216363992542	-0.303525537019596
8097	40.485	-0.0030319644138217	-0.303525537019596
8098	40.49	-0.0043216363992542	-0.303525537019596
8099	40.495	-0.0043216363992542	-0.303525537019596
8100	40.5	-0.0043216363992542	-0.303525537019596
8101	40.505	-0.0043216363992542	-0.303525537019596
8102	40.51	-0.0043216363992542	-0.302235865034163
8103	40.515	-0.0043216363992542	-0.303525537019596
8104	40.52	-0.0043216363992542	-0.303525537019596
8105	40.525	-0.0043216363992542	-0.303525537019596
8106	40.53	-0.0043216363992542	-0.303525537019596
8107	40.535	-0.0030319644138217	-0.303525537019596
8108	40.54	-0.0030319644138217	-0.303525537019596
8109	40.545	-0.0030319644138217	-0.303525537019596
8110	40.55	-0.0043216363992542	-0.303525537019596
8111	40.555	-0.0043216363992542	-0.303525537019596
8112	40.56	-0.0030319644138217	-0.303525537019596
8113	40.565	-0.0030319644138217	-0.302235865034163
8114	40.57	-0.0030319644138217	-0.303525537019596
8115	40.575	-0.0030319644138217	-0.303525537019596
8116	40.58	-0.0030319644138217	-0.303525537019596
8117	40.585	-0.0030319644138217	-0.303525537019596
8118	40.59	-0.0030319644138217	-0.303525537019596
8119	40.595	-0.0043216363992542	-0.303525537019596
8120	40.6	-0.0030319644138217	-0.303525537019596
8121	40.605	-0.0030319644138217	-0.303525537019596
8122	40.61	-0.0043216363992542	-0.303525537019596
8123	40.615	-0.0030319644138217	-0.303525537019596
8124	40.62	-0.0043216363992542	-0.303525537019596
8125	40.625	-0.0043216363992542	-0.303525537019596
8126	40.63	-0.0043216363992542	-0.303525537019596
8127	40.635	-0.0043216363992542	-0.303525537019596
8128	40.64	-0.0043216363992542	-0.303525537019596
8129	40.645	-0.0030319644138217	-0.303525537019596
8130	40.65	-0.0043216363992542	-0.303525537019596
8131	40.655	-0.0043216363992542	-0.303525537019596
8132	40.66	-0.0043216363992542	-0.303525537019596
8133	40.665	-0.0030319644138217	-0.303525537019596
8134	40.67	-0.0030319644138217	-0.303525537019596
8135	40.675	-0.0043216363992542	-0.303525537019596
8136	40.68	-0.0043216363992542	-0.303525537019596
8137	40.685	-0.0043216363992542	-0.303525537019596
8138	40.69	-0.0030319644138217	-0.303525537019596
8139	40.695	-0.0043216363992542	-0.303525537019596
8140	40.7	-0.0043216363992542	-0.303525537019596
8141	40.705	-0.0030319644138217	-0.303525537019596
8142	40.71	-0.0043216363992542	-0.303525537019596
8143	40.715	-0.0043216363992542	-0.303525537019596
8144	40.72	-0.0043216363992542	-0.303525537019596
8145	40.725	-0.0030319644138217	-0.302235865034163
8146	40.73	-0.0030319644138217	-0.303525537019596
8147	40.735	-0.0043216363992542	-0.303525537019596
8148	40.74	-0.0043216363992542	-0.303525537019596
8149	40.745	-0.0043216363992542	-0.303525537019596
8150	40.75	-0.0043216363992542	-0.303525537019596
8151	40.755	-0.0030319644138217	-0.303525537019596
8152	40.76	-0.0043216363992542	-0.303525537019596
8153	40.765	-0.0043216363992542	-0.303525537019596
8154	40.77	-0.0030319644138217	-0.303525537019596
8155	40.775	-0.0043216363992542	-0.303525537019596
8156	40.78	-0.0043216363992542	-0.303525537019596
8157	40.785	-0.0043216363992542	-0.303525537019596
8158	40.79	-0.0030319644138217	-0.303525537019596
8159	40.795	-0.0043216363992542	-0.303525537019596
8160	40.8	-0.0043216363992542	-0.303525537019596
8161	40.805	-0.0030319644138217	-0.303525537019596
8162	40.81	-0.0043216363992542	-0.303525537019596
8163	40.815	-0.0043216363992542	-0.303525537019596
8164	40.82	-0.0030319644138217	-0.303525537019596
8165	40.825	-0.0030319644138217	-0.303525537019596
8166	40.83	-0.0043216363992542	-0.303525537019596
8167	40.835	-0.0043216363992542	-0.303525537019596
8168	40.84	-0.0043216363992542	-0.303525537019596
8169	40.845	-0.0043216363992542	-0.303525537019596
8170	40.85	-0.0043216363992542	-0.303525537019596
8171	40.855	-0.0043216363992542	-0.303525537019596
8172	40.86	-0.0030319644138217	-0.303525537019596
8173	40.865	-0.0030319644138217	-0.303525537019596
8174	40.87	-0.0043216363992542	-0.303525537019596
8175	40.875	-0.0043216363992542	-0.303525537019596
8176	40.88	-0.0043216363992542	-0.303525537019596
8177	40.885	-0.0043216363992542	-0.303525537019596
8178	40.89	-0.0030319644138217	-0.303525537019596
8179	40.895	-0.0043216363992542	-0.303525537019596
8180	40.9	-0.0043216363992542	-0.303525537019596
8181	40.905	-0.0043216363992542	-0.303525537019596
8182	40.91	-0.0030319644138217	-0.303525537019596
8183	40.915	-0.0030319644138217	-0.303525537019596
8184	40.92	-0.0043216363992542	-0.303525537019596
8185	40.925	-0.0043216363992542	-0.302235865034163
8186	40.93	-0.0043216363992542	-0.303525537019596
8187	40.935	-0.0043216363992542	-0.303525537019596
8188	40.94	-0.0043216363992542	-0.303525537019596
8189	40.945	-0.0043216363992542	-0.303525537019596
8190	40.95	-0.0043216363992542	-0.303525537019596
8191	40.955	-0.0043216363992542	-0.303525537019596
8192	40.96	-0.0043216363992542	-0.303525537019596
8193	40.965	-0.0043216363992542	-0.303525537019596
8194	40.97	-0.0043216363992542	-0.303525537019596
8195	40.975	-0.0030319644138217	-0.303525537019596
8196	40.98	-0.0030319644138217	-0.303525537019596
8197	40.985	-0.0030319644138217	-0.302235865034163
8198	40.99	-0.0043216363992542	-0.303525537019596
8199	40.995	-0.0043216363992542	-0.303525537019596
8200	41	-0.0043216363992542	-0.303525537019596
8201	41.005	-0.0030319644138217	-0.303525537019596
8202	41.01	-0.0043216363992542	-0.303525537019596
8203	41.015	-0.0030319644138217	-0.303525537019596
8204	41.02	-0.0043216363992542	-0.303525537019596
8205	41.025	-0.0030319644138217	-0.303525537019596
8206	41.03	-0.0043216363992542	-0.303525537019596
8207	41.035	-0.0043216363992542	-0.303525537019596
8208	41.04	-0.0043216363992542	-0.303525537019596
8209	41.045	-0.0043216363992542	-0.303525537019596
8210	41.05	-0.0043216363992542	-0.303525537019596
8211	41.055	-0.0043216363992542	-0.303525537019596
8212	41.06	-0.0043216363992542	-0.303525537019596
8213	41.065	-0.0030319644138217	-0.303525537019596
8214	41.07	-0.0030319644138217	-0.303525537019596
8215	41.075	-0.0043216363992542	-0.303525537019596
8216	41.08	-0.0043216363992542	-0.303525537019596
8217	41.085	-0.0030319644138217	-0.303525537019596
8218	41.09	-0.0043216363992542	-0.303525537019596
8219	41.095	-0.0030319644138217	-0.303525537019596
8220	41.1	-0.0043216363992542	-0.303525537019596
8221	41.105	-0.0043216363992542	-0.303525537019596
8222	41.11	-0.0043216363992542	-0.303525537019596
8223	41.115	-0.0043216363992542	-0.303525537019596
8224	41.12	-0.0043216363992542	-0.303525537019596
8225	41.125	-0.0043216363992542	-0.303525537019596
8226	41.13	-0.0043216363992542	-0.303525537019596
8227	41.135	-0.0043216363992542	-0.303525537019596
8228	41.14	-0.0030319644138217	-0.303525537019596
8229	41.145	-0.0043216363992542	-0.303525537019596
8230	41.15	-0.0043216363992542	-0.303525537019596
8231	41.155	-0.0043216363992542	-0.303525537019596
8232	41.16	-0.0043216363992542	-0.303525537019596
8233	41.165	-0.0043216363992542	-0.303525537019596
8234	41.17	-0.0043216363992542	-0.303525537019596
8235	41.175	-0.0043216363992542	-0.303525537019596
8236	41.18	-0.0043216363992542	-0.303525537019596
8237	41.185	-0.0043216363992542	-0.303525537019596
8238	41.19	-0.0043216363992542	-0.303525537019596
8239	41.195	-0.0043216363992542	-0.303525537019596
8240	41.2	-0.0043216363992542	-0.303525537019596
8241	41.205	-0.0030319644138217	-0.303525537019596
8242	41.21	-0.0043216363992542	-0.303525537019596
8243	41.215	-0.0043216363992542	-0.303525537019596
8244	41.22	-0.0043216363992542	-0.303525537019596
8245	41.225	-0.0043216363992542	-0.303525537019596
8246	41.23	-0.0043216363992542	-0.303525537019596
8247	41.235	-0.0043216363992542	-0.303525537019596
8248	41.24	-0.0030319644138217	-0.303525537019596
8249	41.245	-0.0030319644138217	-0.303525537019596
8250	41.25	-0.0043216363992542	-0.303525537019596
8251	41.255	-0.0043216363992542	-0.303525537019596
8252	41.26	-0.0043216363992542	-0.303525537019596
8253	41.265	-0.0043216363992542	-0.303525537019596
8254	41.27	-0.0043216363992542	-0.303525537019596
8255	41.275	-0.0043216363992542	-0.304815209005028
8256	41.28	-0.0043216363992542	-0.303525537019596
8257	41.285	-0.0043216363992542	-0.303525537019596
8258	41.29	-0.0043216363992542	-0.303525537019596
8259	41.295	-0.0043216363992542	-0.303525537019596
8260	41.3	-0.0043216363992542	-0.303525537019596
8261	41.305	-0.0043216363992542	-0.303525537019596
8262	41.31	-0.0030319644138217	-0.303525537019596
8263	41.315	-0.0030319644138217	-0.303525537019596
8264	41.32	-0.0043216363992542	-0.302235865034163
8265	41.325	-0.0043216363992542	-0.303525537019596
8266	41.33	-0.0030319644138217	-0.303525537019596
8267	41.335	-0.0043216363992542	-0.303525537019596
8268	41.34	-0.0043216363992542	-0.303525537019596
8269	41.345	-0.0030319644138217	-0.303525537019596
8270	41.35	-0.0030319644138217	-0.303525537019596
8271	41.355	-0.0043216363992542	-0.303525537019596
8272	41.36	-0.0043216363992542	-0.303525537019596
8273	41.365	-0.0030319644138217	-0.303525537019596
8274	41.37	-0.0043216363992542	-0.303525537019596
8275	41.375	-0.0043216363992542	-0.303525537019596
8276	41.38	-0.0030319644138217	-0.303525537019596
8277	41.385	-0.0043216363992542	-0.303525537019596
8278	41.39	-0.0043216363992542	-0.303525537019596
8279	41.395	-0.0030319644138217	-0.303525537019596
8280	41.4	-0.0043216363992542	-0.303525537019596
8281	41.405	-0.0030319644138217	-0.303525537019596
8282	41.41	-0.0043216363992542	-0.303525537019596
8283	41.415	-0.0043216363992542	-0.303525537019596
8284	41.42	-0.0030319644138217	-0.303525537019596
8285	41.425	-0.0043216363992542	-0.303525537019596
8286	41.43	-0.0043216363992542	-0.303525537019596
8287	41.435	-0.0043216363992542	-0.303525537019596
8288	41.44	-0.0043216363992542	-0.303525537019596
8289	41.445	-0.0043216363992542	-0.303525537019596
8290	41.45	-0.0043216363992542	-0.303525537019596
8291	41.455	-0.0043216363992542	-0.303525537019596
8292	41.46	-0.0043216363992542	-0.303525537019596
8293	41.465	-0.0030319644138217	-0.303525537019596
8294	41.47	-0.0043216363992542	-0.303525537019596
8295	41.475	-0.0043216363992542	-0.303525537019596
8296	41.48	-0.0043216363992542	-0.303525537019596
8297	41.485	-0.0043216363992542	-0.303525537019596
8298	41.49	-0.0043216363992542	-0.303525537019596
